:10000000000001204D340000493400004934000054
:10001000691B0000493400004934000049340000E5
:1000200049340000493400004934000049340000DC
:1000300049340000493400004934000049340000CC
:1000400049340000217000004934000049340000A8
:10005000616800006D7000003570000039700000AC
:100060002D7000004934000049340000493400007C
:10007000493400004934000049340000493400008C
:10008000493400004934000049340000493400007C
:10009000493400004934000049340000493400006C
:1000A000493400004934000049340000493400005C
:1000B000717000003170000049340000AD70000024
:1000C00049340000F5530000493400004934000071
:1000D000493400004934000049340000493400002C
:1000E000493400004934000049340000493400001C
:1000F000493400004934000049340000493400000C
:100100004934000049340000493400000348044BDE
:10011000834202D0034B03B118477047C40000204C
:10012000C4000020000000000548064B1B1AD90F30
:1001300001EBA301491002D0034B03B118477047EC
:10014000C4000020C40000200000000010B5064CD0
:10015000237843B9FFF7DAFF044B13B10448AFF338
:1001600000800123237010BDC800002000000000A3
:1001700088B6000008B5054B1BB105490548AFF32B
:100180000080BDE80840FFF7CFBF00BF00000000BF
:10019000CC00002088B60000A3F5803A704700BF6D
:1001A000174B002B08BF134B9D46FFF7F5FF0021AF
:1001B0008B460F461348144A121A08F0F9FF0E4BEB
:1001C000002B00D098470D4B002B00D09847002003
:1001D000002104000D000D48002802D00C48AFF3A8
:1001E000008008F0B3FF2000290002F011FA08F0A7
:1001F0009BFF00BF0000080000000000000000009E
:1002000000000120C8000020481900200000000064
:1002100000000000BFF34F8F0549064BCA6802F487
:10022000E0621343CB60BFF34F8F00BFFDE700BF19
:1002300000ED00E00400FA0510B50246F8B1114BDC
:100240001968888890421AD39888904281BF0968BB
:1002500099600120988099889868002420B904B199
:1002600098604FF6FF7203E08A4203D10CB19860A8
:100270009A8010BD0131006889B20124EEE70020A8
:10028000F7E700BF8C100020114A916A01F170431A
:1002900003F5F813B3F5006F0CD2D2F82838A3F1A8
:1002A0007E62A2F58432B2F5104F03D20968094A82
:1002B000914203D000230370836070471968064A97
:1002C0009142F7D1012202709A6842609B69F3E77C
:1002D0000000E10FAD1007B007B0CD5E1FB50C46B2
:1002E00040B901A8FFF7D0FF044B029A1A602360BF
:1002F0000423A380002004B010BD00BF78020020BA
:10030000064BD3F82828A2F17E63A3F58433B3F516
:10031000104F01D2536A1847002070470000E10FC8
:100320000D4B10B4D3F82848A4F17E63A3F58433B1
:10033000B3F5104F0BD2246BA4F17E63A3F5843385
:10034000B3F5104F03D2A36B5DF8044B184740F28E
:1003500001105DF8044B70470000E10F0B4BD3F820
:100360002828A2F17E63A3F58433B3F5104F09D298
:10037000126BA2F17E63A3F58433B3F5104F01D263
:10038000D36B184740F20110704700BF0000E10F27
:100390007FB50E4A03466D4602F11006106851689B
:1003A0002C4603C40832B2422546F7D15A1E04A98E
:1003B0000F3311F8014D12F8010F844204D19A4213
:1003C000F7D1012004B070BD0020FBE7CC93000002
:1003D000F8B5184E306848BB174B184C184FE41A44
:1003E000184B1C4424F4FF6424F00704D7F8F830B9
:1003F0009BB2B4EB832F18D2656BC5B1D7F8F83038
:100400009BB2B5EB832F12D2D7F8F82005F1500339
:1004100092B2B3EB822F0AD82846FFF7B9FF30B16A
:10042000EB6933F0080302D034603068F8BD04F59E
:100430000064DBE77002002010000020C4000020F0
:100440000081E00FDFBE000010B50C4648B9FFF791
:10045000BFFF054B10B1426B126A1A602360042380
:10046000A380002010BD00BF74020020084B40F2A2
:1004700001121A604FF0FF329A6001225A60014463
:1004800010F8012B9A618842FAD1D869C0437047AD
:1004900000C00140034B044A9979117500221A608B
:1004A000704700BF400B0020D80A002030B5002262
:1004B0008BB01346D91003F00704415C2141CC07EF
:1004C00041BF02F128016944013201F8283C01339F
:1004D000252BEFD10D4C0023D91003F00705415C0B
:1004E0002941C9075FBFB3FBF2F102FB113128318B
:1004F000694448BFD9B203F1010358BF11F8281C61
:1005000004F8011F252BE7D10BB030BD010B0020F3
:1005100008B50348FFF7CAFF002340F8063C08BDB2
:10052000460B0020084A10B5136840F2E2446043CD
:1005300000F5807004FB013303EB50031360536834
:100540000344536010BD00BFD80A0020D0B50C4C46
:10055000E38C0A20584308F04BFB0646A08C0F465C
:1005600008F046FB074B002208F0ACFB02460B46A6
:100570003046394608F0D0FC08F0B6FD2083D0BDE7
:10058000D80A00200000F43F70B5094CB4F80710F9
:10059000A079B4F80960B4F80D50FFF7C3FF054B1C
:1005A0009E84DD84FFF7D2FF0023236070BD00BF6F
:1005B000400B0020D80A0020837DDB0701D5808A0C
:1005C0007047D0E901239B1A44BF828A9B1898B2D6
:1005D00070470000084BD3F8F020D3F8F4300270D5
:1005E000110A120C82701A0AC2701A0C1B0E41708A
:1005F00002714371704700BF0081E00F034BD86B5D
:1006000080F04000C0F38010704700BF00300E4003
:1006100008B5FFF7F3FF20B1024AD2F8C830002B2B
:10062000FBD108BD0000C64308B5FFF7F1FF024B40
:100630005868C0F3014008BD00300E400C4B984292
:1006400005D90C4B984210D80122012301E0002269
:10065000134609490B640949D1F8003123F080732E
:1006600043EA0263C1F8003170470222EDE700BFA0
:100670000048E8010090D0030000C84300400E404D
:100680000F4B5B680F4B30B500221C46C9B21D7979
:100690008D4202D11D6885420DD20132052A03F137
:1006A0000803F4D10321064A536823F0407343EA58
:1006B0000163536030BD04EBC2046179F3E700BF0E
:1006C00000000E40A094000038B5074C0748256C88
:1006D00041F6713323640021ADB2FFF7D1FF0DB1B4
:1006E0000023236438BD00BF00000E4000F0490223
:1006F00038B5064C256C41F671332364ADB2FFF773
:10070000BFFF0DB10023236438BD00BF00000E40C1
:1007100042EA0322B2F5007F10B5194C29D00AD85D
:10072000B2F5807F22D040F201139A4215D062B90F
:10073000D4F81C320BE0B2F5407F1DD040F20133FB
:100740009A4210D0D4F8283201E0D4F82432C3F30E
:100750000722DBB203600A6010BDD4F824321A0EFF
:10076000C3F30743F6E7D4F82832F8E7D4F81C328D
:10077000F5E7D4F82032EAE7D4F82032EFE700BFFB
:100780000081E00F2F4B1A6FD96C11F0010F02F0AE
:10079000060242D0002A40D013284FD9143813281B
:1007A0008CBF102308232749013BCA6C180322F48D
:1007B0007F4240EA03231343CB64234BCA6C1B885C
:1007C000C2F303222833013202EB820003EB53030E
:1007D000B3FBF0F3C86C013B072B28BF072320F0C5
:1007E000EE6040EA036343F48013CB64174BB3F924
:1007F0000030002B10DB2833500800EB420203EBE3
:100800005303B3FBF2F30A6D072B28BF072322F033
:10081000700242EA03130B657047D96C01F00101C5
:10082000114304D1092809D90A380928B8E7DB6C33
:1008300013F00103B7D01AB92728B1E70423B2E7B0
:100840000023B0E700300E405A0B0020580B002068
:1008500070B51D4DD5F82828A2F17E63A3F5843329
:10086000B3F5104FE0B001D2136B23B94FF401740C
:10087000204660B070BD5B6A4FF4C07269460020CC
:10088000984704460028F3D140F20126D5F82828DD
:10089000A2F17E63A3F58433B3F5104FE6D2126B59
:1008A000A2F17E63A3F58433B3F5104FDED2936AD1
:1008B000002168469847B042E8D040F203239842AE
:1008C00018BF0446D4E700BF0000E10F104A0B46F2
:1008D000D2F82818A1F17E62A2F58432B2F5104F49
:1008E00010B40FD2096BA1F17E62A2F58432B2F589
:1008F000104F07D20C69074A0146A44600205DF854
:10090000044B60474FF481705DF8044B704700BFA3
:100910000000E10FD006002037B50446684680E8A5
:10092000060003C8251D85E805002373069B0B4AB6
:100930002361BDF81C30A38200232360136853B1E8
:1009400019461B68002BFBD10C609088013080B2E7
:10095000908003B030BD1460F7E700BF4C13002057
:1009600037B50D461446FFF767FC70B1036973B1E4
:10097000818A4FF6FE72914209D10095ADF804408C
:1009800069460120984703B030BD0120FBE70E20E7
:10099000F9E7036937B514460D46828A63B14FF60D
:1009A000FE718A4208D100200090ADF8040069462B
:1009B000984728B103B030BD2B6000202280F9E7B2
:1009C000009B2B60BDF804302380F3E738B50D465B
:1009D0001446FFF731FC40B122462946FFF7D9FF04
:1009E00010B92B6803B9208038BD0120FCE7000056
:1009F00007B503790193054A0368009306CA0223E9
:100A00000830FFF789FF03B05DF804FB6C94000029
:100A1000034B5A6D12B95865A3F85810704700BFC0
:100A2000D80A00200C4BD3F82838A3F17E62A2F537
:100A30008432B2F5104F10B50CD21968074A9142B2
:100A400008D1074C2278012A04D11B6A984708B9BB
:100A50000223237010BD00BF0000E10F07B0CD5E80
:100A6000E40000200C4BD3F82838A3F17E62A2F5F5
:100A70008432B2F5104F10B50DD21968074A914271
:100A800009D1074C227812F0FD0F04D1DB69984799
:100A900008B90123237010BD0000E10F07B0CD5E3F
:100AA000E400002008B50F4B0F4C1B784FF00055A9
:100AB0006BB1FFF7D7FF0D4B2B600123A3602368B9
:100AC00023F4E06343F480632360FFF7A3FB2B6010
:100AD0000123A360236823F4E06343F4806323606D
:100AE000FFF798FBBD06002000500E4002020FF0F9
:100AF000054A08B5937E43F040039376034B0022EA
:100B00001A70FFF7CFFF00BFD80A0020541300204F
:100B10002DE9F04105460E461146FFF74DFD88428E
:100B200028BF084687B2B846B8F1000F09D12FB1E7
:100B3000AB7DDA0744BF23F00103AB753846BDE84F
:100B4000F081AA8A2B6869689C18641AA4B244458B
:100B500028BF44462246304608F01CFB6B682968D3
:100B6000AA8A23440A442644934228BF0B46A8EB92
:100B700004041FFA84F86B60D6E7F8B51F46038AB1
:100B800004461646EBB9C57DDDB10123013D0B706E
:100B90000222C57500F11001FFF7BAFFE37D9BB19A
:100BA000228ABA4228BF3A4631462046FFF7B0FFB4
:100BB000238A1B1A2382E37D13B9638A1B1A63827B
:100BC000F8BD00230B70EBE7638A2382E8E72DE989
:100BD000F041868A04460F461146FFF7EDFC361AAF
:100BE000B6B28E4228BF0E46B046B8F1000F0BD108
:100BF0003EB1D4E901329A4202BFA37D43F0010322
:100C0000A3753046BDE8F081A28A2368A0689D18CC
:100C10002D1AADB2454528BF45462A46394608F04B
:100C2000B9FAA3682168A28A2B440A442F4493424C
:100C300028BF0B46A8EB05051FFA85F8A360D4E78B
:100C4000F8B5044616461F4611B3858AFFF7B4FC73
:100C50002D1AADB2012D29D9E37D63B1658AE06813
:100C600005702D0A07D02268A38A013013449842E8
:100C700028BF1046057000236382A368E360022248
:100C800004F112012046FFF7A2FFE37D0133E37573
:100C90003A4631462046FFF79AFF638A034463824F
:100CA000E37D13B9238A03442382F8BD0020FCE7C7
:100CB00013B50379124A03330446019300F1440348
:100CC000009306CA02231430FFF726FE238A0193FD
:100CD000E368009394E80600237A04F12C00FFF700
:100CE0001BFE237A22792168A4F8450004F147000D
:100CF00084F8443002B0BDE8104008F04BBA00BFA1
:100D00007894000070B50C4C0C4B06460D4694E8E8
:100D1000030083E803001846FFF76AFE084BD4E996
:100D2000020102221A7283E80300DE601D82184667
:100D3000BDE87040FFF7BCBF5495000040010020A3
:100D4000E80000202DE9F347DDF82880BDF82C905D
:100D500004460E4617461D46FFF76EFA8246BAF164
:100D6000000F01D0B44205D94FF6FF74204602B0FF
:100D7000BDE8F0879AF80830DAF804009D421AD1ED
:100D80002A46394608F0DCFAA8B9B8F1000FEDD0D0
:100D90000DF1020201A95046FFF7FBFD58B9019978
:100DA00049B1BDF802304B4505D14A46404608F0EE
:100DB000C7FA0028DAD00134DAF800A0A4B2CEE7EE
:100DC00038B50C4611462568AD1A2A46014408F08C
:100DD000C7FA256038BD000001282DE9F34704D08B
:100DE0000024204602B0BDE8F0878B88012B40F03C
:100DF0003C810B681B78FBB99E4A9F4C13609F4A4D
:100E000013709F4A13609F4A13609F4A13609F4A62
:100E100013609F4A13709F4A13609F4A13609F4A52
:100E200013702378022B01D1FFF7FCFD01232370FF
:100E30009B4B00221A70D3E7032B40F003818F4BAA
:100E40008D4E1C78002C4FD13378002B00F0F280AF
:100E50008F4B1B78082B02D0402B40F08A80DFF8A4
:100E60001482D8F800305BB98E4DD5F82838A3F13C
:100E70007E63A3F58433B3F5104F55D3802433E05C
:100E800013F003071CBFC7F10407FFB203EB070A07
:100E9000BAF5806F00F2D2808348DFF8F8913A46C5
:100EA0001844FF2108F084F9804BD9F800501B68E2
:100EB000C8F800A00AEB05029A4200F29480704B39
:100EC0001B681D445544DFF8C4A125F4FF65DAF81A
:100ED000000025F00705854210D9291A00F50060A9
:100EE000FFF73CFA40B185243378022B01D1FFF79C
:100EF00099FD0023337074E7CAF80050D8F8001049
:100F0000D9F80000FFF7E2FCD9F80030D8F800204B
:100F1000584913440546DB1B6348C9F80030FFF706
:100F20004FFF002DA0D0DEE7FFF792FCD8B9D5F82F
:100F300028280190A2F17E63A3F58433B3F5104F06
:100F4000D1D2126BA2F17E63A3F58433B3F5104FB7
:100F5000C9D29369012101A898470028C3D14F4BFA
:100F600001221A70C0E741F20803984286D1862414
:100F7000BAE7002B60D04A4B1B78002B3FF47EAFC2
:100F8000454F3B6843B9404B494918681022FFF769
:100F9000C7F90028A8D0A6E713F003021CBFC2F1CE
:100FA0000402D2B29D18B5F5806F47D84148DFF8EA
:100FB000D480FF21184408F0FBF83F4A3F4BD8F893
:100FC00000103D609B1A3E4A13443E4A13408B4238
:100FD00036D83D4BD3F8F8309BB29B020D44A3F5B5
:100FE0008053AB4201D283247EE7DFF8A090D9F88A
:100FF00000001540854209D9291A00F50060FFF765
:10100000ADF900287FF46FAFC9F800503A6829495C
:10101000D8F80000FFF784F9D8F800303A681E4984
:10102000054613442348C8F80030FFF7C9FE002DD9
:10103000A9D058E7812457E7842455E7822453E751
:10104000872451E7042B12D1204813230221437037
:101050000170FFF7DDFC1E4A1E4B128905329A8093
:101060001D4A1A6042789A71BAE60D24B9E6062440
:10107000B7E600BFD00A0020D50A0020D60A00201B
:10108000C4060020B4020020B0020020C0060020E8
:10109000D40A0020CC060020B8060020BD0600209F
:1010A000BC0600200000E10FD0060020C80600208A
:1010B000A0020020B802002010000020C400002080
:1010C000DFBE000000F8FFFF0081E00F340B0020BE
:1010D000D80A0020400B0020F10A00002DE9F84F4B
:1010E000DFF85091494BD9F80050DFF84C81471B8D
:1010F00082464748C8F800701B1A4648034423F448
:10110000FF6323F007039F42144678D3424BD3F882
:10111000F8309BB29B020AEB0206A3F580539E4275
:1011200070D82C44B4F5806F03D93C4B82221A70DE
:1011300063E0DFF8FCB00BEB050008F02BF8384B50
:10114000C9F800401A6822B9332C56D9DBF834208C
:101150001A601B689F421FD89E421DD903F11002DE
:1011600096424AD31D44A5EB0A055D442D4A2B4601
:1011700005F1100153F8040B42F8040B8B42F9D12E
:101180002848FFF705F910B9244B8422CFE7102235
:10119000FF21284608F00CF8234D244B286804F062
:1011A0000304361B1E4058B907EA0300C0F500616E
:1011B0003144FFF7D3F82E6040B1184B8522B6E7D3
:1011C000864203D9311A00F50060F2E7D9F8002011
:1011D0001749D8F80000121BFFF7A2F8D9F8002031
:1011E000D8F800301349121B054613441048C8F8BC
:1011F0000030FFF7E5FD002DDFD1BDE8F88F074B8C
:10120000872294E7054B832291E700BFC4000020AA
:1012100010000020DFBE00000081E00FD60A002091
:10122000B0020020A0020020C006002000F8FFFF4E
:10123000B8020020B8060020B402002037B5124CD6
:10124000002360600093437AD0E90021206802F017
:10125000BAFC238CDB050CD563680C4D1B7A2A780D
:101260009A4206D0012B06D0022B08D063681B7A65
:101270002B7003B030BD206802F080FCF6E72068D8
:1012800002F082FCF2E700BF98100020600200200C
:1012900013B50D4B0D4C1B8AADF804300128ADF889
:1012A000003004BF02238DF8043001A908BF0423D5
:1012B000206808BF8DF8003002F089FB206869467D
:1012C00002F09BFB02B010BD549500009810002066
:1012D000034B00221A6118680122032102F00CB9A5
:1012E0009810002010B5164CA37E5B0626D4FFF79D
:1012F000EFFFA28C236840F2E24101FB023323603E
:1013000094F84F10A37A0B442521B3FBF1F001FBB5
:101310001033A37223890133238163680A2101FBFF
:1013200002336360238B5A1E22833BB9A27E42F0B4
:101330004002A276034A1370FFF7B4FB10BD00BF52
:10134000D80A0020541300207FB502238DF8063000
:10135000064B5A8B596918680332ADF804206A4667
:1013600002F0CAFB009807B05DF804FB981000205B
:1013700010B51E4C1946236986B023B3A2F10800AC
:10138000084322D101AA0321206802F0B1FB63685F
:1013900060615B7A23769DF80430DA1F5342534133
:1013A000627E63F30002039BE361BDF80630627660
:1013B000638304F118010220236998472068012201
:1013C000002102F09BFB06B010BD02F17F400843F4
:1013D00005D10021012006B0BDE81040184712F4E5
:1013E000A0411ABF00210320FF20F4E7981000203D
:1013F0002DE9FF41194C1A4D637A0133DBB2282BDA
:1014000028BF252320466372FFF718FF627D154928
:101410002868D4F80C80667C4FF40073023202F026
:1014200049FB6B68104A5B7A06F001063046D75CD0
:10143000FFF72EFF00220123009203932868CDF8C6
:10144000088002AB394602F05BF810B1FFF740FFAD
:10145000D2E7064B2B6104B0BDE8F081BC10002040
:1014600098100020D0100020CF9400002515000017
:101470002DE9FF41254CA37E5A0640D4244A2189F8
:1014800023F0070343F00103A37613681BB192888E
:101490008A4200D19847A37A1E48234493F82A3001
:1014A0006375FFF7CBFED4E900561B4C1B4A6368FB
:1014B0005B7A4FEA5608D75CA5EB56060120FFF78A
:1014C000E7FE643500964FF4807300264544ADF87E
:1014D0000C306A4639462068029533468DF8046020
:1014E0008DF80E6002F018F801220546314620689A
:1014F00002F004FB35B1FFF7F5FEFFF7B9FF04B0CA
:10150000BDE8F081064B2361F9E700BFD80A00204F
:10151000400B0020E40A002098100020CF94000027
:101520008D16000002282DE9F0411DD002D80128B7
:1015300007D0FEE7032800F09E80FF2800F09B8084
:10154000F7E74E4C637C990707D5FFF7C1FEFFF71D
:101550004FFF637C6FF341036374637CDA0768D4E5
:10156000BDE8F041FFF744BF4B78DB0740F18380D3
:101570004C68227802F00F08B8F1030F5BD0B8F185
:10158000050F78D13E498B7B03F00103B3EBD21FEB
:101590004FD10622083104F1080007F0D1FE0646BB
:1015A000002846D1FFF794FEFFF7CEFE354D3146B9
:1015B00007465C22284607F0FBFDAB7EA5F81880A5
:1015C00043F02003AB76627E237E43EA0223AB84A2
:1015D000627F237F43EA0223EB8494F82330C3F332
:1015E000040385F84F3094F82330C3F3421385F891
:1015F000503004F11E001B232B85FEF757FFD4F853
:101600000E30E27CEB60A37C2F6043EA0223227D54
:10161000607D43EA02432B61012695F84F30AB729F
:101620002E75E18A3144FEF77DFFFFF721FF164B4F
:101630001E70BDE8F081124DAB7B03F00103B3EBEC
:10164000D21FF6D1062205F1080104F1080007F0C7
:1016500077FE0028EDD1094C286894F83D204FF41E
:101660000073023204F13C0102F024FA637C43F07F
:1016700002036374DDE7FFF72BFE71E7BC10002067
:1016800098100020D80A00205413002002282DE9C9
:10169000F74F0F460BD003D8012800F0D781FEE7A3
:1016A000032800F0DB81FF2800F0D881F7E74E78AF
:1016B0004A68B34D16F0010661D10026AB7EB14CED
:1016C00013F0200F12D0696D6FF34513AB7600292C
:1016D00000F0C580237895F85820627043F003032A
:1016E000A01C237007F056FD00236B65A648A54992
:1016F000FEF762FFAB7E003818BF012060F34103A4
:10170000C3F3C002AB76C3F300139B0043EAC203EA
:10171000227843EA001322F01C02134362782370FC
:101720009A4C02324FF400732068D2B202F0C2F930
:10173000AB7E7F68D90709D56FF30003AB76002332
:101740006B60FFF701FE2860FEF700FF002E00F03F
:10175000F9803B7803F00303022B00F05F81032B39
:1017600000F09480012B40F0ED8089487D78818ADB
:10177000FEF722FF081ABC1C80B200265BE113783A
:10178000AC7EC3F3001363F382041378AC76C4F326
:101790000011C3F3C00C8C45E0B2C3F3800AC4F35C
:1017A000C0040CD0544588D0AB7E84F00104E40022
:1017B00044F0200423F028031C43AC767DE703F0BB
:1017C0000303022B18D0032B04D0012BEAD14FF0D6
:1017D000000B12E0544508D084F00104E40044F00A
:1017E000200420F028031C43AC76AB7E81F001017D
:1017F00061F30413AB7661E7B34692F80180B8F168
:10180000000F0ED1544501D10026EEE7AB7E84F0E7
:101810000104E40044F0200423F028031C43AC76C8
:10182000F2E75B48B0F81490FEF7C6FEA9EB0000A3
:1018300080B2BBF1000F03D00228B3D9023880B2C6
:10184000544509D0AB7E84F00104E40044F0200448
:1018500023F028031C43AC768045C6D92DE795F8C4
:1018600028304948A21C0DF10701FFF786F910F056
:10187000FF0018BF9DF80730227860701ABF01334F
:10188000DBB2012363F3010222702FE7BB780C2B3C
:101890000AD80C2B0AD8DFE803F03F2B58090909B6
:1018A0000909600909091800142B7FD0394A1278F8
:1018B0002AB1162B00F09680182B00F0A280364833
:1018C00007220270437002210DE033480C234FF0D1
:1018D000FF320370012343708270037102220023E0
:1018E000C2704371062103B0BDE8F04FFFF790B816
:1018F000797A3B7A294A43EA01239380134628499F
:1019000043F8061BD7F80310C2F80610B7F80720F3
:101910009A807A7A9A7115E07A7B3B7B1F4943EA79
:1019200002238B800B461F4A43F8062BD7F803206F
:10193000C1F80620D7F807205A60B7F80B201A81A3
:101940007A7B9A7203B0BDE8F08F2A89134B053277
:101950009A80154A1A60FA78DCE7D7F80330228CAF
:101960000D48134003F0FF0322F0FF021343024629
:10197000092102F8011BC0F8013000235360B2E7CF
:10198000D80A002060010020A00D0020981000203F
:10199000341300205E0B0020340B0020400B00208D
:1019A0001105000089050000F10A0000B7F80530B4
:1019B000B7F803202D48DB08934228BF13462B8538
:1019C000152300216FF004046FF027020370072332
:1019D000817081714470C27003714471C27103726D
:1019E000092180E73A79FB782048134003F003038C
:1019F000022B18BF0123172202704370837003214A
:101A000071E77A79B9791A4B42EA01229A80194A28
:101A10001A60D7F80320C3F8062093E716487D78AC
:101A2000818AFEF7C9FD081A80B2022838BF022059
:101A30000238BC1C80B2854284D80F482B4622460F
:101A4000314603B0BDE8F04FFFF7FAB80B4B9B7E71
:101A50009A073FF577AF5B073FF574AFFFF742FC9E
:101A600003B0BDE8F04FFFF703BD00BF340B00200B
:101A7000400B00209504000034130020D80A0020F9
:101A8000EFF3108072B670470048704700F04902CB
:101A90000E49D1F8942002F00702042A0BD8022A3A
:101AA0000FD811D00A4BD1F80001C0F30420013047
:101AB000B3FBF0F07047074B0548052A18BF0346F3
:101AC000F1E74FF40043EEE7034BECE700400E4034
:101AD000C0EA210160F5900000F0490208B5FFF767
:101AE000D7FF044BD3F80831C3F308230133B0FB0D
:101AF000F3F008BD00400E4038B502460D46FEF733
:101B00007DFDE8B122B90F4BD3F80031FFF7C0FFDC
:101B1000FEF774FDA0B1FEF787FD88B1094BD3F83D
:101B20000031FFF7B5FF084B402204461A610DB1A2
:101B3000FEF76EFD20460021BDE83840FEF7D8BD17
:101B400038BD00BF00400E4000300E40044B054A37
:101B50009A60D3F8882042F47002C3F88820704756
:101B600000ED00E00000000008B5FEF753FB7047F1
:101B700047F6FF739A42F0B56CD006296CD8374B04
:101B80005B5C022B68D8364D05EBC304DE00A17800
:101B900015F83330012938BF0121012B13D1E0782A
:101BA0000025401A854202D30844C0B2F0BD431B51
:101BB000A0EB5303666836F913609642CCBF03F17D
:101BC000FF301D46EEE760680028EFD0B0F9004016
:101BD000A24204DCB0F902409442B8BF14468388A4
:101BE000FF2B04BFB0F90630B0F9087035440FBFC1
:101BF00001220022C82328276E781B1B93FBF7F3D2
:101C000013441BB29E4201DD002B01DA731E1BB28E
:101C10004FF47A7C00EBC3055F1CEA88AD6814FBC7
:101C200002521D463BB222EAE2729E4202F15C027F
:101C3000B2FBFCF204DD00EBC307BF88BA42E9D96E
:101C400000EBC5039888904228BF1046884238BFF1
:101C50000846AAE7FF20A9E70020A7E7C8940000EC
:101C6000600B002038B5C0F30323013B04460D464A
:101C7000092B11D8DFE803F0053611103A312C108A
:101C80001D191C4BC0F3043403F1424303F58013C8
:101C900004EBC304A400256038BDFFF71FFFFEF767
:101CA000CDFCC4F30434144BEEE7144BC0F30434FE
:101CB000EAE7134BC0F304344FF480320D49D1F8F6
:101CC0004401C007E0D4D1F840011042FBD1DBE76A
:101CD0000C4BC0F304341022F0E70B4BC0F3043478
:101CE0000122EBE7094BC0F30434CDE7084BC0F306
:101CF0000434C9E700400E40B8400E4050410E4049
:101D0000F0400E40E8400E40E0400E40C0400E4023
:101D1000B0400E402DE9F74FDFF82C91464E99F870
:101D20000040019107461546002C41D1434ADFF897
:101D300014A1D2F8F83042489BB29B02A3F580531D
:101D4000CAF80030D2F8F8309BB29B02A3F50063CA
:101D50000121CAF80430FFF785FFDAF800000821F6
:101D60000430FEF783FBDAF800301B68984208BFA6
:101D7000DAF80030DAF8040008BFD3F804B04FF006
:101D8000080100F104000CBF0124A346FEF76EFB1E
:101D9000DAF804301B6898423CD1DAF804305C6809
:101DA0005C4594BF002401240123347089F800307D
:101DB00096F900305A1C29D0224A52F8233003F1F8
:101DC0000C094C464FF6FF7AC4F30A030833B3F507
:101DD000006F1BD2A688564518D094F806B0201D77
:101DE0000BF10401FEF742FB22689042D84601D174
:101DF000B74212D008F1030808F4FE7808F1080889
:101E0000444489EA0403B3F5006FDDD34FF0000BBF
:101E100058460CE0013C64B2C6E72B785B45F5D32D
:101E200001985A4604F1080107F0B4F9012085F839
:101E300000B003B0BDE8F08F100000200081E00F7B
:101E400000650A00640200206C0200202DE9F04FBA
:101E5000012891B004D00024204611B0BDE8F08FD5
:101E60008A88002A00F01282A54F97F800A0BAF1E4
:101E7000000F00F00D82A34D2C78002CECD1A24B6A
:101E800009681C78002CE6D1A04E306802EB0008EF
:101E9000B8F5806F02D982242C70DDE7DFF88492D8
:101EA000484407F077F9BAF1020FC6F8008039D03C
:101EB000B8F1030FCFD99648FEF7E6F90178D9F8C3
:101EC00000204368012945D1190E012903D1C3F32C
:101ED00007430A2B46D98F4B9A4240F0DD80836836
:101EE000DA033DD502233B70FEF7BCFD8A4BD3F8E5
:101EF0002828A2F17E63A3F58433B3F5104F0BD2EB
:101F0000126BA2F17E63A3F58433B3F5104F03D2B5
:101F1000936809A900209847804B099A1A60804B62
:101F20000A9A1A60DFF80C92336899F80020082AA0
:101F300001D0402A4ED1DFF8F0817948D8F800105E
:101F4000006803F0030ACA18A2EB0A0282420BD906
:101F50008324A1E76F4CA2420CBF862484249BE714
:101F6000862499E7882497E76C4ADFF8CCB1176894
:101F7000DBF800001F440F44A7EB0A0727F4FF67B4
:101F800027F00707874209D9391A00F50060FEF7E4
:101F9000E5F908B185247FE7CBF800703168D8F8FF
:101FA0000000A1EB0A01FEF791FC3268D8F800307E
:101FB0005649A2EB0A02074613445A48C8F80030B3
:101FC000FEF7FEFE002FE5D199F80030002B7FF4DC
:101FD00042AF01E0002A61D133687F2B7FF63BAF2F
:101FE000DFF84881DFF854B1D8F80000F0B94A4B67
:101FF000D3F82878A7F17E63A3F58433B3F5104FA7
:102000000ED20A9009A8FEF73FF90A9B1A0E74D067
:10201000012A03D1C3F307430A2B6ED9BB6B984740
:10202000CBF8000007F084F9C8F800003A4FD8F860
:102030000000D7F82828DBF80010A2F17E63A3F592
:102040008433B3F5104FA5D2936A98470028A1D1E5
:10205000D7F828783268D8F800A00392A7F17E63F9
:10206000A3F58433B3F5104F16D2079006A8FEF7F8
:102070000BF9079B190E0FD00129039A03D1C3F363
:1020800007430A2B08D905AB00937F6B254909ABA1
:102090005046B847002853D08424FDE622490A68F8
:1020A0001A440A60214A10681B4AD2F82818A1F184
:1020B0007E62A2F58432B2F5104F05D31349194858
:1020C0001A46FEF77DFE16E0CF6A164A1849B84751
:1020D00032680E4907461348FEF772FE40F20323AA
:1020E0009F4203D1084A01231370B4E640F2012352
:1020F0009F423FF469AF8024CEE64FF4C0708FE773
:10210000D50A0020D60A0020BC060020D00A0020F4
:102110007C020020EB17A6030000E10FC40600209C
:10212000C8060020D0060020CC0600209C0200201B
:102130008C020020D40A0020C00600208802002063
:102140009DF8243089F8003023B9059B13B1402352
:1021500089F80030FEF73CF9074658B3D0F834A0B0
:1021600099F80030002B3FF476AE0022069204224C
:102170008DF8132006A90DF1130235200393FFF704
:10218000C9FD069AD30719D5039B082B14D0BAF1C1
:10219000000F13D0534610220CA903F1280003931B
:1021A00007F0CEF820B9039B0A9A1B6A9A4205D819
:1021B000892471E68246D3E7364BECE797B14FF4BA
:1021C00000613846FEF7CAF800287FF4E3AE2AF42F
:1021D000FF604FF4006120F00700FEF7BFF8002811
:1021E0007FF4D8AE99F80030082B01D0402B0FD1E6
:1021F000294B2A4A186820F4FF6323F007034FF4A1
:1022000000611360FEF7AAF800283FF424AEC1E68F
:10221000234F244BDFF89C907B60D9F82828D8F80E
:102220000000DBF80010A2F17E63A3F58433B3F560
:10223000104FBFF4AFAE936A984700287FF4AAAE60
:10224000D9F82828D8F800003368A2F17E61A1F5FA
:102250008431B1F5104FBFF431AF3946D2F82C803C
:10226000114AC0473268114907460F48FEF7A8FDDA
:1022700040F203239F4203D10D4A01231370EBE583
:1022800040F201239F423FF4E6AD34E70D24E3E53D
:102290008124E1E5F8940000C4060020C006002077
:1022A0008C020020DD100000D0060020D00A0020A3
:1022B000BC0600200000E10F00F00F0001380728E5
:1022C00050D8DFE800F00415244F34384F402B4B32
:1022D000D3F8943003F00703023B052B06D8DFE860
:1022E00003F049243F0305430B2070470520704746
:1022F000224BD3F8800000F0070002283DD00428CC
:1023000036D0012808BF032018BF012070471B4B9F
:10231000D3F8843003F00703013B032B03D8DFE835
:1023200003F0041F25270120704703207047134B3B
:10233000D3F88800DFE7114B1B6F13F0010F0CBFC0
:102340000720092070470D4BD3F85C3103F03003B0
:10235000202B0FD0302B0FD0102B08BF0720D3E736
:1023600002207047002070470C20704706207047FD
:102370000A207047042070470820704700400E4034
:102380000428F8B56FD8474B13F800C0464B1D5CC6
:10239000464B33F81060464B33F81040454B00294C
:1023A0006DD0022860D15C6A14F0300F5CD1424CD1
:1023B000E46B5C6AE40705D55F6A27F0300747F0F5
:1023C00010075F623D4C3B4B25441E66AD002B68F9
:1023D000002BFCD0002A46D06444A4002368002BC4
:1023E000FCD002283FD100293DD0324B5A6AD10798
:1023F0003CD54FF48062C3F8A82020225A665A6A5E
:1024000012F0300F0CBF4FF440024FF40002D3F82B
:10241000901032EA0101FAD1520201D5D3F8A0306E
:10242000244D012200210220D5F89C70FFF7A8FF5F
:10243000D5F890306B6A23F0300343F010036B62E1
:10244000C7F30A07296B1E4BFA0903320F2A03EA66
:10245000010328BF0F223B4343EA02732B632E661E
:102460002368002BFCD0F8BD0021ABE75A6AD3F8F3
:10247000902002F44002B2F5400FF8D1CEE70121DE
:102480001C66A940D3F890000842FBD1002AEAD08C
:102490000123084903FA0CF3D1F890201A42FBD12A
:1024A000E1E700BF99940000949400008A94000032
:1024B0008094000000400E4000300E408004F21076
:1024C00000F8FF0F10B500211048FFF715FB10486A
:1024D000FEF7B4F8012211460220FFF751FFFEF784
:1024E000F3F8FEF795F80B4B02225A67FFF7D0FA84
:1024F000FEF7A4F8FFF7F2FA0446FEF795F8014656
:102500002046BDE81040FEF7F3B800BF00F04902D6
:102510000148E80100400E4000B962B67047000073
:102520002DE9F0410D4F06460D4614460CB9BDE8A5
:10253000F081EFF3108872B623462A4631463846BA
:10254000FEF77EFB03464046FFF7E6FF002BEDD08B
:10255000E41AA4B21D440026E8E700BFA00D002045
:1025600013B5002301F10804ADF80430ADF80600FE
:1025700021461A4651F8080C083170B90BB1ADF874
:10258000042004220DEB020101200834FFF7C8FFEC
:1025900054F8101C39B902B010BD51F80C3C1A4463
:1025A00092B20123E6E734F80C2C0020EDE700009E
:1025B0007FB50130002380B2CDE90101CDE90433BC
:1025C0006946044B009304200392FFF7C9FF07B04C
:1025D0005DF804FB20110020EFF3108072B6704705
:1025E000FFF79ABF064A074BD3F88039136F23F0E1
:1025F000070303431367044B1888FEF7C3B800BFF3
:1026000000300E400000C6435C0B002000000000BC
:102610002DE980487A4B5B685E05A3B024D44FF067
:10262000005300221A601AA8FDF72EFEFDF7D0FE17
:1026300008B3446BFEF716FA1C9B5D0740F1BC80A3
:10264000FDF7C6FEFDF75CFE0446FEF7EBF994B11C
:10265000FDF7BEFE0446FDF7BBFE6A4B986023689B
:102660009D466368984706E04FF000531A68022AB7
:10267000D5D100221A60BFF35F8F624B5A6A22F4F1
:1026800080325A62D3F8942022F00102C3F89420D9
:10269000BFF34F8FBFF36F8F5B495C4F0A685C4D90
:1026A000C3F898204FF00050C3F89C005948C3F875
:1026B000A000AF4202F1010008604FD07E1E731BE4
:1026C00043EA530343EA930343EA131343EA13230E
:1026D00043EA13430133B3F5807F38BF4FF480736F
:1026E0005C422C4003EB040C674500F28780072B0B
:1026F000ACEB07074FF0010C8CBF4FEAD30E4FF045
:10270000200EB7FBFEF70CFA07F7013FFFB2361BAE
:102710002D1BB3FA83F3B5FBFEF5B6FBFEF666445C
:102720000CFA05FC07FA06F60CF1FF3CC3F11E0398
:102730004CEA060C5B000CF0FF0C03F03E0343EA8E
:102740000C23304D43F0407343F001130232C5F8BF
:102750009800C5F89C40C5F8A0300A60BFF35F8FB1
:10276000284B0522C3F894205A6A42F480325A62F8
:10277000BFF34F8FBFF36F8FBFF34F8FBFF36F8FD9
:10278000254B01225A64254BD3F8FC20244B120E12
:1027900048D14AF6E851C3F89011D3F8981141F0A6
:1027A0000401C3F89811C3F89021D3F8642142F4CE
:1027B0000052C3F8642137E014B9FEF733F95AE741
:1027C000164AD2F8F8309BB2B4EB832FF5D2D2F888
:1027D000F82004F1500392B2B3EB822FEDD82046DB
:1027E000FDF7D6FD0028E8D0636913B9FEF71AF9A2
:1027F0002EE79DF86830012BF8D121E75B006FE7E9
:1028000000500E4000ED00E0540B0020BC00002002
:10281000BC0000203900011300000E400081E00FD1
:1028200000300E40012AC0D0814A136A23F44413B9
:1028300043F488131362A2F58042136843F4807353
:1028400013607C4B02229A639A6B02F00F02022AF9
:1028500040F00481DA6C22F0405222F0010242F092
:102860000102DA64D3F8EC2042F44072C3F8EC20A1
:10287000714A0F211180DA6E42F08072DA666F4B76
:10288000D3F8800900B10420FFF7ACFE6C4B694F10
:10289000DFF8B881C8221A806A4BA0220F200024DA
:1028A0001A80FDF76FFF684BBB65CDE91244CDE997
:1028B0001A44D8F81832C3F307295FFA83FACDF81F
:1028C0007090CDF850A0FE6CC6F3017622463346D8
:1028D0001AA912A8FDF71CFFD7F8EC50C5F3012583
:1028E00022461BA913A82B46FDF712FF4FF41674BE
:1028F000A9EB0A026243B2FBF4F252449145DDF8BF
:1029000068C01299DDF86CE01398C0F0A780AEEBB8
:1029100000036343B3FBF4F3C0182CBF012300236F
:102920008645C0F09B80002B40F09880ACEB010303
:102930006343B3FBF4F3C9182CBF012300238C4578
:10294000C0F08C80002B40F08980FC6D24F4FE44A4
:1029500024F0020444EA0224FC65022ED8F8302256
:102960005CD0032E5DD0012E14BFD2B2C2F3072279
:10297000120312F4702F71D12E4CE36E23F47043C6
:102980001343E366314B022DD3F830224BD0032D95
:102990004CD0012D14BFD2B2C2F30722120312F49D
:1029A000702F5BD1234BD3F8EC4024F470442243C6
:1029B000C3F8EC205A6E814238BF0146E72922F461
:1029C000FF7228BFE72122F0010242EA41025A6663
:1029D000DA6B42F48062DA634AF6E852596B5A6362
:1029E0009A6FD407FCD41B6C144A13F003032FD046
:1029F0000123C2F8B43A0F4B9A6FD007FCD41A6C7B
:102A000022F003021A649A6F12F00102FBD10B4804
:102A10000129C0F8B42A08BF5A631BE0C2F3074279
:102A2000A6E7120EA4E7C2F30742B7E7120EB5E716
:102A300000400E4000300E405C0B00200000C643FA
:102A40005A0B0020580B0020372110B70081E00FEF
:102A5000C2F8B43AC64B0122C3F89427C54CC64EFF
:102A60001120FFF729FC002102200122FFF788FC3A
:102A7000636A23F001036362C04B0025C3F8A054CE
:102A8000A36A23F0070343F00603A362BC4BE3628F
:102A9000226BBC4B02F07F6213432363BA4B636328
:102AA000FFF710FDB94B304601211B68FFF724F8F2
:102AB000FDF7BAFD01463046FDF71AFED4F80001D5
:102AC000C0F304200130B6FBF0F0FDF7B7FD0122A2
:102AD00011460220FFF754FC636AAD4E43F04053A9
:102AE0006362D4F8C83043F00103C4F8C830A94B7E
:102AF000D3F8D830B365042404AA06A935208DF88C
:102B000010400695FFF706F906238DF80F30069B57
:102B10008DF80E4013F4803F07AC00F0518205237E
:102B20002246B16D02F8011B013BFAD29DF821301B
:102B300063F03F038DF821309DF8223043F001030C
:102B40008DF82230944B5C60944B954A9A60002734
:102B50004FF480715961C3E900221F82914A924B60
:102B60009248934D1F82C3E900229A60596100F098
:102B7000F8FC8F488F4C904E00F067FF0FCD0FC4CC
:102B800095E80F0084E80F008C488D4B03603946B0
:102B90008C4B436000F08AFC73A3D3E900233060C0
:102BA000CDE900234FF0FF334FF0FF3200F027FF55
:102BB00002224FF0FF313068774C00F022FF0DF118
:102BC000680A94223C23CDE91A321C93514696237D
:102BD00030681D93CDE91E77209700F049FD3746F8
:102BE0007949306800F020FF306800F0C4FFB4F984
:102BF000001057F8080B00F02CFF6468002C40F020
:102C0000F8813846FDF7E6FCB37B64F30003B37349
:102C10006E4BDFF8F0916E4D4FF0200883F8018382
:102C200083F8048383F8068383F8078383F8058396
:102C300083F8088383F81D83664B5A2200211846C7
:102C400006F0B6FAA0F10A04634B636042F2107218
:102C5000E26042F20153614A40F80A2C2381604A43
:102C60004FF490733384012313700022C9F80020BD
:102C70001B222A800DF10D0103AA3E208DF80C3095
:102C8000FFF748F811230DF10B020DA936208DF83E
:102C90000B30FFF73FF80DF10A02514639208DF84D
:102CA0000A80FFF737F8002837D14E4B9DF80B20EC
:102CB00018681B791A908AF80430002A00F0A08165
:102CC0001B2A28BF1B22531D8DF80A300DA9531C47
:102CD0000DF16D008DF86B3006F05CFA12A8FDF76F
:102CE00079FC414A9DF80A3012882AF8032022A96B
:102CF0009A1C51FA82F21298BDF84C1042F8200C3E
:102D000022F81C1C03F1080222A951FA82F20933AD
:102D1000002102F8201C8DF80A3020230DF1090251
:102D200012A93A208DF80930FEF7F4FF48B92F4B6D
:102D30005A8A1B7D8DF84A300323ADF848208DF860
:102D400009302B4B2B4800224FF00208C3E9002228
:102D5000294B036080F80480FDF74AFE2748284B82
:102D60000360102303724FE008550051000000007B
:102D70000000C64300400E4000F049020000C84376
:102D80002000050007450BD047A0020000300E4090
:102D9000005008400081E00F58130020A00D0020D3
:102DA000A00C0020A00B002034130020690345EC88
:102DB00078950000600B002098100020900B0020F8
:102DC00071130000800B00201200002000E100E0E1
:102DD00028110020C610002055555500D6BE898EFA
:102DE0005E0B0020DD930000E79300005495000087
:102DF0004C1300203C0E0020EA930000E40D00205C
:102E0000ED9300003013002080F80480FDF750FFA0
:102E1000B148B24B0360B24B80F80480C36080F8C5
:102E20000880A0F81080CDE90038434690E80600FD
:102E30001430FDF771FD9DF80B10002900F0EB80B8
:102E40000DA8FDF75FFFA748A74B03604FF01008E0
:102E500080F80480FDF7CCFDA448A54BA54A03608B
:102E60004FF6FE7B08230372C260A0F810B080F812
:102E70000480FDF71DFFA048A04A02600C220272E8
:102E80009F4AC260A0F810B080F80480FDF710FFE0
:102E90009C489D4A02604FF0020B9C4AC260082386
:102EA000038280F8048080F808B0FDF701FF98489D
:102EB000984B0360984BC3600123038280F8048021
:102EC00080F808B0FDF7F4FE9448954B0360954BED
:102ED000C3604FF6FE73038280F8048080F808B068
:102EE000FDF7E6FE9048914B0360914BC3604FF6AF
:102EF000FE73038280F8048080F808B0FDF7D8FEE6
:102F00008C4B8D4A1A604FF6FF729A809DF80A200A
:102F1000202A05D8931D89486375514606F03AF971
:102F20009DF80920202A06D8931D854884F83D3055
:102F300012A906F02FF9FEF7CBF9227C617CB2FAD8
:102F400082F35B0963F30001237D617462F3030381
:102F5000B27B02F0010262F386132375637D0BB925
:102F600006236375774BB988B068C4F8160099805A
:102F700094F83C30042161F3030362F3861384F870
:102F80003C3094F83D3013B9062384F83D306E4B45
:102F9000B068BA88C4F83E009A80FEF729FA6B4EF2
:102FA0006B4B1B782BB1DFF8B8814046FDF704FB73
:102FB000A0BB684A136923F00403136130BFEFE735
:102FC0000DF10F0221462C20FEF7A4FE00283FF44D
:102FD000BBAD0DF10E0205A93C20FEF79BFE18B11A
:102FE0009DF8140000F001009DF8223060F300030A
:102FF000A6E52068B060A288A379BB71BA8007E615
:1030000008238DF80A30544B1A889B78ADF86D2050
:103010008DF86F3062E65048032112E7EFF3108419
:1030200072B600231A460DF111014046FDF7A5FDC9
:103030002046FFF771FA9DF8113013B10023C9F84B
:103040000030D9F80020EFF3108472B6C2F5017396
:103050009BB232440DF111014046FDF78EFD03464F
:103060002046FFF759FAD9F800201A44032AC9F874
:1030700000209AD93488231D9A4296D307D87088A5
:1030800004284FF0000306D0062800F0AB8100238F
:10309000C9F8003089E732796B8004F1FF3A122ACF
:1030A0001FFA8AFA5ED8012A5FD9931E2B4F102B84
:1030B0005BD8DFE813F05C005A0072005A008B0006
:1030C0005A0022015A00BF005A005A005A005A0002
:1030D0005A004F015A00EF00B80D0020F093000095
:1030E0006A9500006C100020F3930000141000207B
:1030F00004940000D90D0000BC0F002015940000BE
:103100004D1E0000640F0020269400004995000029
:103110000C0F00203794000048950000B40E0020EA
:1031200048940000DD0200005C0E0020599400006D
:10313000490400008C1000204C130020D8100020FF
:1031400000110020D2100020FA1000202C110020C5
:103150005413002000ED00E0E39300002011002054
:1031600034130020522A00F0B580062289E0BAF11B
:10317000020F40F03581B6F805400022B4F5007F1B
:1031800028BF4FF400740323114650463B70A7F844
:103190000140FFF70DFA2C8079E7BAF1040F70D1E6
:1031A000B6F80540A0B2FDF747F860B1027A7C801E
:1031B000022A4FF005010CBF012302233970416838
:1031C0007B70032057E06C800A225AE0073CDFF84E
:1031D00038B2CDF800B0A4B20194B6F80710B6F832
:1031E00005000223ABF10202FDF7ACFD4FF6FF7ABA
:1031F0005045044604D17368C3F30F236B80E3E7A3
:1032000000230130CDE90033ABF102020223514625
:1032100080B2FDF797FD50451CBF00F1FF3080B232
:1032200007233B70A7F80140A7F8030000221146CE
:10323000042020E0BAF1020F40F0D280B6F805B0C9
:103240001FFA8BF42046FCF7F7FF002839D0037BE8
:10325000990713D52B880DF11202013B09A92046CD
:10326000ADF81230FDF7B2FB024670BB0B23BDF880
:10327000122009993B70FFF79BF908E75246A5F821
:1032800002B05D4B30796988587001241C705980F8
:103290001A71CBE7B6F805B01FFA8BFA5046FCF767
:1032A000CBFF70B1037B1A070DD5E21E92B25349D2
:1032B0005046FDF755FB024638B913233B700146D3
:1032C000D9E70122DBE70322D9E77368C3F30F23B1
:1032D0006B80D6E7B6F805703846FCF7ADFF0028DE
:1032E0003FF4D5AE037B5B077FF5D1AEE21E4349C9
:1032F00092B23846FDF734FBC9E6631F9BB2022B3E
:1033000001D0102B6CD10022CDE90022DBB23C4A67
:10331000B6F80710B6F80500FDF714FD4FF6FF7379
:10332000984204463FF467AF2B880DF11202043B2C
:1033300009A9ADF81230FDF749FB024608B16C80CF
:103340009FE7BDF8122009997C8009233B70931CEC
:103350007B7036E7053CA4B2022C01D0102C3FD183
:103360004FF0000BCDE900BBE4B2B6F80710244AD9
:10337000B6F805002346FDF7E5FC4FF6FF718842DD
:1033800082463FF438AF013023461D4ACDE900BBE9
:1033900080B2FDF7D7FC2B884FF6FF7188420446B8
:1033A000A3F1060318BF00F1FF340DF1120209A9C1
:1033B000504618BFA4B2ADF81230FDF707FB024625
:1033C00010B1A5F802A05CE7BDF812200999A7F892
:1033D00002A011233B70131D7B70BC8005204AE7BF
:1033E00004224EE7CDE90B33064B099309A90223CA
:1033F0000A93FFF7B5F84AE62011002033110020A8
:103400003511002018000020371100200D4AD2F895
:10341000E430D2F8E0109B0003F03C03C1F38111CB
:103420000B438370D2F8E03003F03F034370D2F8CF
:10343000E830D2F8EC2003F0F003C2F30312134398
:103440000370704700FF0FE0FEE7000008B5FEF7CD
:103450007DFB124B12498B4212D3124B12490020B2
:103460008B4218D3FCF79CFE186850F8224058682D
:1034700040F82240013298688242F5D30C33EAE7E3
:103480000022F8E71C6844F8220001325C68A2427E
:10349000F8D30833E4E70022F8E700BF94B6000051
:1034A000A0B60000A0B60000A0B60000F8B50D461A
:1034B00010B900242046F8BD0E4F3E68002EF8D10A
:1034C00000F052F804460028F3D0386000F0A8F865
:1034D000204600F074F838B130463E6000F0A0F8A5
:1034E000204600F067F8E4E7002DE3D02046A84727
:1034F000E0E700BF601300200846114600F0A2B8C4
:1035000010B504F01DFF20B9024BBDE810401B6848
:10351000184710BD2800002010B500F074FA20B93B
:10352000024BBDE810401B68184710BD2800002062
:1035300070470000431E033306D8044B984228BF4F
:103540001846642838BF6420704700BF40420F000F
:10355000431E012B03D9031F5842584170470120D5
:10356000704700F065BE0000F8B50546FEF788FA22
:103570000F4B1E68074626B93846FEF7CDFF344686
:1035800011E0B4688CB194F810C01CF0010F0CD19C
:1035900095E80F004CF0010C84E80F0084F810C08F
:1035A0003846FEF7B9FF2046F8BD3668E3E700BFAE
:1035B000200000204FF4A472002105F0F9BD10B5E1
:1035C0000021044600F02EFA2046BDE8104004F029
:1035D000C1BC000038B505460C4641B10B6833B19B
:1035E0001B68013303D0CB680BB18B684BB900F07B
:1035F0001DFEBDE838404FF492724121002000F0DA
:1036000095BA084600F017FE0023044A85F8DC301E
:10361000C5E92343C2E9003338BD00BF6813002069
:1036200010B5044618B9054B054A136010BD03F0E8
:10363000D5FED4F89830002BF6D1F4E731350000F0
:103640001C00002010B50C4603F006FF054B0021BE
:103650005B68032098471CB104F09EFE0128FBD153
:1036600010BD00BF2800002004F052B804F066B876
:1036700008B502460868FFF75DFF08604868FFF775
:1036800059FF48608868FFF755FF8860C868FFF7F2
:1036900051FF0B69C860581C03D00B48834228BFF8
:1036A00003460B614B69581C03D00748834228BF6F
:1036B000034688694B61FFF73DFFBDE8084088611C
:1036C000104604F0A5BC00BF40420F002DE9F84FA2
:1036D000D0F8903006460F4613B1038B8B4246D08C
:1036E000D6F88CB0BBF1000F44D0DBF80830002BCB
:1036F00040D0DBF80C1000293CD0D6F8A0A0BAF1DD
:10370000000F3AD04FF000094D46C84601E0DBF803
:10371000083005EBC50203EB82040135E389BB42A7
:1037200016D8238ABB42304612D3B4F91230B6F908
:1037300024109942A04603EAE37255DD96F8D010B2
:10374000FEF716FA337D834281464DD9DBF80C1023
:103750008D42DCD3B8F1000F40D000234246194619
:103760003046D0473783C6F8908086F8D99000203D
:10377000BDE8F88F0320BDE8F88FD1465446524685
:1037800047F6FF7504EBC40803EB8808B8F80E3061
:10379000BB421DD8B8F81030BB4219D3B8F912207B
:1037A000AA4202EAE27207D14FF0FF093783C6F856
:1037B000908086F8D990DAE796F8D0103046FEF778
:1037C000D7F9337D834281464246EFD9DBF80C10AE
:1037D0000134A14204D9DBF80830D3E70120C7E760
:1037E000002AFBD09046E1E7A046B6E72DE9F04776
:1037F00082B004468946164604F0B0FD3B4D08B140
:1038000000236B602B68D4F88CA0D4F890700BB1B7
:1038100053454BD04FF00008C5F8089004F0BCFDAC
:10382000012836D12B68DAF800103A6813B118680D
:10383000884246D0204604F0DBFAC5E900A7D4F858
:10384000A0508DF80760002D42D000220DF1070333
:1038500011462046A847204604F0B6F80546B8F1C0
:10386000000F00D08EB1B5FA85F040F2DE3240098B
:10387000332100F05BF93146204604F0C5FA1C4BB9
:1038800005461B68394620469847284602B0BDE8E1
:10389000F087012003F0E0FD164B00215B68032058
:1038A000984704F079FD0128FBD1BBE76B68002B3A
:1038B000B0D0BB42AED1AB68994514D04FF00108EF
:1038C000AAE7696811B109689142B6D05968B1E7B1
:1038D000217D94F8D930994228BF194632462046B6
:1038E00004F008F8B7E70025CFE700BF6813002011
:1038F0001C00002028000020F8B505460E46FEF703
:10390000BFF8314607462846FFF7E0FE044620B1DF
:103910003846FEF701FE2046F8BD04F01EFD2246A3
:1039200031462846FFF762FF04463846FEF7F4FDAD
:103930002046F8BDF8B505460E46FFF74BFED5F814
:103940008C307BB15B696BB101F0CCFBD5F88C306E
:103950005B691B1A584240F26B124FF0420158410A
:1039600000F0E4F8F76800224FF6FF734FF0240CE4
:10397000D0B2B84208D31C4621462846FFF7BCFF08
:1039800000F05EFC2046F8BDB1680CFB0011CC894C
:103990009C4202D2002CEFD023460132E8E7008B94
:1039A00070470A7838B505461046FFF7D1FD60B17B
:1039B0004C782046FFF7CCFD38B12243530704D49E
:1039C0002846BDE8384003F0CDBE012038BDFFF7E2
:1039D000E8BF10B504460878FFF7BAFD58B14A7839
:1039E0001046FFF7B5FD30B1042A04D02046BDE8EB
:1039F000104003F0EFBE012010BDFFF7EABF03F057
:103A0000ABBC03F005BE70B504460D461646FFF785
:103A100073FF30B9324629462046BDE8704002F0B7
:103A200051BC70BD04F0A8BC38B5044648880D46AA
:103A300000F0FFFBD4F8A0302BB929462046BDE8A2
:103A4000384003F0FDBE022038BD00F0F3BB03F0A8
:103A5000B1BF73B5044600200D4600F0EAFBD4F870
:103A6000A06069462046FFF7F2FF5EB99DF800109E
:103A70002A462046FEF77CF80146204603F066FF02
:103A800002B070BD00231A4629462046B047F7E72A
:103A900038B505460C46FDF7F3FF2B6B1C40EB6A6F
:103AA0002343EB62FEF738FD211E18BF01210020E1
:103AB000490238BD04F033B904F052B907B54FF4E8
:103AC00000730A49ADF806300DF10602FFF7F4FF66
:103AD000BDF80630B3F5007F05D1022808BF0020ED
:103AE00003B05DF804FB0120FAE700BFC01400201A
:103AF0000846114600F0C0BA04F0FEB838B50446D6
:103B0000154609B104F04AF925B12046BDE8384010
:103B100004F046B938BD0000024B1960024B186032
:103B2000FEE700BF24000020C016002008B550B9F1
:103B30000548064B01601A60054B1A68054B1A6070
:103B40001868FFF7E9FF08BD24000020C416002014
:103B500060130020C0160020437C03B108470220F8
:103B6000704710B5044604F0CFFC20460321BDE8A1
:103B7000104003F04BBCFFF7F4BF00000149FFF712
:103B8000EBBF00BFDD8400000149FFF7E5BF00BFC8
:103B9000B184000010B5437C0C4693B14968002203
:103BA00004F0BCFC206890FAA0F0000A01F0ECFBE5
:103BB000A17A2089002281F0010104F00DFD00208E
:103BC00010BD0220FCE71FB5CDE90012ADF80830AA
:103BD00069469DF818308DF80A30FFF7DBFF05B015
:103BE0005DF804FB00207047002070472DE9F74F77
:103BF0001C469DF830300193036803F00703063339
:103C000001259D400646174605F1FF380B46A1B138
:103C1000416804EA080BA5EB0B0A41F00059524534
:103C200009EB0B0114D95246184605F0B3FA7A1B7A
:103C30005A444946504405F0ADFA019B2BB13C442F
:103C400048EA050804EA0804F46003B0BDE8F08F10
:103C50001846F0E70D4BD3F8E020D20314D50C49F9
:103C60004FF48032C3F8E820C1F8EC209A6BD1B24F
:103C7000C2F3072299679A6704229A6700229A671B
:103C80009A679A679A679A67704700BF0010084062
:103C900000100846F8B50C4C0D4617460646FDF7D1
:103CA000EFFE0123A362042327606660A560C4F8C9
:103CB000E830064B4FF48072C3F88021FEF72CFCED
:103CC0000DB10223A362F8BD0010084000E100E03E
:103CD000054B1860054B01229A6540F6FF72196387
:103CE00058635A65704700BF501700200010084005
:103CF0002DE9F04F042A83B0054639D90B7883614A
:103D00004B7883618B788361CB7883610068D5F8C9
:103D100008B06E6800F007000123063003FA00F8CF
:103D200008F1FF3909EA0B07A2F1040AA8EB070220
:103D3000924501F1040446F000560DD8F0192146D1
:103D4000524605F027FA0AEB0B0248EA09031A402B
:103D5000AA6003B0BDE8F08F2146F019019205F08A
:103D600019FA019AA118AAEB080230463A44E8E78A
:103D7000013A032AEDD8DFE802F00B08050211F83A
:103D8000013B836111F8013BAB6111F8013BAB6171
:103D90000B78AB6103B0BDE8F08F00BF37B50025ED
:103DA00000951446FFF722FF204603B030BD000007
:103DB00038B50C46104B1546014668B10122C3F8D0
:103DC000B8200E482246FFF793FF1DB10A4B04228C
:103DD000C3F8B820002038BD64B1D3F89C20A242BB
:103DE00084BF0122C3F8B820C3F898400222C3F868
:103DF000B820EAE70122FAE70010084090100840D6
:103E000010B5FDF73DFE184B184901229A65C3F81D
:103E100088201A66164A5A660722C3F884200A8048
:103E2000144900220A804FF4A021C3F8E81003F1DE
:103E3000C0630446C3F8EC100F4B1A600F4BD3F865
:103E400088305B020AD50E4B18680E4B4FF4800287
:103E5000C3F88820416BA43001F0B2FA2046BDE8D7
:103E60001040FEF759BB00BF00100840CE160020DE
:103E7000D0160020CC160020C816002000400840B4
:103E800060130020004008440D4B07221A800D4BA0
:103E900000221A800C4B0121C3F8B810C3F89020FF
:103EA0004FF40052C3F89400C3F8B420074BF0223B
:103EB0001A6403F10073A0221A64FFF7A1BF00BFC8
:103EC000CE160020CC160020001008400000084448
:103ED0002DE9F041044688B1394E3A4FFDF7D0FD47
:103EE0003388394A03F07801032C054603F07F0C30
:103EF000114453D13C6824B9FEF70EFB0320BDE802
:103F0000F08124F00104386820F00100A0424AD179
:103F100000223A6022886FEA42426FEA52428C42A3
:103F2000228036D1294CDFF8B8C02788ACF1800850
:103F30003A46083A92B201F10800604528BF40466F
:103F4000082A04D9B0F900E0BEF1000F36DB228068
:103F50003B440C8888781E499B1ADBB2C4F30C04DE
:103F6000CC6300F007003380CB66C1F88420FFF7F4
:103F700071FE04280DD1174BD3F88830164B186802
:103F8000164B4FF48002C3F88820416BA43001F037
:103F900017FA2846FEF7C0FA0020B0E7601E012895
:103FA00098BF0C46AFE7094862440088A21A48BF90
:103FB000803208389042ADDC28469DE70146B8E7DC
:103FC000CC160020C8160020D0160020CE160020E7
:103FD00000100840004008406013002000400844E2
:103FE000501700200E490F4B0A881B880E481344B7
:103FF000073B03F0780303440832987892B20A80B2
:1040000000F0070009490428C1F8842004D101F513
:1040100040514A681203FCD4054A1360704700BF40
:10402000CE160020CC160020D0160020001008402C
:10403000C816002010B5054C206828B1C30701D46C
:10404000FFF746FF0023236010BD00BFC816002005
:10405000084B4FF48032C3F8EC2003F17C43C3F8E3
:10406000E420D3F88030C3F30C03782B01D8FFF79A
:10407000F1BD7047001008442DE9F84304460E4690
:10408000FDF7FEFC504B514D1A882D888146504853
:1040900002F07801032C02F07F03014417D14D4C4C
:1040A00024688CB92A44073A02F078028418034441
:1040B000E31A48BF8033AB4210DB4846FEF72CFAC8
:1040C00000242046BDE8F88324F00104EFE7012C2A
:1040D00002D0022CEBD1083D0C46E8E7002E41D07F
:1040E0008C423D4942D1D1F83C800A6B02F0070274
:1040F000063201279740D1F88020C2F30C029A4281
:1041000047DDB4F900302588002BD6DBA378C5F352
:104110000C0503F007037A1EA5EB08053A43052BAF
:10412000337005EA02052CD82DB2E84340F236423E
:104130000421C00FFFF7FAFC7580E378274A337437
:1041400012687B1E03EA0803D118B160A9B213FA02
:1041500085F5BD4289BFFF1A0023B780F2609CBF7E
:10416000B180F3604846FEF7D7F9AAE7A4F1080248
:10417000824238BF04F17802B2F80080C8F30C081C
:10418000B3E7174BDB6C003B18BF0123A5EBC3055E
:10419000CAE78B6B7A1EA3EB08033A431A40114B14
:1041A00015B25B686AB9C3F30363D91E4B424B4136
:1041B000DB0033700B4B7280D3F89030C3F30723CE
:1041C000BCE70823F5E700BFCC160020CE16002080
:1041D000D0160020C81600200010084050170020FC
:1041E0000000084000400840431C08D0044AD2F8B0
:1041F0003C311B0C1B0480B20343C2F83C317047B6
:104200000040084038B50D6804462846FFF7ECFF2B
:10421000D4F8903043B15B6933B1013504BF6FF01E
:1042200001020A600A681A60002038BD04F095B8DF
:10423000704770477047A62231210120FFF776BCF6
:10424000704738B50D46044600F04CFFAC4042F2D2
:10425000107364095C436423B0FBF3F0B4FBF0F02B
:1042600038BD0000034B1A689B88026083800020E1
:10427000704700BF3A0000200F4B0628D3F8883162
:1042800004D183F40013C3F340507047022805D1D2
:1042900013F4400F0CBF01200020704750B9074AAB
:1042A000D2F8D40010F0010005D083F48003C3F3EA
:1042B000805070470020704700400E400081E00FA2
:1042C0000C4A5288B2F5E16F94BFC8225A2210B549
:1042D00094BF7824502490428CBF172210220A7079
:1042E000054A0346107818B19C422CBF00200120DB
:1042F00010BD00BF3A0000203300002013B5234B4F
:104300001B780E2B04463ED00DF10701FFF7D8FFB6
:104310001E2C8CBF1E4C1F4C9DF807304FF0010225
:104320008CBF01210021C4F8082170B1194A4DF653
:104330000174C2F804411B0202F1007243F44043CD
:10434000C2F80431144AA2F8D430134A134C92F83C
:10435000D83023F00103034323F0020343EA41036F
:10436000DBB282F8D83024786CB923F0040343EA36
:10437000800323F00803B2F8D440A2F8D64043EA01
:10438000C10382F8D83002B010BD00BF3A0000204F
:104390000040084600400844001F00215617002036
:1043A000084B094AD3F88831DB4303F4FE1343F486
:1043B0000053B3FA83F30E33A3EB4313013B1370A3
:1043C000704700BF00400E403200002002280CD091
:1043D000062802D020B100207047054B187870479E
:1043E000034B18780430C0B270470720704700BFF5
:1043F00032000020022807D0062807D0003818BF56
:1044000001204042C0B27047012070470020704731
:1044100030B51F23B0FBF3F35D1CEDB24FF0FF345A
:10442000C3EB4313AC40C01AE4430130E4B2C0B262
:104430001460086030BD00002DE9F7433A4E3B4F51
:1044400096F8009015463A4AD2F8C820B9F1020F02
:104450000446884607EA02071AD147EA006788F847
:104460000000002372882B60B2F5E16F94BFC82270
:104470005A2227F47F57944227F008079ABF380A38
:1044800000F47F5043F6C870384303B0BDE8F083B2
:10449000284A1278904228BF144604EB83030B701D
:1044A000F4B1013CE4B24FF030632B606A4601A9DD
:1044B0002046FFF7ADFFDDE9002347EA03671E4B07
:1044C00098F800101B7847EA823747F47F5747F087
:1044D00008073BB90029194B18BF4FF07F43C1E7CC
:1044E000164BE2E7164B1748B9F1060F08BF034613
:1044F0002AB90029114B18BF4FF07F43B2E7B2FA37
:1045000082F2C2F11F02D2B29B5CDBB239B15A1EF9
:10451000D2B2FD2A05D81B0643F00403A2E7074BDD
:10452000A0E74FF07F439DE73A0000203F00C0E046
:10453000001F002132000020571700200400000B4C
:10454000B883E00FB083E00F2DE9F3410446C820A3
:10455000FFF7D4FE2B4B2C4E18780E2801D0FF2CE1
:1045600005D1FF243470204602B0BDE8F081022856
:104570002DD1072C204628BF072001284FF000032B
:1045800001AA0DF1030138BF0120FFF755FF0546D1
:104590001E4B1F4FDDF80480C3F85881C7F8C85080
:1045A0009DF8034034702046FFF7A8FE194A4FEAF1
:1045B000082303F4E063127843EA1863A7F8D030C5
:1045C000002AD0D1C7F8CC50A7F8D230CBE7A0B999
:1045D000052C32BF002701270420201A3B4601AAE0
:1045E0000DF10301C0B2FFF727FF4FF4800305462A
:1045F00037B1094AC2F80831CAE700273846ECE764
:10460000064AF7E73A000020380000200040084042
:10461000001F0021561700200040084600400844B3
:1046200008B501F037F8094B094A002818BF1A46A7
:10463000136823F47F115B0803F4FE130B4313602C
:10464000044B4FF00072DA6108BD00BF0041084022
:10465000184108400040084008B501F01BF8064B1F
:104660004FF4001228B1C3F800214FF000621A6223
:1046700008BDC3F81821F8E700400844014B18684A
:10468000704700BF5C17002070B505460E46C0B2EB
:1046900001F00F01FFF7D5FDC6F303110446C5F382
:1046A0000720FFF7CEFDC6F303210444C5F30740FE
:1046B000FFF7C7FD204470BD436C012B38BF0123B9
:1046C0002DE9F0479A46464B464F9B69464E474D6B
:1046D00003F4E073A3F5C07280464548514251414E
:1046E00002685245434A0FD114788C420CD198F895
:1046F000D0C03C78A44507D198F815C03478A445BB
:1047000002D1A888BDE8F087B3F5C07FC0F800A04B
:1047100011704AD1D8F8944024B12368082B58D995
:1047200094F838400F212046FFF78BFDBAFA8AF340
:10473000002852D0B0FA80F29B1A002BC6BFD84096
:10474000C3F10F094FF00F09504501D909F1FF39A5
:10475000234B2004C3F8BC0003F1806340F6FF72D2
:10476000C3F8B82003F100734FEA0921C3F8B81069
:10477000FFF78AFFA88000F0B5FC09F01F094FF48D
:10478000FA7304FA09F45C4341F66A03B0FBF3F0F0
:104790000A23B4FBF0F45C43174B1C6098F8D0304C
:1047A0003B7098F815303370ABE798F8D030062B93
:1047B00006D1124B1B78002B0CBF9624C824B1E7FE
:1047C000022B08D00D4B1B78002B0CBFB424F02417
:1047D000A8E70024A6E73224A4E74FF00F09B7E7C3
:1047E0000060084031000020300000203A00002026
:1047F00034000020591700205C17002057170020B4
:10480000FF290DD00F4B1048C3F850010B040905C8
:1048100001F0F87103F4E0230B430C49C1F8503167
:10482000FF2A0DD0074B40F2F711C3F850111301C6
:1048300003F4F87302F007021343044AC2F850313C
:1048400000207047004008440000F701004008467F
:10485000F8B5134B134E1F68134D384600F0ECFEAD
:104860003378C4B2A34201D12B78A3B1092C14D858
:104870000E4B012C195D05D10D4B1B78022B01D17C
:1048800041F0400101F00F0238460909FFF7B8FF77
:10489000002334702B700020F8BD0024FA21F1E7CA
:1048A0006013002055170020541700203C9600008C
:1048B0003A00002038B5044600F0BCFB1422002169
:1048C0002E4804F075FC2E4B25781A782D49521B82
:1048D00018BF01220A7022681A60C820A2889A8034
:1048E000FFF70CFD284BD3F8C820284BFF21197087
:1048F000274B2849062D03EA0203274A1AD14FF411
:10490000EE40C2F824014FF48A42C1F8242101226A
:1049100043F08043C1F820211B4AC2F8C8301E4B27
:104920000322C3F85821FFF793FF1C4B01221A7092
:10493000002038BD022D4FF007000ED1C2F80C0147
:104940000620C1F80C011649C2F808114FF4404185
:1049500043F00303C2F80411DEE7C2F80C0105209E
:10496000C1F80C01C020C2F8080143F08043812245
:1049700043F00403C1F80821CEE700BFC81F00219F
:104980003A00002054170020001F002138000020AA
:104990002800C0A0004008460040084458170020E6
:1049A000C10040002DE9F0472D4C2E4B236000F054
:1049B00099FB4FF4FA7307464FF47A76B0FBF6F69C
:1049C00029482A4A7343190E1B02181841F10001A5
:1049D000002303F043FEA0F580730546A36220B9CF
:1049E00066222B21FFF7A2F801254FF47A726A4361
:1049F0004FF0000A53465008310203F02FFE1C4BC3
:104A000019601C4BB7F57A7F4FEA05688946044662
:104A100018604FEA152505D276222B215046FFF764
:104A200085F801264FF47A73A8FB030103FB0511F7
:104A30007308C01841F100010023324603F00EFE56
:104A40000D4B023419600D4B49F10009A4081860A0
:104A500044EA8974024B013C1C63BDE8F08700BF47
:104A6000005008400211010020A1070040420F0041
:104A7000701700206C1700206817002064170020B2
:104A8000044B4FF00052C3F880211A60024B012200
:104A90005A60704700E100E00050084038B502015C
:104AA0000A4B01259D500A4A4FF480738340536698
:104AB0000446FCF7E5FF074A1378A54023EA0503FF
:104AC0001370BDE83840FDF727BD00BF0051084412
:104AD00000500840601700202DE9F04715460446B5
:104AE00088461E46FCF7CCFF022D00F0B880074632
:104AF000FDF772FD6C4B6D4AD3F8189092F815A033
:104B0000DA6D5FFA8AFA520744BFD3F818900AF1B7
:104B1000010AFDF765FD664B664A1B6811684FEA9E
:104B20008A7CA3FB093213F1004301FB09CCD8F8BE
:104B300000304CEB020C012D04BF01336344ACEB9D
:104B4000030C08BFC8F80030BCF1804F0AF0030A1C
:104B5000C0F09880584AD2F800C0584AD2F800E015
:104B6000514A23F04041106B4FF000480022ECFB0B
:104B700001820EFB012282424FEA937381BF01330F
:104B80000130121A03F00303A3EB0A03914588BF17
:104B90004549DFF848C184BF096B03F1FF3303F0D7
:104BA00003030CF80430A2EB0900A3B1F10742BFE4
:104BB000434B41F61F71D966B30742BF404B414991
:104BC000D966710742BF384B00211967330742BFCE
:104BD000354B00211965344B04F1100103EB041E21
:104BE0000901CEF80C2111225A5037499A694FF029
:104BF000010EA2EB090A0EFA04F8D3F85C900A78C9
:104C00005FFA88F848EA020282450A7026D34FF418
:104C10008072A24019EA020F20D11CF8040000287B
:104C20003FD10DB3F0071A6608D5254B274941F649
:104C30001F7240F20110DA66C866DA66B10706D55F
:104C40001F4B22491F4A2248DA66C866DA66720795
:104C500042BF204B01229A60330719D43846FDF732
:104C60005BFC0120BDE8F0871B48240140F804E00C
:104C70005A66FCF705FF14490B7823EA08030B700A
:104C8000FDF74AFC3846FDF747FC0020BDE8F087F9
:104C9000212000F03FF9044B4FF480325A6038462F
:104CA000DDE71A663846DAE700500840C0170020F2
:104CB00064170020681700206C1700207017002070
:104CC0000050084400001F1F6017002000500846D5
:104CD0000000010100400840005108447417002002
:104CE0001030034B0001185800F00100704700BF5E
:104CF000005008401030044B01F46001000141F005
:104D000003011950704700BF0050084038B5FDF747
:104D100063FC084B084A9D69547DDA6D520748BF11
:104D20009D69E4B248BF0134FDF75AFC284604F0FF
:104D3000030138BD00500840C017002008B52220EC
:104D400000F0E8F8024B4FF480225A6008BD00BF23
:104D500000500840064B1B68434303EB8171054B31
:104D60001B68A3FB003013F1004341EB00007047C8
:104D7000681700206417002008B5FFF7C7FFBDE8DB
:104D80000840FFF7E7BF10B50446FFF7BFFF8442B6
:104D900088BF01F1FF31204601F00301BDE810405A
:104DA000FFF7D8BF0D4A10B5146820F04043014604
:104DB0004FF000420020E4FB0320094A126802FB86
:104DC0000300084B1B6B98424FEA917104D90133E1
:104DD0000131C01A01F0030110BD00BF6C170020A3
:104DE000701700200050084038B50446FFF7C4FF94
:104DF0000546FFF7C1FF431BA342FAD338BD0000AD
:104E00003B4B082270B501210546C3F8C82039483C
:104E1000394CFCF727FF394B1D702378013B012BE0
:104E20000CD8237CE07B01229A400C21302313FB19
:104E3000001303F1884303F520431A60304B00222E
:104E40005A677DB92F4A4FF6FF71D16702F10072A0
:104E5000F821D1675D672C4B4FF08042C3F8942056
:104E6000002070BD636853B300F03CF9626800EB4A
:104E70005203B3FBF2F3013B1B0243F0F803267825
:104E80002049224A022E1CD0032E1D484FF6FF75E2
:104E900021D0012E27D143F00203CD67D36707232A
:104EA0004367237CE07B01229A400C21302313FBD3
:104EB000001303F18C4303F520431A6011E0F8233B
:104EC000DDE743F001034FF6FF70C867D3670C4B73
:104ED00005225A67E5E743F00503CD67D367012351
:104EE00043670B4BB8E7CD67D3670023F8E700BFF4
:104EF00000400E4600350A007C170020791700207C
:104F00000000084000000844004008440000084633
:104F100000400846044BD3F89430002BBCBF034B31
:104F2000C3F88000704700BF004008400000084000
:104F30004FF0006318B1034AC2F894307047024A38
:104F4000FAE700BF004008460040084400207047D0
:104F500008B5064B06491A684FF00450920004F059
:104F600019F9BDE8084000F04FBE00BF6896000088
:104F70006C96000007B501A8FEF748FA134B144AD7
:104F8000C3F8442148F2E672C3F838214FF40862AE
:104F9000C3F834210F4AC3F8A0200F4A4AF63F4114
:104FA000916002F580424FF0C07191620022C3F817
:104FB000FC200A4AC3F89C20094B7F225A6203F165
:104FC000007323225A6203B05DF804FB00400840DE
:104FD000C0E653517A27000F00300840806D63030C
:104FE000003008440F4B002210B5C3F88820C3F8E6
:104FF0008C20C3F890200C4A0121D1605A6812F02D
:10500000706FFBD14FF00452DA67012402F5FD52B4
:10501000C3F880401A66054B1B689847044BDC6058
:1050200010BD00BF0040084000400846400000207E
:1050300000400844034BFD22C3F8C8200122C3F8F6
:10504000CC20704700400E4638B5FFF7F3FF1B4BEE
:105050001B481C4C1C490222C3F8C8201B4B1A6871
:1050600042B102EA0005A54204BF5D68156008333D
:105070008B42F4D1164B0222C3F8C820154B164AB6
:10508000D3F83C111160154AC3F8942000F0A0FB3E
:10509000FFF770FF124B0322C3F8D820A3F500538B
:1050A0000122C3F894204FF46072DA604FF040722E
:1050B000C3F8F820C3F8102138BD00BF00400E46E9
:1050C0000000FFFF00000840B081E00F0080E00F0B
:1050D00000400E4400400840440000200048F0001A
:1050E0000060084608B5FCF7D3FC044BD3F8103138
:1050F000C3F308230133B0FBF3F008BD00400E40BA
:1051000070B5044618B1284D2268531C00D170BDFB
:10511000C2F30063110C35F8130011F0FE0F93B2C7
:1051200043EA0043606818D00434CAB2022A2168F6
:1051300008D9D4E90160033AC3E9001698600C3439
:105140000C33F3E704D16268C3E900120834DBE7EB
:10515000012AD9D104341960D6E7120F072AF5D8ED
:10516000DFE802F00704090D1013181DC04303F116
:1051700080631860EAE71A6842401A60E6E703F1C4
:10518000C063F6E7FFF730FEE0E70122824003F15B
:10519000C063F2E70122824003F18063EDE71A6801
:1051A00030EA0202FBD1D1E746960000024B012211
:1051B000C3F89420704700BF00400846024B01220C
:1051C000C3F89420704700BF00400844024B4022BF
:1051D000C3F89420704700BF00400844024B4022AF
:1051E000C3F89420704700BF0040084608B50C4B38
:1051F0001B68D3F8943023B11A68022A01D9186ABF
:1052000008BDFFF76FFF074B1B6D024698B20028E1
:10521000F6D0C3F30743D2085343B3FBF0F0EFE7F4
:105220006013002000600840064B5B68C3F3036313
:10523000984206D1044A936B23F0F00343EA01112C
:105240009163704700400840001F002110B50446DC
:10525000FFF7CCFFC4F30113022B05D0032B09D0B9
:10526000012B00D1400810BDC4F3C4240134B0FBAD
:10527000F4F0F8E78008F6E700F03003202B10B5D3
:1052800013D110F4E02FC0F302440AD010F4C01F71
:10529000C0F3C423B3FBF4F418BF6400052C0ED88C
:1052A0006408FFF7D3FF604310BDC0F382136FF0B3
:1052B00012041C4104F00104C4F10204F1E70424C7
:1052C000EFE700002DE9F0470E46FFF755FDDFF848
:1052D000B090DFF8B0A080460025FCF7D1FBD9F8EC
:1052E0000430C3F30363012B07460BD1711C1AD0A2
:1052F000FFF742FDA0EB08053846FDF70DF9AE4279
:10530000EBD80DE0052BF1D00B2BEFD0023B012B9E
:105310000CD9013602D0FFF72FFD3846FDF7FCF817
:105320001648BDE8F087FDF7F7F8D6E7DAF8083059
:105330001A04C3F389140FD4013602D0FFF71CFD01
:105340003846FDF7E9F824B2A4F1C8006FF4FF7302
:105350009842B8BF1846E4E7731C03D0FFF70CFD72
:10536000A0EB08056FEA84546FEA94543846FDF7C1
:10537000D3F814F5007FC2D0E6E700BF00FEFFFFC0
:105380000040084000700840024B012218619A60FA
:10539000704700BF00200840084910B5D1F87031AF
:1053A00040B11C464A68D1F870319C42F9D1C2F331
:1053B0000362027003F00F0010BD00BF0040084000
:1053C000094BD3F8883001F0800103F480030B43CC
:1053D00009D1064B4FF400129A61837F1BB1044B35
:1053E0000122C3F8F82070470040084000600844DC
:1053F0000060084610B5FCF743FB084B1B680446E9
:105400003BB1984728B1002200204FF4806100F0A2
:105410002DFD2046BDE81040FDF77EB89017002016
:105420002DE9F0411F4CDFF89080069F0646A2FB55
:1054300003502C1960F1000E9C46A0454FF000036C
:1054400073EB0E0E07D24FF4B4720E211846FEF71E
:105450006DFB02201BE00029FBD0C6F3130601EB15
:105460005C04B4FBFCF4A4FB0646E40C44EA4634BA
:105470000D4E34600D4C22600D4A914209D10D4A07
:10548000A5FB025302FB00339B093B600020BDE8F3
:10549000F081C4040A46E80444EA553103F0DEF81A
:1054A0003860F3E700C9E876981700209C170020C1
:1054B00000F049020A3BB2DF0046C32338B5164D5F
:1054C0002B780C4623B9154B1B6D03F03F032B7053
:1054D000134BD3F894305B051CD5124BB0FBF3F0A3
:1054E00040F24D534343A3F546430C3B584300F56C
:1054F000C91000F5556028B940F21B322B21FEF788
:1055000015FB01202B78084A5343B3FBF0F300202E
:10551000236038BD0220FCE79717002000300840C8
:105520000040084000366E018096980070B5374CF8
:10553000374B256B374C1B682468ED024CBF1B1999
:105540001B1BB3F1804F04D8002B3AD1324E1C46BE
:105550000AE0B3FA83F4314EC4F10204E340304D63
:10556000AB4201D901345B0803EB5605B5FBF6F5F8
:105570002C4EB34234BF002601262403013D44EAE9
:1055800086242C430C60D8B1B3FBF0F1642400FBFB
:1055900011336343984288BF01F1FF314808013855
:1055A00001390728204D214C4FEA510311D9002120
:1055B00029700621C4F894101B0243EA00131360FB
:1055C00070BDB3FA83F4D4F10204134EC6D500249F
:1055D000C5E71029EBD068B1012129700621C4F874
:1055E0009410134909780029E6D012490224C1F821
:1055F0009440E1E7012914BF0121002129704FF0F7
:105600000601C4F89410ECD1D6E700BF0030084082
:105610009C17002098170020E0673500C0CF6A0073
:105620003FBE4025401B5F139417002000400844F4
:105630009517002000400846084B5B6B03F00700FD
:10564000C3F3C20213F0380F18BF5043C3F38212E2
:1056500013F4E07F18BF5043704700BF003008408C
:1056600010B5044651B10B6843B15B6833B11A6899
:10567000032A03D99C6A640E204610BDFCF700FA89
:1056800001462046FFF7D8FF04460846FCF744FFD2
:10569000F2E70000034BD3F8380180F01000C0F3AC
:1056A0000010704700400840174B4FF4002210B51F
:1056B000C3F89420154C164BB0F1804F88BF1C46A0
:1056C000144BDA6CD2071DD51B6F134A04F5F42472
:1056D00004F59074B4FBF2F4033CE4B203F0070366
:1056E000A34202D02046FCF77DFF0C4B1B784BB148
:1056F0000B4B4FF47022C3F8942003F10073240481
:10570000C3F8944010BD00BF00400846E067350074
:10571000C0CF6A0000300E4040420F0096170020B4
:10572000004008447FB50446FCF7AEF91C4B064622
:105730002C3358680093A37922683146FFF770FE36
:10574000054648BBA379012B14BF16491649102200
:10575000C1F83821206815495843FFF7AFFE03AA66
:1057600002A93046FFF7E2FE0F4A43F6FF53C2F8A4
:10577000A4300C4B0299C3F8A4104FF4EE611163EE
:10578000039A1A632068FFF78FFF094BA2881A62F9
:1057900003F5405300229A63284604B070BD00BF51
:1057A000003008400040084600400844503008409F
:1057B0000000084008B5044B01221A70034B18681A
:1057C000FFF772FF002008BD961700209C170020ED
:1057D000024B4FF48062C3F89420704700400846A3
:1057E0000D4BD3F80421D3F8B030D2B2FF2A03D046
:1057F00043F30743591C01D190221923074903EBB6
:10580000D37302EB6302022381F84630232381F82D
:10581000472081F8453070470081E00F001F0021CC
:1058200040B10368012B05D90069034B002808BF6C
:1058300018467047004870474C96000038B505463A
:1058400014480C46FFF7AEFA2DB1C30103EB550324
:10585000B3FBF5F32360104A5368D80217D40F4BFB
:105860001B68D2F8A810C3F3810311F4806203F11E
:105870000103C9B218BFDA00FF2906D00649D1F8E2
:10588000AC10490501D502EBC302626038BD0022AD
:10589000FBE700BF40420F00000008400020084026
:1058A000084B1A68C117A2FB000310F1807002FBBD
:1058B000013343F10003400E40EAC310803820EA70
:1058C000E0707047A4170020174B072270B5C3F88B
:1058D0008420FFF707FC154B154A164EC408010B30
:1058E0000546E005C01841F10001002302F0B6FEB4
:1058F000114B18604EF66020FFF7D2FF4042C6F809
:105900009C000E48FFF74EFA024658B1E3015008DA
:1059100018184FEA15714FF0000341F1000102F031
:105920009DFE706770BD00BF00400840B2E60E00EB
:1059300065CD1D00001F0021A417002040420F006C
:1059400038B14FF47A735843A0F6AC50401AFFF7C1
:10595000A7BF4CF25030FAE72DE9F8430546084658
:105960009846FFF75DFF16460746002D00F0A98018
:1059700018F0050F5DD02C69002C00F0A480FEF714
:105980007DFE4FF47A735C43201A7B68A0F6AC501E
:10599000C01AFFF785FFAC8B3062002C00F09680B8
:1059A000FEF76CFE4FF47A735C43201A7B68A0F616
:1059B000AC50C01AFFF774FF70614A4BEC68D3F823
:1059C0000090002C00F08580FEF758FE4FF47A73AB
:1059D0005C43241A7B68A4F6AC54E41A3B68E41ACE
:1059E000414B1A68E117A2FB044314F1807402FBD7
:1059F000013343F10003640E44EAC314803C3B4B83
:105A0000B4613B4CD3F88430F36123684BB1484612
:105A100002F01AFD28B12368D9F848003246394609
:105A20009847AC69FEF72AFE01462046FFF788FF3B
:105A3000F06218F0020F29D06B684FF47A70584367
:105A40005BB13B6803F51C5310331844AB7F002B4C
:105A500046F2A81308BF00231844FFF721FF6B6923
:105A6000B062002B38D078684FF47A7202FB0300E2
:105A7000AB7FA0F50350002BA0F1100046F2A81355
:105A800008BF0023C01AFFF70BFF706218F0040F65
:105A900017D0A86818B34FF47A735843A0F5035091
:105AA0001038FFF7FDFEF0602B684FF47A70584312
:105AB00023B13B6803F51C5310331844FFF7F0FE85
:105AC0003061BDE8F8834CF2503062E74CF2503060
:105AD00070E74CF2503483E747F23050D3E747F297
:105AE0003050DEE760130020A4170020001F0021C3
:105AF000A0170020064BD86DDB69C0F3011203F03C
:105B00001F03000C02FB000001331844704700BF64
:105B10000060084038B505460C4621B38B7913B3B5
:105B2000052B0FD0062B0FD0032B01D10223A3711D
:105B3000A379013B062B0ED8DFE803F00F08080F0E
:105B40000F2323000423F2E70723F0E72946002070
:105B5000FFF7D0FF45B90023A3710020A37913B14B
:105B600023680344236038BDB0F5803FF3D86B0948
:105B70004FF2244202FB00302D09B0FBF5F0404209
:105B8000ECE7A288002DE6D0B2F5005FE3D8044927
:105B90006B0901FB02332D09B3FBF5F0DEE700BF13
:105BA00020A1070010B508461C46FFF7ECF8094B8A
:105BB0000246D3F8F800FFF733FE0368A018002B65
:105BC000054AA8BF4FF4FA721A44044B92FBF3F251
:105BD000104410BD001F00210CFEFFFF18FCFFFF4A
:105BE000074BD3F8D8304FF604014FF605029BB2AD
:105BF0008B4208BF1346034A01209365704700BFDC
:105C00000081E00F0050084070B5194C0FCC86B0F1
:105C100001AD0FC5C822236816482B60002103F090
:105C2000C7FA7C220021144803F0C2FA134B144A2D
:105C3000C3F8F020FFF7D4FD124B1B782BB101AD58
:105C40000FCD0B4E0FC62B6823600F4B0F4AC3F8C6
:105C5000DC2F0F4AC3F8E02F0E4AC3F8E42F02F1FD
:105C6000957202F27112C3F8E82F06B070BD00BF42
:105C7000C81F0021381F0021BC1E0021001F002169
:105C80003F00370058170020001000210200620278
:105C900009C805780708DC060A4B197801F0FF02ED
:105CA00029B10021197008499202C1F8A020597841
:105CB00001F0FF0229B1002159709302024AC2F893
:105CC000A4307047AC17002000000846074BD3F8FB
:105CD000E40E074BD3F88C301A0103D4054B1B6E2E
:105CE0001B0401D500F58070704700BF0010002133
:105CF000004008400000084008B5FBF7C1FE0F4B0C
:105D00001A78B2B90E4A126812F4843F11D10D4AC2
:105D10001021C2F894101B786BB9094B1B68DB0586
:105D200009D4084B2022C3F89420BDE80840FCF7B2
:105D3000F3BB054AECE7044BF4E700BFB0170020C3
:105D4000B8170020004008440040084610B5FBF793
:105D500097FE0E2104460320FFF766FA044B40F23B
:105D6000012220465A62BDE81040FCF7D5BB00BFB7
:105D700000000840044B00221A70044B197811B13E
:105D80001A70FFF7B9BF7047AF170020B017002097
:105D900008B5FBF775FE244B4FF08052C3F8802006
:105DA000BFF34F8FBFF36F8F4FF48072C3F8802023
:105DB000BFF34F8FBFF36F8F0222C3F88020BFF372
:105DC0004F8FBFF36F8F1022C3F88020BFF34F8F28
:105DD000BFF36F8F2022C3F88020BFF34F8FBFF334
:105DE0006F8F4FF00052C3F88020BFF34F8FBFF387
:105DF0006F8F8022C3F88020BFF34F8FBFF36F8F68
:105E00004022C3F88020BFF34F8FBFF36F8F4FF056
:105E10000042C3F88020BFF34F8FBFF36F8FBDE800
:105E20000840FCF779BB00BF00E100E008B5FBF7D4
:105E300027FE0D4B4FF080521A604FF480721A60AB
:105E400002221A60002283F8012310221A60202205
:105E50001A604FF000521A6080221A6040221A60C5
:105E6000BDE80840FCF758BB00E100E070B5084C05
:105E700001232370074B1E68074BD3E900533240C0
:105E80001940284001F0F0F90023237070BD00BFD5
:105E9000AE170020B4170020B81700202DE9F047F6
:105EA000DDF820A003EA0108099B06460D4602EA38
:105EB000000703EA0A09BAF1000F40F04981031F05
:105EC0000B4300F00F81052871F1000380F0E3809F
:105ED00050EA010300F05C81431E0B4300F01D817A
:105EE000FFF756FFAB4AD2E9004323EA050324EA51
:105EF00006043C4343EA0807A74BA84D1E68DFF899
:105F0000EC8226EA0A0646EA09061E60C2E9004754
:105F1000FFF7F2FE14F02A4F14BF48F202034FF4C9
:105F20000043B0079E48C26E48BF43F4005383EA63
:105F3000020122EA0302EA669A4A81660B40D366AE
:105F4000C4F380421203210348BF42F48072E30687
:105F500048BF42F40052A50648BF42F400726006F2
:105F60009148924DD0F80C3248BF42F4806221062D
:105F700048BF42F4006282EA030123EA0203C5F843
:105F80000C328B4BC0F808120A40C7F34025AD0411
:105F9000C3F80C22E20448BF45F48035A30348BF90
:105FA00045F48015A00748BF45F4001514F4001F00
:105FB00006D0D8F8000002F03DFB08B945F40025F2
:105FC000E1027C497C4848BF45F40035FA0648BFE9
:105FD00045F480050A6A730748BF45F0040585EA61
:105FE000020323F001031A4002621D40CB61734B90
:105FF00073481D62734B744A16F0010F18BF1A469E
:10600000836E7D0748BF42F40012704D82EA03019F
:1060100023EA0203AB666E4B41660A4000F500506E
:106020009A66C16B04F0010305F5005581EA03028D
:1060300021EA0301E96382631A40664BDA63D8F808
:106040000020200248BF644B92F8E92058BF634B00
:10605000610748BF43F4806322B114F4C06F18BFD6
:1060600043F480735E485F4CD0F8EC10320748BFB1
:1060700043F0004383EA010222F4A0221140C4F855
:10608000EC101340C0F8E820574ABDE8F047C2F8CA
:10609000EC30FFF7CBBEA0F580630B4306D020F4B5
:1060A0008063A3F500730B437FF41AAFFBF7E8FCA2
:1060B0003849D1E9003223EA060322EA050242EA1E
:1060C00008023B43C1E90032484A126892F8E920CD
:1060D0000AB313F4C06F1ED0434B4FF48072C3F861
:1060E000EC2014E0FBF7CCFC2A4AD2E9003123F083
:1060F00004033B4341EA080157EA0807C2E90031BB
:1061000014BF394A374A4FF48063C2F8EC30BDE817
:10611000F047FCF701BA334BDFE7FBF7B1FC1D4A50
:10612000D2E9003123F001033B4341EA0801C2E90F
:1061300000312F4A57EA08074FF0010315BF936358
:106140002C4902F1C062CB6314BFD3639363DEE7D3
:1061500050EA01037FF4C4AEBAF1010F7FF4C0AE80
:10616000FBF78EFC0C4A136823F0010343EA090392
:106170001360134A4FF48063B9F1000F04D05366E3
:1061800002F1C0629366C2E710498B665366BEE7B0
:10619000BDE8F087B8170020B417002000000844BD
:1061A0000000084000000846006008400060084405
:1061B000006008460040084000400844004008468F
:1061C00000500840041C50000418500000500844BF
:1061D00000500846007008460D0A0A09090A0A0913
:1061E000001008400010084400100846601300200A
:1061F0000070084000700844024B5868C0F3C000AB
:10620000704700BFB8170020024B186800F001006B
:10621000704700BFB8170020024B5868C0F3C03069
:10622000704700BFB817002010B50446FEF70CFFFA
:10623000FFF7AEFD04F14C00FDF726FEFEF7D2FE9F
:10624000FEF7B0FBFEF71CFCFFF73EFB1049114ABE
:10625000D1F8F810072304F1A400FFF77DFB4FF4F9
:1062600040010020FEF746FD4FF400110120FEF72B
:1062700041FDFFF7B5FC20B940F2E7221421FDF7FC
:1062800055FCFFF797FABDE810400120FEF7B8BDB6
:10629000001F00216C1F0021084B8022C3F88820BA
:1062A00003F17E430822C3F88820054AD2F8BC3E99
:1062B00023F02003C2F8BC3E704700BF00400846F0
:1062C00000100021F0B583B00646144602F05CF8D9
:1062D000002800F09B80514BDD6815F0060540F06A
:1062E0009580FBF7CDFB23790095022B07463ED125
:1062F000237B022B35D00320FEF7F2FC18B9484B64
:106300005B685B047FD5A37B257B4649A26801922D
:10631000003B18BF0123012D0B705DD0424A434C56
:10632000002313702278002A61D13C4E0420FEF72E
:10633000B5FBF36E23F0F85323F4F81343F05063E6
:1063400043F48033F3662A46022301A90420FEF7B2
:10635000C3FB002852D0364B012130222170C3F8F4
:1063600094203846FCF7D8F8002003B0F0BD032095
:10637000FEF7B6FC002846D12279D6F8AC30012AC7
:10638000226838D0D51A254B2A4A0095DA660022B1
:106390001A67627B284B002A0CBF012200221A7068
:1063A000264B264AD3F8BC3E0CBF43F0200323F013
:1063B0002003C2F8BC3E0320FEF770FB174B204AB7
:1063C000DA662279012369460320FEF785FBF8B1DE
:1063D0001C4B01221A708BE72379022B9ED0009B65
:1063E000D6F8AC100B4413440025019396E72370B4
:1063F000FFF782FC99E79A42C5D3C3E70320FEF773
:106400004DFB0C4BF3663846FCF786F80320ACE7EF
:106410003846FCF781F80120A7E700BF005008408C
:1064200000400840B2170020AF170020B01700202E
:106430000040084600000101B117002000100021B3
:10644000010C0100B31700202DE9F3410D4607466A
:10645000FBF716FB1B4BDFF8788000241C70FFF75E
:106460001BFF194BC8F86C30C8F8704006466879B5
:10647000431E5842584101F0AFFC40F60143C8F8B2
:1064800070302A792968D7F8B430012A01D19942AD
:1064900000D3CC1A04230DEB030103200194FEF773
:1064A0001BFB50B9094B88223046C3F88820FCF703
:1064B00033F8012002B0BDE8F0813046FCF72CF83B
:1064C0000020F7E7B3170020000001010040084456
:1064D00000500840F8B5194C05462078B0FA80F015
:1064E00040F206423E214009FDF720FB55B9607895
:1064F000B0FA80F0BDE8F84040F206423E21400983
:10650000FDF714BB0E4F0F4DD7F8A0304FF4406687
:10651000C3F381232370C5F8A0606078B0FA80F0DF
:1065200040F206423E214009FDF700FBD7F8A430B7
:10653000C3F381236370C5F8A460F8BDAC170020D5
:106540000000084000000844F8B50B4C0B4DD4F88F
:1065500088300B4F0423C5F88830D4F888305B03AB
:1065600000D4F8BD0426C7F888600220FEF73CFC82
:10657000C5F88860F1E700BF0040084000400846C9
:10658000004008441C4B70B5D3F888601B4D03F1E4
:106590008063A822C3F8882010221A60184A194B79
:1065A00093666B66FFF778FB174B1B7813B90320D4
:1065B000FEF774FA00242C67FFF7C6FF134A144B4A
:1065C000D2F8E41E0B40C2F8E43E124B0422C3F89A
:1065D0008820114BB206C3F8C44008D503F5807378
:1065E0009B6CB3F5817F22BF034B80229A60BDE88C
:1065F000704001F06DBD00BF0040084000500840F1
:106600000050084410000002B317002000100021C1
:10661000DF0000FF00400844001E002110B549B90A
:1066200018B3144A53681B0E13F00E0F1DD11368D4
:106630009A061AD4FFF78AFB0E4C0020FEF7ACFE38
:10664000032801D0092806D1D4F88C30DB03F4D418
:10665000636F0C2BF1D9FFF777FF074B0122DA604C
:1066600003F17E430422C3F88820044B4FF4C06238
:106670005A6210BD004008400040084600600844CF
:1066800008B503210920FEF7CFFD024B20229A60B6
:1066900008BD00BF0040084038B50546FBF7F0F9DB
:1066A0000446FDF7ADFB35B1FFF764FB2046BDE8BE
:1066B0003840FBF731BF084B1B78002BF6D0074B57
:1066C0001D78002DF2D1FFF755FB2A464FF480408C
:1066D0000021FFF7CBFBE9E7AF170020AE17002042
:1066E0002DE9F84F524B0546D3F888300E46144634
:1066F000002A40F0998013F0A00F14BF4FF0010959
:106700004FF00009DFF844814A4F01F0E1FCA0237B
:10671000C8F888300320FEF7C1F90420FEF7BEF95F
:106720004FF0000AFFF726FB434BFB66C7F870A04B
:10673000FFF70AFF414BD3F8BC2E42F02002C3F80A
:10674000BC2EFF22C8F80020394A4FF480719160B6
:10675000D3F8E42E3A494FF0040B1140C3F8E41E7D
:10676000C8F888B0C3F8C4AEFB6813F0060F04D0B5
:10677000FEF7E4FA5846FEF791F9B9F1000F08D098
:10678000304B4FF40062C3F888202F4B4FF4004287
:106790005A6665B12C4B5B6C190701D4FFF7D6FA2A
:1067A000FFF76EFF0420FEF779F9FFF775FA204B2B
:1067B000DA68D20736D55A6812F0706FFBD1234DD4
:1067C000234B244AC5F88830936B23F0F00393637E
:1067D00016B12046FFF760FF0123EB6014B31A4B9C
:1067E000DA6E9A66124A136A23F00103D3611A4BD8
:1067F000D3F80C22C3F80822A3F54053DA6F9A6746
:10680000A3F50053D3F8EC20C3F8E82003F5C04308
:10681000DA6B9A63A3F50053104A5A664FF60843A1
:10682000C5F88830BDE8F88F4FF000096AE700BF6F
:106830000040084000500840000001010010002105
:10684000DF0000FF00400846000008400040084408
:1068500010003000001F0021006008405000F002CE
:106860009A4B196EDA6E2DE9F04F01EA0209C3F86E
:10687000689003F5805385B0D3F8E060D3F8EC203E
:106880001640C3F8E86003F5A043D3F80012D3F82C
:106890000C2201EA020AC3F808A2A3F500535969C1
:1068A0001A6A01EA02088A4A08EA0202DA61894B96
:1068B000D3F80022910006D4D3F800319A00C3F334
:1068C000407740F1E180FBF7DBF8834BDA68DF6D5E
:1068D00012F0060F9A6E07EA020727F4800222F4EC
:1068E000006214BF4FF0010B4FF0000B5A667B079C
:1068F00004D57A4A537D0133DBB25375FBF70CFEA6
:10690000B9F1000F00F0DF8019F4004427D0FBF745
:10691000B7F80146FFF7DAF96F4D0446AA69AB698B
:106920009A42FCD0AA699342FCD0FFF7CFF9A0426B
:1069300040F0AC800846FBF7EFFD694B1C60694BEB
:10694000D3F8885015F4E05240F0A28024F07F4440
:1069500024F0DF040CB9FFF715FE4FF0807419F036
:10696000020F4FF0000516D05E4B5F49D3F8883018
:1069700003F46042C1F88820002A00F09E801D04C4
:1069800000F19E8013F4005F0CBF4FF000534FF0F6
:1069900000631C430025C9F340394FEA4909534BB2
:1069A0003340002B4AD016F4206F0AD040F60F0275
:1069B00006210020FDF7BAF80020FFF76DFE26F44F
:1069C0008026F00506D5484BFF221A6044F4C064C7
:1069D000FFF7BCF916F0090F0AD040F6240208218F
:1069E0000020FDF7A3F8FFF74BFE414B01229A620E
:1069F00016F0106F0CD040F62D0209210020FDF793
:106A000095F8FFF73DFE002211461046FDF7D0F93C
:106A100016F4202F0AD040F6350207210020FDF79A
:106A200085F80020FFF738FE26F48026F10301D513
:106A3000FDF70EFB002EB8BF49F0080972070DD50F
:106A40002B4B5B6A13F4005F14BF2A4A2A4A4FF4A7
:106A500000531ABF536244F400045362730548BFE5
:106A600044F0040416F4802600F0AA80FDF7BAFA78
:106A70000138062842D8DFE810F021012401210165
:106A800027012A012D012D01BB4639E7044645E7C0
:106A90000192FFF777FD144B019AC3F8882015F493
:106AA000805307D115F4806F0CBF4FF080544FF026
:106AB000806454E74FF0804451E74FF0007368E77B
:106AC0004FF0004365E74C464D4668E7000008403C
:106AD0000000F7FF00E100E000500840C017002070
:106AE000A81700200040084000400844090B0B890B
:106AF00000100840001008440010084640F66602E6
:106B000003210020FDF712F87C4A136ED2F88000B2
:106B100003F007030633012101FA03F3C0F30C006D
:106B20001B1A9BB2072B13D9754BD3F88830580228
:106B30000ED47448136B126DC06C58B103F0070388
:106B400006339940C2F30C03C91A89B2072901D848
:106B500044F400746C4B1B78002B31D0674BD3F896
:106B6000E03013F4A02F2BD1684B694A1B7893B9FE
:106B7000FB0410D4137873B1E308664943EA457304
:106B800083F00103D1F8E41E03F001035B0021FA56
:106B900003F3980714D10420FDF780FF5E4B5F4993
:106BA000D966FFF7E7F85A4A13782BB95C4B5D4A70
:106BB0001B682340134201D144F4804427F48057DA
:106BC000BAF1000F1DD01AF4805F18BF44F480247E
:106BD0001AF4807F18BF44F400241AF4005F18BF31
:106BE00044F010041AF4007F18BF44F020041AF493
:106BF000806F18BF44F040041AF4006F18BF44F0CF
:106C00008004B8F1000F3BD018F4802F18BF45F472
:106C1000007518F4803F18BF44F4805418F4801FA6
:106C200018BF44F4003418F4001F18BF44F00204E5
:106C300018F4003F18BF44F4801418F4800F18BFF4
:106C400045F0100518F4002F1AD0324BD3F8BC3E93
:106C500013F0C00F14D02A4B5A68C2F30362032A00
:106C600001D0072A07D1D3F88C20D10603D4D3F85A
:106C70009020120731D54FF40022DA6128F4002861
:106C8000002F00F00D81380540F18180264ADFF8A1
:106C900088A0D378002B4DD0013B4FF40061DBB2CC
:106CA000CAF86410D37033B9204B1B78C3B1204BA2
:106CB00040F60142DA660023002266E044F48034A4
:106CC00022E744F400641FE744F480641CE744F4C2
:106CD000807419E744F0080416E744F40014CFE781
:106CE000DAF8703013F4A05F15BF4FF4807340F6EC
:106CF0000143CAF85030CAF87030DCE70010084091
:106D00000040084000000840B0170020AF170020E6
:106D1000B1170020001000210050084000000101C0
:106D2000B8170020088D010074170020B317002049
:106D3000005008460320FDF7B1FEDAF80C30A848F1
:106D4000A84913F0060F02BFA74B41F61F72DA667F
:106D50004FF40063CAF86430DAF80C3013F006031D
:106D600008BFCAF87030C38A13F4006260D023F4FD
:106D70000063C3820B7803F0FF0A002B5CD1FDF7A0
:106D8000DDFFFFF7FFFB534620221C431543B901EB
:106D90000BD52E20FEF7BEF8934A4FF00073936692
:106DA00002F17C4245F008055366FA0608D52B200F
:106DB000FEF7B0F88C4A1023936602F17C425366CA
:106DC00017F4E00F05D1FB045ED5BBF1000F00F016
:106DD000AC80B80210D52920FEF79CF8FFF70CFA1A
:106DE00040B18249824A834B53668B668249496827
:106DF000490424D445F0040517F4800BDFF8F0A112
:106E000029D00420FDF74AFE2720FEF783F8FFF77C
:106E1000B9FB4FF48003CAF86430784BD3F8E42E02
:106E200050067CD4764B02221A6045F0020528E019
:106E30000B784FF40053A8E74FF400433CE76A494E
:106E400020208B665366FEF765F82D2045F00C0573
:106E5000FEF760F8D0E7FA024CD50420FDF71EFEDD
:106E60002820FEF757F8DAF87030002B3FD1FFF7F3
:106E700089FB5D4A5F4B936602F17C4245F0010558
:106E800053665B4B00221A657B0509D55D4A9378F2
:106E9000002B00F09880013B9370002349EA03091E
:106EA0004A4620462946FEF7E1FF0EB1FDF7C2F83B
:106EB00018F4002F00F08C804F4B4FF40022DA6161
:106EC00018F0206F00F0888018F0007F01D0FDF7E7
:106ED000A7FB18F0006F01D0FDF7BEFB00220020D9
:106EE0004FF4006105B0BDE8F04FFEF7BFBFCAF830
:106EF00070B0BEE7FB04C4D50420FDF7CFFD424BC4
:106F0000CAF86C30FDF71AFFDAF85C3013F4A00F02
:106F1000B7D12A20FDF7FEFFFFF734FB7DE7D3F85A
:106F2000BC3E990681D4394B7DE7364A13794BB183
:106F3000013BDBB2137113B92C4B354ADA660023DF
:106F40001C43A1E70420FDF7A9FD0320FDF7A6FDE2
:106F5000274B2D4ADA66FAF793FD82460DF10F00B2
:106F6000FEF71AFA2B4B1B7883460BB1FEF7EEFEA9
:106F7000BBF1030F0ED1DFF880B00020FEF70CFA52
:106F8000032807D1DBF88C30DA03F6D4DBF8743051
:106F90000C2BF2D99DF80F30032B06D11E4B01228A
:106FA00050461A70FBF7B8FAC9E71C4BD3F8E0302B
:106FB00013F4A02FF2D1FEF7DDFE5046FBF7ACFA3A
:106FC0004FF48043BCE70220FDF768FD012365E72D
:106FD000B8F1000F7FF474AF05B0BDE8F08F00BFCB
:106FE000C0170020B3170020005008440050084686
:106FF000005008401000000200400840001000212E
:1070000000400844741700200000010100400846B9
:107010000000010DB2170020AF170020001008403B
:10702000014B1B68184700BF54000020FFF718BC35
:10703000FFF716BCFFF714BC0B4B10B55C691A6A5E
:107040001440A2B2DA61E20704D55868C0F30360C5
:10705000FAF78DFD630706D5BDE810400422002035
:107060000021FEF703BF10BD00400840FFF7F8BB4A
:107070000C4A08B5136BD16B0B409363DB070FD53C
:10708000094B187840F6AC22122100F00100FCF701
:107090004DFDBDE80840002201200021FEF7E6BEBC
:1070A00008BD00BF00700840B8170020044BDA6F1D
:1070B000D207FCD41A6FD96F0A409A67704700BF95
:1070C0000030084070B50D461446FAF7D9FC064B5F
:1070D000D3F8BC6E74402C407440C3F8BC4EFBF730
:1070E0001BFA05EA060070BD00100021034BD3F81F
:1070F000BC3E99430CBF01200020704700100021C6
:107100007047436B03F06003402B0DD0602B03D01E
:10711000203B58425841704749B10B68012B06D9B2
:10712000486940F00100704740F2011070470020AC
:107130007047000009490A4AD1F8EC0010B5042351
:107140000124C2F8EC308C624FF4005151624107C7
:1071500044BF02F10072C2F8EC3010BD00100840CC
:107160000010084437B5204D0C4641B90A460721A6
:10717000FFF7A8FF1D4B2C635C6003B030BD0722F6
:107180001146FFF79FFF1A4B07225A60237985F8B3
:10719000303063790193012101A801F04DFA019B80
:1071A000C2B2D34000F00F0040EA031085F831006E
:1071B000A27985F83220E27985F833202068686367
:1071C00083B1028801218B4205D82379013B134406
:1071D000084A9361D1E730F81150AA4228BF2A46E5
:1071E0000131F0E71A46F0E7001F0021301F0021AF
:1071F0000000084400000840431C07D0044B6FF017
:10720000FF029A6103F1007310409861704700BF5C
:1072100000700844034670B10268022A0BD9426A22
:1072200012F47F4FC2F3072006D01B6AD2B25A4332
:10723000B2FBF0F0704700207047000000F0180328
:10724000182B0AD003070AD410F0100040F20113E3
:1072500018BF1846034BD86470470020FAE7012096
:10726000F8E700BF001F0021344B2DE9F7431E68EB
:1072700001F4007900F00103174653EA09020546BC
:107280000C462ED04FF0000803B30023002201204B
:107290000021CDE90088FEF701FE41463046FEF7A9
:1072A00011F8414670830120FCF7CCF9716B06F1AF
:1072B000A400FEF785F822490868FFF79DFF4FF00C
:1072C000FF330B60337C43F004033374B9F1000FD8
:1072D00007D001213046FCF7DBFB24F400740543A2
:1072E0000C43D6E93E232A40234052EA030103D04F
:1072F0001449304609688847FB070FD51249134ADD
:107300000868136800211160114A0121117003B14E
:107310009847104B00215B680220984717F00E0F2A
:1073200008D040F2F3123B21002003B0BDE8F04347
:10733000FCF7FCBB03B0BDE8F08300BF6013002086
:107340005C00002060000020E8170020EC170020FF
:10735000F017002028000020F7B50446D4E93EC706
:107360001046DDE908268CEA020587EA0601054099
:10737000194085EA0C057940C4E93E5123F40041E7
:1073800006EA010320F00100002543F400730240E7
:1073900043F00203CDE90055FEF780FD237C9A07F8
:1073A00017D5D4F8FC309B0513D54FF4881120462F
:1073B000FCF76EFB237C65F341032374D4E93E2381
:1073C00002400B4052EA030103D0034920460968FA
:1073D0008847002003B0F0BD6000002038B103688A
:1073E000044A002B08BF1346034A13607047014B41
:1073F000FAE700BF0171000060000020024B986BAB
:1074000000F00F00704700BF001F00210F2938B5A2
:1074100005460C460ED800F0BFFF01280CD1074AE4
:10742000936B23F00F0323439363284601F00FF877
:10743000002038BD0120FCE70220FAE7001F0021F0
:10744000014BD86B704700BF001F0021014B00208B
:10745000D9637047001F002103282DE9F7434CD85A
:10746000274B13F80080274B1E5C274B13F8009026
:10747000FAF706FB0746FEF7C7FE054640B10023B4
:10748000CDE900330022002301200021FEF706FD94
:10749000FEF7C2FE48B10023CDE9003300220023ED
:1074A00000204FF40041FEF7F9FC26B3174B5C6C4B
:1074B00004F00804164B31465C644046FFF7AEF812
:1074C0004A4631464046FFF70BF9124B5C6465B102
:1074D000114B1868416BA430FDF772FF0F49086823
:1074E000FFF78AFE4FF0FF330B60384603B0BDE86C
:1074F000F043FBF711B83446DCE703B0BDE8F08396
:107500005C96000058960000549600000000084069
:107510000000084400000846601300205C000020C2
:10752000104AD2F8883013F0A00F16D1D2F88C0090
:1075300010F0040013D10C4BD3F8E43E23F07F434A
:1075400023F0FF035BB15368C3F30362092A07D03A
:10755000B2F10C0018BF01207047002070470120D5
:10756000704700BF004008400010002170B50D4674
:10757000064620B9194B1B68A3B1032011E000F0A7
:107580000BFF012828D1164B93F90040C4F11C04CD
:10759000641BC4F11C03002BB8BF5B42232B0CDD22
:1075A000012070BD81EAE173A3EBE173DBB2232B11
:1075B000F6D80B4B19700020F3E7B574FAF760FAB0
:1075C000084A5369E40223F4FF2304F4FF241C4314
:1075D0005461FAF7A1FFEEE70220E2E76013002012
:1075E000E01700200070084090F8C23053B9074BF4
:1075F000DA69920208D49B6F13F4706F14BF0120F4
:10760000002070470020704701207047006008404C
:10761000F8B5436B02EA010523EA01032B434363F8
:10762000344A01F00B030C4623EA0501516402F1D0
:1076300000722B4061070646536411D50121FFF704
:10764000D3FF68B1FEF780FF15F0040F14BF2A4A7C
:107650002A4A4FF40073D361294B0422C3F88820CF
:10766000E20606D515F0100F264B14BF00221B2290
:10767000DA6423061DD52F0616D51F4B4FF40012D2
:107680009A6103F17E430122C3F8F820FAF7F8F972
:107690000E2107460320FDF7C7FD1A4B40F20122D9
:1076A0005A623846FAF738FF294606F1A400FDF77A
:1076B00087FEE00503D5E90516D5FDF77FFDA20598
:1076C00003D5AB0513D5FDF789FD14F0600F09D084
:1076D000D6F894103046FFF714FD0B4B98640B4B13
:1076E00080229A600020F8BDFDF760FDE7E7FDF716
:1076F0006DFDEAE7000008440060084600600844A9
:107700000040084400000840001F002100400840DD
:10771000014B9869FDF79ABD00600840D0F894309D
:107720004BB11A68022A06D993F8250028B11B6AC2
:10773000B3FBF0F07047FBF797BF7047014B9869B8
:10774000FDF79ABD0060084008B50146D0F89400E6
:10775000FFF760FD20B9BDE808400846FBF786BF8B
:1077600008BD000070B50E46FAF78AF9054600F02C
:1077700037FE044620B12846FAF7CEFE204670BDFB
:10778000FEF7E2FE114B3278D3F8E43E022A23F0F2
:10779000F00316D0101F42424241520043EA021346
:1077A0007278022A0FD0111F4A424A41520043EA1E
:1077B0008213064AC2F8E43E054B0422C3F888202F
:1077C000D9E70122EAE70122F1E700BF001000211A
:1077D0000040084470B50E46FAF752F9054600F02D
:1077E00017FE044620B12846FAF796FE204670BDE3
:1077F000FEF7AAFE104B3278D3F8E43E022A23F0BB
:107800000F0315D0101F42424241520013437278B9
:10781000022A0FD0111F4A424A41520043EA820312
:10782000054AC2F8E43E054B0422C3F88820DAE793
:107830000122EBE70122F1E700100021004008449B
:10784000F8B50E7890F8D070044630460D46FCF737
:1078500013FD002844D094F8D030B34208D1AA8850
:10786000636C9A4204D16A88B4F8D2309A4235D017
:1078700084F8D060AB88A4F8D4306B88A4F8D230F8
:10788000AB886364FF2363753046FCF7B3FD04F1F6
:10789000D00520752846FDF70DF810BB2846FCF7EB
:1078A000E1FCF0B9D4F8903053B194F8D010B9425B
:1078B00006D0B3F912202046FAF75AF984F8D90015
:1078C0002046FCF7F9FE0949A4F8D400084AD1F88B
:1078D000F810012304F1A400FEF73EF80020F8BDE3
:1078E00001200E2384F8D030F9E700BF001F0021EB
:1078F0006C1F002170B5054690F8D0000E280C468C
:107900001DD0FF291DD01AB10F4B4FF0FF321A6066
:10791000FCF770FD064695F8D000FCF757FD844251
:1079200028BF0446E4B2B44238BF3446E0B26875BA
:10793000FCF70AFEA0F1FF035842584170BD022037
:10794000FCE70120FAE700BF3400002010B590F8F2
:10795000D0300E2B04462BD00175D0F8900020B308
:10796000D4F8A0304BB994F8D9308B420BD32046D1
:107970000022BDE81040FFF7BDBFB4F92420B0F9E4
:1079800012309A42F3DD94F8D91000222046FFF716
:10799000B1FF60B9C4F890002046FCF700F801463A
:1079A0002046BDE81040FBF7A7BFFF23637510BD5D
:1079B0000220FCE70346D0F8D0000860B3F8D430CA
:1079C0008B80002070470000C36B012B01D1002089
:1079D000704770B5364BD0F89060D3F8F830C0F8E7
:1079E000943086B03146058B0446FDF739FEB389E5
:1079F0008DF80600D6E90121EB1A9BB201FB0322A8
:107A000068460021ADF804300092FDF78BFE38B9CE
:107A1000284B228BDA63FCF71BFF20B106B070BD48
:107A2000022006B070BD227C60F341022274FDF793
:107A30008DFAD4F890305969431EDBB2096802917F
:107A4000FD2B02460BD9CD1C09D91B4B01311B68FC
:107A50000CD0D81C07D802A92046029301E002A945
:107A60002046FCF7CFFB002006B070BDD91C04D81F
:107A700002A920460293FCF7C5FBD4F8FC309B0515
:107A800004D4237C43F002032374ECE74FF48031E9
:107A90002046FBF7FDFFD4E93E2302400B4052EAAB
:107AA0000301E0D00549204609688847DBE700BFAD
:107AB000001F00210030084044000020600000202A
:107AC0004FF48071FFF712BB38B590F8DC400546E3
:107AD000ACB1F9F7D5FF0A4B1F22DA61013C03F183
:107AE00000731440DC6103F17A43D5F8E0201A6694
:107AF000D5F8E4205A66BDE83840FAF70DBD38BD28
:107B0000006008442DE9F74F06461546084619B9A6
:107B1000012003B0BDE8F08F002AF9D0032904D872
:107B20000021FCF7A9FA0028F2D0827804880379B2
:107B300090F805B0C788B0F90000002802F00701EE
:107B4000C0F2D180A1F1070CDCF1000040EB0C0089
:107B5000052928738CBFC2F300100020C2F3801CDB
:107B60006873900985F810C000F00200C2F3C00CE1
:107B700040EA0C00C2F340126874AA74AF820BB9D9
:107B800096F8CA30013BDBB2EB74736BD80600F198
:107B900096800639012900F29280544BDB6C544BDD
:107BA0005A6B1B6B03F0070306334FF0010909FA08
:107BB00003F909F1FF39083C42F0005804EA0904CE
:107BC000002318F804A0AB60013404EA0904631D23
:107BD00003EA09035A1C02EA090218F8037018F8AC
:107BE0000220BAF1800F47EA0227727C18BFAAF17F
:107BF000320A3BB214BF4FFA8AFA6FF07F0AC7F31A
:107C00000B079AB30020D6F89C300BB15146984729
:107C1000631C03EA0903E87385F80EA018F8031043
:107C2000013303EA090318F80320013303EA0903C7
:107C300041EA022118F80320013303EA090341EA6B
:107C4000024118F803006A7C002341EA00613046D3
:107C5000FDF7A8FF2860737C042B03D1022FDCBF43
:107C6000013028600423AB71002052E7D90422D5EB
:107C7000D6F894209AB11368022B10D992F82400F8
:107C8000FB0008B1B3FBF0F39B45BBD8002BB9D088
:107C9000CBEB0B20B0FBF3F0C043C0B2B3E73046F0
:107CA000FFF752FD01903046FFF738FD019BB3FB13
:107CB000F0F0C0B2E4E718F804004000EDE700235C
:107CC000EB730C4BDA68C2F30723120448BF63F06E
:107CD000FF035AB212F1800F1CBF323B5AB200238D
:107CE000AA732B60BFE7022013E700BF0000084023
:107CF0000010084000700840F8B597790646144611
:107D0000FFF700FF054640B9A37933B1A7713046AC
:107D1000FFF71AFD2146FDF7FDFE2846F8BD3F2B73
:107D2000084610B5114619D9B3FA83F3C3F1190205
:107D3000D2B2062A01D8192B0ED0062A28BF062255
:107D4000931DDBB201249C40A4B2A14228BF21466E
:107D5000FBF7A0FF204610BD0022F1E70024F9E761
:107D600013883F2B10B5084616D9B3FA83F3C3F135
:107D70001901C9B2062901D8192B0BD0062928BF31
:107D800006218C1DE4B20123A3401380FBF7A0FF62
:107D9000002010BD0021F4E70120FAE7FFF7CAB97F
:107DA00070B50A4B0A4DD3F8EC604FF48064C5F807
:107DB000EC400020FEF770FC4FF400536B65730538
:107DC00044BF044BC3F8EC4070BD00BF0010084036
:107DD0000010084400100846082318B1024AC2F8EF
:107DE00088307047014AFAE70040084600400844DE
:107DF00010B5084614460121FDF782F920460121FD
:107E0000BDE81040FDF77CB9F8B504460E4641B90F
:107E1000037C5A0641BF4FF6FF7261F386138283DB
:107E200003743C4BD4F894701B680BB12046984700
:107E3000394BA18BD3F8842012F4E05F04BF2022D9
:107E4000C3F810224FF6FF73994204D0334B1B68DE
:107E50000BB120469847324DD4F894102A689142CD
:107E600007D02046FFF74DF92E4B98642E4B80200B
:107E70009860974245D02D4B1B684BB11FB13A68B3
:107E8000002A40D0BF68394620469847D4F894105D
:107E90000846FFF7BFF930B32549FDF7CFFC0727A8
:107EA0002046FCF709FC16B3224B94F9122093F9F3
:107EB00000302149D4F89400C3F11C039B1A4A698D
:107EC000DB0222F4FF2203F4FF2313431B4A4B611E
:107ED0001B4B286006211167204601221A7000F012
:107EE000B6FA0020F8BD2046FBF7C0FBD4E70D4BE7
:107EF0000F4AD3F8F81004F1A4003B46FDF72CFD1F
:107F0000D2E70127CCE71746394620469847D4F8F0
:107F10009410BDE7F417002000600840E41700202B
:107F2000D8170020001F002100400840DC17002067
:107F30006C1F0021E017002000700840000008447A
:107F4000E117002002484822002101F031B900BFAA
:107F5000E81E0021002373B583746423C0E92C3329
:107F6000C0E92E334FF0FF35C0F8AC30A0F8C03078
:107F70000E264FF6FF73C0E9075580F8D0604564C0
:107F80008582837504461120FAF796F9042834D1C6
:107F90001B4B5B6813F4403F2FD12046FEF744F99A
:107FA0002046FFF7CFFF94F912102046FFF7DEFAC4
:107FB000144A6023536402F5805240F6FF71516207
:107FC0005165114A5364114B4022C3F88820626BFB
:107FD00029462046FFF71CFB002240F202231046F0
:107FE0001946CDE90066FDF759FFFCF7D9F920469F
:107FF00002B0BDE87040FBF761BD022002B070BD69
:1080000000300E40000008400000084600400844D0
:1080100070B50C68B0F8D4208D680346013404BFF5
:10802000D3F8AC400C604C68013404BFD3F8B840BE
:108030004C606E1C00F1A40038D1D3F8B440CE6877
:108040008C60751C38D1D3F8B0500E69CD60013604
:1080500004BFD3F8A4600E614E69013604BFD3F8A3
:10806000A8604E618E69013604BFD3F8BC608E6192
:108070008E693EB34132B24238BF32460E688A61E1
:10808000C3F8B4404C68C3E92E420A69C3F8A4207F
:108090004A690D49C3F8A820C3E92B650B4AD1F8FA
:1080A000F8100723FDF758FC002070BD02F14104D1
:1080B000AC4238BF2C46C2E702F16405B54238BF76
:1080C0003546C2E76422D9E7001F00216C1F00215A
:1080D00038B5F9F7D5FC0B4A13884FF6FF718B4280
:1080E00003D1FAF719FA032038BD074C074DE565AF
:1080F00004F100741B04E3651180FAF70DFA002007
:10810000F2E700BF58000020006008440000FFFFB5
:108110002DE9F34105460F461446FFF701FA80B1F9
:10812000DFF81882D8F80C30DE0740F1EA80F9F762
:10813000A7FC06460320FCF7D3FD38B13046FAF71A
:10814000EBF90226304602B0BDE8F081D8F80C30D9
:1081500013F0060FF2D13046FAF7DEF96A4B4FF40E
:1081600000612846D3F8E48ED3F8C46EFEF7BEFF54
:1081700040B1664B4FF400720121C3F888200846D5
:10818000FBF760FA39462846FBF7B6FB5E4BC3F8AF
:10819000C46EC3F8E48E06460028D3D12B7CD806E3
:1081A00001D4002C66D0C4F34000FEF793F914F418
:1081B000807F14BF564A554A4FF002031BBFC2F8D6
:1081C0008830544AC2F8883000211CBFD1609362C5
:1081D0004D4BD3F8BC7EFEF7B7F94F4A14F0040FAD
:1081E00007EA02034FF480616BD04C489342C161AF
:1081F00006D14B4A92F8D03043F0020382F8D030D7
:10820000424B042214F0400FC3F8882014BF454AA3
:10821000454A40232046C2F88030FFF70FF8284631
:10822000FFF74EFC40B114F0010F14BF384A374A33
:108230004FF48073C2F88830A1064CD56B8C4FF692
:10824000FF7293420FD0394A3949D26D100CC2F3F4
:108250000112088001323749B3FBF2F32F4A364846
:10826000C8651B04D3652B7C003C18BF012464F354
:1082700004132B74284600F0E7F8F0B12846FFF706
:108280001FFCD0B14FF400312846FEF72FFF431CEE
:108290009BB203221F4801A9FBF780FD9DF8042033
:1082A00002F00703052B9DF805301DD1120715D4E8
:1082B00043F480731A4AC2F8CC300020FBF7B9FFB0
:1082C00040E71C489342C1619AD1154A92F8D030D8
:1082D00023F0020392E7FFF7FBFEC4E713F0040F5D
:1082E00009D19DF80630E3E703F03002202A05D1DA
:1082F00013F0010FF4E74FF48073DBE79DF80630CD
:10830000D8E703261EE700BF001000210040084404
:108310000040084600100840800000400060084609
:10832000001E0021007008460070084400600840EC
:1083300058000020006008440000FFFF0050084083
:1083400038B504461D46FFF7E3FE28B92946204606
:10835000BDE83840FEF778B838BD7047054BD3F814
:10836000880003F180634FF40022C3F88820C0F333
:10837000C040704700400840014B024A1A607047F5
:10838000DC17002065710000024BD86800F0010086
:10839000704700BF005008400F4B5B68C3F3036396
:1083A000013B0B2B0FD8DFE803F006060C06060690
:1083B00006080A08080802207047042070470520B4
:1083C000704703207047054BDB6813F0060F0CBFA6
:1083D00001200420704700BF0040084000500840C2
:1083E0000A4A5368C3F303630B2B08D06FF4905011
:1083F000184100F0010080F0010040007047D2F801
:10840000880010F48030ECD1704700BF0040084075
:108410000C4A5368C3F30363062B07D8042BD8B266
:108420000CD8C31E5842584140007047072B07D153
:10843000D2F8440110F00050EBD170470220704791
:1084400000207047004008408021FEF74FBE38B53D
:108450000546FEF7F5FF04462846FEF7CFFF07283E
:1084600011D1D5F89030DB6924F47F4121F0080167
:1084700003B15B7841EA032141F020012846BDE8C1
:108480003840FEF7E3BF24F02001F7E708B5437C4E
:10849000033BDBB2072B96BF044A0021D15CFEF7F9
:1084A000D5FFBDE808400120FCF742BD6096000002
:1084B000012310B580F8C2302823C0F8A830042367
:1084C0004374054B04461968FBF734FA2046FFF75E
:1084D000DDFF002010BD00BF0CB10000012310B56E
:1084E00080F8C2302823C0F8A83002234374054B1B
:1084F00004461968FBF71EFA2046FFF7C7FF002065
:1085000010BD00BF10B1000010B50446FFF7E6FF34
:108510002046BDE81040FFF7B9BF0000F8B5D0F81D
:10852000E0308B4204460D46164601F0010703D1A8
:1085300090F8DC30202B19D04FB3002E14BFAA23A3
:10854000552393FAA3F31B0B03F4702395FAA5F2BA
:1085500043EA12432364202384F8DC300023C4F868
:10856000E050C4F8E4302046FFF7AEFA164A174947
:108570000F23D365164BDFB15EB90120D865C2F871
:10858000FC10226CC2F31302C3F8FC20F8BDAA232E
:10859000D7E70220D865C2F8FC10226CC2F31302A0
:1085A000C3F8FC200B4BE5640222C3F8B820EDE7CA
:1085B0000220D865C2F8FC10226CC2F31302C3F883
:1085C000FC20002EE2D0EDE700600844FFFF0F0022
:1085D0000060084600100840134A072310B5536393
:1085E000124C134B89B14421E16240F0400001215B
:1085F000206359634FF48043C2F8A030C2F8A4301E
:10860000C2F8A830C2F8AC3010BD4FF48042E1622D
:1086100021635963C3F8A020C3F8A420C3F8A8209D
:10862000C3F8AC20F0E700BF000008440000084099
:10863000000008460020704700228A4202D14FF015
:10864000FF30704750F8223093FAA3F30BB9013290
:10865000F3E7B3FA83F000EB4210704753B94AB91D
:10866000002908BF00281CBF4FF0FF314FF0FF303A
:1086700000F06AB9ADF1080C6DE904CE00F006F81F
:10868000DDF804E0DDE9022304B070472DE9F0478E
:10869000089D0C46002B4ED194468C458646B2FA76
:1086A00082F262D94AB1C2F12003914020FA03F369
:1086B0000CFA02FC194300FA02FE4FEA1C471FFAAB
:1086C0008CF6B1FBF7F44FEA1E4307FB141143EAA3
:1086D000014304FB06F199420AD91CEB030304F1A0
:1086E000FF3080F01381994240F21081023C6344D4
:1086F000591A1FFA8EF3B1FBF7F007FB101143EA8A
:10870000014300FB06F69E420AD91CEB030300F16D
:10871000FF3180F0FD809E4240F2FA8063440238CF
:108720009B1B40EA044000211DB1D3400022C5E953
:108730000032BDE8F0878B4205D90DB1C5E90001D3
:1087400000210846F5E7B3FA83F1002946D1A34298
:1087500002D39042C0F0F180861A64EB030301203B
:10876000002DE6D0C5E90063E3E7002A40F09180E0
:10877000A1EB0C044FEA1C481FFA8CF70121B4FB53
:10878000F8F64FEA1E4308FB164443EA044307FB8E
:1087900006F0984208D91CEB030306F1FF3402D21D
:1087A000984200F2CE8026461C1A1FFA8EF3B4FBC4
:1087B000F8F008FB104443EA044300FB07F79F422C
:1087C00008D91CEB030300F1FF3402D29F4200F2F0
:1087D000B1802046DB1B40EA0640A5E7C1F1200638
:1087E0008B4022FA06F71F4320FA06FC04FA01F335
:1087F00043EA0C03F44000FA01F8380C4FEA13493D
:10880000B4FBF0FE1FFA87FC00FB1E4449EA044457
:108810000EFB0CF9A14502FA01F20AD93C190EF13E
:10882000FF3A80F08580A14540F28280AEF1020ED1
:108830003C44A4EB09041FFA83F9B4FBF0F300FBFA
:10884000134449EA044403FB0CFCA44507D93C1932
:1088500003F1FF3068D2A44566D9023B3C4443EAA9
:108860000E40A0FB0293A4EB0C049C42CE469C4617
:1088700052D34FD055B1B8EB0E0364EB0C0404FA9D
:1088800006F6CB40CC401E43C5E900640021BDE89C
:10889000F087C2F1200320FA03F10CFA02FC24FA5B
:1088A00003F394400C434FEA1C4800FA02FE1FFAFF
:1088B0008CF7B3FBF8F008FB1031230C43EA0143BB
:1088C00000FB07F1994208D91CEB030300F1FF36C6
:1088D0002CD299422AD9023863445B1AA4B2B3FB62
:1088E000F8F108FB113344EA034401FB07F3A34208
:1088F00008D91CEB040401F1FF3613D2A34211D9AD
:1089000002396444E41A41EA004138E70446EFE6DC
:10891000084605E7C845ADD2B9EB020E63EB070C7C
:108920000138A7E73146EDE7034698E73046D4E73C
:10893000D6467EE7634402384CE70646234608469F
:108940000EE7023E63442FE7704700BF81F000410D
:1089500002E000BF83F0004330B54FEA41044FEA24
:10896000430594EA050F08BF90EA020F1FBF54EABF
:10897000000C55EA020C7FEA645C7FEA655C00F05B
:10898000E2804FEA5454D4EB5555B8BF6D420CDD2C
:108990002C4480EA020281EA030382EA000083EAAF
:1089A000010180EA020281EA0303362D88BF30BD4F
:1089B00011F0004F4FEA01314FF4801C4CEA1131A5
:1089C00002D0404261EB410113F0004F4FEA033304
:1089D0004CEA133302D0524263EB430394EA050F8F
:1089E00000F0A780A4F10104D5F1200E0DDB02FAFE
:1089F0000EFC22FA05F2801841F1000103FA0EF292
:108A0000801843FA05F359410EE0A5F120050EF157
:108A1000200E012A03FA0EFC28BF4CF0020C43FA88
:108A200005F3C01851EBE37101F0004507D54FF095
:108A3000000EDCF1000C7EEB00006EEB0101B1F5E5
:108A4000801F1BD3B1F5001F0CD349085FEA30002B
:108A50004FEA3C0C04F101044FEA445212F5800F36
:108A600080F09A80BCF1004F08BF5FEA500C50F1D3
:108A7000000041EB045141EA050130BD5FEA4C0CB6
:108A8000404141EB0101013C28BFB1F5801FE9D213
:108A900091F0000F04BF01460020B1FA81F308BF36
:108AA0002033A3F10B03B3F120020CDA0C3208DD02
:108AB00002F1140CC2F10C0201FA0CF021FA02F1DD
:108AC0000CE002F11402D8BFC2F1200C01FA02F14D
:108AD00020FA0CFCDCBF41EA0C019040E41AA2BF72
:108AE00001EB0451294330BD6FEA04041F3C1CDA3A
:108AF0000C340EDC04F11404C4F1200220FA04F05A
:108B000001FA02F340EA030021FA04F345EA030103
:108B100030BDC4F10C04C4F1200220FA02F001FAC5
:108B200004F340EA0300294630BD21FA04F0294647
:108B300030BD94F0000F83F4801306BF81F48011E0
:108B40000134013D4EE77FEA645C18BF7FEA655C53
:108B500029D094EA050F08BF90EA020F05D054EA25
:108B6000000C04BF1946104630BD91EA030F1EBF2A
:108B70000021002030BD5FEA545C05D1400049412E
:108B800028BF41F0004130BD14F580043CBF01F521
:108B9000801130BD01F0004545F0FE4141F4700107
:108BA0004FF0000030BD7FEA645C1ABF19461046E2
:108BB0007FEA655C1CBF0B46024650EA013406BFE3
:108BC00052EA033591EA030F41F4002130BD00BFA2
:108BD00090F0000F04BF0021704730B54FF480645F
:108BE00004F132044FF000054FF0000150E700BFE0
:108BF00090F0000F04BF0021704730B54FF480643F
:108C000004F1320410F0004548BF40424FF000012B
:108C10003EE700BF42004FEAE2014FEA31014FEA6E
:108C200002701FBF12F07F4393F07F4F81F06051BD
:108C3000704732F07F4208BF704793F07F4F04BF08
:108C400041F40021704730B54FF4607401F00045E5
:108C500021F000411CE700BF50EA010208BF704745
:108C600030B54FF000050AE050EA010208BF704736
:108C700030B511F0004502D5404261EB41014FF49F
:108C8000806404F132045FEA915C3FF4D8AE4FF0A7
:108C900003025FEADC0C18BF03325FEADC0C18BF8A
:108CA000033202EBDC02C2F1200300FA03FC20FADB
:108CB00002F001FA03FE40EA0E0021FA02F1144428
:108CC000BDE600BF70B54FF0FF0C4CF4E06C1CEA41
:108CD00011541DBF1CEA135594EA0C0F95EA0C0FB2
:108CE00000F0DEF82C4481EA030621EA4C5123EA25
:108CF0004C5350EA013518BF52EA033541F4801154
:108D000043F4801338D0A0FB02CE4FF00005E1FB06
:108D100002E506F00042E0FB03E54FF00006E1FB50
:108D200003569CF0000F18BF4EF0010EA4F1FF0493
:108D3000B6F5007F64F5407404D25FEA4E0E6D41D3
:108D400046EB060642EAC62141EA55514FEAC520E4
:108D500040EA5E504FEACE2EB4F1FD0C88BFBCF560
:108D6000E06F1ED8BEF1004F08BF5FEA500E50F111
:108D7000000041EB045170BD06F0004646EA0101D7
:108D800040EA020081EA0301B4EB5C04C2BFD4EB09
:108D90000C0541EA045170BD41F480114FF0000E02
:108DA000013C00F3AB8014F1360FDEBF002001F070
:108DB000004170BDC4F10004203C35DA0C341BDCEA
:108DC00004F11404C4F1200500FA05F320FA04F0BC
:108DD00001FA05F240EA020001F0004221F00041F0
:108DE00010EBD37021FA04F642EB06015EEA430E63
:108DF00008BF20EAD37070BDC4F10C04C4F1200593
:108E000000FA04F320FA05F001FA04F240EA020045
:108E100001F0004110EBD37041F100015EEA430E16
:108E200008BF20EAD37070BDC4F1200500FA05F236
:108E30004EEA020E20FA04F301FA05F243EA0203B5
:108E400021FA04F001F0004121FA04F220EA0200C4
:108E500000EBD3705EEA430E08BF20EAD37070BD0A
:108E600094F0000F0FD101F00046400041EB0101EA
:108E700011F4801F08BF013CF7D041EA060195F0CC
:108E8000000F18BF704703F00046520043EB030386
:108E900013F4801F08BF013DF7D043EA0603704773
:108EA00094EA0C0F0CEA135518BF95EA0C0F0CD07E
:108EB00050EA410618BF52EA4306D1D181EA0301C4
:108EC00001F000414FF0000070BD50EA410606BFBE
:108ED0001046194652EA430619D094EA0C0F02D103
:108EE00050EA013613D195EA0C0F05D152EA033648
:108EF0001CBF104619460AD181EA030101F0004166
:108F000041F0FE4141F470014FF0000070BD41F0AE
:108F1000FE4141F4780170BD70B54FF0FF0C4CF488
:108F2000E06C1CEA11541DBF1CEA135594EA0C0FA7
:108F300095EA0C0F00F0A7F8A4EB050481EA030EF4
:108F400052EA03354FEA013100F088804FEA0333DB
:108F50004FF0805545EA131343EA12634FEA0222A9
:108F600045EA111545EA10654FEA00260EF000416A
:108F70009D4208BF964244F1FD0404F5407402D2BC
:108F80005B084FEA3202B61A65EB03055B084FEA4D
:108F900032024FF480104FF4002CB6EB020E75EB4A
:108FA000030E22BFB61A754640EA0C005B084FEA72
:108FB0003202B6EB020E75EB030E22BFB61A7546EF
:108FC00040EA5C005B084FEA3202B6EB020E75EB3A
:108FD000030E22BFB61A754640EA9C005B084FEAB2
:108FE0003202B6EB020E75EB030E22BFB61A7546BF
:108FF00040EADC0055EA060E18D04FEA051545EAAE
:1090000016754FEA06164FEAC30343EA52734FEA56
:10901000C2025FEA1C1CC0D111F4801F0BD141EACF
:1090200000014FF000004FF0004CB6E711F4801F34
:1090300004BF01430020B4F1FD0C88BFBCF5E06F14
:109040003FF6AFAEB5EB030C04BFB6EB020C5FEA24
:10905000500C50F1000041EB045170BD0EF0004E79
:109060004EEA113114EB5C04C2BFD4EB0C0541EAAB
:10907000045170BD41F480114FF0000E013C90E6A8
:1090800045EA060E8DE60CEA135594EA0C0F08BF6C
:1090900095EA0C0F3FF43BAF94EA0C0F0AD150EA6B
:1090A00001347FF434AF95EA0C0F7FF425AF1046FE
:1090B00019462CE795EA0C0F06D152EA03353FF426
:1090C000FDAE1046194622E750EA410618BF52EAA3
:1090D00043067FF4C5AE50EA41047FF40DAF52EA77
:1090E00043057FF4EBAE12E74A0011D212F50012ED
:1090F00011D20DD56FF47873B3EB62520ED44FEAF0
:10910000C12343F0004343EA505323FA02F070476F
:109110004FF00000704750EA013002D14FF0FF30AD
:1091200070474FF00000704708B5064B044613B176
:109130000021AFF30080044B1B6803B19847204621
:1091400000F036F9000000003019002070B50D4D18
:109150000D4C641BA4100026A64209D10B4D0C4CEB
:1091600000F028F9641BA4100026A64205D170BDAA
:1091700055F8043B98470136EEE755F8043B98470D
:109180000136F2E7BC000020BC000020BC0000203B
:10919000C00000200A44914200F1FF3300D1704723
:1091A00010B511F8014B03F8014F9142F9D110BDF0
:1091B00002440346934200D1704703F8011BF9E7CC
:1091C0007047704770B50F4E0C463168054611B9AF
:1091D00000F09EF830602146284600F099F8431CC4
:1091E00003D14FF0FF34204670BDC41C24F00304AB
:1091F000A042F8D0211A284600F08AF80130F2D1B6
:10920000EFE700BF3C1900202DE9F041CD1C25F00F
:10921000030508350C2D38BF0C25002D064601DB53
:10922000A94204D90C2333600020BDE8F081314FFE
:1092300000F062F83B681C4644BB29463046FFF705
:10924000C1FF431C044650D13C682146002941D14E
:10925000002C44D02368304604EB030800F058F893
:1092600080453CD121686D1A29463046FFF7AAFF98
:10927000013034D023682B4423603B68002B36D068
:109280005A68A24229D100225A600EE02268521B7D
:109290001DD40B2A16D96119A342256018BF596045
:1092A000636808BF396062514B60304600F02AF8AD
:1092B00004F10B00231D20F00700C21AB5D01B1AC1
:1092C000A350B2E7A3426268DED13A60EDE72346DD
:1092D0006468B1E70C464968B8E71346CEE70C234B
:1092E0003360304600F00EF89EE70560DDE75B6016
:1092F000FFDE00BF401900200148FFF761BF00BF3B
:10930000341900200148FFF75CBF00BF341900206A
:1093100038B5064D0023044608462B6000F03AF8A5
:10932000431C02D12B6803B1236038BD38190020DB
:10933000024B01461868FFF767BF00BF6C000020B2
:1093400010B501390244904201D1002005E00378B4
:1093500011F8014FA34201D0181B10BD0130F2E7F4
:10936000884210B501EB020402D98442234607D893
:10937000431EA14208D011F8012B03F8012FF8E792
:10938000024401468A4200D110BD13F8014D02F893
:10939000014DF7E7044A05491368002B08BF0B4647
:1093A00018441060184670474419002048190020DE
:1093B000FEE700BFF8B500BFF8BC08BC9E4670478A
:1093C000F8B500BFF8BC08BC9E467047B814B6F1AB
:1093D000E0CFF3ADB7DD25C9FA79B7130002010676
:1093E0000409004F544100081B00011800052A0021
:1093F000022900F01921B4478FA4BFA14F63FDEEED
:10940000D6141D00636032E0375EA488534E6DFBB6
:109410006435BFF70053A1811F582CD0A54540FCEF
:1094200034F3274298009F3EE22E0ECFFFBF1E4529
:10943000CA8C68234A4F0016531EC44CBAAD9D32E5
:109440004B6808CF7BC04C00FE5A24E12BAAA5B282
:10945000E94617E90A5CF02500F8927AAC96CDA9A6
:10946000BFF249C14A11CC770D0000006D95000094
:1094700002000000032800007494000002000000B5
:1094800000028000080002002000000140000400EB
:10949000010010000806020004090703010500008E
:1094A00040787D0100000000005A620200010000C7
:1094B000C0CF6A0002000000809FD50002010000BA
:1094C000002D310102020000000301030303020129
:1094D00002030405060708090A0B0D0E0F101112EE
:1094E000131415161718191A1B1C1D1E1F202122D4
:1094F00023242526000C270013B779FAC925DDB7E8
:10950000ADF3CFE0F1B614B8010200000000000096
:109510000000000008000000000004070000000038
:10952000000000000000000000000000000000003B
:10953000000000000000000000000000000000002B
:1095400000000000000000000307000400000025E8
:1095500000000000739500000200000070950000FC
:10956000020000000101020A0000000000002800C3
:10957000002A000018000000000800FCEC95000024
:109580000100010798950000000800F8A895000068
:10959000000000000000000083FFBFFFE2FFF1FFBA
:1095A000F9FFFEFF000000009600FCFEF8006D23AE
:1095B000441FEEFFC700F20E8E37FAFF5C00A403D3
:1095C00024A7FFFF3200D601AD3400001F00300198
:1095D000004D00001200C000CA4A00000B006E00DF
:1095E000F73C000005001F002F2000008C00FCFE4F
:1095F000FFFF000000000000FC00D2104C06FAFF44
:1096000075009B05F132FFFF3E0062020B35000042
:1096100025004B01885F00001700E0005E5D000040
:109620000E008C006A4F0000070025008328000010
:10963000000000004801000078130020FA04FA003E
:109640000033330A0A0A084000210000000000002D
:109650000000000000000001000001010001010104
:109660000101020300000001A806000048704C0D33
:109670004470D80C307064123C70AE163870340DE3
:1096800034705A0D30700A0F2C700A0F2870DC10DD
:109690002470F41020703E0D1C7080111870F211AF
:1096A00014703A0DB110076001D80A7108B87F78BC
:1096B000020C7E78641000C6A01F00218CB8707860
:1096C00001B007680F305CB30F330111C048069832
:1096D0004A022FB006D80C7109DD087100B853A8F2
:1096E00009BB1110076801682148076004100112C6
:1096F000FF322150076051480760008806984413E4
:1097000000C4401F002103DD087214BA281400A011
:1097100000BA03DF107109DF0672029860058CB889
:10972000507800A04413281441158110076002D816
:109730001471108806982E1800C00C700840069806
:109740007C1A0091069860020060B83020D806713B
:1097500090BC637C784D5412F03240DE0472404875
:1097600004DB08720DDD0C72044BEF3014480698D0
:10977000FC0600C4E0100840441207620132214098
:10978000084C287C811140D91C72B1123032CF4A6A
:10979000013AB1DA107208D8067104D80871B04CD9
:1097A000237C4070684C4412FF328722047580B8D5
:1097B000D84C81D8327140D90472237C084B06986A
:1097C000FC0604BA88B9767900C11860084035797A
:1097D000E049007906B904A901D86E72227CBC4C1C
:1097E000307C0298320208D83C7100C14C0008401D
:1097F000141110D93071104C00C11400084014111C
:109800001814076100C5206008405415FF35047125
:1098100010491814A84C44120762013206710298CC
:109820001201B84C08D80C7107BA24D8047106BAD2
:10983000187004D80C7101BA40D80E7102BA0A70BF
:1098400005BA20D8047203BA227C604C4411404C03
:1098500018140761181491113831114291110769D8
:1098600010D90472EF3200C10060084014111031A9
:10987000016911422814A111076118140698621A8F
:10988000181400C10060084014110769FF31181452
:1098900000C13C30084014111814076118143088B6
:1098A00002480698C005009308DB047101F800A087
:1098B0005CB00F3000A01088B111076980D90A711F
:1098C00000C1800008400811009100A000C4000100
:1098D0000840441000A000C020300E4004110410C5
:1098E0001050F47200A054155045127106980607E6
:1098F0000698960618B8707800B841780698400324
:1099000090BA5B7A5C7A5D7A00C2185008402412E3
:1099100000C1501F0021281106983818208800889F
:1099200000C5441F002154155112FF350762FF3254
:1099300006986A020159512904751159009021298C
:109940002075069886040698A2040698FA020092EA
:1099500003D80C728111076102D90472FF0FBA702B
:1099600018B8727800F804D842710088308800C0B6
:10997000FC1F0021041000C1501F00211412012AF5
:10998000215A00C3185008403413312A1A7500C0F8
:109990000060084004100730FE200C76381108B82B
:1099A0007F78020C7E780093009000A000C0F41F26
:1099B0000021041000BB1DB400A000C1DC1F002169
:1099C00014111088FF3100C5FFFF0000311207623B
:1099D0000762513A513B0E720698720C11590112EE
:1099E00001131E703114008831100698720C115941
:1099F000415C41280698740C513801130090012BEA
:109A000000902088076001140760FF30215D41123B
:109A100007620762312D0876FF34415C4128015D01
:109A200031100698740CFF303088011300C0E01F1D
:109A300000210410512B0C76076801150768FF35CB
:109A40006070315BFF32212B0C75076001150760D8
:109A5000FF354E7000C5E41F0021541507650765EA
:109A60005112FF35FF30012B08752110076032704D
:109A700021100768FF30012B0A752110076007606D
:109A8000207000C2E81F0021241221100760076027
:109A9000FF30012B08752110076806702110076040
:109AA000FF300093009200C10060084014142C495C
:109AB0000734FE242A761415F0BC076C513C076865
:109AC00003680154107100C4FF0FFFFF513C0144B3
:109AD0004811311200C5E81F00215415FF350762F7
:109AE00007622143544914122155FF355152281160
:109AF00000A001D81871008800C00470084004104C
:109B00008020FF30067106984E03009000A002D816
:109B1000047200A00088069896061DB428B9112C7E
:109B2000408800C3EC1F0021341440445A71441390
:109B300006982005411500C0006008400410073059
:109B4000FD20447500C20870084024100760FF30F3
:109B500080DC34710698AE0C01591C4A2410076051
:109B60000260FF300698AE0C0158B2200129541350
:109B700031100698AE0C11280A750425541550456D
:109B8000EE72069820050094009000A07FB906614F
:109B900000C01C60084006984A1304155153113B3D
:109BA0003155581002984413EBBD00C0401F0021EE
:109BB0000411113D10D91271FF33076B00C19040A1
:109BC0000846381118B97479581000A00698600238
:109BD0008024E4240D300472044800C11C51084064
:109BE000141100C3DC1E0021911504351A721813DC
:109BF00088BB08D804716C7B04D804716A7B8CBB69
:109C00002F7C5B7B16703C4B181388BB08D8047103
:109C10006F7B04D804716D7B217C0C300160069849
:109C200082060698680B0698320700B8B1110769DA
:109C300040D906720298660601BC00C20060084066
:109C400000DC0A7124150165604A0A701C4A24155B
:109C500007657C4A043508D920712024512A241232
:109C600000C180000840320C2811076228110762E9
:109C7000281107622811500C00C1381F002114124E
:109C800000DC1A7120D8067101B80C70F0DA0C7281
:109C90000CDB087102B806988A064824044914119E
:109CA00000C380000840FFB8012011410871014144
:109CB00018130824014200C120000840141101417A
:109CC000036D514191152035016D51411813281331
:109CD000481300C37C000840341003D80C710730CF
:109CE00005DC0671084B227B8CB8507800B800C1A7
:109CF000381F0021141203682150F030015228113E
:109D000000A04024066400C0FFFF0100013C1DB01C
:109D100002200158402806751EAC01EC00A02088E6
:109D200000C01850084004121DB421130412305210
:109D3000F871066C402400C3741F00213410141104
:109D40000698C00C0669009211592129067600BBBD
:109D500011590698960C80B80158013A0662313BB9
:109D60000472215A412A00A000C200010840317A41
:109D700000A0308880B9076900C30000C0FF31101F
:109D8000312800BC002D0C7511541EAC01EC312D96
:109D9000F470066C51134155312C009300A000C0A3
:109DA00028400E400413315107610C3107691153EB
:109DB000381000A006984A0800C0F41F00210411C2
:109DC00006983207217A237A00C300001000069813
:109DD000720700C0581F00211DB1181000A000C05C
:109DE000541F00211DB1181000C09C1F0021041039
:109DF000002D067500B826A80698060700C09C1F0F
:109E000000210410012C06750698960628B010B99A
:109E1000115911380EB9114028A880B800C144303A
:109E20000840081100C1F01F00211410303B0671DA
:109E30000760076000C40830084044111150FF302B
:109E4000015118146FB8076826A8217A050C211053
:109E50002048267800C063EF0000314026A8050C9A
:109E600020ECB11140D90872247A20EC217A1848EC
:109E700026A828B00AB901510F31115028A8050CA5
:109E8000207A20EC0F0C98B84678417806986A0240
:109E900000C2441F002124100151FF31115008124B
:109EA00000A006984A0800B826A800C05C1F002140
:109EB0001DB1181000A030B840780DB101D9FC7266
:109EC000427800C074300E4004114CBA407A181029
:109ED000144804115C7A1810A4BB707B4E7B4F7B36
:109EE00000C20430084000A006984A08217A227A6D
:109EF00000BB0698720700C0681F00211DB1181032
:109F0000A4BB00C040300E40041103310149287247
:109F1000B112076207623048041121510F311872E3
:109F20006E7B6F7B104804114CBA7C7A1810144871
:109F30000411607A1810B11002D81071707B30B81B
:109F4000627860780DB001D8FC7100C0F8600840FC
:109F5000041101D90C7100C01800084002B9181092
:109F600008B86E780EB84EB110D90C723EA8140C19
:109F70000FB83EA8107044A8140C01B800C1B0304E
:109F80000E40081100C077801F003DB201423DAA7B
:109F900000C0FFFFFFFC013A3DAA140C00C077E0AF
:109FA0001F0001423DAAFFB845207D7808B87E78A1
:109FB00000C124600840141107610631087100B91E
:109FC00006985A1006984A13B11101D90E710698D5
:109FD000881A02D906720698AE0B069844135114DB
:109FE00006989606F4B845780A0C00C0641F002154
:109FF0001DB1181002983410FFB845205D7803B8E1
:10A00000076044A83EA800C1B0300E40081110B847
:10A0100007683DB101393DA908B86F7800A046A88E
:10A0200000C0FFFF0000013B076356AB94BA437AC0
:10A0300001D91471013C47B300C0FE20FFFF013B72
:10A04000314447AC637AFFB82120407802D90471CB
:10A05000607800A0C8BC066C415C512C067506985F
:10A06000960606986E0DB110076805D8347140BA8F
:10A0700006981A1308B86578911004D8187188B832
:10A080006E78577800C064000840217806988210E6
:10A0900001400A728CB84278069856130298400B19
:10A0A00008B86C7820B859785B7800C0F440084054
:10A0B0007878797800C1C81F0021141040A8184989
:10A0C00014130449408814140C4914118112076AAE
:10A0D000006A01DA187188B8577800C0CC1F0021D7
:10A0E0000410016107630763076407640698B209F7
:10A0F00000944EB010D842724DB161B80158113879
:10A1000040B102D90A72604804BB4154087020482B
:10A1100002BB02BC4DA8F8B87078190C3EB14141A1
:10A120003EA9F4B973797378717800C4F840084097
:10A1300000C200410840227000C20000010044AA91
:10A14000230C00C200000B0044AA00C410410840C8
:10A1500000C21841084004BB587C050C597C0C24F3
:10A160000F0C2FAB050CB11008D81471647A657A06
:10A170001CB879787B7820B879787B78607CF42477
:10A1800041130698FC06511440440675069896063D
:10A19000727BFFB84D20050C687840EC00C0601F52
:10A1A00000211DB11810911004D8147100C0BC1EFC
:10A1B0000021041080D806711CB8737800F818B814
:10A1C00000C1D81E002100C21850084024122811D6
:10A1D000767800F800C0B860084004110761076194
:10A1E00080D9047240EC00C4F84008404EB010D84A
:10A1F0000471182441130C23527C407B11512FA968
:10A20000050C797C0A0C00C0000001020814787C5F
:10A21000050C507C08B86D7800A000C0287008407C
:10A220000411108800C1001800401810444804119F
:10A23000108878480411108800884CBA757A181074
:10A240003DB11088F4B84278442072782848737879
:10A25000F8B873784FB200C4FFFF8080413A4FAA2C
:10A2600001BC01644113076300C06C70084003B96E
:10A2700018100110011001B918100110011001107F
:10A28000011068480411076101B80160003A0471C7
:10A29000044904D9047241520760003A0471084924
:10A2A00008D9047231520460003B0E7200630064EE
:10A2B000314241424FAAB2704FAAF8B853781820E1
:10A2C00053782848527800913DA9009000911810C9
:10A2D00000917848181000914448181000A01159B6
:10A2E00010D906710760076008D90471076004D9A6
:10A2F0000471036002D90471016001D90471006026
:10A3000000A000BA01D806710148112A0069006056
:10A3100001D8F6720138F67200A08020FF30FF48A5
:10A32000812000A000C21850084024121159212990
:10A33000127300210E7100C2305008402412012116
:10A34000212900A006984A0888B8577800C57C1FC4
:10A3500000215088044D88BC00C0C81E0021811116
:10A3600001D91E71407C00950115044D50881C4D8B
:10A37000FFBB076B315B04110698B80C3129F875E7
:10A380000698761954150698881A01D90872069805
:10A390007C0806700698DE0888BB547B009500F8A0
:10A3A00006988C090E700698680B06988C0906981A
:10A3B0006011069836089112211900C024600840E7
:10A3C0000A78097800F810B901BA069810130698AF
:10A3D000341000C57C1F002100F89112033288B9A7
:10A3E00000C3BC1E0021341300C4A81008408CB860
:10A3F0004278707903DE067144786E707179A1102D
:10A4000020D806710298160F80DB507102D84C726A
:10A4100005B830880763076302DB2A7100C3AC000C
:10A4200008403413066380DB0472804800C31020A8
:10A4300008403413315B04724048312831280260EF
:10A440000814076800930814A1101030024808147B
:10A4500000B808149110076008148CB86278A11035
:10A4600000DC0676517900BA80DB587100C000002C
:10A470000200003B4E7150884110344803DE0471E5
:10A480009048041508200411F82058101C20217849
:10A490000698AE0E00C0A40008400E7810D91C71BA
:10A4A00051451A7100C53400084407B8081500C5A5
:10A4B0003400084604B8081504702E7806987416FF
:10A4C0000095911120310269911004D80E7200C1DB
:10A4D0004C1F0021141101D90A71208806985A10C6
:10A4E000009200C1180008400533054B1872184C43
:10A4F00003DE0471904C441400C3FF1F0000413B75
:10A50000FF233811B849076A0698A20E0449087952
:10A51000097914102140081100A000C5540008401A
:10A52000541551455071108800C13400084407B8D3
:10A53000081101B83088076B40DB247100C0370C6C
:10A5400000000811364800C5D01E0021541102D960
:10A550000E72104801D9087100C01104000000C13A
:10A5600034000846081100C1340008401415303585
:10A570000093009100A000BD0698440210B903DCCE
:10A58000047100B901BA0698101302D9067100408F
:10A590004E7201B107690F3106988210FFD82872F8
:10A5A000811008D8187106DD0A710698440203DC90
:10A5B0000C720698C810069856130C7006DD1071C0
:10A5C0000698CE10487020B802A806DD10720698D2
:10A5D0008C090698360801F840B802A800F800C0B7
:10A5E000BC1E00210413076301DB227191100111CD
:10A5F000076911388CB910D8087144790298160F80
:10A6000002DBFA72A11328DBF47203BD069828104E
:10A6100006988C098CBA7F7A0698FC0600C5801FC4
:10A6200000210698440200BA03DC3272044DA110E6
:10A6300002D804710C4D00C01400084004100268D8
:10A6400000C3701F002134111128FC233411069817
:10A65000960C00C10C5108400698B2065415212DE5
:10A6600000C0F8600840041101D9227100C03C1FED
:10A6700000210410033001DC147200C014000840F3
:10A680000411FD21087602BA076A212D06984807B1
:10A690000298E8099110015503355150011900A0A5
:10A6A00000C1481F0021141001D842710148076001
:10A6B000FE200E75811020D8087100C14C1F0021AA
:10A6C000141101D9287100C02460084004122151DE
:10A6D00007610F3107691152281000C0006008405F
:10A6E00004119112215120311152211900A081131E
:10A6F00080DB067201B800A000C30C500840341083
:10A70000063030727C4B34122C4B341007600760DB
:10A7100040302072811080D8DC713410014A076209
:10A720000360803021508C480A717F2355233410F8
:10A73000013000A000BD0698281088B847784578F9
:10A74000437800B8447800A006988C090698C81091
:10A7500000C58C1F00215415069848070298E80987
:10A7600000C374000840027B06984A1350BA06984A
:10A770001A1306988210FFD84A71911004D84872B3
:10A78000811007601CD8407220D938721112FF3234
:10A790002151347180218021111400C0E41E002158
:10A7A0000413FFBA3151113A215111538CB93810A9
:10A7B0007B7940440E7200B900C2C41E00211812F9
:10A7C000067008B860780698441300F800B900C213
:10A7D0009C1008401812244A0AB9181288BA507AF4
:10A7E000517A577A8CB942795F7900A00698440271
:10A7F00007DC1072911000200A750698601102980B
:10A80000660D0698360801B9911004D8047100B994
:10A8100010BA0698101300BA00402A7100C0BC1E7E
:10A8200000210411076101D9127104D9E27281106B
:10A83000076001D8DA718CB8647800C11C510840F7
:10A840000698B2060698601100C5901F00215415A5
:10A85000212D06987C0800C5941F002100F800BC3B
:10A86000811108D9167280D9207201B910BA0698E0
:10A87000101300400E7101BC10700698C8100698A5
:10A88000561320B802A800F8069860118111023111
:10A89000127100B900C20C1008401812244A02B903
:10A8A00018120698C81000C5981F00215415069864
:10A8B000001A0298E80904110121147188BA737A08
:10A8C000042004122811042004110121F47200A0B4
:10A8D0000698FC0601F8911010D8347106984003D0
:10A8E000069886040698A20400C51C51084054111D
:10A8F0000698B80C00C5D41E002154155129E275E4
:10A9000018B875788CB8447801B802A800F8B1106E
:10A91000076810D82E7100C04810084000C300001E
:10A9200008403114884C44113411076101D9FA717F
:10A9300044122810076228100762281007622810A6
:10A94000E87000C1BC1E0021141080D82C7100C119
:10A950005400084014111141207100C10000024050
:10A960001038167100C03400084407B9181000C030
:10A970003400084601B9181002987A02069860025D
:10A9800011380472016A00BB00C1E41E00211411D9
:10A9900020390C72911210DA0672417B00A00698E1
:10A9A0004A1300C2BC1E0021241220DA0472617B0B
:10A9B00088BA527A00A088BA727A811204DAFC72DC
:10A9C00000A088B86B78577800C0640008402F78E2
:10A9D00000A006986E100763076390B9637900B909
:10A9E00002DB36713112076240DA2E7200C2540067
:10A9F000084024100140227202EC00C909B801D9B4
:10AA0000507200C2AC0008400E7A10D904722E7A3F
:10AA100006987416E031076102EC00CD114502EC96
:10AA200000CC01DB087100BB0298CA1703B84111C2
:10AA30000731FA211C760621911210DA087102DD25
:10AA400010721E7020B80698720C3038147208B854
:10AA50000698820600C0240008402978207800F873
:10AA6000046020D8067102982C1502EC00CA05B8C3
:10AA700023DA187104DBDA7120DAD67110DAD272B7
:10AA800090B8617800B801DA067202EC00C8911142
:10AA900010D9267100C1CC1E002114111150FF30B5
:10AAA0000C720661A110115002300A7180DB0A722B
:10AAB0000AB89E708CB97C790768911111402111F8
:10AAC000C0311140011990B8411108D9047166785C
:10AAD00020D904726578A11002D80672C0DA1E71FE
:10AAE00090B8273123DD087210DB1072607825DD05
:10AAF0000A7121DD087208DB0471627803B8411124
:10AB000007310872A1152035AA7102DD3272A11138
:10AB100020D9A07102D92872CCDA9872411140D99B
:10AB2000927206B802DB1071046500C11020084063
:10AB30001411112D112D054D5C720298BA132111BB
:10AB40004049C0D94E71A031411540350165514190
:10AB50000361076308DA1E7204DA38721049A1151E
:10AB60000235067110DB0E7201340A7108DB2471A4
:10AB700090B86778CC3211101A300ADC0872CCDE3B
:10AB80000471FD3100C00D0F0C0D0698740C01D836
:10AB9000607207B80298E41300BA411108D90C7129
:10ABA00002EC00CA05B830DAEC720734F031026109
:10ABB00001DA0471014900C0F300A3E30698740CA4
:10ABC00001D8D07100C0981440680698740C4030C9
:10ABD000014440DA0471204C04320162204A111011
:10ABE00006300068014218310269114202980214CD
:10ABF000204A00C0051708500698740C1130014215
:10AC00002088FFBB0DDA507100C1DE1B250180BC1E
:10AC100004DA107208DA0A7200C120841000E024FD
:10AC2000A02407634143016401DA06711E49024B07
:10AC300000C02C1F002107633810BC2002DA1271FB
:10AC400001B91159A11380DB087100C100FCFF019B
:10AC500018100298561700C4BC1E0021441080D85A
:10AC60007C710092D0DA06710DDA0C7190BD437DD3
:10AC7000EFBD06983E0503620DDA8672A11105D973
:10AC80005C7100C23810084024120C24281401D929
:10AC9000067202D9327140D91E7102EC00CA21102D
:10ACA00018320471FA2220D804720822FE22087594
:10ACB00002EC00C8F87001D90E7102EC00C802D98C
:10ACC000067204DC187200C0BC1E00210410026869
:10ACD00001D8067190B8647818B873780298CA17CA
:10ACE00000C50020084000C00417000008D9047205
:10ACF0000A480815104D00B808D90472FF2008153D
:10AD0000084D00C00884000008D9087200C02083E4
:10AD1000B8ED0815104D207D00A000B8011A00C044
:10AD200074000840027891101030011905BA069895
:10AD30001A1302D9067101B802A800C0BC1E002176
:10AD4000041380DB0671029866138CBA7C7A01DBEF
:10AD50006C7100C2301F002124111114FF3402EC69
:10AD600000C8FF24FA7607610698820C0361113847
:10AD70000F3003611114011141100698820C01D8A3
:10AD8000087203B80298E413044A02DB2471241009
:10AD9000112811280412023006710762076200C0F0
:10ADA000FFFF0000213800C218000840FF200812F1
:10ADB000411007600698820C01D87C7120BC1033CA
:10ADC000767100BB00C12C1F00211415C021112C6D
:10ADD0005112076A0F320E71408851140698FA1703
:10ADE0004143009451120765036A0F320E714111FD
:10ADF00051140698FA17036C41430765513B00C193
:10AE0000E81E00211411111231100F30127100BA16
:10AE1000046101D80471114200600FD8F47231103E
:10AE200002601E30047201B8003A087204B8029839
:10AE3000E4130298EA1500C0381F002104110F31F5
:10AE400003DD1A7200C000600840041007D80E72BB
:10AE500000C01040084004B9181000F806986E10A1
:10AE600006983C0500F830885088FF34087102ECE1
:10AE7000FF24F87002EC00CD141001BB5150FFD834
:10AE8000047131440760006B10DBF2710421FF2272
:10AE9000E4720F4C0095009300A000C1C01E002179
:10AEA000141100A030880698381A8111076102D960
:10AEB00006720298141988BB557B076120D9067168
:10AEC000029804190088A110076806982E18082116
:10AED0001415FC2590BB5C7B5D7B00C100600840C5
:10AEE00014110731FE21307608D82A725113FC2341
:10AEF000341304DB2071076BFF33315B00C1087032
:10AF000008401411076180490C71FF3130295475D4
:10AF100090BB7B7B10707B7B7C7B00DD04717D7B39
:10AF200001BB3815EC25541300DF5471042505DFEF
:10AF300054715415211120880698B80C009251299B
:10AF40003E7500C100600840141102DB0C7107312E
:10AF5000315B31292A760C7004DF0872006180D9D8
:10AF60001E7206982E1800C00870084006987C1AB9
:10AF700006982E181411FFD9607202985A19009081
:10AF8000009300A05415A111076910D9A6720825D5
:10AF900008D8A071082510D89A7120882111069828
:10AFA000B80CFC255412112AF82554110C2520D870
:10AFB0000871F025541110252029047621591815FF
:10AFC00000920298C61818B97179811010D80A71C8
:10AFD00088B8447800B8417888B9747908B9677935
:10AFE00000F88110A0D8087188B9497900A00760DD
:10AFF00002D8FA7106982E18108806984A1307622C
:10B00000076210DA087108211415F025541100C2E6
:10B010000020FEFF202912750698881A01D90A72AD
:10B0200006988C090698360800941CBB41100C2029
:10B0300006984A1241110821141006984A12312824
:10B04000441111120761FF31FF32012210521072B8
:10B050000769181404244413042438140C70076975
:10B060002141181408240814029844134044147110
:10B0700000C1C41E002114155113036B0FDB0C72A9
:10B08000066D06980607411500A006983608069832
:10B090004A1308BB51140698C0194415FC255415D1
:10B0A0000298480788B900C3BC1E00213413076307
:10B0B00008DB1A718113A0DB067149791070697978
:10B0C000076302DB087208B9677900F800A08111F4
:10B0D000076102D9107188B9757906982E18141174
:10B0E000FF3100A0FFB900A0041008211411F421C1
:10B0F000081100A081110761076110310E710698D7
:10B100002E1808211411F821141100A014B1000008
:10B110002CB100007CB400000000000044B100002D
:10B120000600000000000000000000007CB40000E9
:10B13000000000001CB2000004000000000000003D
:10B1400000000000ACB20000809C2B8F80841E00A9
:10B15000000000002200FF7F6400002000000000CB
:10B160000000000000000000ACB20000809C2B8FAB
:10B1700080841E00000023002300B600640000202D
:10B18000000000000000000000000000ACB2000061
:10B19000809C2B8F80841E000000240024009D00D2
:10B1A000640000200000000000000000000000001B
:10B1B000ACB20000809C2B8F80841E000000250014
:10B1C00025007D0064000020000000000000000059
:10B1D00000000000ACB20000809C2B8F80841E0019
:10B1E000000026002600530064000020000000003C
:10B1F0000000000000000000ACB20000809C2B8F1B
:10B2000080841E00000027002700FF7F64000020CC
:10B2100000000000000000000000000094B30000E7
:10B22000809C2B8F80841E00000000002400FF7F84
:10B23000640000200000000000000000000000008A
:10B2400094B30000809C2B8F80841E00000025009A
:10B250002500B40064000020000000000000000091
:10B260000000000094B30000809C2B8F80841E009F
:10B270000000260026009900640000200000000065
:10B28000000000000000000094B30000809C2B8FA1
:10B2900080841E00000027002700FF7F640000203C
:10B2A000000000000000000000000000F81F010185
:10B2B000C4B50000380002000000000000000000DB
:10B2C0003030010011491000B840010000C0E30017
:10B2D00040410100EA00880018600400000000C638
:10B2E0001FC000000050000000D032005060040079
:10B2F000FC006900410C0000000000001100080083
:10B30000786003000804000000000000BE031A007B
:10B310008C60070001040C1A2F465361686258497B
:10B3200035201407C491A06356443323225292243B
:10B33000E46007008108A1CB000000001984070524
:10B340009411CB4899200600016120008294EA877D
:10B350000461030065B611001E37000089BB0000C0
:10B3600020610100FFDF00001470011000F80700E9
:10B3700014700130F8020000187002000003000091
:10B380006000278470700200C30000000F9C03005F
:10B39000FFFFFFFFF81F010110B600003800020098
:10B3A000000000000000000030300100E338100011
:10B3B000B840010000C08300404101006D008800DA
:10B3C00018600400000000C61FC00100005000000B
:10B3D000008000005060040018000500410C0000CF
:10B3E0000800000091000400786003008C000C004D
:10B3F0000000000014001A008C60070001040B1903
:10B400002C404C59605B534736251B114AF3389644
:10B410006745231211090000E46007008F0846CB3E
:10B420000000000023086404D007CB4891200600E8
:10B43000F9541C008294EA870461030051551100FD
:10B44000B01B000089BB000020610100FFDF00008D
:10B450001470011000F8070014700130F8000000AB
:10B4600018700200000300006000A58370700200E5
:10B47000054100000F9C0300FFFFFFFFDC1F0401DC
:10B4800000000000000000000000000000000000BC
:10B49000F01F02013F00370000000000FC1F010107
:10B4A0000000000004000200018101000001000012
:10B4B0001800020000000000010000002800040045
:10B4C000000000000000000000000000000000007C
:10B4D00040000100A007000048000100000000003B
:10B4E000540002000000000000000000A000040062
:10B4F000FF4C0000FF4C0000FF4D0000FF4D00001E
:10B50000002001000807000010200100AAAAAA00DC
:10B51000182001000060DA000830010013AC0001BF
:10B520003430010001000000403001000000000044
:10B53000A04001007A27000FF44001002010000015
:10B540003441020080080000E68700004441010009
:10B55000C0E6524D60410400000000000000000001
:10B56000060000000600000014600100100000004A
:10B57000286003000000000300000000000000003D
:10B5800060600200294176710000000084600200C2
:10B590000000000000000000207004000000000017
:10B5A0008200000000008001D50000004870020009
:10B5B0003C3D0000BC1900007870010006E0490025
:10B5C000FFFFFFFF0D000000388EE30000000000C9
:10B5D0006CB600005CB6000000000000E070720075
:10B5E00080DE800280841E000101000011490002FB
:10B5F000000000000000000000000000000000004B
:10B600000000000041841E00000000000000000057
:10B610000D0000001CC77100000000006CB60000A7
:10B6200064B600000000000018CC660080DE8002D6
:10B6300040420F0001010000E3380002000000005A
:10B6400000000000000000000000000000000000FA
:10B650005B420F00000000000000000008520000E4
:10B66000B20C0000A5A00000C4090000193F0106AB
:10B67000041001000001010600102700000C00006A
:10B680000000000000000000000000000C4BFF7FE5
:10B6900001000000A0B60000100000202D000000F6
:10B6A000FF000000E40C0A00050500003135000031
:10B6B00030960000FFFFFFFFE93B0000E53B000084
:10B6C000FF0EFE01FFFFFFFFFF000E000000000065
:10B6D000514F0000FFFFFFFFFFFFFFFFFFFFFFFFD6
:10B6E000FFFFFFFF61680000FFFF0000FFFFFFFF9B
:10B6F00001710000FFFFFFFF00000000700000204C
:10B7000000000000F817002060180020C818002072
:10B710000000000000000000000000000000000029
:10B720000000000000000000000000000000000019
:10B730000000000000000000000000000000000009
:10B740000000000000000000000000007501000083
:10B750004D010000FFFFFFFFFFFFFFFFFFFFFFFFA7
:10B76000FFFFFFFFFFFFFFFFFFFFFFFFFFFFFFFFE9
:10B77000FFFFFFFFFFFFFFFFFFFFFFFFFFFFFFFFD9
:10B78000FFFFFFFFFFFFFFFFFFFFFFFFFFFFFFFFC9
:10B79000FFFFFFFFFFFFFFFFFFFFFFFFFFFFFFFFB9
:10B7A000FFFFFFFFFFFFFFFFFFFFFFFFFFFFFFFFA9
:10B7B000FFFFFFFFFFFFFFFFFFFFFFFFFFFFFFFF99
:10B80000C00A002069F400007BD202007BD2020053
:10B81000F3E102007BD202007BD202007BD2020065
:10B820007BD202007BD202007BD202007BD20200DC
:10B830007BD2020058980300DBCE02007BD20200CC
:10B840007BD20200817102007BD202007BD2020017
:10B85000C1690200837603007F760300A1710200B4
:10B86000777603005DFC00007BD202007BD20200F1
:10B8700001EC00008BCF02007BD202007BD20200E1
:10B880007BD202007BD202007BD202007BD202007C
:10B890007BD202007BD202007BD202007BD202006C
:10B8A0007BD202007BD202007BD202007BD202005C
:10B8B000D57102007B7603008146010011720200FF
:10B8C0007BD20200015602007BD202007BD2020032
:10B8D0007BD202007BD202007BD202007BD202002C
:10B8E0007BD202007BD202007BD202007BD202001C
:10B8F0007BD202007BD202007BD202007BD202000C
:10B900007BD202007BD202007BD20200000000004A
:10B91000013800D0FCE77047000000000000000084
:10B9200001F0FF01102A2BDB10F0070F08D010F8F0
:10B93000013B013A8B422DD010F0070F42B3F6D1F4
:10B94000F0B441EA012141EA014122F007047FF00D
:10B9500000070023F0E80256083C85EA010586EA64
:10B96000010685FA47F5A3FA87F586FA47F6A5FAA0
:10B9700087F68EB9EED1F0BC01F0FF0102F00702AC
:10B9800032B110F8013B013A83EA010313B1F8D157
:10B990000020704701387047002D06BF3546033838
:10B9A000073815F0010F07D1013015F4807F02BF71
:10B9B000013015F4C03F0130F0BC0138704700BFC2
:10B9C00070B5414C00238AB0E363054618B1008886
:10B9D00023600FF051FB3D4E3D482BF021FB3D4BCA
:10B9E000336030463C4B736026F0A9FD00213046A1
:10B9F00017F0E8FB32A3D3E90023A062C4E90623D1
:10BA000026F0A8FDD4E9062319431043C4E9060132
:10BA1000CDE900014FF0FF334FF0FF32A06A2BF069
:10BA20007BFB02224FF0FF31A06A2BF077FB012055
:10BA30000EF0BCFF2949A06A4FF4007300222BF0DE
:10BA4000BEFBB0F5007F38D10023CDE90733099361
:10BA500094223C23CDE903320593A06A962303A9DF
:10BA6000069317F0CDFC35B3287C0FF0A5FB0546F7
:10BA7000F0B9A06A2BF080FC0FF04CFB0EF078FFC1
:10BA800020B14FF4807000210BF0FCFE0EF080FF1F
:10BA900020B14FF4006000210BF0F4FE26F025FEEB
:10BAA000012017F0E3FB0E4A0E49A06A26F045FD7F
:10BAB00028460AB070BDFF20D7E70725F8E700BF8A
:10BAC0000DD5015520000000C80E0020E018002010
:10BAD000690345EC31A80100F0180020E0160020B1
:10BAE000E3240300232503002DE9F04FC76997B035
:10BAF00014461D46CDE90445239E83467FB9102098
:10BB00001DF058FF0246CBF81C0020B9A64BEF21D0
:10BB1000A6481FF0A7FEC0E901770760C760DBF801
:10BB20001C30196859B15A684A60012393408B60F0
:10BB300058461EF0EDFFDBF81C3000221A602B1E69
:10BB4000B9BF23F00043059300233360059F984B52
:10BB5000BCBF01223260BB4319D1229A42F20F735B
:10BB60001360C7F31303234300F0DE85249B53B90E
:10BB7000904B21E0904B08930833249A1360089867
:10BB800017B0BDE8F08F8B4B08930333F5E79DEDBD
:10BB9000047B002251EC170B00238DED0C7B21F070
:10BBA0007DF8804650B1229A01231360249B13B183
:10BBB000249A824B1360824B0893E0E714AB019305
:10BBC00015AB00935846DDE90C231FF0D7FAC7F3F5
:10BBD0000A560390002E79D00D9BCDF84C80C3F30C
:10BBE0001303DDE90C0143F07F5343F44013A6F245
:10BBF000FF3619460022734B1DF058F964A3D3E9B0
:10BC000000231DF00BFB64A3D3E900231DF050F9C2
:10BC1000044630460D461DF097FA61A3D3E9002390
:10BC20001DF0FCFA02460B46204629461DF040F95D
:10BC300004460D461DF004FD002207460023204661
:10BC4000294621F035F840B138461DF07DFA2246EC
:10BC50002B4621F023F800B9013F162F53D85A4B39
:10BC600003EBC703D3E90023DDE90C0121F020F841
:10BC700000284AD0013F00231293149B9B1B5A1E9D
:10BC800045BFC3F101030993002300230A9254BF67
:10BC900009930A93002F3ADB0A9B0F973B440A93C0
:10BCA00000230B93209B092B67D8052BC4BF043BB3
:10BCB0002093209BA3F10203CCBF00240124032B7B
:10BCC00000F28680DFE803F02B383657DDE9146395
:10BCD0001E4406F23243202BC1BFC3F140039F40F4
:10BCE00006F2124324FA03F3D6BFC3F1200347EA56
:10BCF000030004FA03F01DF017FA0122A1F1F87312
:10BD0000013E139275E70123B6E71290B5E7099B50
:10BD1000DB1B09937B420B9300230F93C2E70023A5
:10BD20000E93219B002B56DC0123069399461A465D
:10BD300021920CE00123F3E700230E93219BFB18D3
:10BD400003F1010906934B46012BB8BF0123DBF831
:10BD50001C000021042202F114059D423FD94160DC
:10BD600058461EF095FE089000283BD1174B02461E
:10BD700040F2AF11CCE60123DFE70124002320933A
:10BD80000E944FF0FF330693994600221223CFE71B
:10BD900061436F63A787D23FB3C8608B288AC63FD1
:10BDA000FB799F501344D33F21C3030038C30300E2
:10BDB0000000F07F1DC3030014C30300ECC20300A6
:10BDC000EBC203000000F83F30C4030091C303003E
:10BDD00001230E93D5E7219B06939946B7E70131DE
:10BDE0005200B8E7DBF81C30089A1A60B9F10E0F60
:10BDF0006FD8002C6DD0002F36DDA14B07F00F025D
:10BE000003EBC20393ED007BF8058DED107B4FEA49
:10BE1000271417D59B4BDDE90C01D3E908231DF04E
:10BE200027FBCDE9040104F00F044FF00308954D02
:10BE30005CB9DDE91023DDE904011DF019FBCDE952
:10BE400004012BE04FF00208F1E7E10709D5DDE935
:10BE50001001D5E900231DF0E1F9CDE9100108F149
:10BE6000010864100835E3E700F007817C42844B49
:10BE7000844D04F00F0203EBC203D3E90023DDE994
:10BE80000C011DF0CBF9CDE90401241100234FF082
:10BE90000208002C40F0E580002BD0D1129BDDE998
:10BEA0000445002B00F04B81774B002220462946A9
:10BEB00020F0FEFE002800F04281B9F1000F00F0F2
:10BEC0003E81069B002B00F3E380DDE90C34CDE9D5
:10BED0000434159B002B02DB0E2F40F341820E9A97
:10BEE000002A40F066820B9CDDF824800025B8F122
:10BEF000000F0DD00A9B002B0ADD4345099AA8BF0D
:10BF00004346D21A09920A9AA8EB0308D31A0A9355
:10BF10000B9B0BB30E9B002B00F0A582002C00F0B6
:10BF2000A0822946224658461EF064FF039A014625
:10BF3000054658461EF0B4FE0399064658461EF0C4
:10BF4000E7FD0B9B1B1B0B9300F090820B9A314675
:10BF500058461EF04FFF0390012158461EF08AFEFE
:10BF60000F9B0446002B00F083821A460146584678
:10BF70001EF040FF209B012B044603DC049B002B9A
:10BF800000F07B820026236904EB830318692BF001
:10BF90008EFF0F96C0F120000A9B184410F01F007E
:10BFA00000F09082C0F12003042B40F38082099BB3
:10BFB000C0F11C00034409930A9B034480440A9384
:10BFC000099B002B05DD03991A4658461EF06CFFAD
:10BFD00003900A9B002B05DD21461A4658461EF0A9
:10BFE00063FF0446129B002B00F0758203982146E4
:10BFF0002BF0ACFF002880F26E82002303990A2206
:10C0000058461EF0A7FD0E9B03907E1E002B00F0ED
:10C010005B82002329460A2258461EF09BFD069BA0
:10C02000002B054603DC209B022B00F35D82B8F158
:10C03000000F05DD2946424658461EF035FF0546ED
:10C040000F9B002B00F0CF82696858461EF020FD40
:10C050000746002840F07E820C4B024640F2EF215A
:10C0600056E5E20706D5D5E900231DF0D7F808F11B
:10C0700001080123641008350BE74FF002080DE7B3
:10C0800030C4030008C403000000F03F91C3030064
:10C090002046AD4B002229461DF0C0F8CDE9040131
:10C0A000069C7E1E08F1010840461DF04DF8DDE9B2
:10C0B00004231DF0B3F8A54B00221CF0F9FEA1F1FA
:10C0C0005073CDE910011193002C3BD1DDE904013F
:10C0D0009F4B00221CF0EAFE02460B46CDE90423EA
:10C0E000DDE9102320F002FE002840F05781DDE951
:10C0F000102101F10043DDE9040120F0D9FD002801
:10C100003FF4E3AE00242546219BDDF820A0DE436A
:10C110004FF00008214658461EF0FAFC002D00F0B2
:10C12000A980B8F1000F05D0A84503D04146584674
:10C130001EF0EEFC294658461EF0EAFC9AE03E4608
:10C140004C46B1E7834B03EBC40353E90201089B60
:10C150001C440E9B002B4AD002460B4600207E4911
:10C160001DF086F9DDE910231CF0A0FECDE91001D9
:10C17000DDF820A0DDE904011DF062FA05461CF09F
:10C18000E3FF02460B46DDE904011CF08FFE30356B
:10C19000CDE9040102460B460AF8015BDDE9100116
:10C1A00020F0A4FD002865D1DDE904236B490020BF
:10C1B0001CF07CFE02460B46DDE9100120F096FDE6
:10C1C000002840F00D81A24500F0EA80DDE9100171
:10C1D0005D4B00221DF022F85B4BCDE910010022DF
:10C1E000DDE904011DF01AF8CDE90401C2E7DDE93B
:10C1F00010231DF013F8CDE91001DDF820A0A046B2
:10C20000DDE904011DF01CFA05461CF09DFF024605
:10C210000B46DDE904011CF049FE30350AF8015BEC
:10C2200002460B46A245CDE904234FF0000223D17C
:10C23000494BDDE910011CF03BFE02460B46DDE9EF
:10C24000040120F053FD002840F0CA80DDE91023EE
:10C25000414900201CF02AFE02460B46DDE904019C
:10C2600020F026FD70B1C24608F1FF381AF8013CF3
:10C27000302BF8D0374655E0334B1CF0CFFFCDE9DB
:10C280000401BDE7DDE90C34CDE90434159B002B36
:10C29000FFF629AE0E2F3FF726AE2E4B03EBC7035A
:10C2A00093ED007B219B002B8DED067B02DAB9F12B
:10C2B000000F64D0DDE90445DDF820A0DDE90623A8
:10C2C000204629461DF0D4F81DF0BAF906461CF0A8
:10C2D0003BFFDDE906231CF0A1FF02460B4620468A
:10C2E000294606F130041CF0E1FD0AF8014B089CD8
:10C2F000AAEB0404A14502460B4640F082801CF0E4
:10C30000D7FDDDE9062304460D4620F0EFFC0028AA
:10C3100065D1DDE906232046294620F0BFFC08B19F
:10C32000F3075CD4039958461EF0F2FB00238AF809
:10C330000030229B01371F60249B002B3FF41FAC71
:10C34000C3F800A01BE400BF0000244000001C4014
:10C350000000144030C403000000E03F0000F03F44
:10C36000A24B03EBC70393ED007B219B002B8DEDCC
:10C37000067B9FDAB9F1000F9CDC7FF4C3AE9C4BC7
:10C380000022DDE906011CF049FFDDE9042320F06D
:10C39000A3FC044600287FF4B5AE3E462546B4E033
:10C3A000DDE90C34CDE90434159B002B01DB0E2FA5
:10C3B000D6DD209A012A36DC139A82B303F2334386
:10C3C0000B9CDDF82480099A1A4409920A9A0121EB
:10C3D0001A4458460A921EF04DFC054687E53E4633
:10C3E00053469A4613F8012D392A06D1089A9A42E3
:10C3F000F7D10899302201360A701A7801321A7082
:10C4000038E77C4B00221CF009FF00220023044681
:10C410000D4620F043FC00283FF450AF82E7149B08
:10C42000C3F13603CCE70B9B09F1FF34A34208DBD1
:10C43000B9F1000FA3EB04040EDBDDF824804B46BA
:10C44000C1E70B9B0F9A0B94E31A1A44DDF8248082
:10C450000F924B460024B6E7099BA3EB0908002383
:10C46000B1E7039E72E50B9A039971E5039673E5B4
:10C47000209B012B17DC049BABB9059BC3F3130373
:10C480009BB9059B23F00046360D360536B1099B56
:10C49000013309930A9B01330A9301260F9B002B5A
:10C4A0007FF471AD0F96012076E50026F6E73FF4A4
:10C4B00087AD099A1C331A4409920A9A1A4498447F
:10C4C0000A927DE50346F4E7069B002B2BDC209BBC
:10C4D000022B09DC27E0B9F1000F1DDC209B022BA9
:10C4E0001ADDCDF818903E46069B002B7FF40CAE6B
:10C4F0002146052258461EF02DFB014604460398AE
:10C500002BF024FD00287FF7FFADDDF820A03123BC
:10C510000AF8013B0136FBE50E9BCDF818903E462C
:10C52000002B7FF484AD089F039821462BF037FC45
:10C5300000F1300907F8019B089B069AFB1A9A4202
:10C5400040F3CB80039900230A2258461EF002FBD9
:10C550000390E9E72A690232920005F10C010C30E0
:10C560002BF007FC0122394658461EF09DFC089B23
:10C57000089A03F1010A069B13440A93049B03F0F3
:10C580000103A8460B9305460AF1FF3321460398A1
:10C5900006932BF004FC4146099000F13009039802
:10C5A0002BF0D4FC2A462146074658461EF0E8FCEC
:10C5B000C268014602B358461EF0AAFA002F3ADAC2
:10C5C0000399012258461EF06FFC214603902BF080
:10C5D000BDFC002803DC29D119F0010F26D0B9F1E8
:10C5E000390F1DD132E02846C1E700BF30C4030037
:10C5F00000001440000024400E9003982BF0A6FC8D
:10C600000E990C9058461EF083FA0C9A5ABB209B48
:10C6100053B90B9B43B9B9F1390F17D0002F05DD82
:10C62000099B03F1310901E0002F2ADADDF818A097
:10C630000AF8019B6EE5209B3B4304D1049B03F069
:10C640000103002BBCD0B9F1390F36D1069F392335
:10C6500007F8013BBA46013F1AF8013C392B5BD081
:10C6600001333B7056E5002F06DB209B3B4306D190
:10C67000049B03F0010313B9002AA1DCD6E7002ACA
:10C68000E1DC0A9B0AF8019C534557462FD00399D9
:10C6900000230A2258461EF05DFAA84503904FF089
:10C6A00000034FF00A02414658460BD11EF052FAE1
:10C6B000804605460AF1010A66E7DDF818A009F18F
:10C6C0000109B5E71EF046FA2946804600230A22F2
:10C6D00058461EF03FFA0546ECE7069B002BC8BF04
:10C6E0001F46089BD8BF01271F444FF0000803993D
:10C6F000012258461EF0D8FB214603902BF026FC61
:10C700000028A7DC02D119F0010FA3D1BA4617F80F
:10C71000013D302BFAD0FDE4089BBB429AD1089A28
:10C72000312301361370F5E4249B002B7FF422AAF9
:10C73000014BFFF741BA00BF14C303000000000023
:10C740002DE9F04F9DB082460F92002218920C46C0
:10C750004FF000084FF000090A46179211782B2974
:10C760003BD02CD80D2926D8082926D800292FD02F
:10C7700000220D92179D2A78302A7BD16A7802F028
:10C78000DF02582A6CD102930D9B019318AB0093E2
:10C79000884A19AB17A950461FF082F810F00F060F
:10C7A00004463ED0062E1AD10F9B0BB101351D60F9
:10C7B0004046494640E02029DAD10132CDE72D2913
:10C7C000D6D101210D91511C17915278002AD1D157
:10C7D0000F9B002BECD01C60EAE70021F2E7189ACF
:10C7E0003AB135211AA82BF0FCFB189950461EF0DF
:10C7F0008FF9013E199A042E06D8DFE806F02003CF
:10C80000292C2000DDE91A89E10548BF49F00049DB
:10C8100029F000431B0D1B051BB91FF017F822233D
:10C8200003600F9B13B10F9A179B13600D9B002B96
:10C83000BED0404609F100411DB0BDE8F08FDDE9F2
:10C840001A8302F2334223F4801343EA0259DBE7EE
:10C85000DFF86891D8E76FF000494FF0FF38D3E771
:10C86000179B5A1C17925B78302BF9D0002BD8D02D
:10C87000012300E000230027CDE905770493179BEF
:10C880000A930A2217980578A5F13003D9B209292D
:10C8900024D9494901222BF0E3FD00282DD00020A6
:10C8A0002A46059D83460346652A01D0452A13D1B1
:10C8B0001DB9049A02438BD00025179C621C179265
:10C8C00062782B2A6DD02D2A71D04FF0000CA2F186
:10C8D0003001092978D91794002696E0059908298E
:10C8E000DDBF069902FB0133069302FB0737059B68
:10C8F0000130013305931790C4E7179B5A1C179218
:10C900005A78059BABB383461D46A2F13003092B31
:10C9100012D90123C8E7179B5A1C17925A78013085
:10C92000302AF8D0A2F13103082B00F2ED84179BD6
:10C930000A93834600200546303A00F1010312D0E5
:10C940009B4400EB050C2B460A219C4513D12B1868
:10C95000082B05F10105054419DC06990A2303FBA0
:10C96000012306930023179A511C179152781846F9
:10C97000CBE70598D4E7082B03F1010303DC069EFF
:10C980004E430696E1E7102BD8BF4F43DDE70F2B50
:10C99000DCBF0A2303FB0727E4E74FF0000B01236A
:10C9A00087E74FF0000CA21C1792A2788FE74FF098
:10C9B000010CF8E710C50300F8C403000000F07F85
:10C9C000179A511C17915278302AF9D0A2F13101EF
:10C9D000082981D8303A0792179A0C92179A561C58
:10C9E00017965278A2F1300EBEF1090F38D90C9982
:10C9F000761A082E44F61F6603DC07998E42A8BFFC
:10CA00000E46BCF1000F00D07642002D4FD10499A4
:10CA100008437FF406AF002B7FF4DAAE692A29D0F1
:10CA200026DC492A26D04E2A7FF4D2AE9A4917A88E
:10CA30002BF0A0FD00283FF4CBAE179B1B78282BD2
:10CA40002FD196491AAA17A82BF0A8FD052828D19E
:10CA50001B9BDDF8688043F0FF4949F4E009E0E6FC
:10CA6000079E0A2101FB0621A1F130020792B5E7DA
:10CA70006E2AD9E78A4917A82BF07CFD00283FF4DD
:10CA8000A7AE179B8749013B17A817932BF072FDA0
:10CA900010B9179B01331793DFF818924FF0000875
:10CAA000BFE681481EF0D8FE80468946B9E6A6EB6F
:10CAB0000B030C93059B0698002B08BF2B46102DEB
:10CAC00005932C46A8BF10241CF02EFB092D804690
:10CAD000894611DC0C9B002B3FF4A3AE0C9B76DD4A
:10CAE000162B43DC714901EBC301D1E90001424639
:10CAF0004B461CF093FBD7E76C4B03EBC40353E9A5
:10CB000012231CF08BFB8046384689461CF00CFB38
:10CB100002460B46404649461CF0CAF90F2D804696
:10CB20008946D7DD0C9B2C1B1C44002C25DC00F017
:10CB3000A280644214F00F020AD05C4B03EBC203E4
:10CB400040464946D3E900231CF092FC80468946C2
:10CB5000241100F090801F2C40F3B28022234FF06C
:10CB600000084FF00009CAF800305AE60C9AC5F1E7
:10CB70002503934219DA2C1B144414F00F030AD036
:10CB80004A4901EBC30142464B46D1E900011CF082
:10CB900045FB8046894634F00F046CD0B4F59A7F8B
:10CBA00041DD2223CAF8003076E7404CC5F10F057D
:10CBB00004EBC50142464B46D1E900011CF02EFBB7
:10CBC0000C9B5D1B04EBC504D4E9002391E71633ED
:10CBD000A8DB364BABEB060203EBC203D3E9002321
:10CBE000404649461CF044FC5EE70023069322239E
:10CBF000DFF8C090CAF800304FF00008189950468E
:10CC00001DF086FF069950461DF082FF059950469B
:10CC10001DF07EFF109950461DF07AFF079950468F
:10CC20001DF076FFFDE50023214F049324114046BB
:10CC30004946012C22DC0BB180468946049B1C49E5
:10CC4000A9F1547901EBC30142464B46D1E90001F9
:10CC50001CF0E4FA174B0A460B4017498B428046FA
:10CC60009FD8A1F580118B4286BFDFF850904FF01E
:10CC7000FF3802F15479002304934CE0E20704D515
:10CC8000D7E900231CF0CAFA0123049A0132049266
:10CC900064100837CDE700BFE8C20300FCC40300FE
:10CCA000E0C2030017C303005693030030C403001F
:10CCB00008C403000000F07F0000A07CFFFFEF7FAE
:10CCC00014F0100318BF6A23AB4F04934046494643
:10CCD0000023E20704D5D7E900231CF09FFA0123C3
:10CCE000641007F10807F4D10BB180468946049B14
:10CCF00043B1C9F30A52C2F16B03002B494650DC21
:10CD00006A23049300220023404649461FF0C6FFD1
:10CD100000287FF423AF069B0093059A0A992B46BF
:10CD200050461DF05DFF109000283FF43AAF0C9B79
:10CD3000ABEB060B002BB4BF5B46002311930C9B9F
:10CD400023EAE3731593002307930593109B504642
:10CD500059681DF09DFE069000283FF448AF109BD7
:10CD60001A69023203F10C0192000C302BF001F829
:10CD70001AAB019319AB009342464B465046CDE99E
:10CD80000A891EF0FBF9189000283FF430AF01210A
:10CD900050461DF06FFF05900346D0B90023059360
:10CDA00025E71F2B0EDD342BDEBF4FF0FF33C2F122
:10CDB0004B0293404FF00008CCBF4FF05C7903EA80
:10CDC00001099DE74FF0FF3202FA03F303EA080876
:10CDD00096E7199C1A9A002CABBF119B159B159EC8
:10CDE000119FACBFE7181E1B049BE41A1444634B4D
:10CDF000013C9C42C2F1360280F2B2801B1B1F2B09
:10CE0000C2BFC4F17F4404F57F0404F57B444FF0B6
:10CE10000105C8BFE234A2EB0302DABF9D40002443
:10CE200005FA04F407EB020B049B5F4516441E440D
:10CE30003B46A8BF5B46B342A8BF3346002BC2BFE8
:10CE4000ABEB030BF61AFF1A119B002B16DD0599AD
:10CE50001A4650461DF0CEFF059000289ED0014690
:10CE6000189A50461DF01CFF0E9000283FF4BFAEEC
:10CE7000189950461DF04CFE0E9B1893BBF1000F05
:10CE800071DC0C9B002B08DD159A069950461DF0AD
:10CE9000B1FF069000283FF4A8AE002E08DD0699E9
:10CEA000324650461EF000F8069000283FF49DAE32
:10CEB000002F08DD05993A4650461DF0F5FF059014
:10CEC00000283FF494AE069A189950461EF058F880
:10CED000079000283FF48BAEC3680E93002305999A
:10CEE000C3602BF033F800284ADA0E9B53EA08039C
:10CEF00040F0BC80C9F31303002B40F0B78029F049
:10CF000000431B0D1B05B3F1D66F40F2AF80079BAA
:10CF10005B6923B9079B1B69012B40F3A780079925
:10CF2000012250461DF0C0FF059907902BF00EF826
:10CF3000002840F39B8029F00043049A1B0D1B0539
:10CF4000002A79D0B3F1D66F6DD8B3F15C7F45D8A4
:10CF50004FF000084FF000092223CAF800304DE6D8
:10CF6000002401255EE718995A4650461DF09CFFA3
:10CF70001890002885D13AE628C5030002FCFFFF7F
:10CF8000CB4640F0A4800E9AC9F31303002A41D087
:10CF90009B4A934259D1049B42467BB9B8F1FF3F6B
:10CFA00040F08A80974B99453FF421AE964BDDF8CF
:10CFB000108009EA030303F580191FE6924B09EA82
:10CFC0000303B3F1D46F17D918F101011CD18D4AB5
:10CFD00091453FF40CAE03F5801980468B4B4046DB
:10CFE000494600221CF01AF9874B0B4080468946BF
:10CFF000002B7FF403AEAFE71E0DC6F16B064FF0BA
:10D00000FF31B1408845E6D0002C5ED014EA0B0F0A
:10D01000E4D01EE0002B4AD1B8F1000F8BD064B3EE
:10D0200014EA0B0F2BE0A3F580136FEA13596FEA94
:10D0300009594FF0FF38D1E7A3F580136FEA135970
:10D040006FEA09594FF0FF38D8E59CB114EA090F8F
:10D050000CD0049A404649462BF00FF802460B4686
:10D06000DDE90A011BF024FF80468946049B002B62
:10D07000B4D1C3E515EA080FEAE718EA050FF5D0C1
:10D08000049A404649462AF0F8FF02460B46DDE97D
:10D090000A011BF00BFF0022002304460D461FF07F
:10D0A000FDFD00287FF454AFA046A946DEE7002C22
:10D0B000B6D115EA080FE2E724B114EA090F3FF4EC
:10D0C0009DADC6E718EA050FF9E72A42A0E70599E2
:10D0D00007982AF056FF00224FF0804304460D4681
:10D0E0001FF0F0FD00286BD00E9B002B76D1B8F11D
:10D0F000000F54D1C9F31303002B57D1444B002226
:10D10000204629461FF0D4FD002856D12046294646
:10D11000404B00221CF082F804460D4605F1004306
:10D1200008940993384B0BEA03031493149A3A4B6F
:10D130009A42DDE9086740F0A880ABF15479404697
:10D1400049461DF0B1FFDDE908231CF067F84246AF
:10D150004B461BF0ADFE0B462B49304A194091421D
:10D1600080465DD90B9A274B9A4203D10A9B013323
:10D170003FF43DADDFF88C904FF0FF3818995046E2
:10D180001DF0C6FC069950461DF0C2FC059950469C
:10D190001DF0BEFC079950461DF0BAFCD6E5B8F16B
:10D1A000010F03D1B9F1000F3FF4D2AE9FED107B18
:10D1B000174D8DED087B0024B4E7164D0024ADE734
:10D1C000144B2046294600221CF028F80E9B0446EA
:10D1D0000D46002BA2D0CDE90845A3E79FED067BC5
:10D1E0008DED087B55EC174B9CE700BFAFF300803B
:10D1F000000000000000F0BF000000000000F03F51
:10D20000FFFF0F00FFFFEF7F0000F07F00005039AD
:10D210000000F03F0000E03F0000E07FFFFF9F7C48
:10D2200003F15479049B4E46002BA7D129F000430B
:10D23000149A1B0D1B059A42A0D1204629461FF0C7
:10D24000E5FD1BF0BDFF0B460246294620461BF0BC
:10D250002DFEC9F313060E9B46EA08061E4304463C
:10D260000D464BD02EA3D3E900231FF021FD00284B
:10D270007FF4C4AC2CA3D3E90023204629461FF039
:10D2800035FD00283FF47AAFB8E4049B13B3149B38
:10D29000B3F1D46F1ED826A3D3E900232046294634
:10D2A0001FF010FD90B1294620461FF03FFD0128D8
:10D2B00038BF01201BF038FF0E9B04460D46D3B942
:10D2C00001F1004312901393DDE91267149A07F1FC
:10D2D000D6639F1ADDE90A011DF0E6FE02460B4601
:10D2E000304639461BF09AFFDDE90A231BF0E0FDCA
:10D2F0008046894696E7CDE91245E5E70EA3D3E9D6
:10D3000000231FF0D5FCBCE7652A3FF446AB452A55
:10D310003FF443AB0123FFF77ABB00BFAFF30080BC
:10D320009535A094FFFFDF3F35E5AF350000E03FC6
:10D330000000C0FFFFFFDF419535A094FFFFCF3F06
:10D340002DE9F04F23F00049064659EA020093B058
:10D3500014461D460F4610D1B319264987F4002202
:10D3600052419842914120D222462B4630463946BE
:10D370001BF09EFD13B0BDE8F08F11461E4A27F04A
:10D38000004B93459A46B846334613D908F14048B6
:10D3900008F5801858EA0308E6D12319154985F4E1
:10D3A0000022524198459141DED31449002013B028
:10D3B000BDE8F08F15D09145E8D8DE4600F0AE8389
:10D3C000B8F1000F1CDB002940F0BD830B488145FC
:10D3D00040F02B84BAF1000FC0F2FA84304639468F
:10D3E000C8E7002EC0D1D945BED800F05684DE462D
:10D3F000E6E700BF0000F0FF0000F07F0000F03F14
:10D40000D748814500F2EC83D64881450FD94FEAD1
:10D410002950A0F2FF30142840F3C184C0F1340039
:10D4200021FA00FC0CFA00F0884200F02E8300295B
:10D4300040F03D83BAF1804F00F0328300913046D6
:10D440003946CDF810E002931EF022FD029BDDF874
:10D4500010E0002B00F03883009A4FEAD873013BAC
:10D460000A93134300F08283BF4B994500F2CC83AB
:10D47000BE4B08EA0303002B40F01384BC4B002290
:10D480001BF0CCFE6FF034068E464FEA2E53A3F20B
:10D49000FF339F19B74B0B97CEF3130242F07F5621
:10D4A0009A4246F4401640F35884B34B9A4240F3F4
:10D4B000A2849FED977B8DED087B9FED977B8DED93
:10D4C000067B9FED937B8DED107B01370B97A6F5C7
:10D4D00080160027DDE90623314682461BF0E6FC74
:10D4E000B346DDE906238046894650463146CDE9FC
:10D4F0000CAB1BF0DDFC02460B4600209F491BF0E5
:10D50000B7FF8C46834663465A4640464946CDE9B6
:10D510000EBC1BF083FE0A460146CDE90212CDE99E
:10D520000412002102917610DDE902AB46F00056AC
:10D5300006F500230020D91906460F4602460B4681
:10D54000504659461BF06AFE02460B464046494685
:10D550001BF0ACFCDDE9062380468946304639469F
:10D560001BF0A4FC02460B46DDE90C011BF09EFCFF
:10D5700052465B461BF052FE02460B464046494669
:10D580001BF094FCDDE90E231BF048FEDDE9046787
:10D59000CDE9060132463B46304639461BF03EFE99
:10D5A0005FA3D3E9002306460F461BF037FE5EA3B8
:10D5B000D3E900231BF07CFC32463B461BF02EFED9
:10D5C0005BA3D3E900231BF073FC32463B461BF000
:10D5D00025FE59A3D3E900231BF06AFC32463B46E3
:10D5E0001BF01CFE56A3D3E900231BF061FC32465E
:10D5F0003B461BF013FE54A3D3E900231BF058FC59
:10D600003246804689463B46304639461BF006FE88
:10D6100002460B46404649461BF000FE524606466F
:10D620000F465B46DDE904011BF042FCDDE9062301
:10D630001BF0F4FD32463B461BF03AFC5246804656
:10D6400089465B46504659461BF0E8FD02460B46AC
:10D65000CDE90C234A4B00221BF02AFC42464B46E4
:10D660001BF026FC00260F4632463B4650465946E4
:10D670001BF0D4FD424B82468B4600223046394691
:10D680001BF014FCDDE90C231BF010FC02460B46DA
:10D69000404649461BF00AFCDDE904231BF0BEFDB1
:10D6A00032463B4606460F46DDE906011BF0B6FD55
:10D6B00002460B46304639461BF0FAFB8046894647
:10D6C00042464B46504659461BF0F2FB002620A32B
:10D6D000D3E9002330460F461BF0A0FD5246CDE9AA
:10D6E00004015B46304639461BF0E0FB02460B4620
:10D6F000404649461BF0DAFB17A3D3E900231BF091
:10D700008DFD02460B463046394616463AE000BFCC
:10D710000000000000000000000000000000F03FDA
:10D72000EF4E454A287ECA3F65DBC9934A86CD3F06
:10D7300001411DA96074D13F4D268F515555D53FEC
:10D74000FFAB6FDBB66DDB3F033333333333E33F84
:10D75000000000E009C7EE3FFD033ADC09C7EE3FD9
:10D76000FFFF3F43FFFFEF3F0000E0410000F07F7D
:10D77000000040438E98030079B60B000000F03F94
:10D78000000008401F460FF25043D3E900231BF06E
:10D7900045FD02460B46304639461BF089FBDDE964
:10D7A00010231BF085FB80460B9889461BF0CCFCB0
:10D7B000424682468B464B46DDE904011BF078FB6E
:10D7C000DDE908231BF074FB52465B461BF070FB3F
:10D7D000002652465B4630460F461BF067FBDDE9EC
:10D7E00008231BF063FBDDE904231BF05FFB02460B
:10D7F0000B46404649461BF059FB009B0A9A013BE9
:10D80000134382468B4600F043829FEDDB7B8DED18
:10D81000047B0023CDE900450093DDE90089204623
:10D82000424629464B461BF041FB32463B461BF025
:10D83000F5FC22462B4604460D46504659461BF041
:10D84000EDFC02460B46204629461BF031FB4246C2
:10D8500004460D464B4630463946CDE902451BF09D
:10D86000DDFC06460F46204629463B4632461BF065
:10D870001FFBD54B994204460D46884640F3E48190
:10D8800001F13F4303F5E003034340F0C882BCA32A
:10D89000D3E90023DDE902011BF00AFB02460B4637
:10D8A0002046294614461D4632463B461BF0FEFAEA
:10D8B00002460B46204629461FF018FA002840F081
:10D8C000AE824FF400734344C3F30A52BF4CA2F23A
:10D8D000FF321441C3F3130AC2F11402002004EA18
:10D8E00003014AF4801A4AFA02FA0B460246B8F1DA
:10D8F000000F30463946B8BFCAF1000A1BF0D6FA0D
:10D9000002460B4606460F46DDE902011BF0D0FA3F
:10D910004FEA0A5B0D4600249BA3D3E9002320466F
:10D9200029461BF07BFC3246804689463B46204612
:10D9300029461BF0BBFA02460B46DDE902011BF04B
:10D94000B5FA93A3D3E900231BF068FC02460B460B
:10D950002046294614461D468FA3D3E900231BF019
:10D960005DFC02460B46204629461BF0A1FA0646FE
:10D970000F4632463B46404649461BF099FA42461E
:10D980004B4604460D461BF091FA02460B463046C4
:10D9900039461BF08BFA2246804689462B462046A4
:10D9A00029461BF03BFC7EA3D3E9002306460F4625
:10D9B0001BF034FC7CA3D3E900231BF077FA32463A
:10D9C0003B461BF02BFC7AA3D3E900231BF070FA33
:10D9D00032463B461BF022FC77A3D3E900231BF021
:10D9E00065FA32463B461BF019FC75A3D3E90023C8
:10D9F0001BF05EFA32463B461BF010FC02460B461B
:10DA0000204629461BF052FA06460F4632463B4650
:10DA1000204629461BF002FC02460B46304639469A
:10DA200016461F4600224FF080431BF03FFA024685
:10DA30000B46304639461BF01BFD424606460F4654
:10DA40004B46204629461BF0E9FB42464B461BF05D
:10DA50002FFA02460B46304639461BF027FA22467B
:10DA60002B461BF023FA02460B46002058491BF0B8
:10DA70001DFA0C465C44B4F5801FC0F2CC812146EF
:10DA8000DDE904231BF0CAFB74E40CF0010CCCF1BB
:10DA900002020092002958D1BAF1804F7FF4CFAC36
:10DAA00032463B46304639461BF0B8FB62E430460E
:10DAB0003946CDF808E000931EF0EAF9009BDDF846
:10DAC00008E0002B52D10093414B28F0404C9C457C
:10DAD00003D0BBF1000F7FF4BFACBAF1000F05DA41
:10DAE00002460B4600203A491BF0C2FCB8F1000F79
:10DAF000BFF640AC009B0BF1404B0BF5801B5BEA83
:10DB0000030B40F06F8102460B46104619461BF08E
:10DB1000CDF902460B461BF0ABFC2BE4002C7FF446
:10DB200035AC0BF1404202F5801232433FF43DAC7C
:10DB3000284B9B4540F22681BAF1000FC0F2798153
:10DB40002046294616E40022009230463946CDF898
:10DB500010E002931EF09CF9029BDDF810E0002B10
:10DB6000B2D04FEAD873013B0A937DE432463B467C
:10DB7000CBE700BFAFF30080000000000000F03FE3
:10DB8000FE822B654715973C00000000432EE63FC0
:10DB9000EF39FAFE422EE63F396CA80C615C20BEDC
:10DBA000D0A4BE726937663EF16BD2C541BDBB3EA3
:10DBB0002CDE25AF6A56113F93BDBE166CC1663F81
:10DBC0003E5555555555C53FFFFF8F400000F0FFAE
:10DBD0000000F03FFFFFEF3FF5015B14E02F3EBE7A
:10DBE000002900F02A8130463946CDF808E000933C
:10DBF0001EF04EF9009BDDF808E0002B00F0F080ED
:10DC00000223009300230A93AF4B9945AF4B4BD9A6
:10DC10009B4540F2B180BAF1000F40F3B180002083
:10DC200013B0BDE8F04F1EF05DB9BAF1804F3FF47C
:10DC300037AFA74882457FF401AC3046394613B070
:10DC4000BDE8F04F1EF054B9DFF894C221F0004354
:10DC5000634540F2B5809F4B0B4403430AD13246E3
:10DC60003B461BF023F9DDE902231FF035F80028BD
:10DC70003FF427AEDDE90401002200231FF018F86D
:10DC8000003818BF012013B0BDE8F04F1EF024B9D2
:10DC90009FED797B8DED047BBBE5002C7FF464ABBD
:10DCA00046E70026FFF7F1BB9B4565D38A4B9B45B2
:10DCB000B1D8894B00221BF0F9F871A3D3E90023F6
:10DCC00006460F461BF0AAFA6FA3D3E9002382464B
:10DCD0008B46304639461BF0A1FA804BCDE9020154
:10DCE0000022304639461BF099FA02460B4668A1DD
:10DCF000D1E900011BF0DAF832463B461BF08EFA00
:10DD000002460B46002072491BF0D0F8324680468E
:10DD100089463B46304639461BF080FA02460B46A0
:10DD2000404649461BF07AFA5BA3D3E900231BF077
:10DD300075FA02460B46DDE902011BF0B7F8804692
:10DD4000894642464B46504659461BF0B1F80026DC
:10DD500052465B460F46304647E59FED517B8DEDC1
:10DD6000087B9FED517B8DED067B9DED087B0027A9
:10DD70008DED107BFFF7AEBBBAF1000FFFF64FAF92
:10DD8000002080E7BAF1000F4FF000004FF00001D3
:10DD9000BFF6F0AA204605F10041FFF7EBBA0029D3
:10DDA0007FF485AEC0F1140049FA00FC0CFA00F0D3
:10DDB00048454AD0484881453FF40CABFFF73ABB91
:10DDC000434A934250D8DDE9002393469246A2E5A8
:10DDD00032463B46404900201BF04AFBFFF7CABAD7
:10DDE000022370E6009B012B7FF4C4AA01F10043DB
:10DDF0001946FFF7BFBA9FED2E7B8DED087B9FED97
:10DE00002E7B8DED107B9FED2E7B4FF480278DEDCB
:10DE1000067BFFF75FBB524600F066F830E6DDE9AF
:10DE20000401002200231EF043FF003818BF012028
:10DE3000F6E600200021FFF79DBABAF1804F3FF4CB
:10DE40002FAE02220092FFF7FABA234989453FF428
:10DE5000C1AABAF1804F3FF423AE0CF0010CCCF113
:10DE600002020092FFF7EBBA1B15A3F2FE334FF448
:10DE7000801242FA03F326E5000000000000F0BF24
:10DE8000000000604715F73F44DF5DF80BAE543EDD
:10DE9000555555555555D53FFE822B654715F73FCE
:10DEA0000000000000000000000000000000F03F43
:10DEB0000000004003B8E23F06D0CF43EBFD4C3EEC
:10DEC000000000000000F83F0000F043FFFFEF3FBC
:10DED0000000E03F00346F3F0000F03F0000D03F03
:10DEE000FFCB90400000000070B51646C1F30A5207
:10DEF00004460D460B465ABB21F00043034326D08F
:10DF0000354B00221BF08AF9344B9E4204460D46E5
:10DF10004ADBC1F30A520B46363A4CF250318E427C
:10DF20001EDC164440F2FE72964219DC002E2BDCF9
:10DF300016F1350F30DB23F0FF4323F4E0033636D0
:10DF400043EA06512046264B00221BF067F970BDBC
:10DF500040F2FF7C6245E0D102461AF0A9FF70BD95
:10DF6000002D15A1D1E9000105DB13A3D3E900239E
:10DF70001BF054F970BD10A3D3E9002310A1D1E91F
:10DF800000011BF04BF9F5E723F0FF4323F4E00316
:10DF9000204643EA065170BD002D0BA1D1E90001D6
:10DFA00002DA0BA1D1E9000107A3D3E900231BF09A
:10DFB00035F970BDAFF300809C7500883CE4377E76
:10DFC0009C7500883CE437FE59F3F8C21F6EA5012A
:10DFD00059F3F8C21F6EA58100005043B03CFFFF0B
:10DFE0000000903C0348044B834202D0034B03B132
:10DFF00018477047A80E0020A80E0020000000005F
:10E000000548064B1B1AD90F01EBA301491002D09A
:10E01000034B03B118477047A80E0020A80E00203C
:10E020000000000010B5064C237843B9FFF7DAFF73
:10E03000044B13B10448AFF300800123237010BDDB
:10E04000882000200000000080C7030008B5054BB1
:10E050001BB105490548AFF30080BDE80840FFF754
:10E06000CFBF00BF00000000E810002080C7030001
:10E07000A3F5803A704700BF174B002B08BF134B26
:10E080009D46FFF7F5FF00218B460F461348144AC3
:10E09000121A29F063FE0E4B002B00D098470D4B4F
:10E0A000002B00D098470020002104000D000D48EF
:10E0B000002802D00C48AFF300801CF077FC200051
:10E0C00029001EF0FEFE1BF063FC00BF00000800EC
:10E0D0000000000000000000C00A0020A80E002080
:10E0E000C4210020000000000000000038B50C46EC
:10E0F00001200FF07DFE236801332360032000F030
:10E100002DFF78B1084D094928681FF099FE1EF0CF
:10E1100087FF1EF086FF226828680549BDE8384061
:10E120001FF08EBE38BD00BFDC110020009203003E
:10E130000592030010B5032000F010FF78B1084CE1
:10E14000084920681FF07CFE1EF06AFF1EF069FF80
:10E150002068054A0549BDE810401FF071BE10BD9A
:10E16000DC110020009203008E930300A1C5030080
:10E1700030B5174B85B0044618681FF0DEF801284B
:10E180000CBF312330238DF80830032000238DF895
:10E19000093000F0E3FE70B10E4D0F4928681FF002
:10E1A0004FFE1EF03DFF1EF03CFF9DF808200B497E
:10E1B00028681FF045FE03AA019202AA02230092DA
:10E1C0001F210022204603930FF0C0FE05B030BD92
:10E1D000C4960300DC110020009203001592030096
:10E1E00070B51F4E037933700A301EF067FE1D4B69
:10E1F0000446312C18680D462DD11FF066F86DBB12
:10E20000032000F0ABFE68B1174D184928681FF0D5
:10E2100017FE1EF005FF1EF004FF15492868224670
:10E220001FF00EFE032000F099FE68B10E4D0F495D
:10E2300028681FF005FE1EF0F3FE1EF0F2FE0D49E9
:10E24000286822461FF0FCFD30780022BDE87040AF
:10E250001F210FF0A5BE1FF04EF8D0E770BD00BF24
:10E2600089200020C4960300DC11002000920300E6
:10E27000289203004D92030003689C4A23F47F43D5
:10E2800023F00703934273B5044600F02A8231D885
:10E29000A2F18272934200F0578109D8944A9342C6
:10E2A00039D002F5A022934200F0DE8002B070BDAA
:10E2B000904A9342FAD1B0F805301B2B40F0C1814F
:10E2C000032000F04BFE70B18B4D8C4928681FF085
:10E2D000B7FD1EF0A5FE1EF0A4FEB4F80520884987
:10E2E00028681FF0ADFD2079002102B0BDE8704024
:10E2F0001EF0C3BD834A934200F0BE81824A93421E
:10E3000000F0FA81814A9342D0D141680129CDD1F0
:10E310007F4B1878E9E77F4E30460FF08DFD0546BC
:10E3200010B3754C7C4920681FF08AFD7B4920683A
:10E330001FF086FD1EF074FE1EF073FE784B0093F6
:10E34000784A794920685E231FF07AFD7749784A38
:10E3500020682B461FF074FD284600F045FE7549E5
:10E3600020681FF06DFDFEE7307802210FF09EFD62
:10E37000044610B3604D684928681FF061FD674985
:10E3800028681FF05DFD1EF04BFE1EF04AFE644B38
:10E390000093644A6449286863231FF051FD634970
:10E3A000634A286823461FF04BFD204600F01CFE00
:10E3B000604928681FF044FDFEE70090A022034654
:10E3C000114630780FF050FD054610B34A4C5249C3
:10E3D00020681FF035FD514920681FF031FD1EF007
:10E3E0001FFE1EF01EFE4E4B00934E4A4E49206803
:10E3F0006C231FF025FD4D494D4A20682B461FF028
:10E400001FFD284600F0F0FD4A4920681FF018FD66
:10E41000FEE7307802210FF05DFD054600283FF44D
:10E4200045AF354C3C4920681FF00AFD3B49206848
:10E430001FF006FD1EF0F4FD1EF0F3FD384B0093B7
:10E44000384A3949206870231FF0FAFC3749384AA6
:10E4500020682B461FF0F4FC284600F0C5FD354926
:10E4600020681FF0EDFCFEE7032000F077FD68B1A7
:10E47000214C224920681FF0E3FC1EF0D1FD1EF064
:10E48000D0FD2D4A2D4920681FF0DAFC00F0C4FBB6
:10E4900000F0E4FC032000F061FD60B1164C174968
:10E4A00020681FF0CDFC1EF0BBFD1EF0BAFD244914
:10E4B00020681FF0C5FC032000F050FD00283FF449
:10E4C000F5AE0D4C0D4920681FF0BAFC1EF0A8FDFA
:10E4D0001EF0A7FD246800F08BFA0B46194902468E
:10E4E000204602B0BDE870401FF0AABCA0000A029E
:10E4F000A0000100A0000A01DC110020009203002E
:10E5000026930300A0000A032000090AA0000103CB
:10E5100089200020640E00205593030074920300AC
:10E520007F9303007992030082920300919203008B
:10E530008E920300A692030070930300B79203002B
:10E540000C930300CF920300032000F007FD68B195
:10E550006D4C6E4920681FF073FC1EF061FD1EF0CB
:10E5600060FD6B4A6B4920681FF06AFC6A4C02210F
:10E5700020780FF09BFC054610B3634C6749206878
:10E580001FF05EFC664920681FF05AFC1EF048FD33
:10E590001EF047FD634B0093634A6449206884235F
:10E5A0001FF04EFC6249634A20682B461FF048FC6E
:10E5B000284600F019FD604920681FF041FCFEE785
:10E5C000207802210FF086FC054610B34E4C5349CB
:10E5D00020681FF035FC524920681FF031FC1EF006
:10E5E0001FFD1EF01EFD4F4B00934F4A4F49206800
:10E5F00089231FF025FC4E494E4A20682B461FF008
:10E600001FFC284600F0F0FC4B4920681FF018FC66
:10E61000FEE700F06BFC032000F0A0FC00283FF4B4
:10E6200045AE394C394920681FF00AFC1EF0F8FC51
:10E630001EF0F7FC4149206802B0BDE870401FF0B1
:10E64000FFBB1F2B7FF432AE032000F087FC60B1CC
:10E650002D4C2E4920681FF0F3FB1EF0E1FC1EF04C
:10E66000E0FC374920681FF0EBFB364B187802B00E
:10E67000BDE87040FFF77CBD324B02791A70B0F8EC
:10E6800005301B2B7FF412AEC379012B7FF40EAE45
:10E69000032000F063FC68B11B4D1C4928681FF083
:10E6A000CFFB1EF0BDFC1EF0BCFC22892649286869
:10E6B0001FF0C6FB238923F00203012B9AB20AD173
:10E6C0000023CDE900234FF47A71204B204A2148E2
:10E6D00005F010FEEAE51F4802B0BDE8704005F005
:10E6E00025BDB0F805301F2B7FF4E0AD002102B04E
:10E6F000BDE87040FFF774BDB0F805301F2B7FF404
:10E70000D5AD0121F3E700BFDC110020009203002A
:10E7100070930300F2920300640E002055930300EF
:10E72000749203007F9303007992030082920300A6
:10E73000919203008E920300A69203000A930300B5
:10E740004D930300892000205793030000110020FF
:10E75000EDE00000041100202DE9F047804610464E
:10E760001C468A461AF0F0FC02460B46002014496B
:10E770001DF0D2FA064620460F461AF0E5FC024686
:10E780000B4600204FF080411DF0C6FA044640467B
:10E790000D461AF0D9FC8046504689461AF0D4FC42
:10E7A00002460B46404649461AF038FD32463B4683
:10E7B0001AF034FD22462B461AF030FDBDE8F087F2
:10E7C0000000244030B503687C4A23F47F4323F0E3
:10E7D0000703934289B040F0EE80794B0822002174
:10E7E00012200FF09DFB044610B3764D7649286841
:10E7F0001FF026FB754928681FF022FB1EF010FC55
:10E800001EF00FFC724B0093724A734928683D2337
:10E810001FF016FB7149724A286823461FF010FB4F
:10E82000204600F0E1FB6F4928681FF009FBFEE776
:10E8300001466D4B032214200FF072FB044610B307
:10E84000604D614928681FF0FBFA604928681FF095
:10E85000F7FA1EF0E5FB1EF0E4FB5D4B00935D4A0A
:10E860005D4928684B231FF0EBFA5C495C4A286835
:10E8700023461FF0E5FA204600F0B6FB5949286808
:10E880001FF0DEFAFEE70146584B052216200FF076
:10E8900047FB054610B34B4C4B4920681FF0D0FA9C
:10E8A0004A4920681FF0CCFA1EF0BAFB1EF0B9FBF3
:10E8B000474B0093474A4849206859231FF0C0FA44
:10E8C0004649474A20682B461FF0BAFA284600F00E
:10E8D0008BFB444920681FF0B3FAFEE70DF10F01EE
:10E8E00004A80FF08BFB044610B3364D3649286858
:10E8F0001FF0A6FA354928681FF0A2FA1EF090FB17
:10E900001EF08FFB324B0093324A33492868642350
:10E910001FF096FA3149324A286823461FF090FAD0
:10E92000204600F061FB2F4928681FF089FAFEE7B6
:10E93000BDF814305BBAADF818309DF813308DF87F
:10E940001A30FF238DF81B30FE238DF81C309DF804
:10E9500012308DF81D30BDF810305BBAADF81E30A6
:10E96000014606AB082218200FF0DAFA054610B36C
:10E97000144C154920681FF063FA144920681FF0F1
:10E980005FFA1EF04DFB1EF04CFB114B0093114A39
:10E990001149206874231FF053FA1049104A206867
:10E9A0002B461FF04DFA284600F01EFB0D4920684B
:10E9B0001FF046FAFEE709B030BD00BFA00001001D
:10E9C00097930300DC110020559303007492030019
:10E9D000D2930300A093030082920300919203005C
:10E9E0008E920300A6920300C8930300CC93030009
:10E9F00037B501A9684600F083FA019800236FF04B
:10EA000001020121FFF7A8FE064B00221AF030FD9B
:10EA100004460D461AF014FE034B29461880204682
:10EA200003B030BD0000244044200020014BB3F966
:10EA3000000070474420002038B501F055FD0E4815
:10EA40000E4C012101F0CEF901221146002001F007
:10EA5000AFFC022501221146C4F88050002001F0CD
:10EA6000A7FC0122C4F884501146002001F0A0FC4C
:10EA7000C4F88850002038BD30253E0000400E40CC
:10EA800008B5204B01225A6402F06AFEA0B91E4B61
:10EA90004AF6E852C3F89021D3F8982142F00402D4
:10EAA000C3F89821C3F89001174AD2F8643143F4AF
:10EAB0000053C2F8643101E00128F5D0134A136A0B
:10EAC00023F4441343F488131362A2F580421368BD
:10EAD00043F48073136004F0FFFA00F021FC04F0AB
:10EAE00099FA04F0E5FA04F0ABFAFFF7A5FF1FF07E
:10EAF0004EF900F007FC00F051FDBDE8084004F0BD
:10EB000007BF00BF00000E4000300E4000400E4026
:10EB100008B50448012101F065F9BDE80840024844
:10EB200000F0FABD00350A00D00A002030B5204DB3
:10EB30000FCD97B00FAC0FC495E807001D4B84E8CC
:10EB400007001D4ACDE903234FF08073059303F1BD
:10EB5000022306934FF0F0511E23CDE907130E2236
:10EB600000210DF12E0029F0F9F8144B4FF440204C
:10EB7000CDE909030C238DF82C300D238DF82D30B1
:10EB80000F4B0C9320230D9301238DF839300D4B3F
:10EB900000930FAA03AB09A90B4804F0CDFC002198
:10EBA00004464FF4E1301EF0D1FA204617B030BDD4
:10EBB000A896030000420400000001401C00014030
:10EBC0008A2000202411002078110020012905D876
:10EBD000034B1B68186808B1436A1847704700BFA9
:10EBE000EC0A002008B50449044804F03FFFBDE8E2
:10EBF0000840FFF79BBF00BFF00A00209C110020D7
:10EC000001481FF08EBA00BF78110020014B1A6A2C
:10EC1000186810477811002001481EF053BB00BF50
:10EC2000C4960300184B834237B52AD1174B1B7883
:10EC30003BB3C8B20FF062F9054610B3144C154946
:10EC400020681FF0FDF8144920681FF0F9F81EF045
:10EC5000E7F91EF0E6F9114B0093114A11492068BB
:10EC600085231FF0EDF81049104A20682B461FF04D
:10EC7000E7F8284600F0B8F90D4920681FF0E0F8E1
:10EC8000FEE703B030BD00BFA4110020AA20002081
:10EC9000DC11002055930300749203004A9703008F
:10ECA000DC96030082920300919203008E9203008F
:10ECB000A692030030B503685A4A23F47F4385B017
:10ECC00023F007030025934204460295ADF80C504B
:10ECD0007DD002F5802293420ED0A2F1827293423F
:10ECE00040F09D80504B1B78002B00F0988005B0C1
:10ECF000BDE8304005F020BDB0F80530222B40F0D3
:10ED00008E80FF2304A91A4611E903001EF081F941
:10ED100001280ABF444B41F2FC15187005F0FC02B3
:10ED2000207922210FF03CF9054610B33F4C4049B1
:10ED300020681FF085F83F4920681FF081F81EF019
:10ED40006FF91EF06EF93C4B00933C4A3C49206839
:10ED500059231FF075F83B493B4A20682B461FF0AA
:10ED60006FF8284600F040F9384920681FF068F82D
:10ED7000FEE7374900902379364A0968364800F0A3
:10ED80008DF9054600284AD0284C294920681FF0F3
:10ED900057F8284920681FF053F81EF041F91EF07B
:10EDA00040F9254B0093254A2549206862231FF02E
:10EDB00047F82449244A20682B461FF041F828468A
:10EDC00000F012F9214920681FF03AF8FEE7B0F888
:10EDD000053007EE903AB0F80730F8EE677A013365
:10EDE000B7EE047A67EE877A07EE103AB8EEC77A84
:10EDF00067EE877AB1EE047A67EE877A17EE900AAB
:10EE00001CF0FEFF07EE900AFCEEE77A104A17EEC0
:10EE1000903AB3F57A7F38BF4FF47A73136005B038
:10EE200030BD00BFA0000602AA200020DC11002097
:10EE3000559303007492030059970300DC96030076
:10EE400082920300919203008E920300A692030027
:10EE5000F80A002025EC0000A411002013B50120C1
:10EE600000F062F8044601201EF0DEF8F4B9154CFB
:10EE7000154920681EF0E4FF144920681EF0E0FFE9
:10EE80001EF0CEF81EF0CDF8114B0093114A124936
:10EE9000206838231EF0D4FF1049114A20681EF064
:10EEA000CFFF104920681EF0CBFFFEE7402120462F
:10EEB0001EF0CCF90C4AB0FA80F35B09137002B073
:10EEC00010BD00BFDC1100205593030074920300B5
:10EED000209803007997030082920300EB970300C8
:10EEE000D897030003980300AB20002008B5012049
:10EEF0001EF0C5F8014B00221A7008BDAB2000209F
:10EF0000084B1B7870B504460D464BB1012000F04C
:10EF10000BF82B4622464021BDE870401EF04CB94C
:10EF2000112070BDAB2000200B4B042810B51C68CD
:10EF30000BD004DC0138012807D9002408E0082898
:10EF400008D01028F9D1022000E0012000F08CF94F
:10EF5000204610BD0420F9E7E80A00200B4B1B787F
:10EF6000024683B10A4B1B78834234BF0020012044
:10EF7000084B1B7833B1084B1B78134113F0010F7A
:10EF800008BF002070470120F2E700BF6A0E002092
:10EF9000690E0020AC200020680E002008B5084B48
:10EFA00001221A70074B00221A70074B04221A70B4
:10EFB000064B1F221A7004F0B9F8054B186008BD03
:10EFC0006A0E0020AC200020690E0020680E002090
:10EFD000DC110020024B034918681EF031BF00BF4E
:10EFE000DC1100203398030070B50C4C0C49064628
:10EFF00020681EF025FF04F099F80546206804F00B
:10F0000089F83046FFF7E6FF284604F083F82068C9
:10F010000449BDE870401EF013BF00BFDC110020A2
:10F02000359803003798030038B505461EF0C1F93E
:10F030000B4A146800235CB1AC4206D1A96A6BB1DB
:10F0400099621EF0BCF9012007E02346A46AF2E7AA
:10F05000002DF3D01EF0B3F9204638BD1160F0E763
:10F06000E011002010B5044698B105F05FF8204685
:10F07000FFF7DAFF10B194F82C300BB9002010BD67
:10F080001EF097F9044A1368013B13601EF097F9CC
:10F09000F4E72220F3E700BFE41100202DE9F0435C
:10F0A00085B005469DF83070914698460E4609B9E0
:10F0B000002F5CD12846FFF7D5FF0446002836D143
:10F0C00085F82C00686305F057F9864233D905F0BE
:10F0D000BFF82146844640F2E7304FF47A720023AD
:10F0E000E6FB0C011AF0D4FA4FF0FF3200231AF0BD
:10F0F000CFFA2B46E8861146CDE900441D4A284642
:10F100001FF0F3F8044690B9C5E9089885F82D700A
:10F110002E631EF04EF9184A136833B31A469B6AE1
:10F12000002BFBD195620023AB621EF048F920460C
:10F1300005B0BDE8F08347B1CDE900440D4A2B4648
:10F140003146284605F0D6F8DCE703A9304605F03D
:10F15000B3F804460028EAD1CDE90077054A0399BF
:10F160002B4628461FF09DF8CCE71560DBE72124ED
:10F17000DDE700BF7DF10000E011002091F82C30A8
:10F1800013B50C4683B98B8ECA8E93420ED243B907
:10F19000CDE90033114A0B4620464FF0FF311FF0F6
:10F1A00064F8A38E0133A38602B010BD52B191F86A
:10F1B0002D307BB101230093D1E908232046096B50
:10F1C000FFF76CFF064A012384F82C3013680133E3
:10F1D0001360E9E7084604F0A9FFF3E77DF10000BA
:10F1E000E41100202DE9F041144E336823B3144F8D
:10F1F0004FF000081EF0DDF83C68054624B92846AB
:10F20000BDE8F0411EF0DBB894F82C3093B13368C0
:10F2100084F82C80013B336094F82D3013B92046DC
:10F22000FFF702FF28461EF0CAF8D4E9083120464D
:10F230009847DFE7A46AE1E7BDE8F081E411002028
:10F24000E0110020034B1B68002B14BF0420012099
:10F25000704700BFE4110020024B1868B0FA80F03C
:10F2600040097047E411002038B5244D2B7804463E
:10F270002BBB01230A220521022001F08BFE012372
:10F280000A220421022001F085FE012318460A22E9
:10F29000092101F07FFE012318460A22082101F00E
:10F2A00079FE012318460A22072101F073FE01238B
:10F2B00018460A22062101F06DFE01232B70022C54
:10F2C0000DD0042C11D0012C15D10D4B00225A6405
:10F2D00041F211129A6403225A64002038BD084B8F
:10F2E00000225A6440F20662F4E7054B00225A6499
:10F2F00040F60802EEE72120F0E700BFAD20002035
:10F3000000C4004008B50548012100F06BFD1DF068
:10F310000EFEBDE8084000F01DB800BF00350A0031
:10F320000148012100F05EBD00350A0007B5082044
:10F330001DF0B1FF064B02226846CDE900231DF007
:10F34000C9FE082003B05DF804EB1DF0AFBF00BF9D
:10F35000006A18102DE9F0433B4D3C4FDFF8009157
:10F36000DFF800810FCD89B001AC0FC495E807002C
:10F37000374D84E807003748012100F033FD384657
:10F380000121012400F02EFD334B039301A92846EF
:10F390008DF812401EF0C6F92346042200210A20EF
:10F3A00001F0F8FD2246002302210A2001F0F2FDBF
:10F3B000234604220721052001F0ECFD042221460A
:10F3C00023460A2001F0E6FD244BAB670B236B6755
:10F3D00002264FF4487005F08FF9C9F8EC6114204B
:10F3E00005F08AF9C8F8EC61232005F085F9C9F821
:10F3F000EC61B92128461EF0D4F900231A461946BB
:10F40000C8F8EC610A2001F0C5FD00231A46314618
:10F410000A2001F0BFFD234600220721052001F04C
:10F42000B9FD2346002221460A2001F0B3FD2846FB
:10F4300002F0EAF90021A9673846696700F0D2FCBA
:10F4400009B0BDE8F08300BF3C98030000620400EF
:10F450000008014000350A0000127A001E1D00124B
:10F4600000A0004400A0004608B500F083F8124B4D
:10F4700012498B4212D3124B124900208B4218D3EF
:10F48000FEF7FAFD186850F82240586840F822400C
:10F49000013298688242F5D30C33EAE70022F8E79C
:10F4A0001C6844F8220001325C68A242F8D3083399
:10F4B000E4E70022F8E700BF88C7030094C7030011
:10F4C00094C7030094C703000048704700F0490246
:10F4D000104AD2F8943003F00703023B032B13D8F1
:10F4E000DFE803F00C14020E0B4B1B68D2F800018E
:10F4F000C0F304200130B3FBF0F07047074BF4E792
:10F50000074B1B685B08F1E7054BEEE74FF4004340
:10F51000ECE700BF00400E40040B0020080B002069
:10F52000FC0A002008B5FFF7D3FF054BD3F80831DC
:10F53000C3F308230133B0FBF3F0024B186008BD9E
:10F5400000400E40000B0020014B1868704700BFC0
:10F55000080B0020054B1860054BD3F8943003F0DE
:10F560000703022B01D1FFF7DDBF7047080B002016
:10F5700000400E40044B054A9A60D3F8882042F4BC
:10F580007002C3F88820704700ED00E000B800006A
:10F59000014B1868704700BF040B00200F4BD3F8D5
:10F5A0002838A3F17E62A2F58432B2F5104F10B56F
:10F5B00011D219680A4A91420DD10A4C227812F0F0
:10F5C000FD0F01D0002010BDDB6998470028FAD15B
:10F5D00001232370F6E74FF48170F4E70000E10F98
:10F5E00007B0CD5EAE200020054A064903461068EC
:10F5F00003448B4294BF13604FF0FF30704700BF4D
:10F600000C0B00200000042008B52948012100F05F
:10F61000E9FB012304220221052001F0BBFC0020AC
:10F6200001F0ACFC234B0122C3F810281146042042
:10F6300000F0BEFE204800F027FD204BD3F8F0205C
:10F6400042F00102C3F8F020D3F8FC2042F08072AF
:10F65000C3F8FC20A3F55D43194A1A6000F5D520D4
:10F66000184B00F2FC40B0FBF3F0174B01380222BC
:10F670001861C3F8F0204FF48072C3F804234FF0F0
:10F680006043124AC3F8B02F114AC3F8802ED3F852
:10F69000002E42F48072C3F8002EFF2283F820204F
:10F6A000D3F8002E22F48072C3F8002E002008BD8B
:10F6B00000350A000080144206000E0000ED00E054
:10F6C000FF030040F8590D00000004E055CEACC522
:10F6D000090001004FF0604330B5D3F8802ED20707
:10F6E00015D501240B4D8440D5F8FC2042F08072E2
:10F6F000C5F8FC20D3F8002E2243C3F8002E53F89F
:10F700002020002AF0D003F82010002030BD112066
:10F71000FCE700BF00ED00E02DE9FF4104460121B8
:10F720002B4800F05FFB23682A4A93424ED002F533
:10F730008062934247D12848012100F053FB617950
:10F74000207901230A2201F025FCE179A079012327
:10F750000A2201F01FFC0A2701263025237962794D
:10F760004FF00C0815FB038303F1884303F5204396
:10F7700006FA02F21A60642004F0BEFF237962796F
:10F7800015FB038303F18C4303F5204306FA02F2D1
:10F790001A60642004F0B0FF013FDFD1206803232A
:10F7A000436423895BBA9BB2836440F20113ADF8D2
:10F7B000003023690293E36801936946237D8DF845
:10F7C0000C3001F063FC04B0BDE8F0810348B3E7FE
:10F7D0004041050000C00040009204000082040087
:10F7E00038B5054601F06AFD044C012801D1013C01
:10F7F00000D138BD284601F065FCF6E7E19304002E
:10F8000010B501210446094800F0ECFA084801212E
:10F8100000F0E8FAA37820786178B3FA83F35B0903
:10F82000042201F0B7FB002010BD00BF40410500DD
:10F8300000350A002DE9F04F9A46554B85B01B78EC
:10F84000DDF83C909DF844B0DDF8508006460F4648
:10F850001546002B00F09680072A00F295800E9B3B
:10F86000002B00F09180B9F1000F00F08D80129B09
:10F87000B3F5006F00F38880012803D1109B002BA3
:10F8800000F08280434B03EB05131B7B002B7DD0E4
:10F89000414C10220021684628F060FA04EB451420
:10F8A00010229FBB3946204628F058FA43F2100335
:10F8B0006380BBF1000F03D1E37843F00303E370EF
:10F8C000354A0E9BCDF800A002EB451CCCE9019314
:10F8D000129B581E9DF84C30690103F00303C0F3DE
:10F8E0000A009B0643EA001E53582C4818404EEA73
:10F8F0000003012E535017D0B8F1000F2ED19CF801
:10F90000023068F304138CF8023027E0002120460F
:10F9100028F024FA4FF444736380BBF1000FCFD179
:10F92000E37843F03003CAE71323CCF80C309CE8AB
:10F930000F000CF1100E8EE80F00DCF81C20109B5D
:10F94000CCF814306FF0030161F39F02012FCCF863
:10F950001C2003D1CCF81890CCF804300D4A2901B2
:10F9600002EB051342F80180159A5A6000272846D9
:10F97000224669469F605E7301F02AFD384605B055
:10F98000BDE8F08F0648FAE70648F8E70648F6E7CC
:10F99000AF200020E8120020E81100200F80FFF3C4
:10F9A000028000F0018000F0078000F038B5124BB3
:10F9B0001B780546DBB1E0B11DF0FBFC0F4A0023CC
:10F9C0001146147B54B92B601A0101EB0313012576
:10F9D0008C501D731DF0F3FC204638BD0133082BFD
:10F9E00002F11002EDD11DF0EAFC0548F5E70548EB
:10F9F000F3E70548F1E700BFAF200020E812002040
:10FA0000048000F0028000F0018000F038B51DF0A5
:10FA1000D0FC0C4A05460023147B6CB90133082B3B
:10FA200002F11002F8D101F089FC074B28461C7046
:10FA30001DF0C5FC204603E028461DF0C0FC03482D
:10FA400038BD00BFE8120020AF200020058000F084
:10FA50000D4B1B7810B5044693B1072812D81DF042
:10FA6000A8FC0A4B03EB04131A7B2AB100241C7375
:10FA70001DF0A5FC204610BD1DF0A1FC0448FAE7CE
:10FA80000448F8E70448F6E7AF200020E812002019
:10FA9000068000F0028000F0018000F013B5164BE4
:10FAA0001868019000238DF804301DF082FC134B80
:10FAB0001C7824B11DF083FC114802B010BD012256
:10FAC0001A701DF07CFC0F4B1C731C7783F82C40C4
:10FAD00083F83C4083F84C4083F85C4083F86C40EA
:10FAE00083F87C4004230DEB03008DF8073001F010
:10FAF00045FC2046E1E700BFA8980300AF200020A6
:10FB0000038000F0E81200200A4A127808B55AB1C2
:10FB100007280BD8084A02EB00131B7B43B10021D6
:10FB200001F022FC002008BD0448FCE70448FAE785
:10FB30000448F8E7AF200020E8120020028000F01F
:10FB4000018000F0078000F00A4A127808B55AB127
:10FB500007280BD8084A02EB00131B7B43B1012195
:10FB600001F002FC002008BD0448FCE70448FAE765
:10FB70000448F8E7AF200020E8120020028000F0DF
:10FB8000018000F0078000F00A4A127808B552B1EF
:10FB900007280AD8084A02EB00131B7B3BB101F08F
:10FBA00067FC002008BD0548FCE70548FAE7054862
:10FBB000F8E700BFAF200020E8120020028000F02C
:10FBC000018000F0078000F00D4B1B7893B10728EF
:10FBD00012D889B10B4B03EB00131B7B73B10A4B9B
:10FBE0001A6E01238340134214BF012300230B70BC
:10FBF0000020704705487047054870470548704722
:10FC0000AF200020E812002000200E40028000F00B
:10FC1000018000F0078000F00B4A127810B50C4606
:10FC200062B107280CD859B1084A02EB00131B7BBC
:10FC300043B101F033FC2070002010BD0448FCE704
:10FC40000448FAE70448F8E7AF200020E812002053
:10FC5000028000F0018000F0078000F02DE9F04103
:10FC6000DFF86480D8F86070D8F86C301F4000D599
:10FC7000FEE7134C01260025374218D02368C8F848
:10FC80006860A3B1A16862680131A1602846984705
:10FC9000637B012B0BD150B90A4B03EB45131A7B45
:10FCA00060F341021A731A7F60F341021A7701353B
:10FCB000082D4FEA460604F11004DDD1BDE8F081BD
:10FCC000E8120020E811002000200E400C4B984262
:10FCD00005D90C4B984210D80122012301E00022E3
:10FCE000134609490B640949D1F8003123F08073A8
:10FCF00043EA0263C1F8003170470222EDE700BF1A
:10FD00000048E8010090D0030000C84300400E40C6
:10FD10000F4B5B680F4B30B500221C46C9B21D79F2
:10FD20008D4202D11D6885420DD20132052A03F1B0
:10FD30000803F4D10321064A536823F0407343EAD1
:10FD40000163536030BD04EBC2046179F3E700BF87
:10FD500000000E40CC98030038B5074C41F67133D3
:10FD6000256C2364FFF7B0FBADB20021FFF7D0FF95
:10FD70000DB10023236438BD00000E40044BDB6B43
:10FD80005B0604D4034AD2F8C830002BFBD170477D
:10FD900000300E400000C64308B5FFF7EFFF024BEE
:10FDA0005868C0F3014008BD00300E40044BD3F842
:10FDB0004421D20703D4D3F840211042FBD170472D
:10FDC00000400E4038B5064C256C41F67133236473
:10FDD000ADB2FFF79DFF0DB10023236438BD00BF16
:10FDE00000000E4038B5C0F30323013B092B11D8A6
:10FDF000DFE803F0052710102B221D101511154DFB
:10FE0000C0F3043405F1424505F5801504EBC50047
:10FE10008000016038BD104DC0F30434F2E70F4D8F
:10FE2000C0F304344FF48030FFF7C0FFEAE7C0F3BB
:10FE300004340B4D1020F7E7C0F30434094D0120C2
:10FE4000F2E7094DC0F30434DCE7084DC0F3043495
:10FE5000D8E700BF00400E4050410E40F0400E4039
:10FE6000E8400E40E0400E40C0400E40B0400E4022
:10FE7000C0F30313013B092B2AD8DFE803F0050B7D
:10FE80000F1929291F23374B274BD3F80001C0F343
:10FE900004207047244BD3F81401F8E7224BD3F821
:10FEA0000031C3F3006301330120984001387047EB
:10FEB0001D4BD3F80C01C0F3082070471A4BD3F840
:10FEC0000801F8E7194B984204D0194B984207D023
:10FED00000207047144BD3F8203103F00F03E3E701
:10FEE000114BD3F82031C3F30113DDE7114B9842D6
:10FEF0000CD003F5B01303F580539842E8D10A4BB8
:10FF0000D3F82831C3F301230433CDE7064BD3F8EC
:10FF10002831E8E7084B9842DAD1034BD3F8300197
:10FF200000F00300704700BF00400E40800616003E
:10FF300080162E0090171A00A009140000F00F0080
:10FF40000138072850D8DFE800F00415244F343872
:10FF50004F402B4BD3F8943003F00703023B052BA3
:10FF600006D8DFE803F049243F0305430B20704720
:10FF700005207047224BD3F8800000F007000228CC
:10FF80003DD0042836D0012808BF032018BF012027
:10FF900070471B4BD3F8843003F00703013B032B5E
:10FFA00003D8DFE803F0041F252701207047032052
:10FFB0007047134BD3F88800DFE7114B1B6F13F02A
:10FFC000010F0CBF0720092070470D4BD3F85C319F
:10FFD00003F03003202B0FD0302B0FD0102B08BF95
:10FFE0000720D3E702207047002070470C2070479D
:10FFF000062070470A207047042070470820704789
:020000021000EC
:1000000000400E4008B50146FFF798FF1A4B994291
:1000100011D01A4B994212D0194B994204D1194B65
:10002000D3F8800000F007000138032821D8DFE86A
:1000300000F00A0E1612134BD3F88400F2E7114BAE
:10004000D3F88800EEE7BDE808401DF017B9BDE819
:100050000840FFF79DBABDE808401DF012B9FFF750
:1000600037FA084BD3F80031C3F300630133D840AB
:1000700008BD0020FCE700BF0300200005002400AD
:1000800002001E0000400E4000F47813B3F5B01FCC
:1000900010B5044674D025D8B3F5402F5ED010D8E3
:1000A000B3F5802F49D005D83BB1B3F5003F4FD011
:1000B000002010BDB3F5202FFAD1BDE81040FFF7A6
:1000C00007BAB3F5801F00F08480B3F5A01F4DD0B0
:1000D000B3F5602FECD14A48FFF730FF072878D0FE
:1000E0000928E9E7B3F5381F53D013D8B3F5001F3B
:1000F00058D00AD8B3F5D01F56D0B3F5F01FD7D1DA
:100100004048BDE81040FFF77DBFB3F5101FCFD1C9
:100110003D48F6E7B3F5481F4DD0B3F5781F65D0DD
:10012000B3F5401FC4D13948FFF76CFF384BD3F803
:100130002831C3F30123043320E0FFF7C9F9344B1E
:10014000D3F80C31C3F308230133B0FBF3F0B0E76D
:10015000FFF7BEF92E4BD3F80831F3E7FFF7B8F9F4
:100160002B4BD3F81431C3F30423EDE72648FFF7F4
:1001700049FF274BD3F8303103F00303D84098E709
:100180002048FFF73FFF224BD3F8203103F00F0345
:10019000F4E71C48FFF736FF1D4BD3F82031C3F3BB
:1001A0000113EBE71948ACE71848FFF72BFF184B92
:1001B000D3F82831F3E71748FFF7C0FE072808D027
:1001C000082809D004287FF473AFBDE81040FFF77A
:1001D000BBB9114B18686CE7FFF77AF90C4BD3F8F1
:1001E0000031C3F3042303FB000062E7FFF770F95B
:1001F000014620461DF0D1F8B1FBF0F059E700BFF1
:1002000006000E0002001E0005002400030020006E
:1002100000400E40B8003200100B002010B5FFF770
:100220009BFD094B07225A67FFF752F9FFF74EFD76
:10023000FFF778F90446FFF7AFFD01462046BDE819
:100240001040FFF7BFBD00BF00400E4008B5FFF7EC
:1002500075FE02280ABF024B4FF6FF70188808BDD2
:10026000520E0020014B1880704700BF520E002034
:10027000014B1880704700BF500E002010B50428B5
:1002800013D8DFE800F047032F132100294AC1F3F8
:100290000801D2F86838002BFBD1274A136A23F4EF
:1002A000FF7323F001030B43136210BD214A01F0D9
:1002B0007F01D2F86038002BFBD11F4A136923F06D
:1002C0007F030B431361F0E71A4A01F07F01D2F874
:1002D0006438002BFBD1184A936923F07F030B434A
:1002E0009361E2E7144AD2F89030536A23F0300366
:1002F00043F010035362146B104BC1F3C31003306F
:100300000F2803EA040328BF0F200B4343EA0073BE
:100310001363CAE74F29074A28BF4F21D2F8743820
:10032000002BFBD1044A936B23F07F030B439363B1
:10033000BBE700BF0020C84300400E4000F8FF0F9D
:10034000104A536A13F0300F18D0202913D03029E7
:1003500014D000290C4B08BF4FF44003D2F8901082
:1003600033EA0101FAD15B0246BFD2F8A000C0F324
:100370008020012070474FF40003EFE74FF4400363
:10038000ECE700BF00400E40FF33E10702280AD12E
:1003900029B1064B4FF48060C3F8A800596612B12A
:1003A0000220FFF7CDBF0120704700BF00400E4084
:1003B0000428F8B548D8304B13F800C02F4B1D5C0B
:1003C0002F4B33F810702F4B33F810402E4B002971
:1003D00040D0022839D15C6A14F0300F35D12B4C53
:1003E000E46B5C6AE40705D55E6A26F0300646F0E9
:1003F00010065E62264C244B25441F66AD002B6818
:10040000002BFCD002B36444A4002368002BFCD072
:10041000022819D1C1B11C4D696A11F0010116D031
:1004200001222021FFF7B2FFD5F89C6001220021B4
:100430000220FFF7BDFFC6F30A010220FFF71EFFEF
:100440002F662368002BFCD0F8BD0021D2E7FFF710
:1004500077FFE9E701211C66A940D3F89000084224
:10046000FBD1002AF0D00123074903FA0CF3D1F89D
:1004700090201A42FBD1E7E7C5980300C09803001B
:10048000B6980300AC98030000400E4000300E40C8
:100490008004F21010B50246B8B901221146FFF7E8
:1004A00087FFFFF759FC0F4B04225A67FFF710F83C
:1004B000FFF70CFCFFF736F80446FFF76DFC01462A
:1004C0002046BDE81040FFF77DBC012807D101465A
:1004D000FFF76EFFFFF740FC024B0322E5E7FFF753
:1004E0003BFCE3E700400E4038B5FFF72DF8002154
:1004F000044600F0EBFA1248FFF7E8FB0122114630
:100500000220FFF755FFFFF727FC0CB1FFF736FC81
:100510000C4B02225A67FEF7DBFFFFF7D7FBFFF712
:1005200001F80546FFF738FC01462846FFF74AFC6C
:100530002CB920460121BDE8384000F0C7BA38BDCB
:100540000148E80100400E401C4B70B51C681C4B74
:100550009C4221D81B48FFF7B9FB0122114603201A
:10056000FFF726FFFFF7F8FB0024174B01265E6715
:10057000FEF7AEFFFFF7AAFBFEF7D4FF0546FFF735
:100580000BFC01462846FFF71DFCB4B93146204656
:10059000BDE8704000F09ABA0021204600F096FABB
:1005A0000848FFF793FB012211460320FFF700FFE5
:1005B000FFF7D2FBFFF7E2FBD7E770BDFC0A002094
:1005C000002D31010148E80100400E40012210B524
:1005D00011460320FFF7ECFEFFF7BEFB084B052298
:1005E0005A67FEF775FFFFF771FBFEF79BFF0446A6
:1005F000FFF7D2FB01462046BDE81040FFF7E2BB03
:1006000000400E4010B504461120FFF797FC002172
:1006100001220220FFF7CCFE184A217C536A23F006
:100620000103022908BF43F001035362144B2178F0
:10063000C3F8A014637AA18843EAC123D362136B81
:10064000A07A217A03F07F630343E08843EAC02362
:1006500043EAC11303310F2928BF0F2143EA017375
:100660001363A37B617B1B0143EA0133E17B0B43F3
:10067000217B43EA0143536310BD00BF00400E409D
:100680000000C84338B50E4D0E4C01461120FFF74F
:1006900055FCAA6B4B7814400A78144344EAC324EF
:1006A0008B7844EA0364CB7844EA0324AB6BA3421F
:1006B00005D0002101220846FFF77AFEAC6338BD61
:1006C00000400E4080E4FFF8034B5868C0F3080078
:1006D000003818BF0120704700ED00E0034BD86BD5
:1006E00080F04000C0F38010704700BF00300E4023
:1006F00042EA0322B2F5007F10B5194C29D00AD87E
:10070000B2F5807F22D040F201139A4215D062B92F
:10071000D4F81C320BE0B2F5407F1DD040F201331B
:100720009A4210D0D4F8283201E0D4F82432C3F32E
:100730000722DBB203600A6010BDD4F824321A0E1F
:10074000C3F30743F6E7D4F82832F8E7D4F81C32AD
:10075000F5E7D4F82032EAE7D4F82032EFE700BF1B
:100760000081E00F08B5FFF7B9FF20B1024AD2F8C7
:10077000C830002BFBD108BD0000C64308B5FFF709
:10078000ADFF80B1FFF7EEFF074B19685A68C1F360
:100790000121C2F3014291421A688CBF42F010025B
:1007A00022F010021A6008BD00300E40064B1B6894
:1007B000DB0608D5054B1B69C3F30443082B02BFB6
:1007C000034B044A1A60704700300E4000400E4050
:1007D000FC0A0020C0EA210170B5FFF77FFF38B1A5
:1007E0002D4B1A781023C2F1020293402B4A136159
:1007F0002B492C4DD1F8804145F60E03C1F88031CC
:100800002B6823F0AA03DB05DB0D0B66FFF7AAFFBD
:10081000224B1B68D80604F0010415D5D1F84031ED
:10082000DA01FBD4204B1B680B61204B1B78052B96
:100830000AD11F4B1E68FFF795FF184B59683046C9
:10084000C1F30141FFF7BEFA184B1B78023B0A2B9C
:100850000AD8DFE803F00615170909090909091A7A
:100860001D000020FFF716FE2B68DB075EBF0C4B58
:1008700002221A661CB10A4B0022C3F8802170BD07
:100880000120EFE7FFF730FEEEE7FFF79FFEEBE713
:10089000FFF7C4FCE8E700BFB020002000300E40A6
:1008A00000400E406C13002068130020B12000208F
:1008B000FC0A002010B50B4C0B4BD4F890201A60AA
:1008C0001120FFF73BFB094B1870FFF74BFF084B5C
:1008D000084A5B68C3F301431370074B22691A602F
:1008E00010BD00BF00400E406C130020B12000205E
:1008F00000300E40B02000206813002006494278E6
:100900000B6823F4407343EA0223022A0B6004BFFE
:10091000024B5B6A704700BF00300E4000400E4043
:1009200010B5044608B1FFF7C5FFFFF727FF144ACB
:10093000136943F0040313611CF090FE1CF08FFE5A
:10094000104B114AC3F8242403F559231B68DB0616
:100950000ED51CF027FD28F03FFC1CF027FD1CF0F5
:100960007FFE03F04FFA2CB1BDE81040FFF734BF13
:1009700030BFF4E7FFF71AFFBDE81040FEF7D2BD25
:1009800000ED00E000A000400000FFFF10B50446AD
:1009900008B1FFF78FFFFFF7F1FE1A4BD3F8802164
:1009A00045F60E01D207C3F8801148BF00224FF46C
:1009B0002071196648BFC3F88021134A136943F0B8
:1009C00004031361114B124AC3F824241CF046FEA1
:1009D000104B1B68DB060CD51CF0E4FC28F0FCFB7C
:1009E0001CF0E4FC03F00EFA2CB1BDE81040FFF758
:1009F000F3BE30BFF6E7FFF7D9FEBDE81040FEF7C3
:100A000091BD00BF00400E4000ED00E000A000409E
:100A10000000FFFF00300E400E4A0379916921F07B
:100A20003F010B43017843EA8103417843EA4103E4
:100A3000817843EAC103C178012908BF43F001036B
:100A400093611368417923F4403343EA014313600F
:100A5000704700BF00300E402DE9F04104460D46BE
:100A6000FFF73CFE60B3DFF86080FFF77BFED8F84D
:100A70000430C3F301439C4222D0124BD3F800311F
:100A8000FEF726FD022C07464FF0100609D121463D
:100A9000FFF798F9C8F8106095B1BDE8F041FFF78D
:100AA00061BEC4F102039E40C8F810600DB1FFF7AB
:100AB00059FE2CB921463846BDE8F041FFF782B90E
:100AC000BDE8F08100400E4000300E4038B50546CC
:100AD0000C46FFF703FEB8B145B90C4BD3F80051F3
:100AE000FEF7F6FCC5F3042505FB0005084B1B7853
:100AF00021463BB1074B9D4204D80220BDE8384057
:100B0000FFF7AABF0020F9E738BD00BF00400E4044
:100B1000B2200020002D3101034B02781A70012110
:100B20000020FFF7D3BF00BFB2200020234B4AF6BE
:100B3000E85210B5596B5A639A6FD207FCD41B6CFC
:100B400013F0030306D01E4A01249842C2F8B44AA7
:100B50001AD110BDA0B1431E012B17D8174A4FF46C
:100B60000023D362936FDB07FCD4136C23F00303E1
:100B700043F001031364114A536A1C03FCD505E0DA
:100B80000F4BC3F8B40AE4E7032BE4D00B4B9A6F86
:100B9000D207FCD41A6C22F0030202431A649A6F43
:100BA00012F00102FBD10038054C18BF01200129C9
:100BB000C4F8B40A08BF5A63CBE700BF00300E4048
:100BC0000000C6432DE9F04F00238BB0CDE904337C
:100BD000CDE90633CDE90833A0F5E163B3F5966FAF
:100BE00005460191934603D900200BB0BDE8F08F74
:100BF000624BDFF88C81D3F81842B0F5E16F15BF76
:100C00004FEA146AC4F3072AC4F30744E4B2069413
:100C1000CDF824A0D8F84C60C6F301768CBF012231
:100C20000022334607A904A815BF4FF4E1674FF42B
:100C300096674FF496694FF416790392FFF758FDC3
:100C4000D8F8EC30039AC3F3012308A905A802934E
:100C5000FFF74EFDA5EB070CAAEB04020CFB02F21A
:100C6000B2FBF9F214445445079F0498089A059979
:100C7000BAD8A2EB010E0CFB0EFEBEFBF9FE11EB87
:100C80000E012CBF4FF0010E4FF0000E8A42ABD385
:100C9000BEF1000FA8D13A1A0CFB02F2B2FBF9F236
:100CA00080182CBF0122002287429DD3002A9BD1AD
:100CB000029BBBF1000F0FD0D8F85C20B5F5E167BF
:100CC00022F4FE4218BF012722F0020242EA470244
:100CD00042EA0422C8F85C20019A0AB9012084E79C
:100CE000264A022ED2F830223ED0032E3FD0012ECB
:100CF00014BFD2B2C2F30722120312F4702F7FF492
:100D000073AF1F4EF46E24F470442243F2661B4A04
:100D1000022BD2F830222CD0032B2DD0012B14BF64
:100D2000D2B2C2F30722120312F4702F7FF45CAF29
:100D3000134CD4F8EC3023F470431343C4F8EC3074
:100D4000636E884238BF084623F4FF73E72823F018
:100D5000010328BFE720B5F5E16F18BF43F0010399
:100D600043EA40036366B9E7C2F30742C4E7120EE1
:100D7000C2E7C2F30742D6E7120ED4E70081E00FC4
:100D800000300E402F4B1A6FD96C11F0010F02F09A
:100D9000060242D0002A40D013284FD91438132815
:100DA0008CBF102308232749013BCA6C180322F487
:100DB0007F4240EA03231343CB64234BCA6C1B8856
:100DC000C2F303222833013202EB820003EB530308
:100DD000B3FBF0F3C86C013B072B28BF072320F0BF
:100DE000EE6040EA036343F48013CB64174BB3F91E
:100DF0000030002B10DB2833500800EB420203EBDD
:100E00005303B3FBF2F30A6D072B28BF072322F02D
:100E1000700242EA03130B657047D96C01F00101BF
:100E2000114304D1092809D90A380928B8E7DB6C2D
:100E300013F00103B7D01AB92728B1E70423B2E7AA
:100E40000023B0E700300E404A200020462000205A
:100E5000064A074BD3F88039136F23F00703034387
:100E60001367044B1888FFF78DBF00BF00300E409A
:100E70000000C64348200020394B02222DE9F041F2
:100E80009A639B6B03F00F039342044603D0002543
:100E90002846BDE8F081C288B0F808808588B0F99E
:100EA0000C6047784A2A4ED9B2F5FA7F4DD340F606
:100EB000C3139A428CBF4FF040524FF00052284962
:100EC000CB6C23F0405323F00103002EA8BF43F066
:100ED00001031343CB64D1F8EC3043F44073C1F801
:100EE000EC30204B1D80CB6E43F08073CB661E4BE5
:100EF000D3F8800900B10420FFF7AAFF1B4BA3F829
:100F000000801B4B28461E80FFF73CFFA37BFBB1F4
:100F1000012B21D0012260881146FFF753FE0546C0
:100F20000028B4D00E4AD36B43F48063D3633846B1
:100F3000FFF7FCFDA37AA3F12002534253410A4A72
:100F4000C2F89437A4E70022B9E74FF08052B6E721
:100F5000034B084A9A65DDE7014B074AFAE700BFF1
:100F600000300E40482000200000C6434A200020E8
:100F70004620002077402057372110B7044AD2F886
:100F8000443423F003030343C2F84434704700BFE2
:100F900000A0004000EB4000F8B50D461F460401DC
:100FA00016463AB1154801238B402044C7B100F1E1
:100FB000C0600360072D4FF00F0114D8AB0010483C
:100FC00006FA03F2994020441CF04FFB3EB90B4A4D
:100FD0000123AB40224477B102F1C0621360F8BD37
:100FE00000F18060E5E7A5F108039B00054806FADB
:100FF00003F29940E7E702F18062EFE70CA00040BE
:1010000004A0004008A00040F8B505460E4614466E
:1010100062B303F00307036823F4407303601CF01A
:10102000C1F92A6882EA072303F4407353402B6016
:101030001CF0BCF936B9104B9D4218D10F48FFF790
:1010400023F806462B680E4BDA5D62430ED0A2EB06
:10105000C403013B3344B3FBF2F32A68920703F164
:10106000FF3302D5002B08BF01232B61F8BD054BD0
:101070009D42E7D10448E2E700C00040008204003E
:10108000F498030000C400400092040038B5002327
:1010900003640B4BC3634A78430103F1844382F03A
:1010A00001020C465A600B7B0546D1E90112FFF79D
:1010B000ABFF21782846BDE838401CF0E5BA00BFF8
:1010C000FFFF07007A4B984270B51AD003F5806392
:1010D000984240F0EA80774B9968426B12F4C06FF7
:1010E00015D091050FD5FD225A7009221A700022E1
:1010F000026493F90110012900D15A7093F901009B
:1011000070BD6D4BE8E75605EFD5FE22ECE71C7885
:10111000082C00F2C680DFE814F009001F0041002F
:101120004D006A00760094009D00BD004C880A883E
:10113000E5060AD5120A02F0060242F0F002012189
:101140001970C26241600120DAE702F0FE02A107D5
:1011500048BF42F00102F2E7160606D58022C263BC
:101160004FF608721A80022316E05506EBD540228E
:10117000C2634A88D40604D502221A700B78C3626F
:10118000E1E7960764D507221A701B7901EBC303C8
:101190001B89012BD7D108234360D4E71506DDD482
:1011A0005406D0D54022C2634A88920750D5032204
:1011B0001A7092E74C880A88E60643BF120A02F0CA
:1011C000060242F0F00202F0FE02650709D51C7922
:1011D00001EBC40142F001020989012904BF082181
:1011E00041600421197001234360C262ABE7140619
:1011F000B4D45206A7D54022C2634A88560727D5E1
:1012000007221A709FE71A795D8801EBC2042689CC
:10121000AE420FD80132D2B200241A715C804C88E1
:101220006507C4D4E40702D4012A7FF656AF08222A
:101230001A7098E76268691C5980525DC262062282
:10124000DFE716068AD455067FF57DAF4022C263DC
:101250000522ADE794067FF576AF1A795C88C569FB
:1012600001EBC2010A89A24281BF4968661C5E8007
:101270000D5559888A42DAD90424012A446004D0E1
:10128000013A914201D1082242601A78092A3FF4BA
:101290002EAF58E7D2057FF556AF4FF48072C26388
:1012A00023E74FF609321A8021E76FF0030027E7A2
:1012B00000C000407C130020701300201B4B98429C
:1012C00010B408D003F5806398422AD06FF0030071
:1012D0005DF8044B7047164B8268D20744BF20224A
:1012E00042604A88940702D50C89002CEED0520740
:1012F00002D50A8A002AE9D04FF480721A600022CF
:101300001A719960C0234360C368DB050BD4094B95
:10131000C363036C5DF8044B43F4FC630364FFF7A1
:10132000D1BE054BD8E7C369EEE700BF00C000405F
:1013300070130020FFFF07007C130020084B4FF4C0
:101340000072C3F88020BFF34F8FBFF36F8F054B40
:101350000021D9664FF4AA401962FEF743BD00BFD1
:1013600000E100E000200E40034B03449B0081F0AD
:1013700001011960704700BFA001F11010B50446CB
:1013800001214FF4AA40FEF72DFDB4F80130227878
:101390005BBA9BB243EA02630B4A136000231362F9
:1013A000D36253634FF00043D3664FF0FF3393662D
:1013B000064A4FF40071C2F88011E3785B01DBB29A
:1013C00082F80933116010BD00200E4000E100E0FA
:1013D000F8B5254D8F7AD1F800C0C3B201269E40E2
:1013E0004FF0300ECB7A0EFB00500C461B05097BEC
:1013F000AE6643EA0743C0F880C094F80DC0C0F859
:1014000088C043EA415322F00302C0F88430C0F898
:1014100098201BF0CEFFEB6E3343EB66237A13B1BB
:101420006B6B33436B63637A13B1EB6A3343EB62E9
:1014300023792A6823B1DB431B0263F47F431A40FC
:1014400063790BB142EA0322A3790BB122EA0302CA
:10145000E3791343044A1360044B9E62D663BDE8EC
:10146000F8401BF0ACBF00BF00200E4000200E442F
:1014700010B5C0B2012484401BF09BFF054AD36E17
:1014800023EA0403D366044B1C62BDE810401BF042
:1014900096BF00BF00200E4000200E4410B5C0B221
:1014A000012484401BF085FF074B1A6A224208D1B1
:1014B0009B6A9C430CBF012400241BF080FF204644
:1014C00010BD0024F9E700BF00200E40054B5A680C
:1014D0005B68054B41F671321A649A6822F001028A
:1014E0009A60704700300E4000000E40034B9A682F
:1014F00022F001029A6000221A64704700000E4038
:10150000094A0A4BD969C90705D512B96FF002001B
:101510007047013AF6E7002AF8D001221861DA6034
:10152000D86940F3800070478096980000000E4014
:1015300070B509B9002070BD0E4A0023082550F887
:10154000234094610C4CD5600133D669F60705D56C
:1015500014B96FF00200EEE7013CF6E7002CF8D07A
:10156000D469A40702D49942E9D1E3E76FF00100FE
:10157000E1E700BF00000E40809698002DE9F84397
:101580001C4B0D4641F671311E6C19641A49804698
:1015900048684968996841F00101B6B299609708B6
:1015A0004FF00009B94501D3002005E008EB89049C
:1015B0002046FFF7A5FF48B10E4B9A6822F00102C2
:1015C0009A600EB100221A64BDE8F883C4F30A01E0
:1015D000C1F500618908A7EB0903994228BF1946A4
:1015E0002846FFF7A5FF0028E6D1894405EB8105D1
:1015F000D8E700BF00000E4000300E40234B41F6FC
:1016000071311A6C10B5196421494C6849689968A0
:1016100041F00101996001211861D960D9694C0735
:1016200092B209D5996821F0010199600AB10022AE
:101630001A644FF0FF3010BD0221D9601549D869F6
:10164000C00700D569B9D86910F002000BD09968BD
:1016500021F0010199600AB100221A646FF00100C3
:10166000E9E70139EBE741B9986820F0010098609B
:1016700002B119646FF00200DDE7996821F0010101
:1016800099600AB90020D6E71864FBE700000E4015
:1016900000300E40809698008B784A789B0143EA90
:1016A00082030A781343CA7843EA02130A7943EAA9
:1016B000C2234A7943EA02338A79043043EA424337
:1016C0000001014A1350704700200440014B18608C
:1016D000704700BF00008442437882789B0043EA51
:1016E000021302781343C27843EA4213027943EAB1
:1016F0000223427943EA0233827943EAC233C27950
:1017000043EA0243027A43EA4243014A13607047C4
:10171000002004400D4AD2F8E430D2F8E0109B00DB
:1017200003F03C03C1F381110B438370D2F8E03026
:1017300003F03F034370D2F8E830D2F8EC2003F016
:10174000F003C2F3031213430370704700FF0FE06E
:10175000024BD3F8F000D3F8F41070470081E00F8B
:10176000024BD3F8FC00000E704700BF0081E00F71
:10177000024BD3F8F80080B2704700BF0081E00F41
:1017800070B5054616461C4619B91448FEF77CFC90
:101790000146402C1BD003D8DCB1202C1BD070BDDF
:1017A000602CFCD1042303FB06F2530803EB411326
:1017B000B3FBF2F30A4A203B02EAC3032A6822F091
:1017C00060022A602A6814432C606B61E7E70623F5
:1017D000E9E71023E7E70823E5E700BF40410500FC
:1017E000F8FF7F0038B50546144619B90548FEF7DD
:1017F0004BFC014601396400B1FBF4F10902696157
:1018000038BD00BF4041050040F6AA63C36041F205
:101810000502002303604260104A83604361C36491
:1018200082640F4A0366904243678367C3670DD0A3
:1018300002F5806290420BD002F58062904205D0A2
:1018400002F58062904203D0836570470365FBE731
:10185000036583650023C365704700BFF9FF01007E
:101860000000014038B5044625F08DFC0FCC044D36
:101870000FC594E80F0085E80F00002038BD00BFB9
:101880008813002047F6FF739A42F0B572D00629FC
:1018900072D83A4B5B5C022B6ED8394D05EBC30412
:1018A000DF00A17815F83330012938BF0121012B61
:1018B00013D1E0780025401AA84202D80844C0B2EB
:1018C000F0BD431BA0EB5303666836F913609642E4
:1018D000CCBF03F1FF301D46EEE760680028EFD073
:1018E000B0F90040944204DBB0F902409442B8BF22
:1018F00014468388FF2B04BFB0F90620B0F908C056
:101900003D440FBF01260026C8224FF0280C131BB0
:1019100093FBFCF333446E781BB29E4201DD002B37
:1019200001DA731E1BB201339BB24FF47A7C071DA0
:101930005D1E2DB24FEAC50E00EBC5059E42EA883A
:10194000AD6814FB025222EAE27202F15C02B2FBC1
:10195000FCF205DD37F83350954203F10103E7D27D
:1019600000EB0E039888904228BF1046884238BF8B
:101970000846A4E7FF20A3E70020A1E7F8980300AA
:10198000881300200629F0B561D8324B595C022932
:101990005DD8314B13F83100012816D103EBC10398
:1019A0009C78D8785B68012C214638BF0121904291
:1019B00094BFC1EB0001C1EB0201CAB2001B82421D
:1019C000C8BF002233F91200F0BD002A3DD003EB5E
:1019D000C103596800293AD09878904202D3B1F9EE
:1019E0000200F1E7DC78B1F900009442ECD95C78B0
:1019F0008B88A3F1FF06013C734201F10405E4B2B8
:101A0000734101F10C07DEB2B44216D805EBC303F3
:101A10004FF47A75B3F902405B686A43D21A04EB5B
:101A2000D47302EB630292FBF4F29042CCDBB1F987
:101A300002009042C8DC10B2C6E737F833C09445C4
:101A400003F10106E2D33346DDE70448BCE704486E
:101A5000BAE700BFF8980300881300200CFEFFFFD0
:101A60000080FFFF08B50448FFF7FCFEBDE8084012
:101A7000012025F08CBB00BF00990300004870478F
:101A8000540E00207FB5094B09490222CDE90123FC
:101A90004FF08373CDE903134FF0FF300D2301A9FD
:101AA000059325F0A5FB07B05DF804FB006A18005C
:101AB00006010C0000230C4A0360032910B50263E1
:101AC000044643630ED105211BF073FD636823F4C4
:101AD000407343F400736360636823F4406343F42A
:101AE0000063636010BD00BF200010002DE9F04FBF
:101AF0001E460446894692461F460FCE8BB001AD66
:101B00000FC596E80F0085E80F00002509951BF02A
:101B100049FC5146064604F582701BF0D5FC494647
:101B200004F584701BF0D0FC394604F586701BF078
:101B3000CBFC30461BF03AFC5F4E604BDFF8BC91AB
:101B4000DFF8BCA12365DFF8BCB11BF02BFCC4F8A7
:101B500050B0D4F814801BF029FC18F0807F19D005
:101B6000574B23651BF01EFCC4F850B065691BF091
:101B70001DFCEB0140F188801BF014FC1499054614
:101B800004F588701BF0A8FC28461BF00FFC0BB076
:101B9000BDE8F08F18F4807F1CD14A4B2365013DCE
:101BA0009023A360636913F4807F474B23650ED0B5
:101BB0001BF0F8FB3946834604F580701BF084FC6B
:101BC00058461BF0F3FB414B2365414B636588236B
:101BD000A360B8E7002D13DA3E4BC4F850A063654C
:101BE0001BF0E0FB01A9834604F580701BF074FC38
:101BF00063695846C3F3034309931BF0D7FB6D4257
:101C0000354B23656369DFF800C113F4407F4FF063
:101C10008803A3604FF0010162692665616563690D
:101C2000C4F850C00ABF01204FF0FF3005F1FF3566
:101C30008842C3F30723C2F300220BD132B1D90784
:101C400004D5264B2365264B6365A9E7254B236501
:101C5000254BF9E79AB9DA0711D5244B2365244BB4
:101C60006365A16501A904F580701BF02DFC099B3B
:101C700003F00F03C4F848318323A36090E71D4BA2
:101C8000C4F850906365EDE71BF08CFB04F580769B
:101C90003946054630461BF017FC28461BF086FBEC
:101CA000154B23651BF07EFB1499044630461BF050
:101CB00013FC204669E700BFC93E81983084880143
:101CC00098390100C93E8101D23E8201C024D0343E
:101CD0000982010099830100D9080100C8340981F3
:101CE000E20C8201C80881E20C82010083D9341120
:101CF00081E21482E2148201E010010083D9108194
:101D000090A2848835393801DB3E01002DE9F04F7F
:101D100089B081460D4616460021202268461F469E
:101D200026F01CF84FF00A0A99F80030022B40D038
:101D3000032B07D0012B44D06FF0710B584609B02C
:101D4000BDE8F08F202269463846B0478346BBF194
:101D5000000FF3D100F08CFC99F800100446FFF757
:101D6000A9FE1BF01FFB6946804604F582701BF03C
:101D7000ABFB40461BF01AFB374B236520461BF09C
:101D8000E0FD1BF00FFB04F5807883466946404672
:101D90001BF0A2FB58461BF009FB009B012B18D837
:101DA000204600F06FFCBAF1010ABDD1DFF8BCB0EB
:101DB000C4E71C2269463846B04700238346079390
:101DC000C5E7182269463846B04700238346069384
:101DD000F5E71BF0E7FA05F108070646294604F582
:101DE00084701BF0B2FD05F11009394604F58670C8
:101DF0001BF0ABFD494604F588701BF0A6FD30468C
:101E00001BF0D4FA154B236520461BF09AFD49467A
:101E100040461BF0D4FD8346C8B9114B2365114BD6
:101E2000636520461BF08DFD294640461BF0C7FD2B
:101E3000834660B90C4B23654FF48E73636520466F
:101E40001BF07FFD394640461BF0B9FD8346204616
:101E500000F018FC72E700BF30C80C0181E11C01E2
:101E60008CE11C81D11C0100E11C81D900B3FFFF72
:101E70002DE9F843064610460F4690461D461DF0D4
:101E8000B8FB28B129463846BDE8F8431DF09BBB96
:101E90002B69002B40F0AD8000F0EAFB317804465E
:101EA000FFF708FE1BF07EFA04F5807608F11001BA
:101EB000814630461BF049FD48461BF077FA574BE8
:101EC000236540F28113636520461BF03AFD1BF049
:101ED00069FA2946814630461BF037FD48461BF01B
:101EE00065FA4F4B23650123204663651BF029FDEE
:101EF0004C4B23651BF025FD1BF054FA05F108013E
:101F0000814630461BF021FD48461BF04FFA464BF8
:101F1000236520461BF015FD1BF044FA08F1080963
:101F20004946054604F582701BF00FFD28461BF05C
:101F30003DFA3E4B236520461BF003FD1BF032FAB1
:101F40004146054630461BF000FD28461BF02EFAA0
:101F5000374B2365374B636520461BF0F2FC07F1D6
:101F6000100130461BF02BFD054600283BD1324BBB
:101F7000236520461BF0E5FC304B23651BF0E1FC9C
:101F80002F4B23651BF0DDFC2E4B23654FF48A732A
:101F900063651BF0D6FC2C4B23651BF0D2FC394645
:101FA00030461BF00CFD0546E8B9284B2365284B4D
:101FB000636520461BF0C5FC1BF0F4F94946054655
:101FC00030461BF0C2FC28461BF0F0F9214B23657C
:101FD000214B636520461BF0B4FC07F10801304635
:101FE0001BF0EDFC0546204600F04CFB2846BDE802
:101FF000F88328461DF0FDFA08B1414643E72B69F6
:10200000002B3FF449AF012105F110001CF066FBE5
:1020100000283FF441AF114DE8E700BF8184E11C87
:1020200083D91C83E11C810182D11C01C814820167
:102030009983D91481E11C018CE11C01811C84016C
:10204000D91C830191D11CE0D814140181CB1481D7
:10205000D11C820181E11C84E214010080B0FFFFE9
:102060002DE9F04788B0904605460F4600F000FB8A
:102070002978DFF854910446FFF71CFD1BF092F914
:1020800004F5807608F11001054630461BF05DFC32
:1020900028461BF08BF940F28313C4F85090204679
:1020A00063651BF04EFC1BF07DF908F10801054645
:1020B00030461BF04AFC28461BF078F94FF0010A25
:1020C000354B23652046C4F854A01BF03AFC07F1B9
:1020D000100130461BF073FC0546002854D12F4BED
:1020E00023654FF48673636520461BF02AFC1BF0C2
:1020F00059F94146054604F588701BF026FC6946EF
:1021000030461BF0E9F928461BF050F9244B2365B3
:10211000244B6365244BA36520461BF012FC234B24
:102120002365234B63651BF00CFC224B2365224B7C
:102130006365C4F858A01BF004FC394630461BF018
:102140003EFC054600BB1D4B23651D4B63652046C9
:102150001BF0F7FB1BF026F96946054630461BF0DD
:10216000B3F928461BF022F9164BC4F8509063656A
:102170004FF48A73A36520461BF0E3FB07F10801C7
:1021800030461BF01CFC0546204600F07BFA284632
:1021900008B0BDE8F08700BF821CC00C91D11CC004
:1021A000C00C81E11C82DC0C81148401E11C81C81B
:1021B0000C0C8101D20C848BD91CE01484E21482B3
:1021C000D11C8301C00C82D38182D11C2DE9F04740
:1021D000A2B00E46054600F04BFA15F8041B044663
:1021E00006F11007FFF766FC1C22002103A825F06A
:1021F000B5FD4FF0010839460AA80DF16809CDF880
:1022000008801BF029FC294612A81BF025FC12AB04
:102210000AAA02A9CDF800902046FFF767FC1BF040
:10222000C1F84946054604F5867904F582701BF02D
:102230004BF906F1080A314648461BF086FB514629
:1022400004F588701BF081FB28461BF0AFF8134B98
:10225000236520461BF075FB114B23651BF071FBBA
:10226000104B23651BF06DFB0F4B23651BF069FBC7
:10227000514604F580701BF0A2FB58B93146484620
:102280001BF09DFB30B9204600F0FCF94146384672
:102290001CF03BF922B0BDE8F08700BF8AD11C01D9
:1022A00081D91C0183D11C0181E11C0110F1860F31
:1022B00006D038B19330044808BF6FF06F00704704
:1022C0006FF07100704700BF009FFFFF70B58CB0CA
:1022D00004460D461646002122220DF10E0025F07F
:1022E0003DFD4FF41053ADF80C302CB323681BB3F5
:1022F00015B39B79022B1AD0042B20D14FF4807395
:10230000206CADF80E304C2198B901201CF059F822
:10231000C0B120640C4B0093206CF3082A4603A93B
:1023200000F09CFD0CB0BDE87040FFF7BFBF8023FC
:10233000E6E703F031F9EDE704480CB070BD6FF04B
:102340007100FAE70248F8E70002C003009FFFFFB0
:10235000809EFFFF10B550B1046844B139B1006CE4
:1023600028B100F0B9FDBDE81040FFF79FBF01485C
:1023700010BD00BF009FFFFF07B578B102686AB1CA
:10238000006C58B151B100230193102201AB00F051
:102390000DFE03B05DF804EBFFF788BF014803B002
:1023A0005DF804FB009FFFFF2DE9F04190B0DDE9EF
:1023B00016870D4614461E4680B379B373B36FB3C8
:1023C0008379022B06D0042B25D06FF0710010B05A
:1023D000BDE8F081802A21D1202200210DEB0200EE
:1023E000069125F0BBFC4FF41053ADF81C3006AB42
:1023F00004931023CDE90273CDE90068084BADF8D2
:102400001E40E208294607A800F0D8FC10B0BDE83D
:10241000F041FFF74BBFB2F5807FDCE70148D6E71C
:102420000002C003009FFFFF012908B50BDC074B2A
:10243000074A00290CBF1146194600F0B3FABDE85F
:1024400008401BF02FBB6FF0730008BD08000002AE
:10245000090000022DE9F74F0F9D0190F520164667
:1024600095F800B0DDF834900F469A4600F024F954
:10247000002304460360082243600E9904F180089B
:102480001BF05BF8294640461AF0E0FF0BF0070B03
:102490002A780BF1010B002302F00702CBF11000A8
:1024A00019462A7028445A4625F058FC294604F15A
:1024B00084001AF0CBFF0523A360109BF34200F0C9
:1024C0008780102B11D086B1C3F11002B24228BF11
:1024D00032460F3339462B44D01911F801CB03F89B
:1024E00001CF8142F9D11744B61A05F1100104F168
:1024F0008C001AF0ABFF5923A3600523A360462389
:10250000A360B6B1002326636363514B23650123A7
:1025100063650F2E53D80023C5E90033C5E90233A4
:10252000FA5CEA5401339E42FAD8294640461AF032
:102530008DFF0023C4F830906363019B002B4AD0C9
:10254000444B2365444B6365444BA365444BE365AF
:10255000012323660026B9F1000F1ED0B9F10F0F39
:102560004BD8C5E90066C5E9026600231AF80320C6
:10257000EA5401339945F9D1294640461AF066FFDD
:10258000294640461AF081FF0C9B33B100230C9979
:10259000EA5CCA5401339945F9D1294640461AF0FC
:1025A00074FF204600F092F8019B002B47D11A4699
:1025B00012998B4245D1002A3DD02C203CE039466F
:1025C00040461AF045FF103E07F11007A1D1B0E7D1
:1025D0004623A360ADE7234B236503F1BC4303F51A
:1025E000262303F64D43636503F12243A3F5C0534D
:1025F000A3651D4BE3651D4BABE7514640461AF002
:1026000027FF0C9BA9F110090AF1100A3BB11946EA
:1026100040461AF03CFF0C9B10330C939BE7294675
:1026200040461AF032FF96E71199EA5CCA5401332A
:10263000129A9342F8D1002003B0BDE8F08F002336
:10264000F6E71198E95CC05C41400A430133AFE70B
:1026500070590546F870455905460348055163FB16
:1026600004480559F803480546FB0448055901008C
:10267000024B03480122C3F8002670470010C843EC
:1026800000000F40094B98420ED003F5806398423A
:1026900009D10122064B03EBC2035A68054B1344D0
:1026A0009B0000221A6070470022F3E700000F40F1
:1026B000B89903008005F210024B03480122C3F8C9
:1026C000002670470010C84300000F40044B98429A
:1026D00003D003F58063984201D1FFF7D3BF704761
:1026E00000000F4070B5114C114E0A25236843F4C9
:1026F000807223F48073226030462360FDF7C4FCAF
:102700000023800A62680AB983420AD1636853B918
:10271000013DEBD1236823F0010323606FF09200A9
:1027200070BD0133EEE70020FAE700BF00D00140A2
:10273000700002002DE9F04F85B0634D0092634AAE
:10274000D2F8C03043F40033C2F8C0302B68DC0745
:1027500081468A4616D500245B4D4E46D046274614
:102760004FF00A0BB8F1000F2BD144B114F1940FC4
:1027700005D042460021484625F0F0FA0027009B8C
:102780001F601AE040F271632B60FFF7ABFF044655
:1027900098B96B68032BFCD9D5F800312B61D5F8BB
:1027A00000316B61D5F80031AB61D5F80031EB61D8
:1027B000FFF798FF04460028CDD0204605B0BDE8BD
:1027C000F08F6C68A40005D02B6B13F45C7F12D1E2
:1027D000002437E03E48FDF757FCC00A844205D18B
:1027E0006B68002BF0D16FF09304C8E76B68002B87
:1027F000F6D10134F2E7D80514D523F480732B63A6
:102800006B6853B9BBF10107EDD04E46D0466FF06F
:1028100093040022BB461746A4E7D5F80031039382
:10282000039BEDE70193FFF75DFF044620B9019B91
:1028300013F41C7FCCD0E5E710F1930F99D010F181
:10284000940FDFD06B686A689B00434528BF4346FE
:10285000B107324634D123F003013144914212D101
:1028600003F0030149B11848D0F80001114402F8FF
:10287000010B8A424FEA1020F9D1FA181E44A8EB46
:1028800003085F46C6E7D5F8000142F8040BE5E708
:10289000DCF8001102F8041C4FEA112E02F803ECD8
:1028A0004FEA114E090E02F802EC02F8011C04383E
:1028B000032802F10402EBD823F003023244CFE7ED
:1028C000DFF804C01846F3E700D0014000400E4096
:1028D000700002002DE9F04788B00746884615468B
:1028E0001E46FFF7C5FE044607F17E400838012862
:1028F00050D80423236000236360E364626822F4F9
:10290000406262606A46236391466363A8F10403F0
:1029100008F11C0853F8041F09BA434542F8041B88
:10292000F8D11AF03FFD4946074604F582701AF0C7
:10293000CBFD38461AF03AFD184B2365109BDFF8A3
:10294000609005EB831704F5D27A1AF02BFD294627
:10295000804650461AF0C8FD403540461AF026FD24
:10296000BD42C4F85090F0D11AF01CFD3146054626
:1029700004F580701AF0B0FD28461AF017FD2046C5
:10298000FFF780FE331F1C3653F8042F12BAB342F0
:102990001A60F9D108B0BDE8F08700BF888AC80185
:1029A000070D810138B50D460446A8B16C220021FF
:1029B00025F0D4F90B4B9D4211D10B4B04F10C02C5
:1029C00003F1200153F8040B42F8040B8B42F9D1B8
:1029D000044B2360002038BD6FF08600FBE76FF0EA
:1029E0008500F8E709000002C89903002DE9F74FB8
:1029F0000E461546044600286FD049B9002A6CD10E
:102A00000268394B9A426BD1002003B0BDE8F08FC9
:102A10000268354B9A4263D1002DF5D0436803F02C
:102A20003F075B19436022BF8368013383604FB95E
:102A30003F2D20D804F12C002A463146384425F099
:102A400098F9E1E7C7F140094D45F3D300F12C08AF
:102A50004A4608EB070025F08CF90122009204F1A8
:102A60000C03403D2068424619463D44FFF732FFC3
:102A70003F2D4E4410D9B3074FEA951210D1009262
:102A800004F10C03206832461946FFF723FF25F0B6
:102A90003F031E4405F03F05002DB5D00027C9E7D0
:102AA000374606EB821804F12C0B04F10C094FF0A9
:102AB000010A5B4607F1400257F8041B43F8041B68
:102AC0009742F9D1CDF800A020684B465A464946B6
:102AD000FFF700FFB845ECD1D9E76FF0860094E727
:102AE0006FF0880091E700BF0900000273B50D4642
:102AF0001E460446002852D05BB9002A4FD12268F6
:102B00002B4B9A420CBF6FF089006FF0880002B027
:102B100070BD0029F1D00168254B994242D11F2A8E
:102B200043D94268D3008DF8073053098DF8063039
:102B3000530B8DF80530530D8DF804308368D900A0
:102B400001EB52718DF8031002F03F025909372A48
:102B50008DF802104FEA53318DF801104FEA5353AC
:102B600094BFC2F13802C2F1780212498DF80030E8
:102B7000FFF73CFF0028CAD1082269462046FFF72C
:102B800035FF0028C3D12023336004F10C032C341B
:102B900053F8042B45F8042BA342F9D1B7E76FF0A3
:102BA0008600B4E76FF08800B1E76FF08900AEE708
:102BB00009000002E99903002DE9F04F91B00546A4
:102BC000BDF870909DF8747092469B460E460029A1
:102BD00000F0BB8001F1FF384FEA1818FFF748FDFD
:102BE00009F1FF330F2B044600F2D880BAF1000F31
:102BF00000F0D480BBF1100F03D0BBF1200F40F0E8
:102C0000CD801AF0CFFB0023236023636363654B01
:102C100023656549029004F184001AF017FCBBF1AA
:102C2000100F14BF102308231A4651462046019363
:102C30001AF083FC5D4B23655D4B63655D4BA365BB
:102C40005D4BE3654FF4C173236623699A07FCD19A
:102C500006F00F03C3F110035FFA83FBBBF1100F03
:102C600004A901D1002E72D104F180001AF00DFCEC
:102C700002981AF09BFB1022002108A825F06EF89C
:102C80004FEA0813A6EB081205EB081108A80293F7
:102C900025F06FF8BBF1100F5CD010ABA3EB0B026B
:102CA0008021BBF1010F02F8101C08D0CBF11100FC
:102CB00008AB0BF1FF320021184425F04FF808AAA9
:102CC00004A80423116850F8046B013B81EA060153
:102CD00042F8041BF6D11AF065FB236B019A0390AE
:102CE00043F0100323635146204604F180081AF094
:102CF00024FC1A9940461AF0ABFB029B2B449A46DF
:102D000004F1A00B40F20516AA452ED108A9584699
:102D10001AF09CFB40F20513236523699B07FCD145
:102D20000CA940461AF0B1FB37B31B984A460CA9D0
:102D300025F01FF8002503981AF038FB2046FFF70E
:102D4000A1FC284611B0BDE8F08F884646E704F1A3
:102D500088008BE7002EB2D15A46314608A824F0ED
:102D6000FDFF80238DF82030A9E7294658461AF048
:102D70006FFB10352665C7E71B9B0CAA994413F817
:102D8000011B12F8010B994581EA000147EA01078E
:102D9000F5D1002FCED06FF09405CCE76FF086050B
:102DA000CFE700BF308201002C9A0300F50536F012
:102DB00024FC31FE36833624FC31FE362DE9F04307
:102DC00089B00E46DDF84080149FDDE9129100289D
:102DD00039D0002E37D0B8F1000F34D0B9F1000F40
:102DE00031D081B37FB30488B4F5105F2ED144880D
:102DF000E408182C2AD0202C01D0102C23D1944286
:102E000021D1154A23F47E1090421FD113F47C1F68
:102E1000C3F3054508BF10258D421AD804AB102214
:102E20000021184624F09AFF0122CDE90252CDE993
:102E300000091199234632464046FFF7BDFE3D602A
:102E400009B0BDE8F0836FF08600F9E76FF0850008
:102E5000F6E76FF08900F3E70002C0032DE9F041C7
:102E6000DDF818800C4617461E46054630B329B3D8
:102E700002B91BBB4C220021284624F06FFF238897
:102E8000B3F5105F09D108F0FE43B3F1407F15D1CF
:102E9000104B28F47E129A4203D06FF08500BDE8F3
:102EA000F0816488C5F80080E208B2426A6205D801
:102EB000182AF2D0202A04D0102A02D06FF08600FF
:102EC000EDE7B242FAD13946281D24F052FF002026
:102ED000E5E700BF0002C0032DE9F74F0D46164697
:102EE000044600285DD051B9002A5AD103682E4A01
:102EF00023F47E13934244D06FF088001DE00368F2
:102F0000294A23F47E139342F6D1002E39D0806CE7
:102F1000E8B1C0F11002B24219D23830204424F096
:102F200028FF04F128020092616A04F13803201D91
:102F30001AF0CCFE20B16FF0920003B0BDE8F08F24
:102F4000A36CA064C3F11002103E15441E4406F1A8
:102F50000F084FEA18182F464FF0010904F1280A0C
:102F600004F1040BC1450ED33544ED1B09D0A06C10
:102F700038302A463946204424F0FBFEA36C2B440B
:102F8000A3640020D9E7CDF800A0616A3B46524611
:102F900058461AF09BFE0028CDD1103709F10109DF
:102FA000E0E76FF08600C8E70002C0037FB51D466A
:102FB00008B301B3FAB1F3B10368154C23F47E16DC
:102FC000A6421BD113F47C1FC3F3054408BF102491
:102FD000944216D80123CDE9024300F12803019160
:102FE0000093436A816C021D3830FFF7E5FD58B944
:102FF0002C6004B070BD6FF08600FAE76FF08800B7
:10300000F7E76FF08900F4E76FF09200F1E700BF97
:103010000002C0037FB5094B6A4603F1100615464E
:1030200018685968144603C40833B3422246F7D1DE
:103030002846FDF721FF002004B070BD3C9A030034
:1030400070B5184B86B001AA03F110061546186832
:103050005968144603C40833B3422246F7D11B888B
:103060002380114BD3F8B420120316D5A3F50043E7
:103070004FF6FF721B88934208BF4FF4A6730B48AC
:10308000ADF80A30FCF766FA2846FDF7BBFA3220A5
:10309000FDF7EEF8002006B070BDD3F8B830C3F3EA
:1030A0000803ECE74C9A03000081E00F00F04902AE
:1030B00007B5084B18680190202301A88DF804304B
:1030C000FDF7E0FA3220FDF7CDF8002003B05DF8FF
:1030D00004FB00BF5E9A030010B50C480C4C6FF067
:1030E0000403A02113F0800F03F1010207D1234450
:1030F000332A83F800131346F4D1002010BD03F0E7
:103100000F03043B034419761346EBE700ED00E0A0
:1031100000E100E010B504461AF044F9024B1C60CF
:103120001AF044F9002010BDA813002010B51AF0C1
:1031300039F9034B1C681AF039F9204610BD00BF5D
:10314000A8130020034B1868002380680222194648
:1031500017F0F4BA240C002030B5144687B00546A9
:1031600010461AF0BCFE636983423CBFD4E90331C8
:103170005B181B1A02467BB10F4903910021CDE970
:103180000131012304940093D4E9001328461AF076
:10319000EAF8002007B030BD0122627694F82D20B5
:1031A000002AF6D084F835301321E3692046984789
:1031B000636A20469847ECE7593101002DE9F04752
:1031C00088B004460F46164698461AF0F2F8814633
:1031D000002E7BD0237E03F0FF02002B00F0A380A3
:1031E00020461AF07CFE6569A84205D1637ED4E9C9
:1031F000033213445D1B01E0F9D9451BB54228BFDA
:1032000035461AF0D6F894F82D308246002B6ED150
:1032100061692A46384624F0ACFD63692B4463613A
:103220002E4621E0037803F0FD0111295CD1216BCA
:10323000814205D1A3F111014B424B4184F8343056
:10324000013E6369216B8B4203F1010308BF2363D5
:103250006361013295426069E4D1D4E90323216BB3
:103260001344994200D12263D4E903236169207A8F
:10327000134499424FF0000508BF62616576FCF780
:1032800043FC20461AF02BFE6369834232D194F846
:103290002D302576E568656103B12563636A2046B4
:1032A0009847224B039300230494029323690193CC
:1032B0000123009363682168207A2A461AF053F8A4
:1032C000207AFCF741FC50461AF079F84846C8F8D5
:1032D00000601AF074F8D8F80030002B0CBF1B20E7
:1032E000002008B0BDE8F08707F8013BA9E72E46AB
:1032F0000022AFE701232376207A0DF11E01FCF7AF
:103300008BFC9DF81E30002BDAD00DF11F01207AC6
:10331000FCF75AFC9DF81F100029D1D1207A2246D3
:10332000FFF71AFFCCE71646D0E700BF593101007E
:10333000002807DB044A4109012300F01F008340F5
:1033400042F82130704700BF00E100E0002808DBB0
:103350004309044900F01F0001226033824041F814
:103360002320704700E100E070B504460568FFF7D0
:10337000DDFE844202D10020FFF7CCFE95F93660D5
:103380003046FFF7E3FF002E0CDB7309194906F006
:103390001F0620330122B24041F82320BFF34F8F94
:1033A000BFF36F8F95F937603046FFF7CFFF002EE0
:1033B0000CDB73090F4906F01F0620330122B240CF
:1033C00041F82320BFF34F8FBFF36F8F287AFCF7AC
:1033D000DBFB287AFCF73CFBFCF718FB0023C4E975
:1033E0000033C4E90433A3602846AB6ABDE87040EB
:1033F000184700BF00E100E02DE9F0430C461546F8
:10340000064687B04022002120461F4624F0A6FC35
:10341000002395E803002A692376EB68E360C4E99A
:1034200004232A7D84F82C20AA7D2363012384F8B9
:10343000343084F835300E9B236284E803000F9B00
:103440006362109B84F82D20E761A3622B7A84F8D5
:1034500036306B7A84F837302D4B73602D4BB36068
:103460002D4B33612D4B346073612D4BF360FCF7B2
:1034700015FB38B12B4B984204D01024204607B0DE
:10348000BDE8F083002104F10800FCF78FFA07463D
:103490000028F2D1244B33624FF00108234B84F80B
:1034A0003C80B361224BF3619DF8483084F83B3097
:1034B0009DF8443084F83A30697D84F8390084F806
:1034C000388020461AF01CFD95F909904846FFF710
:1034D0003DFF4846FFF72CFF164B0494CDE90273DD
:1034E0002369CDE900836368E2682168207A19F0D6
:1034F0003AFF04460028C0D195F908502846FFF746
:1035000025FF2846FFF714FF3046FFF703FEB5E717
:1035100051DF0200BD310100CDDE0200D3DE02002A
:1035200069330100038000F0A7DE020001DF020022
:10353000D9DE0200593101002DE9F04186B01C4668
:10354000524B0C9D0293524B01930126514B009319
:10355000CDE90366504B90460A462946FFF74CFFDB
:103560000746002856D123682B6463686B64637A2E
:1035700085F84930237A85F84830E37A85F84B306E
:10358000A37A85F84A30637B85F84D30237B85F834
:103590004C30E37B85F84F30A37B85F84E303F48B5
:1035A0003146FCF71FFC3E483146FCF71BFC617AB4
:1035B000207A33460422FDF7EDFC33460222E17AFD
:1035C000A07AFDF7E7FC60683146FCF70BFC88F851
:1035D0000070414620681AF067F82268536F43F084
:1035E00003035367936F617C23F4F85323F01F03A5
:1035F00043EA0123A17C0B4393670323536785F8B8
:10360000507098F81920202A28D007D8E2B1102A43
:1036100038D02327384606B0BDE8F081302AF8D1EB
:1036200085F8503002220023617B207BFDF7B2FC3D
:103630002368E27CDA675A6E42F004025A665A6FD7
:1036400042F010025A6766B92A6C2068D36C43F0C6
:103650000403D36405211AF020F8DBE7022385F880
:103660005030E17BA07B00230422FDF793FC23680C
:10367000217DDA6F42EA0122DA675A6F42F02002B6
:103680005A67E1E733463E46CAE700BF7DE00200E5
:1036900071E0020009E10200FDE002004041050086
:1036A00000350A00BFF35F8F074B5A6A22F480325D
:1036B0005A62D3F8942022F00102C3F89420BFF399
:1036C0004F8FBFF36F8F704700ED00E0F0B5374DBF
:1036D00037493848002387B0CDE90333FFF7E2FFCD
:1036E0002C68354B4FF00052C3F89840661CC3F865
:1036F0009C208142314AC3F8A0202E6041D005AB06
:10370000019304AB0A1A009303AB1AF053FDDDE9F1
:103710000372059BDFF8A8E0072BA2EB01024FF034
:1037200001018CBF4FEAD30C4FF0200CB2FBFCF22E
:1037300001FA02F2013AD2B2AEEB070EC01BB3FAA5
:1037400083F3BEFBFCFEB0FBFCF08E44814002FA2A
:103750000EF20139C3F11E0311435B0001F0FF01BA
:1037600003F03E0343EA0123134A43F0407343F05E
:1037700001130234C2F89860C2F89C70C2F8A030FD
:103780002C60BFF35F8F0C4B0522C3F894205A6A5C
:1037900042F480325A62BFF34F8FBFF36F8FBFF393
:1037A0004F8FBFF36F8F07B0F0BD00BFAC13002089
:1037B000A00E0020880E002000ED00E0390001136B
:1037C0009F0E0020BFF34F8F0549064BCA6802F4D5
:1037D000E0621343CB60BFF34F8F00BFFDE700BF34
:1037E00000ED00E00400FA05054B1A782AB95B7871
:1037F000002B0CBF0320022070470120704700BF40
:10380000BC2000200329F8B598BF134B054698BF8C
:103810005C5C0E4688BF0024032805D8DFE800F072
:1038200002080B0E44F002040C4B1F684FB9F8BDA0
:1038300044F00804F8E744F02004F5E744F080047D
:10384000F2E77B681A68144203D05B683146284669
:1038500098473F68EAE700BF629A0300DC13002044
:1038600038B5104D2B78ABB10F4C23781BB11AF043
:10387000D3FC0023237000201AF0CFFC0B4C50B176
:1038800000F0DEFA002320782B700121FFF7BAFF49
:103890000123237038BD064B01221A70054B227894
:1038A0001A70F7E7B8200020B6200020BE200020C4
:1038B000B9200020BA20002010B519F073FD064B86
:1038C0001B7804461BB1BDE8104019F06FBDFFF72F
:1038D000C7FF2046F7E700BFB5200020094A13784C
:1038E00030B101331370084B1B78012B03D870479C
:1038F000013B13707047054B1B780BB9FFF7B0BF46
:10390000704700BFBC200020BE200020B92000204E
:1039100070B5144E19F046FD33780546ABB900F08A
:10392000CBFB044620B1284619F040FD204670BD6F
:10393000AFF300800C4819F0A7FC00F0C5FE0B4B5C
:103940001C6000F085FC0A4B186000F0EFF91AF0DB
:1039500066FC084B1860012328463370002419F0D8
:1039600025FDE3E7BF200020DC130020B01300207A
:10397000D8130020B41300202DE9F843284A013859
:10398000135C39B1274F397801330129135404D816
:10399000BDE8F883013B1354FAE7FFF725FF012840
:1039A000044635D8DFF8888019F0FCFC98F8003020
:1039B000054613B31C4E33781BB9012232701B4AE3
:1039C0001370DFF8709099F8003023B11AF024FCDE
:1039D000002389F80030284619F0E8FC01201AF08D
:1039E0001CFC19F0DFFC337805461BB100F028FA07
:1039F00000233370002388F80030284619F0D6FCE5
:103A000038788442C4D02146FFF7FCFE3C70BFE703
:103A10000329F5D10228F3D100F05EFAF0E700BFE8
:103A2000BC200020BE200020B5200020B9200020AE
:103A3000B8200020B620002038B519F0B3FC094B9F
:103A40001B78012B054604D819F0B0FC0024204651
:103A500038BD054B1C6800F031FA0444284619F0C3
:103A6000A5FCF4E7BE200020B013002038B541606B
:103A7000044619F097FC21460546044819F007FC56
:103A80002846BDE8384019F091BC00BFDC13002087
:103A9000054B1B68584300F57420044B00F23F208F
:103AA000B0FBF3F0704700BFD813002040420F0076
:103AB0002DE9FF47EFF3108772B6AFF3008019F0DE
:103AC0006AFA002871D0714EDFF8E481337823B1AF
:103AD0000020FFF703FF00233370FFF785FE044645
:103AE000002869D0841EE4B2012C6CD9FFF77CFE5B
:103AF0000128674CDFF8BC91054600F28E802078E3
:103B0000A84205D099F80030002B00F0B280257053
:103B1000207800F0BDF999F8003013B15D4B1B78A7
:103B20002370AFF3008007B962B6EFF3108772B667
:103B3000594B1A7852B100221A70564B20781B78D4
:103B4000984203D101212170FFF75CFE534800F039
:103B5000EDFA19F02FFA05460028B7D1DFF85881A1
:103B600098F80030A3B189F80000DFF8409199F887
:103B700000301BB11AF050FB89F8005000201AF0F9
:103B80004CFB002879D000F05BF9002388F8003066
:103B9000337823B10020FFF7A1FE00233370207893
:103BA0000021FFF72FFE00232370AFF3008007B939
:103BB00062B604B0BDE8F0873378002B96D0FFF7EB
:103BC0008DFE347092E703A9002000F0FDFA044650
:103BD00000288BD1D8F80030039A9A4205D80120EA
:103BE000FFF77CFE0123337080E72D4B1D6800F04A
:103BF00065F9039B05449D42F1D200F083F98200F0
:103C00000399264842F0020292B2CDE900422346CF
:103C1000244A491B1AF00AFB68E7DFF89CA09AF8CF
:103C20000030CBB91AF0F5FA2078854203D099F824
:103C30000030D3B125709AF80030002B7FF468AFC4
:103C4000194B1B7823B91AF0E6FA184B01221A70A7
:103C500001238AF800305BE7207885423FF458AFB3
:103C600099F80030002B7FF452AF2946FFF7CAFDC8
:103C7000E0E72946FFF7C6FD49E7012000F008F913
:103C800007B962B6EFF3108772B677E7B720002066
:103C9000BE200020BA200020B3200020B81300204E
:103CA000B0130020B9380100BB200020B62000204E
:103CB000B4130020B9200020B820002010B519F05E
:103CC00071FB054B00221C781A7019F06FFB00F095
:103CD00015FC2043C0B210BDB420002073B5114EB6
:103CE0003378834204460ED000230F4DADF80430E4
:103CF00058B101A8FCF702FE1E20FFF7C9FE2B6891
:103D00001B1A2B60347002B070BD022301A88DF81D
:103D10000530FCF7F3FD1E20FFF7BAFE2B680344C5
:103D2000EFE700BF6B0E0020E413002073B52D4CAD
:103D3000002501A8636A636A8DF80450FCF7ECFE65
:103D40002846FFF7CBFFD4F8903003F00403AB42D2
:103D5000254B14BF01222A461A70D4F89030234C08
:103D6000C3F30033237005D04FF41670FFF790FEB5
:103D70001F4B186023781F4DEBB11120FCF784F91D
:103D80001849D1F80031C3F3042303FB000292B1B8
:103D90004C6C194EC4F30B44002301341946501ED9
:103DA00004EB8404E4FB060115F072FCFFF770FEDF
:103DB0002B6803442B60114B1B680120C3F30323C2
:103DC0009840C0F1010000EB80006430FFF760FE16
:103DD0002B6803442B60034BD3F89020084B1A60E8
:103DE00002B070BD00400E40C2200020C020002064
:103DF000EC130020E413002040420F000020044098
:103E0000E013002008B50B4B1B7893B1022000F0A3
:103E100027FC70B100F008FA58B1002201210220FD
:103E2000FCF7C6FA1AF086FA034B1860034B01221E
:103E30001A7008BDC2200020E8130020C120002015
:103E400038B50E4C0E4D23782BB92B781BB11AF0D8
:103E500071FA0C4B186019F006FC2B786BB10A4A0A
:103E6000D2F890301B07FBD51AF064FA054B1B689B
:103E7000C01A064B18600023237038BDC1200020F3
:103E8000C2200020E813002000400E40EC13002068
:103E900002280AD003280BD001280CD1064A136946
:103EA00023F00403136130BF70470020FCF738BDD6
:103EB0000020FCF76BBD704700ED00E0044B1B6871
:103EC0000BB103EBD303034A10681844704700BFDB
:103ED000EC130020E4130020084B45F60E02D3F843
:103EE0008011C3F88021064A126802F4A0721A6693
:103EF000CA0744BF0022C3F88021704700400E402B
:103F0000E0130020014B1878704700BFC22000204A
:103F100038B500F043FB094C094B1A6823680025AB
:103F2000C31A2AB123B15169994203D3C91A516105
:103F3000206038BD55615B1A9268F2E7F4130020E7
:103F4000F8130020C38870B504460D463BB9FFF74F
:103F500073FD8542064602D21AF04FF935460E49E6
:103F600065610B688BB90C60A3600DE0AD1A9A68AF
:103F7000656118466AB113465A69AA42F6D930B14A
:103F80008460521BA3605A6170BD0020F4E70C608E
:103F9000F7E79C60A260F7E7F813002038B5134DEF
:103FA0002B685B6993B1124A146802201C4400F02C
:103FB00029FB204600F0F8FA0E492A6800230B700E
:103FC000D088800709D501230B7038BD022000F08E
:103FD00019FB022000F03CFBEEE79268002AF4D0C7
:103FE00050690344012BEBD9EFE700BFF813002021
:103FF000F4130020C420002070B516469DF814204C
:104000000271049A0260C0E903360022BDF818303C
:10401000826004460D46C380EEB900F0BFFA284422
:10402000A0619DB12E4619F0BDF90546FFF770FF5E
:1040300031462046FFF786FF104B1B68A34201D193
:10404000FFF7ACFF284619F0B1F902E0E3686561BB
:104050007BB9002070BD00F0A1FA3044A061002DB2
:10406000E0D1E3686561002BDDD0216820469847E8
:10407000D9E7216820469847EBE700BFF8130020F6
:104080000C490B6800227BB183420AD183687AB164
:10409000936083681BB15A6941690A445A610020E0
:1040A00070471A469B68EEE70028EFD00220704761
:1040B0000B60EEE7F813002070B5154E19F079F992
:1040C00034780546FCB9134B1C60134B1C60134B32
:1040D0001C8000F01FFA012000F094FA00F0E8FACA
:1040E0000F4B0246186020B9284619F068F92320C2
:1040F00070BD23460B4840F2E73115F0C9FA0A4B70
:10410000186001233370284619F059F90020EFE7B1
:10411000C5200020F8130020F41300204C200020BC
:10412000FC13002018FCFFFFF013002070B50446BC
:1041300040B319F037F9144E0546FFF7E9FE306831
:10414000A04209D02046FFF79BFF0446B0B12846A5
:1041500019F02CF9204670BDFFF792FF04460028A5
:10416000F5D133683BB9022000F05AFA284619F01D
:104170001DF90024EEE7FFF711FFF7E73368002B86
:10418000F4D1F0E72224E5E7F813002038B50C4617
:104190000546A8B1A1B100230B7019F00AF9094B2B
:1041A0001B68012133B919F00AF9002038BD9D427E
:1041B00004D121702278002AF9D0F4E79B68F1E756
:1041C0002220F3E7F8130020F8B506460F4619F051
:1041D000F0F8134B1B680446002523B9204619F05C
:1041E000EEF81B2011E05A691544DA88B2420DD16D
:1041F0000C4E00F0D3F93368C01AA8420AD300234A
:1042000020463B6019F0DBF80020F8BDFF2EEFD010
:104210009B68E2E700F0C2F933682B441B1AEFE712
:10422000F8130020F413002008B5074B187848B1A4
:104230001AF080F8054B1B689B69C01A02288CBFD6
:104240000020012008BD00BFC4200020F81300207A
:10425000014B1868704700BFFC13002038B5074BAE
:104260001D680446002140F2E7304FF47A720023C3
:10427000E5FB040115F00CFA38BD00BFFC1300206B
:1042800000B58DB001238DF80F30FFF7E7FF002355
:10429000CDE900330146074A0DF10F0304A81AF0D7
:1042A00000F818B99DF80F30002BFBD10DB05DF868
:1042B00004FB00BF27E20200F8B50C4B1B688342E9
:1042C00005460E460FD30A4B00241F6840F2E73024
:1042D00021464FF47A720023E5FB070115F0D8F967
:1042E00030602046F8BD2120FCE700BFF01300201D
:1042F000FC1300202DE9F04186B0984600230D46BE
:1043000017468DF81330064680B30DF11301FFF701
:104310003DFF9DF813305BBB05A92846FFF7CCFF96
:104320000446F8B9134B18684FF47A720023A5FBC2
:10433000000115F0ADF9C2F57A7189B2B1F57A7F55
:10434000BDF83430F48308BF0021B183059A02938D
:104350009DF830301146CDE9008330463B46FFF7EB
:104360004BFE0446204606B0BDE8F0812224F9E762
:104370000224F7E7FC130020014B1868704700BFC8
:10438000F01300200F4B1A6810B59AB1531E4FF46A
:104390007A711342A0FB01010ED1B2FA82F2C2F18E
:1043A0001F04531CE040D24301FA03F3184321FADF
:1043B00002F20243104610BD002315F069F90246CF
:1043C000F8E700BFFC130020C2072DE9F8430446BC
:1043D0000BD5474A138801339BB21380FFF798FD32
:1043E000444B1B680BB1FFF7D9FDA3077DD518F02F
:1043F000E0FF0546FFF78CFD4FF000083D4F4646B5
:104400003C680CB163698BB13B4B0022012E1A70E2
:1044100003D118F0020F18BF1E70002C61D0FFF7F7
:10442000BDFD2846BDE8F84318F0C9BF23465A69C8
:104430003AB91A792179914288BF1C469B68002BB2
:10444000F5D1284618F0BBFF2569DDB100F0A6F8CC
:10445000A269A0EB02084FEAE873A84573F10003D4
:1044600011DB23691344A361E368B4F806800136C5
:1044700013B121682046984718F09BFF0546FFF7C7
:1044800047FDBDE7A84618F094FF81462046FFF798
:10449000F7FD484618F093FF2369002BE4D0A38B67
:1044A000B5EB080533B1E28B13449BB2B3F57A7FC9
:1044B0000FD2E38318F07DFF294680462046FFF7A0
:1044C00041FDA36922691344A361404618F077FFB8
:1044D000CAE7A3F57A73E383A369013B013DA361B6
:1044E000E8E7022000F09CF89BE7BDE8F88300BFF6
:1044F0004C200020F8130020C320002010B518F035
:1045000058FF034B1C7818F05AFF204610BD00BF1F
:10451000C320002010B51D4B86B01868596803AA47
:1045200003C2197AD3F8090011700190B3F80D2075
:104530001748DB7BADF8082001218DF80A300024F4
:10454000FBF750FC03A88DF80C408DF81040FDF7E8
:10455000C3F801A901208DF80440FDF79DF80D4A2C
:10456000536A23F4FF6323F00703536240F2FF739F
:10457000136201209460FDF7A9F8074B4FF08042C9
:10458000C3F880211A6006B010BD00BF669A030010
:10459000A00914000020044000E100E0014B9868ED
:1045A000704700BF0020044010B5044618F0FAFE22
:1045B000124A9368516D9269520704D4CA1A032AA9
:1045C00001D899420DD1E21A022A98BFDC1C0B4B8C
:1045D000B4F1FF3F38BF013C5C655A6A42F0040207
:1045E0005A6218F0E3FE064A137833B103490B6DA3
:1045F00043F002030B650023137010BD002004403C
:104600006C0E00208207054A00F00103516A48BF82
:1046100043F004030B435362704700BF0020044083
:10462000820700F0010309D5074A012111700749EB
:104630000A6D22F0030243F004030A6503494A6A43
:1046400022EA03034B6270476C0E002000200440F6
:10465000830742BF014B0422DA6170470020044007
:10466000064B01289B6904D0022805D1C3F38000C2
:10467000704703F00100704700207047002004409D
:1046800010B518F096FE094A93690446590703F0DD
:10469000010003F0070348BF40F002001362FFF778
:1046A00093FE2046BDE8104018F089BE002004406B
:1046B0000148FBF7E9BC00BFA00914000148FBF763
:1046C000C5BD00BF050024000A4BD3F8883003F0B5
:1046D0000703013B012B10B50BD818F063FE012135
:1046E00004460220FFF748F92046BDE8104018F0C4
:1046F0005DBE10BD00400E4010B50446FAF712FF33
:104700000B4BA0F57A729A4210D84FF47A735C433F
:10471000B0FBF3F0074BB3FBF0F3B4FBF3F003286B
:1047200004D9BDE810408008F7F7F2B810BD00BF0B
:10473000FFC99A3B40420F004FF0005302221A601B
:10474000BFF34F8F0549064BCA6802F4E06213437A
:10475000CB60BFF34F8F00BFFDE700BF00ED00E06F
:104760000400FA05024A0349034807F031B800BFC4
:10477000789A03009C9A0300F49A0300044B1B6888
:10478000584043085B4240421843C017704700BF7F
:1047900000140020F8B50E46C9880546144619F0E5
:1047A00040FE0746D0B92046FFF7E8FF104B3168BE
:1047B0001A68B5F90430424023EA0203B6F904202E
:1047C000024013430446AB80F2880346286800F099
:1047D0000DFAF388E888E443834201D33846F8BDF4
:1047E000296851F82320224041F823200133F3E7C0
:1047F000001400202DE9F04F99B083460F4618466B
:1048000000211646049319F069FF002800F0878103
:10481000784B14930024012515AB0499139330466B
:10482000CDE90B45CDE90D45CDE90F45CDE9114564
:1048300019F0DDFEA04228DABBF1000F05D1E7B97F
:104840000024204619B0BDE8F08F2146584619F0E3
:104850005CFE04460028F2D00BA819F0D4FD0DA888
:1048600019F0D1FD0FA819F0CEFD11A819F0CBFD5C
:104870000C2115A800F090FEE3E73146384619F008
:104880000FFE04460028E7D1DAE731460BA819F0FD
:1048900007FE04460028DFD104990DA819F000FE98
:1048A00004460028D8D1F188ADF8385002310FA85D
:1048B000ADF8305019F0B5FD04460028CCD10146C2
:1048C0000FA819F022FE04460028C5D1F18811A8CE
:1048D000023119F0A6FD04460028BDD10DA819F03B
:1048E00040FE00F01F001F2873D0C0F11F031946BF
:1048F0000BA8019319F055FE04460028ACD101998C
:104900000DA819F04EFE04460028A5D1BDF832507E
:10491000BDF83A80A5EB080A4FEA4A1949460DA8A6
:1049200019F03FFE0446002896D14FEA8A0A0DA9E5
:104930000BA819F08BFE00284DDA49460DA819F096
:104940004DFE0446002887D108F1FF3302939B00F7
:1049500005F1FF3A069305F1804508F18043023BDB
:10496000013D9B00A5EB08050993AB000393029B57
:104970009A4541D8BBF1000F0DD00FA9584619F048
:104980008FFD002840F0C780049AB388928813FBFB
:1049900002F3ABF80430002F3FF45EAF01990BA88F
:1049A00019F01CFE002840F0B680B388ADF8303016
:1049B0000BA9384619F074FD0146002840F0AD807F
:1049C000384619F08BFE00287FF446AF0123BB80E8
:1049D00042E701949AE70F9A52F80A300BA9013383
:1049E00042F80A3008460DAA19F05EFF0446002876
:1049F0009DD031E7010003000D9B069A05931344F7
:104A0000DDF82C900893059B59F82A109A580F9DB1
:104A10004FEA8A08A8F104030793039B91421D44BF
:104A200074D20798002359F8000014F031FE0029D1
:104A300014BF4FF0FF330346BAF1010F2B6016BFCE
:104A400009EB0803002353F8083C1593079B099AC8
:104A500059F80330169359F8083017932B6801332F
:104A60002B60059B134498462B68013B2B6000216B
:104A700011A819F04AFD00284DD1029B002B48D007
:104A8000D8F80020119B1A60089A12685A6011A980
:104A90002A68084619F091FF00283CD113A911A8F3
:104AA00019F0D4FD0028DFDC2A680DA911A819F03F
:104AB00084FF80BB039B4FEAC308414611A819F04D
:104AC00070FD40BB0BA9084611AA19F0EDFE014686
:104AD00018BB0BA819F002FE002812DA0DA911A8C4
:104AE00019F0DEFCB8B9414611A819F05AFD90B989
:104AF0000BA911AA084619F0D4FE60B92B68013B36
:104B00002B60039B0AF1FF3A043B2FE74FF0FF3382
:104B100092E7029AB6E704469EE60C469CE66FF0E2
:104B20000B048EE6044B1B68584043085B4240422E
:104B30001843C017704700BF0014002010B50B4C7D
:104B4000226823684240594081EA0200C00FFFF703
:104B5000E9FF2368521A434022EA03020840104347
:104B6000BDE81040C00FFFF7DDBF00BF00140020FC
:104B7000F8B50D46014628681746FFF7DFFF084BDA
:104B80001E68C1430124BC4202D346EA0100F8BDBD
:104B900055F82400FFF7C6FF01340643F3E700BFD2
:104BA00000140020104B2DE9F0471E688846196854
:104BB0001D680746541E631C02D13046BDE8F087CD
:104BC00058F824A057F8249050464946FFF7B6FFFE
:104BD000514605434846FFF7B1FF20EA05031E434F
:104BE0000543013CE7E700BF001400208842F0B510
:104BF00004D0094F04380025AA4200D1F0BD3E6818
:104C000050F8044F5E4024EA060451F825601E4027
:104C1000344304600135EFE7001400202DE9F04F24
:104C200085B0DFF8889003911C4606462146104661
:104C3000D9F80030D9F8003019F040FFC51D272DF4
:104C40004FEAD50325F00705904602938CBF4FF03D
:104C50001E0A4FF0FA0A2D1A0F9B0093029A0E9B20
:104C6000214630461AF027F90746C0B92A462146A0
:104C7000304619F09CFFBAF1010A14D022463146A1
:104C80000398FFF775FF2246834641463046FFF7FB
:104C900089FFD9F800200BEA00039A42DCD038469D
:104CA00005B0BDE8F08F6FF00D07F8E700140020A5
:104CB000044B0246586800B9704719789142FBD0FE
:104CC0000833F7E7249B030010B50446A8B1006C35
:104CD00010B14C211AF0EEFDE06B40B12368074A99
:104CE000DB79C3F3840352F823305B69984720468D
:104CF0004821BDE8104000F04FBC10BD140B00204F
:104D000038B505460C4681B14822002123F026F82B
:104D1000E379084AC3F3840352F823301B699847A8
:104D2000E86320B12C60002038BD0348FCE703484D
:104D3000FAE700BF140B0020009FFFFF809EFFFFDB
:104D4000F0B58BB0044604A817461E460D461AF06F
:104D5000D7FB00230293119B0193109B00932046E5
:104D60003B46324604A900F01BFB044640B904A8A8
:104D70001AF03FFC50B904A9284619F091FB0446EB
:104D800004A81AF0ECFB20460BB0F0BD004CF7E78E
:104D900080B0FFFF70B50C460646114620461A4605
:104DA00019F09EFD0546A0B9B36C33B9321D2146FA
:104DB0002046BDE8704019F031BEB4F90430002B34
:104DC00009DB204619F0CDFBF36BB0EB430F09D99B
:104DD000184D284670BD0146204619F07FFC00287A
:104DE000EFD0F5E7B36C2046984705460028F0D190
:104DF0000436B4F90430002B04DA0021204619F0FF
:104E00006DFC68B93146204619F020FC0028E0DB33
:104E100032462146204619F0C2FC0028F2D006E0B6
:104E200032462146204619F03CFD0028E1D00546D7
:104E3000CFE700BF80B0FFFF38B50D460446002124
:104E400005F1100019F04AFC50B1204618F022FE7E
:104E500028B129462046BDE83840FDF7B7B90148DA
:104E600038BD00BF80B1FFFF2DE9FF410E4605466A
:104E7000012106F1100019F031FC044650B9284612
:104E80001AF035FB01287AD12146304619F026FC6C
:104E9000002801DA3B4C6EE006F108082146404646
:104EA00019F01CFC0028F5DB2F1D3946304619F09F
:104EB000CDFB0028EEDA3946404619F0C7FB002842
:104EC000E8DA684619F09AFA02A819F097FA434608
:104ED000424669462846FFF75DFF0446002844D154
:104EE0003346324602A92846FFF754FF04460028FD
:104EF0003BD1EB687BBB02A90322084619F0D8FC22
:104F0000044690BBBDF90C30002B04DA002102A846
:104F100019F0E4FBC8B902AA334611462846FFF748
:104F200039FF044608BB02AA05F1140311462846BE
:104F30001AF072FA0446C0B902A9684619F086FB55
:104F4000104B041E18BF1C460FE002A93A46084643
:104F500019F0A7FCD4E702AA05F10C031146284674
:104F60001AF05AFA04460028D5D0684619F04BFAD0
:104F700002A819F048FA204604B0BDE8F081024CBE
:104F8000F9E700BF80B3FFFF80B0FFFF38B50546EB
:104F90001AF0ADFA01280C4601460DD1204619F051
:104FA0009DFB002806DB05F13401204619F04EFB7D
:104FB000002803DB024838BD0248FCE70020FAE77E
:104FC00080B3FFFF80B0FFFF2DE9F04FB5B005467D
:104FD00001919246994618F05DFD0290A0B12846D5
:104FE00018F05DFD044658B951462846FFF7CEFF3C
:104FF000044628B949462846FFF736FF044698B1CB
:10500000284618F04EFD81E151462846FFF7BEFFC5
:105010000446002840F07A8149462846FFF724FFDD
:105020000446002840F0728128461AF060FA0128F0
:1050300040F0AD812B6C1821013302204FEA530858
:1050400019F0BFF90646002800F09F8106F1180705
:105050001AF056FA38461AF053FA002413AB18190E
:10506000083419F0CBF9202CF8D1494630461AF013
:10507000AAFA0446002841D18346D84520D13946B2
:105080002846FFF7D9FE0446C0BB284618F002FDAB
:1050900030B33B46324639462846FCF7E9FE044623
:1050A00060BB39462846FFF7C7FE044630BB06F111
:1050B000100019F0A8F906F1280019F0A4F91DE074
:1050C0000123BBFBF8F103FA01F2D2B2182308FB6B
:1050D00011B103FB026929B1284618F0DBFC50BB73
:1050E000AC4C0BE002F0FE0101EB520106EBC101FA
:1050F00048461AF068FA04460028EDD04FF000093F
:1051000013AB03EB090009F1080919F07CF9B9F1B7
:10511000200FF5D1D4B1AB6D9E4208D030461AF0C5
:105120001EFA38461AF01BFA304619F05AF901985F
:105130001AF015FAE6E04A4649462846FCF790FF81
:1051400004460028DAD10BF1010B96E705A819F007
:1051500055F905F1340B0BA819F050F921465846C2
:1051600019F0EFF9012840F0D8802146504619F097
:10517000E8F95146814605A819F092F9044630B184
:105180000BA819F040F905A819F03DF9C3E75246FC
:1051900059460BA819F088FB04460028F0D1B9FA4B
:1051A00089F94FEA59194A460BA905A8FFF7F2FAFF
:1051B00004460028E4D1014608F1010213A80DF1CC
:1051C0004C0B22F0CBFDA2465B46D045039300F08A
:1051D000A180514605A819F0B4F9039B1C7808EB8F
:1051E0000A01044305A819F0ACF9E4B2039B44EAB0
:1051F000400403F8014B0AF1010AE6E79BF80100BD
:105200009BF8003080EA020C6FEA0C0101F001010A
:1052100013FB01F3104003EA0C0283EA0C030BF8C2
:10522000013F1BF8013C43EAC11302430BF8013C68
:105230000134A245E2D20BA819F0E5F805A819F04F
:10524000E2F805A81AF05CF900240BAB1819083431
:1052500019F0D4F8202CF8D10AF1D0036B4401994D
:1052600013F8843C324628461AF000F9044648B93F
:105270003E9B002B00F08480284618F00BFC002891
:105280004DD1444C05A81AF0E3F84FF000080BABE1
:1052900003EB080008F1080819F0B5F8B8F1200F81
:1052A000F5D1002C7FF437AF01994A4628461AF011
:1052B0008FF8044600287FF42EAF3E9B73B128463A
:1052C00018F0E8FB00285ED0DDE93E23019928466E
:1052D000FCF71CFD044600287FF41DAF0199284609
:1052E000FFF7AAFDAB6D9E42044608D030461AF087
:1052F00036F938461AF033F9304619F072F8002CB6
:105300007FF415AF029B002B7FF47AAE204635B0B8
:10531000BDE8F08F002201248BE71F4CFBE6DDE99E
:105320003E2301992846FCF7F1FC48B30446A9E75F
:1053300028460AF1FF3A18F0ADFB0028A1D0019AE7
:1053400028461146FCF78CFE0028EFD118F80A30E9
:10535000324605A928461AF089F80028E6D12846E1
:1053600018F098FB00288CD0019A05AB114628460E
:10537000FCF77EFD0028D9D1BAF1000FD8D181E722
:105380000DF14C08F8E7034CC5E6044CCFE6024C9F
:10539000B8E700BF80B1FFFF80B0FFFF80B2FFFF22
:1053A00030B4DDE9024524B1CDE9024530BCFFF758
:1053B0000BBE014830BC704780B0FFFF73B5054697
:1053C0001E461AF094F801280C4601460ED11346E9
:1053D000009605F13402204619F052FB044B10F1FF
:1053E0000E0F18BF0346184602B070BD014BFAE716
:1053F00000B3FFFF80B0FFFF38B504460D461AF03A
:10540000B2F820461AF08AF8032D257023D1144BE8
:10541000144AA3606260A361134AA3632362A36278
:10542000124B62616362124A62634FF00113114AC8
:105430002363114BE362E261201D19F092F8E063EF
:1054400004F1340019F08DF820640020C4E916003E
:105450000123636438BD002308482370FAE700BFC6
:1054600001000800189C0300F89B0300B89B030090
:10547000989B0300D89B03001C0B002080B1FFFF0A
:1054800037B504460025294645612822183022F008
:1054900065FC204625611AF0D8F9012300930449E0
:1054A00020232A4620461AF03BF903B030BD00BF46
:1054B0000BDB02000928024818BF0020704700BF1C
:1054C000389C030070B50D461646044608B91148CD
:1054D00070BD0029FBD00023C0E9023301600B78C6
:1054E000092BF4D16C21012018F06BFFA06008B9E2
:1054F0000948EDE718F0F2FA0EB90020E8E7A978BC
:10550000022018F05EFFE0600028F6D120461AF075
:10551000A0F9EDE700AFFFFF80AEFFFF40B10368E9
:1055200033B11B78092B03D180680021FCF77CBFC5
:105530000048704700AFFFFF38B103682BB11B78FC
:10554000092B02D1806818F0CDBA0148704700BF1E
:1055500000AFFFFF38B103682BB11B78092B02D1D4
:10556000806818F0C6BA0148704700BF00AFFFFF5F
:1055700010B40446084611461A463CB12378092B5C
:1055800004D15DF8044B00231AF09EB901485DF880
:10559000044B704700AFFFFF10B50A46044619B12F
:1055A000024B00211B68984710BD00BF200B002054
:1055B000F7B51646174A05460C46106851686B4603
:1055C00003C395F82A3008336B4413F8087CAB8D7D
:1055D000DA0609D433462246394628461AF0D1F96C
:1055E00000F5FA7003B0F0BD204623F0A5FAAB8DAC
:1055F00000F10A049B074FEAC40405D0304623F0AB
:105600009BFA04F50C740444781EE823584304FB09
:105610000700E5E73B9C0300174B10B51C68902280
:1056200002FB00440021204622F098FB134B1B682C
:10563000DB78637604F1080000211BF09CFA4FF43C
:105640000063E3842385072384F82A301323A3858A
:10565000236AFF2243F0130384F82420236284F892
:105660005420074B074A2046C4E91C32C4E92032C3
:10567000BDE810401AF0B0B904140020D81500207D
:10568000D6BE898E55555500F0B5104B1E6893F85F
:1056900004C0024635464FF0FF3400239C4508DC29
:1056A00091B1631C10D0902303FB046080F8242088
:1056B000F0BD95F8247097422846F9D0FF2F08BF17
:1056C0001C4690350133E9E70020F1E7041400207F
:1056D00070B5244D0446002842D0083001F016FD74
:1056E0000026FF2384F8243004F14000E66123F013
:1056F0009EF904F1440023F09AF904F1480023F0E4
:1057000096F904F14C0023F092F904F1500023F0D3
:105710008EF92868144B201A00115843C0B21AF0B1
:1057200027F9014630461AF01EF9E06E10B100F07C
:1057300039FEE666606E18B11AF02DF90023636633
:10574000A06E1AF024F90023A36670BD286806FB3A
:105750000400FFF7BDFF01342B79A342F6DCF4E728
:105760009026F9E704140020398EE338F7B5044693
:105770001CF0B7FEC0F30F23542B3ED9AA2B34BF25
:1057800001230223C0B27E288CBF02220122032102
:105790008DF804301344B3FBF1F000EB40001B1A0A
:1057A0008DF805301344B3FBF1F202EB42029B1A71
:1057B00013498DF8063000234B7501AF18461D467E
:1057C0001A4617F8016B44FA06FC1CF0010F06D0CC
:1057D00053009E4030430132C0B2D2B201230135A2
:1057E000EDB2032DEDD103B148754B7D43EA821331
:1057F0004B75FF230B7503B0F0BD0023C2E700BF5C
:1058000004140020064B1B68D97ADA78437E5B1AB1
:105810009342A8BFDAB2427600211AF019B900BF4C
:10582000D8150020B0F862302BB9836813F4601FDC
:1058300008BFA0F8623011B1012911D07047436947
:10584000417E23F010034361064B1A68D37A9278A5
:105850000B449342D8BFDAB2427601211AF0F8B86D
:10586000FFF7D0BFD81500202DE9F041344E8AB0A3
:1058700000253379AB4203DC01200AB0BDE8F0819A
:105880003468902303FB054494F82430FF2B0DD09B
:10589000236A980106D504F15008404623F044F9E4
:1058A000074628B9226A12F0A06F1ED10135E0E741
:1058B000BB790C333B4408A99A7AD8681B8AADF8A7
:1058C0002430C2F3801200238DF81F2008901A465E
:1058D0000DF11F001AF066F89DF81F2094F82410AF
:1058E00008AB38461BF0DAF9D7E7A38D1D2B18D18A
:1058F0003C23FF210020CDE90431CDE90200CDE9B0
:10590000000004F12E03C2F3802201211BF0A1FC50
:105910000028B2D04FF0A06104F120001AF001F885
:10592000C4E712F0807F94F8393094F824004FF0E7
:1059300000020CBF3C2143211BF031FBE8E700BF14
:10594000041400202DE9F0411F46C36904460D46AA
:1059500016468BB169B917F02CFD29460646A06E94
:105960001AF011F8204629461AF05BF8304617F075
:1059700026FD0020BDE8F0810029FAD0036A03F07B
:105980001203022B00F0BA80236ADD0700F1BE800B
:1059900094F82430FE2B0CD104F1550001F0D6FE12
:1059A00001F0CCFE28B14FF4800104F1200019F081
:1059B000B0FF256A614B2B40B3F5807F00F0B980C2
:1059C000A8052FD5C5F3802504F12E0800224146F5
:1059D000284619F0EDFF002184F8540019F0F9FF72
:1059E00041460022284619F0E8FFA18D20B194F924
:1059F0005400002880F296804FF4007104F12000DA
:105A000019F08FFFA28D02F00302012A0AD141464C
:105A1000284619F0D2FF28B14FF4006104F12000AC
:105A200019F077FF236AD90600F18180D4E91012BA
:105A30002046FFF7BDFD012F0ED0E28C40F271230E
:105A40005A43904208D9228D5A43904273D800F5A8
:105A50001C70B0FBF3F0E084394BE361002384F861
:105A60003930236AB4F86250E16884F8387023F45E
:105A70008032226221613DB913F0100F0CBFC8259E
:105A80003C25257605F2B3154EB1238D40F27121E8
:105A9000C3EB06134B4342F48032E3632262236A72
:105AA00043F400232362274B1B68DB78637617F0EF
:105AB00080FC636943F010030746636104F108004A
:105AC00029461BF058F8012003F0A2FB28B96369AE
:105AD0001A075CBF43F00403636126B11CF03DFD6F
:105AE000E36B0344E363204603F09CFB384617F066
:105AF00066FCA06E012119F046FF3AE7406C23F0E6
:105B00001BF800287FF440AF0C2033E7E36E002B36
:105B10007FF43EAF00F0F0FBE06600287FF438AF82
:105B2000092027E701F0010119F053FF6AE7064B4E
:105B300093E712201EE745201CE700BF000140004C
:105B40004BF90200D8150020815C010070B50A4DA8
:105B5000002490262B79A34200DC70BD286806FB48
:105B6000040090F82430FF2B04D000231A46194675
:105B7000FFF7E8FE0134EDE7041400202DE9F04FB3
:105B800091F806B08DB00BF10C0B04460E4601EBFC
:105B90000B0501220AA90DF1270019F014FF824616
:105BA00068B19DF827100AAF384600F023FC60B1B9
:105BB000304616F0E9FD00200DB0BDE8F08FA97A5F
:105BC00005F10C07C1F38011EEE7E36EE06695F88E
:105BD00007900793236A298956F80BB0484603F0CB
:105BE000100804F077FD8344B8F1000F39D1A9F112
:105BF0000303012B94BF032302235B0040F27122B5
:105C000002FB03B21D4B1B685B79637605F1180339
:105C1000BAF1000F27D09DF8271094F824E0B8F1CE
:105C2000000F24D0A87A4FF0010CC0F3401095F972
:105C30000550CDE902E0CDE90071CDE904C5079832
:105C4000012100F04DFCB8F1000F05D01CF02CFC38
:105C50000121204619F0E5FE304616F095FD0120A1
:105C6000AAE70123C9E7A97AC1F38011D5E794F81F
:105C70008FC001200CF00F0CD9E700BFD815002011
:105C8000012810B50C461CD0022822D030BB084693
:105C90001AF01FF9E38C228D94F82A00D21AE368D7
:105CA00003F59C5340F27121083301FB0233236159
:105CB000FFF75CFD0A4B20469968BDE8104003F0F1
:105CC000E3BC03F0F1FB844208D1BDE810401CF0B6
:105CD000EBBBBDE810400846FFF794BD10BD00BF08
:105CE0000414002038B50A4D0020FFF7F1FCAB6822
:105CF00013B100221A60DA801BF052F800242B79CD
:105D0000A34200DC38BD2046FFF786FC0134F6E7ED
:105D10000414002070B52A4C0546A06818B116F08E
:105D200033FD0023A360FFF7DDFF002019F024FE00
:105D300055B9032025712560E58216F071FC2079A4
:105D400019F01AFE28B970BD022023F035F8A060C2
:105D500048B9A06800252571256060BB002019F0B6
:105D60000BFE0720EFE70026032025712660E68260
:105D700016F056FCB542E2DD05EBC50109013346DC
:105D800089B20122032016F0FDFB06460028E0D16F
:105D9000032016F075FC20600028DAD090226A43B8
:105DA000314621F0DBFF2379B342C8DD3046FFF7EF
:105DB00033FC0136F7E716F0E7FCA560CEE700BF3D
:105DC0000414002030B5174B826A1B6812065979FB
:105DD00025D51C79028F436B1203B2FBF3F2631AD1
:105DE000B2FBF3F2B0F89C3003B1013BD0F8A05005
:105DF00005B15B101B02B3FBF2F35B180BD090F8FC
:105E000095200F2A07D91209B3EB820F4FEA8201BE
:105E1000ACBF5B1A00239C42A8BF1C46E1B241768E
:105E200030BD00BFD8150020084B9A7E82420AD9A7
:105E30001B684FF4A47202FB0030836A13F0100F4A
:105E400008BF002070470020704700BF1C140020CE
:105E5000084A09491368C31AD810002B01FB00F047
:105E600005DB937E8342D8BF4FF0FF3070474FF081
:105E7000FF3070471C140020199C8FC170B5044678
:105E80000E4617F096FA3146054604F130001AF036
:105E900064F82046FFF7DCFF0121814005481AF035
:105EA0005CF84FF4807005F099FE2846BDE870401C
:105EB00017F085BA40140020F329F8B5744E044653
:105EC0000D4626D1338D6BB9A36813F4601F00F023
:105ED000BB80238F626BF32D4FEA0313B3FBF2F306
:105EE0009FB22DD120461AF0DAF8B4F89C70002F3A
:105EF00040F0B380A36A13F0800F0CBF3E23082349
:105F000084F877302046FFF75DFFF32D36D101206E
:105F100057E07369590640F18F80836A1A0740F190
:105F20008B803369436000F140011BF06EFB338DC1
:105F3000002BC9D0238F626B1B01B3FBF2F39FB21E
:105F4000618FB4F89C209BB25B1A9A427EDC736925
:105F500094F836019B074CBF002102211CF07BFB0B
:105F6000726940F202239343BCD1A4F89C7020468E
:105F70001AF096F82046FFF725FF0127A36A1807B5
:105F8000C5D5628F002AC2D013F4C05FBFD1726939
:105F900012F00C0FBBD140F202239343B7D1D4F8D7
:105FA000A430002BB3D1A18F20461BF0DDFC0028CC
:105FB00055DD638F0133984251DC0128A7D00138A9
:105FC00080B2236BA4F87C00590409D54FF48041BA
:105FD00004F1300019F0C9FF00212046FFF74EFF01
:105FE000B4F87C20A38F94F870101344A387B4F8FE
:105FF0009C309B1AA4F89C3094F86F3002FB01335C
:106000002522B3FBF2F102FB113384F86F304FBB52
:10601000A36A1A0702D41F4B1B6898472046082121
:106020001BF05CFB20460221FFF728FF20460121E0
:10603000BDE8F84003F046B9318D238F626B00292B
:106040003FF442AF1B0178E7338542E7737F002BB3
:1060500086D094F83601032180E7012752E7608F4C
:106060000130ADE7204619F077FCA18F20461BF0E8
:1060700005FBA36A1B07054602D4064B1B6898471D
:10608000002DCBD02046BDE8F8401AF0AFB800BFD5
:106090001C14002050140020074B002210B55A7722
:1060A000202204465A6119F0A4FF84F836012046E4
:1060B0001AF000F910BD00BF1C140020012810B513
:1060C0000C462AD0022830D000283DD191F89530D6
:1060D00060F3071381F895300846FFF7DDFFA36AE8
:1060E0001B07204616D503F063FD042001F0C4FB16
:1060F00050B3164A937F3BB3D37F0133DBB2D377E0
:1061000092F821209A421FD8BDE810404FF08060DD
:1061100005F064BD03F020FFE7E703F0C5F9844212
:1061200012D1BDE8104003F037BD91F89530C3F3AC
:106130000312013262F3071381F895302046F321F0
:10614000BDE81040FFF7B8BE10BD00BF1C14002012
:1061500010B501F0F1FB124BFB2210F0020F1A7781
:106160000CBF012203224107197E48BF42F00402FE
:1061700062F3030119761A7EC2F3030161F3071279
:106180001A764FF441710022DA76DA8319845A6262
:106190001A611A85034BBDE810401B68184700BF01
:1061A0001C140020481400202DE9F8434B4C0546F0
:1061B000A06818B116F0E8FA0023A360022016F0D8
:1061C0002FFA5FFA85F8002019F0D4FB404619F049
:1061D0002CFF0646002867D1404619F031FF0746DC
:1061E000002861D1002D74D005EB850105EBC101BC
:1061F000C90089B233460122022016F0C3F90028F3
:106200004FD102204FF4A47984F81A8016F038FA9E
:1062100009FB05F73A463146206021F09FFD2368CF
:10622000324603EB0901681E824232DB002DA7F5DE
:10623000A472D8BF0022002199502846636019F04B
:1062400099FB88BB404619F0E2FE68BB404619F056
:10625000E4FE074640BB002D16DD022022F0ACFD17
:106260000223A060C3718379C3F102020C33D2B25E
:106270003946184421F072FDA3689A79134401212C
:106280001A7B61F301021A73FFF762FF3046BDE823
:10629000F88309FB02FC013243F80C1001F5A471EC
:1062A000C2E7C4E90077A7760020002519F0BDFEFB
:1062B000002019F0C5FE2846C4E90055A57619F05E
:1062C000A6FE284619F056FB022016F0A9F907266B
:1062D000DCE7A57625602B46AFE700BF1C14002045
:1062E000014B987E704700BF1C140020014BD87EE4
:1062F000704700BF1C140020F8B5284D17F059F85E
:106300006C681CB917F05BF82046F8BD23686B6019
:10631000EB7E4FF4A4760133EB76012717F04FF8AC
:1063200032460021204621F019FD04F12800676162
:10633000402119F012FE2B8BA4F8443194F8373128
:10634000A4F8866067F3030384F837314FF6FF73D0
:10635000A4F87A302B7F84F8423144F29023A4F8D9
:10636000403194F88530072262F3030384F88530C6
:106370000B4BC4F8883003F1CE5303F59813C4F8DF
:106380008C3041F61B33A4F890301B2384F89230F4
:10639000002104F108001AF0EEFBB5E71C14002000
:1063A0004801480170B5044619F0FCFE04F10800EC
:1063B00000F0ACFE0D4B20461B6800269847C4E950
:1063C0000A6616F0F6FF4FF4A472054631462046E1
:1063D00021F0C4FC064B5A682260DA7E5C60013A08
:1063E000DA762846BDE8704016F0E9BF4C1400206C
:1063F0001C1400202DE9F04106464FF480400F4662
:1064000001F03AFA044630B90E4B1D6893F81A8031
:106410007135A04502D80020BDE8F08155F8493C0F
:10642000DA0609D5C3F38003BB4205D1062229460B
:10643000304621F069FC18B1013405F5A475E8E790
:106440000B20E9E71C14002008B5B0F894305A1C62
:1064500062F30B03A0F89430042001F00DFA70B140
:10646000074A937F0133DBB2937792F820209A4258
:1064700005D8BDE808404FF0806005F0AFBB08BD0F
:106480001C14002038B58B790B4405469B7D03F026
:106490000303032B0C4609D101212C3019F05DFDBB
:1064A0004FF4006105F1280019F057FD0548A5607B
:1064B000214622F0A3FBBDE838404FF0005005F024
:1064C0008DBB00BF28140020014B1877704700BF18
:1064D0001C140020014B187F704700BF1C140020C3
:1064E0002DE9F74F1D4616469DF8383080F89B3051
:1064F0002A469DF83C8052F8103BC0F828310446EB
:106500000F4600F14401B8F1000018BF0120DDF88A
:1065100030A09DF840909DF834B005F05DF820461D
:106520001BF0D5F8204619F08DFD1CF09AF849466D
:106530000246204619F080FDC8230DF106012046D1
:10654000ADF8063019F06BFD47F6FF73A4F8303153
:10655000AB88A4F82C31AB7984F82E31DAF800300E
:10656000C4F87130BAF80430A4F8753004F1280A80
:10657000BBF1000F03D00421504619F0EEFCB8F136
:10658000000F04D04FF40051504619F0E6FC4FF4D0
:10659000607001F071F9C0F3C018C3054FEA8818A4
:1065A00048BF48F08008810548BF48F4807816F05D
:1065B00000FF4FF482618346504619F0CEFC4146FD
:1065C00004F12C0019F0C9FC584616F0F8FEBB1E69
:1065D000012B7AD84FF40021504619F0BEFC01215E
:1065E0002046FFF74BFC042120461BF077F86B7D1B
:1065F000C3F3040384F870306A8952006263697BD4
:106600002A7B42EA01226287E97BAA7B42EA0122D5
:1066100022876A7D84F86F30C2F3421284F83E20EC
:1066200000220523A2870122A4F87C20A4F89C3034
:106630009DF94410204619F00AFD01F077F920F485
:106640000060C4E908012046FFF7BCFB3B4A3C4B15
:10665000B2F8288007F0FD07B8F1000F68D1002FCD
:1066600038D16660E36140F2C7182046166119F020
:1066700085FCB9F1010FE0600AD094F8373169F375
:10668000030384F8373109F00F01204619F08AFE20
:1066900004F1080041461AF06EFA012002F0B8FD3C
:1066A00028B963691A075CBF43F0040363616B890F
:1066B00040F27121013B5943204619F07EFC2046EF
:1066C00002F0B0FD03B0BDE8F08F012F87D140F29A
:1066D000014185E7E3614FF4D7782B8940F27127B8
:1066E0005B0007FB0366666040F6080104F14006A4
:1066F000504619F032FC314620461AF086FF2B89AD
:1067000001335B0031467B4304F13402204601F043
:1067100021F9EB795B0031467B43012220461AF0D8
:106720007AFF236C20469E0819F028FC3044A0E72D
:106730006660E361002FD0D197E700BF1C140020F2
:10674000BD60010070B51D46C36A1B0704461646AE
:1067500013D408212C3025F4105519F0FEFB25F038
:106760001005064B2D0433402D0CC4E90835204696
:106770004021BDE87040FFF781BB70BD2FCF87F788
:106780002DE9F04F85B004460191084689B34B7955
:106790009A071FD422F0D0F9019D70B96B79DB07FD
:1067A00005D54FF4803104F1280019F0D6FB01A87B
:1067B00022F03DF905B0BDE8F08FA36ADF0309D5EB
:1067C0004FF4803104F1280019F0CFFB6B7943F0CE
:1067D00001036B71019E16F0ECFD737931469E0743
:1067E00005461ED504F1AC0022F017FA284616F033
:1067F000E6FDDFF8909116F0DCFDA36ADD050746A3
:1068000014D5D4F8AC3043B19A7913441B7B392B9F
:1068100003D829FA03F3D80711D4384616F0CFFD70
:10682000C8E704F1A80022F0E9F9DFE794F946315E
:10683000022BF2DCD4E92A2372B9002BEDD004F14B
:10684000AC0022F012F90546384616F0B8FD29468C
:10685000204619F055FFCEE7002BF0D194F8928036
:10686000039304F1A80BD4F8A86096F807A0B379B5
:10687000AAEB030A5FFA8AFAC24527DC584622F0DF
:1068800053F9A8EB0A0805466B796FF3C3036B71E4
:10689000294603A822F0B2F9D4F8A8302BB15B79CD
:1068A000990702D1B8F1000FDDD1039B002BB4D0C2
:1068B0009B79022B40D8002022F07EFA014670BB63
:1068C000039904F1A80022F0A8F9A6E7002022F01D
:1068D00073FA054630B9039904F1A80022F09DF936
:1068E00003959AE78079B1790C300C3142463144F6
:1068F000284421F03EFAEB7953FA88F3EB71B3792F
:10690000727953FA88F3B3716B7962F300036B7198
:1069100073796FF3000373714FF00008B4E7039BC2
:106920004A79587960F300024A715A796FF300028C
:106930005A7103A822F06CF9E36A9A0512D50398FC
:10694000034600680028FBD1DB79C3F14503DBB2C5
:10695000032B07D822F030FA01460028B0D003A854
:1069600022F04CF9D4F8A83013B15B79DB0704D5D9
:10697000039A537943F008035371384616F01FFD0C
:10698000039965E77C2C020070B5036B990786B00C
:10699000044601D519F006FC236BDA0733D5A66A45
:1069A000330723D516F4002F14BF032501252046F5
:1069B000FFF74EFA94F89B3005930023049394F864
:1069C0003E300393238F0293638F0193636BC3F372
:1069D0004F030093C6F3800204F17103294680B28D
:1069E0001AF037FC30B9002006B070BDB50C05F0C8
:1069F0000205DCE7012104F1300019F0B6FA4FF48A
:106A0000005119F0AAFA236B980410D52046FFF71D
:106A10001FFAA16AC0B2C1F340311AF058F9002838
:106A2000E1D04FF4005104F1300019F09EFA236BCD
:106A3000D90409D500212046FFF7A2FE4FF480516A
:106A400004F1300019F091FA236B5A0512D5204653
:106A5000FFF7FEF994F89B500023C2B2194628466E
:106A60001AF09DFA0028BED04FF4806104F1300086
:106A700019F07BFA236B5B0711D52046FFF7E8F985
:106A8000616B238F628FC1F34F0180B21AF0C1FB9B
:106A90000028A8D0042104F1300019F066FA236B15
:106AA0001E0709D520461BF0A5F900289BD0082118
:106AB00004F1300019F059FA236BDD0618D5204691
:106AC000FFF7C6F9E16A11F4805180B200F0C58089
:106AD00000211AF033FC002885D04FF4805104F1D6
:106AE0002C0019F042FA102104F1300019F03DFA9F
:106AF000236B580615D52046FFF7AAF994F877308E
:106B00000093D4E9082380B21AF0FBFB00283FF47D
:106B10006AAF002384F87730402104F1300019F087
:106B200024FA236B190516D52046FFF791F90023A7
:106B30000093B4F89830B4F8962094F89A1080B284
:106B40001AF078F800283FF44EAF4FF4006104F1DA
:106B5000300019F00AFA236B13F4804532D19A05FC
:106B600016D52046FFF774F994F8371194F877207A
:106B700001F00F0180B200F03FFD00283FF433AF79
:106B800084F877504FF4007104F1300019F0EDF9FA
:106B9000236B1B0616D52046FFF75AF9B4F88C3044
:106BA000009394F89130B4F88A2094F8901080B251
:106BB0001AF0F6FB00283FF416AF802104F13000F4
:106BC00019F0D3F9236B9E0612D52046FFF740F942
:106BD00094F8771080B21AF0C8FB00283FF403AF96
:106BE000002384F87730202104F1300019F0BDF93A
:106BF000236BDD0508D504F130004FF4807119F0E6
:106C0000B4F920461AF033FF236B180408D504F1B9
:106C100030004FF4004119F0A8F9204619F0BEFBEE
:106C2000236BD90308D504F130004FF4803119F0FB
:106C30009CF9204619F0FBF9236B9A0308D504F15F
:106C400030004FF4003119F090F9204619F0FDF9A9
:106C5000236B9B0704D40120C6E61AF086FB3AE7B3
:106C600000221146204619F0EEF9204619F0EDF900
:106C70002046FFF7EDF894F8771080B21AF02BFC5D
:106C800000283FF4B0AE022104F1300019F06DF994
:106C90002046FFF787FB024B1B689847DBE700BFE6
:106CA00048140020134AF8B5002302F1240151E8EA
:106CB000004F41E80035002DF7D1012734B9BDB1AF
:106CC0000D48294619F049F92046F8BD94FAA4F078
:106CD000B0FA80F007FA00F624EA0604FFF7A4F8F9
:106CE0000028EBD0FFF750FE0028E7D13543E5E759
:106CF0000120EAE71C140020401400202DE9F74F82
:106D000004460190002860D0C579314F0C35054408
:106D100016F04FFB4FF000080090464640464FF4F7
:106D2000A47ABA7E5FFA88F94A4517D93A680AFB0D
:106D300009FB5A44916ACB0644D5B2F89420C2F3B9
:106D40000B02002A3ED0E279C2F14502D2B2032AF8
:106D500015D8022022F030F8044640B900230098EC
:106D6000FB8316F02CFB304603B0BDE8F08F0146E4
:106D700001A821F043FFE5790C35254400200422C9
:106D8000012312FB0033002105F82090E9543B68F1
:106D90005B4402FB005CB3F894308CF802300323B0
:106DA00012FB00320136A9543B685B440130B3F852
:106DB000942061F30B02A3F89420E3790433E37188
:106DC000C0B2F6B208F10108ABE70646CBE700BF58
:106DD0001C140020F7B5684604F0F2FB134E0025A2
:106DE0004FF4A477B37EAB4201DC03B0F0BD34684E
:106DF00007FB0544A36A03F01803102B13D10522E7
:106E0000694604F1450020F07FFF60B10121204672
:106E10001AF04EFE38B9012021F0CEFF014610B124
:106E2000204601F067F90135DCE700BF1C140020A3
:106E30002DE9F74F16F0BDFA424BDA6800920022B6
:106E4000DA6016F0BCFA009B13B903B0BDE8F08F0E
:106E5000684621F00AFE82798768019002F10C04ED
:106E600004440146A07A10F0200F14BF0320022032
:106E70000A3202448A71FA6A52050FD5E07AA27A80
:106E800042EA0022384619F029FE38B901A821F05B
:106E9000CEFD3D21384619F013FDD4E7BA6A94F8C7
:106EA0000AB0019912F400720BF0030013D003280A
:106EB0008A79EBD10A44127B392AE7D8224B23FA8C
:106EC00002F2D307E2D54A7942F002024A7138460B
:106ED00000F018FEB7E70328F5D0487962F34100C7
:106EE0004871084694F8069094F905A021F024FE14
:106EF000019DAC79063CE4B20646AC713846FEF71B
:106F0000A7FF0C3405EB04080BF0030BC0F30323BD
:106F100043EA0B13F6B288F8033088F80200A8F8A9
:106F200004602B4605F804A088F801905A796FF3A5
:106F300041025A711B68002BF8D1284619F0DEFE79
:106F400081E700BF1C1400207C2C020030B5D36800
:106F5000C4688BB01BBA0D46C1780293002361F35D
:106F60000703817861F30F23417861F31743916838
:106F700009BA0391816809BA07915168126809BA80
:106F800012BA049105920178426861F31F6312BA44
:106F9000CDE9082324BA069406AC00942346802247
:106FA00002A9012016F00EFE0028F6D1DDE9081036
:106FB000DDE9063200BA09BA12BA1BBA2860696064
:106FC000AA60EB600BB030BDF8B5094F044600264F
:106FD0000CB90748F8BDA179E5796D1AEDB20C310D
:106FE0002144B8192A4620F0C4FE2E442468EFE755
:106FF00058140020F8B5094F0446002604B9F8BD1E
:10700000A079E5792D1AEDB20C30B91920442A4641
:1070100020F0AFFE2E442468F0E700BF5814002093
:10702000104B1A7842F0F0021A701A7C42F0F0020B
:107030001A7493F8202042F0F00283F8202093F88D
:10704000302042F0F00283F8302093F8402042F0E4
:10705000F00283F8402093F8502042F0F00283F8C9
:1070600050207047681500200368054A23F07F63AD
:1070700023F4002302EAC14213430360704700BFB8
:107080000000F80FF8B544881E4E04F00704072CE2
:10709000054628D116F08DF90022110106EB0217E2
:1070A000735C1B090F2B0AD00132062AF5D1164A50
:1070B00013880133138016F082F91920F8BD2B686C
:1070C0007B801123735494B216F079F91BF045FAC2
:1070D00006EB0413D8602B6823F4E02343EA04434F
:1070E0002B600020EAE72301F15CC1F303120132B7
:1070F00002F00F02052A28BF002262F30711F154A3
:10710000E4E700BF681500204E20002038B5448811
:1071100004F00704072C05460FD016F04AF92401A5
:10712000064A135D43F0F00313552B6843F4E02344
:107130002B60BDE8384016F042B938BD6815002014
:107140002DE9F047458805F00705072D07468946D4
:1071500037D01D4C4FEA051804EB051A14F80860E7
:107160001BF0FBF93609DAF80C3006EBC50604EB28
:107170004606C01A708014F8083003F00F02042A83
:107180009EBF013262F3030304F80830B9F1030F24
:1071900014D114F8081004EB0514A01C01F00F0121
:1071A0001BF066F8044616F004F93A68074B1340E2
:1071B00023433B60BDE8F04716F001B94FF6FF747A
:1071C000F1E7BDE8F08700BF681500200000FF7FF1
:1071D000064A9268824208B507D0427922F003023B
:1071E00042F00302427104F061FD08BDC8150020A1
:1071F00010B5064C204621F01AFC201D21F017FC8A
:1072000004F10800BDE8104021F011BCC8150020B1
:1072100010B5022021F0D0FD034C6060022021F067
:10722000CBFDA06010BD00BFC815002008B5FFF75A
:10723000DFFF034B0022DA60BDE80840FFF7E8BF3C
:10724000C8150020014B5868704700BFC8150020C2
:10725000014B9868704700BFC815002038B50C4C2A
:10726000E3681BB1E36898470023E36023686BB1D0
:10727000074821F0FAFB054640B123681BB14FF0E7
:10728000004004F0ABFC28461AF03EF938BD00BFC0
:10729000C815002010B5064CE0604FF0004004F027
:1072A0009DFCE3681BB1E36898470023E36010BDD1
:1072B000C815002038B58379034404465B7B13F07E
:1072C000300F437923F0030308BF43F001034371F8
:1072D00016F06FF821460546054821F08FFC4FF067
:1072E000004004F07BFC2846BDE8384016F067B843
:1072F000C8150020F7B5144F7C68A3790C331C44E3
:1073000000F01AFB6679E6B116F0020519D136EAEB
:10731000000016D1E378B4F80920B4F80710A0797A
:1073200001962479009401F003FB002808BF0C2586
:10733000B8682A4642F2410103B0BDE8F04019F0B6
:1073400071BC1125F4E700BFC815002010B50D4C25
:10735000626893790C331A441179D078B2F8073007
:10736000B2F80520003918BF0121003818BF0120EC
:1073700001F0DAFD42F242010246A068BDE8104089
:1073800019F050BCC815002010B5084C606883790E
:1073900018440F3000F09EF90023A0681A46BDE89B
:1073A00010404FF6284119F0FBBB00BFC815002064
:1073B000242816D80F2805D802280CD8B0FA80F057
:1073C00040097047084B103880B2C34003F00103F6
:1073D00083F0010070470538012894BF0020012088
:1073E00070470120704700BF2D2011002DE9F04F9C
:1073F00095B0FFF727FF86790C3642F2360330F856
:1074000006809845054600EB06040ED1FFF71AFFEB
:10741000022121F0E3FAA3787F220233A370AA5558
:1074200000232022627023776377E0780121FEF742
:107430002BF900230646002800F0D780CDE912334F
:10744000237A8DF84A30E37A8DF84E30A388E288AB
:10745000ADF8482013F01000B4F80920ADF84C2026
:1074600003F0050306D093B1E37D012B51D0002535
:10747000122614E07BB3E37D657E012B37D16B1EB2
:10748000DBB2022B09D800F057FA012338E04FF4A1
:107490008043DDE91212914220D900251126FFF721
:1074A000D7FE012332464146ACB219F079FB002DDC
:1074B000CCBF0534053C24B2002E40F099800A234D
:1074C00094FBF3F4E4B2FFF7C3FEC3791844C4722B
:1074D00015B0BDE8F08F4FF6FF73DAE71F29DCD94E
:1074E0009A42DAD8E37D657E0028BED1C5E7032B3A
:1074F000D3D16B1EDBB2022BCFD800F01DFA0423D0
:107500000342CAD0032D08BF04252840C0B200287A
:10751000C3D0E07818F033FA20B1A088FFF748FF15
:107520000028A4D0334A237F1278002A54D0042B99
:107530009DD8637F042B9AD8A388DB0653D41BF015
:1075400090F80121C822084003F0B0FE94F91630EB
:10755000B4F804E0677EE18894F80C9094F815A0E4
:1075600094F818B003EB8303B0EB430F4FEA4302E8
:10757000637B0F93A37B109304F10F031193637F3D
:107580000546E07DC8BF15B2B4F809200C93237FEF
:107590000B93E37E032808BF0420032F08BF0427B2
:1075A000003B18BF01230A93A37ECDF80C90CDE9D0
:1075B0000873119B02931FFA85FC109B0193CDE980
:1075C000060BCDE904AC0F9B009330465FFA8EF3B7
:1075D00018F091FA064662E7002B7FF45EAF637FF6
:1075E000002BA9D059E70020ABE70546072656E750
:1075F000002468E7C6200020F8B5074601200D46A4
:10760000164621F0D9FB0446C0B106220C2119F020
:10761000DAFA691EA379C9B2032998BF084A03F1AF
:107620000C03234498BF525C9F8088BF00222046F1
:10763000DE70DA719A71FFF7CBFD0120F8BD00BF53
:10764000439C0300F8B5FFF7FDFD83791844B0F8BB
:107650000F60B0B2FEF7E8FB0446C0B119F00AF8BB
:107660000138C0B2032814D80B4B1C5C0027FFF76D
:10767000EFFD054604233A4642F2300119F090FA34
:10768000AB790C33E818C68004724472F8BD022747
:10769000EDE700242746EAE7439C03000B4610B5BC
:1076A0000649074C0622002808BF2146184620F04C
:1076B0002BFBB0FA80F0400910BD00BFC8200020AD
:1076C000CE200020024B1A6802609B88838070479E
:1076D000CE20002013B50D4C28B1036823608388A9
:1076E000A38002B010BDFAF733F8CDE900019DF890
:1076F0000230A370BDF80530BDF80020A4F80330B7
:107700009DF8073022806371EBE700BFCE20002098
:1077100010B5044615F04DFE064B22681A60A2888B
:107720009A80054A137843F00103137015F047FE61
:10773000012010BDC8200020C7200020024B18786F
:10774000003818BF01207047C7200020024B1A687C
:1077500002609B8883807047C8200020024B186914
:1077600008B104F03BBA7047A80E002010B53D4A9E
:10777000002302F1100151E8001F02F1100C4CE847
:107780000034002CF5D140EA0104A10201D501F03A
:10779000B5FD220101D503F0CBFA002C01DAFFF789
:1077A0005DFD630001D501F063FBA00001D5FFF78B
:1077B0003FFBE10007D5FEF757F820B92A484FF004
:1077C000805119F0F5FE620107D519F01EF820B9B5
:1077D00025484FF0806119F0EBFEA30105D51AF0A2
:1077E00039FFFFF7F7FA18F0CFF8E00108D518F0E5
:1077F00012FC072804D11C484FF0807119F0D8FE04
:10780000610201D518F0BAF8220201D518F0AAF8E1
:10781000E30207D518F0FDFB20B913484FF480119F
:1078200019F0C6FEA00507D500F03AF920B90E48B8
:107830004FF4007119F0BCFEE10507D5FFF732FAED
:1078400020B909484FF4807119F0B2FE620503D5E2
:1078500019F0A4F919F0A3F9230501D519F0B0FE28
:1078600010BD00BFA80E0020B80E00200146014840
:1078700019F09EBEA80E0020014B1B6818407047EF
:10788000A80E0020044B10B5D3E9064204430A4376
:10789000C3E9064210BD00BFA80E002070B51E4D02
:1078A0002B68002B044603DAFFF7C0FC002031E010
:1078B0001A4E4CF20C000021FFF7E4FF0023336066
:1078C00024B163682B60A36803B133604FF00040BC
:1078D000FFF7CCFF33680BB9114B3360114B1248E3
:1078E000AB6000232B7314F08BFFFFF799FB20464E
:1078F000F4F766F870B92CB1B4F90E10B4F90C00B5
:1079000002F016FF1AF0B1FE03F02CFE03F0B2FDF8
:107910000028C9D070BD00BFA80E0020D8150020D7
:107920006D0E00205D770100AC0E0020014BD3E905
:1079300006017047A80E0020054B9B69DA054CBF75
:10794000032001201B0548BF40F00400704700BF22
:10795000A80E0020F8B517461C4606460D4603F053
:1079600085FB1C4BBA7A53F8222053F820301A4476
:10797000194B9C4224D9194B9C4214D9184B93FBA8
:10798000F2F3002BB8BF0333013C9A1004EBA304BD
:10799000B4FBF2F371682A68A1EB930102EB430296
:1079A00071602A60F8BD0F4B0F49A3FB04435B09CC
:1079B00002FB03F303F6C313A1FB0313DB0AE9E79E
:1079C00002FB04F303F57433084A8F33A2FB03234D
:1079D0001B0CDFE7989C03004C62100013666606E0
:1079E00040420F001F85EB515917B7D183DE1B436F
:1079F000024B1A6802601860704700BFE015002053
:107A0000024B00221A6000F0FBB900BFE015002015
:107A10002DE9F843064618F063FB0446002835D0EC
:107A200045784DB915F0C5FC237863701B4B1B6876
:107A30006360257015F0C3FC4FF00108677837B913
:107A400023781BB34FF4007004F0C8F81EE097FAD7
:107A5000A7F5B5FA85F508FA05F55FFA85F96368C3
:107A600033B90E4B27EA050565701B686360E5E7CF
:107A70009B681BB963681B686360F0E74946304642
:107A80009847012805D163681B6863600120BDE841
:107A9000F8830228EED10020F9E700BFE0150020AE
:107AA00070B50E4E0025FEF71BFCA84201D8012040
:107AB00012E03068FEF7B8F950B93468FEF710FCF0
:107AC0000134B4FBF0F303FB104434600135EAE702
:107AD000FFF79EFF0028F0D170BD00BFDC1500202D
:107AE00010B58379034404461B7B392B96BF044AA7
:107AF000FF21D15C20F072FFA0790C30204410BD32
:107B0000479C03002DE9F34105460C46019118F00E
:107B1000D7FA830605D501A820F089FF02B0BDE899
:107B2000F081019FBE790C36BB5D392B18D8164AFF
:107B300012F80380B8F1FF0F12D0384620F0FCFF96
:107B4000013840450CD1114B1E6896B9A3792344E6
:107B500021461A7B284602B0BDE8F04119F020BE4C
:107B6000019820F064FFBA5D0199284619F018FECB
:107B7000D4E773680BB93668E7E72146284698478B
:107B80000028F8D0CAE700BF479C0300E01500209A
:107B900037B504460D46202118F094FA29462046B0
:107BA00018F0FDFA2146012019F0A1FE214600201F
:107BB00019F09DFE0120044A00900023214619F08F
:107BC00027FE03B030BD00BF7916030073B50C4625
:107BD0001646054619F0FDFF80F001002946C0B2A7
:107BE00018F065FAC368012C9A7907D0324621460D
:107BF000284602B0BDE8704019F0F1BF13441022CE
:107C0000DB8A00922946034A002019F001FE204633
:107C100002B070BDDF1B030037B504461AF019F837
:107C20000321204618F06CFA00250346044A00950B
:107C30002146012019F0ECFD284603B030BD00BFFD
:107C4000C51A03002DE9F347074602200E4621F02E
:107C5000B3F80546002846D0B3790C3333440021ED
:107C6000B3F80480B3F806A0B3F8089019F04EFDFD
:107C70002846FFF735FF02210446384618F040FA3F
:107C8000A4F804806081A4F806A0A4F808901AF073
:107C900028FC08F10108B0FBF8F303FB18000223ED
:107CA00060806370AB79B371EA79F27103F10C0013
:107CB000D21AD2B22918304420F05BF8394601209C
:107CC00018F0F5F91022C660638900923946074A18
:107CD000012019F09DFD3846294619F015FD0020B8
:107CE00002B0BDE8F0870720FAE700BFDF1B030002
:107CF0002DE9F34104460D460146012018F0D7F95D
:107D000001210746284619F001FD2846FFF7E8FE45
:107D1000064600F10108404603F052FCD6F8013057
:107D2000C7F812307379BB750221204618F0E8F9C4
:107D300029460746F080204619F0E6FC20230093F0
:107D4000044A3B462146012019F062FD002002B0A2
:107D5000BDE8F081AB1B03007FB504460D4601462C
:107D6000012018F0A4F950E8003F43F4806340E894
:107D70000036002EF7D1204619F02BFFD8B320464D
:107D800018F0A6F9430715D5334632460DF10F0119
:107D9000204618F056FC9DF80F30062B0AD82846CE
:107DA00014F0F2FC012200232046FEF7CBFC002059
:107DB00004B070BD0E21284619F0A8FC2846FFF734
:107DC0008FFE0646FFF7B2FDC6F80510FFF7AEFDC1
:107DD0002946C6F80100204619F096FC03212046EA
:107DE00018F08EF90022034600922146034A012032
:107DF00019F00EFDDBE70821DDE700BFC91A03001B
:107E000010B5054C054A0649204619F04CFE20469F
:107E1000BDE81040FFF7ECBDE4150020911C030005
:107E20008D7F0100F7B58B790C33CE18CB5C023B0C
:107E300004460D460F2B00F2A080DFE803F0089EF9
:107E40009E9E9E739E829E9E2C689E9E9E4F15F0C7
:107E5000B0FA71780746204618F0A1F92021204693
:107E600018F030F92146012019F041FD214600208B
:107E700019F03DFD0123009300231846404A214696
:107E800019F0C6FC284614F07FFC384615F097FA26
:107E9000012003B0F0BDB3887288717818F0B7FB89
:107EA000204618F015F9830708D42946204619F012
:107EB000D0FE0121204619F011FCE9E721460120FE
:107EC00018F0F5F82F4B82689A4203D12146012021
:107ED00019F0DDFC284614F057FCEAE77778B6780D
:107EE000084614F051FC162F05D1324603212046D6
:107EF0001AF0BFF8CCE72146012018F0D8F88368C3
:107F0000002BC5D03246032120469847C0E70146E2
:107F1000012018F0CCF807462846767814F034FC97
:107F2000BB68EDE70146012018F0C1F80746284676
:107F3000767814F029FCBB68002BA9D032460421C6
:107F4000E2E70146012018F0B2F80F4B82689A422E
:107F500003D0284614F018FC9AE7D6F80120D6F88A
:107F600005302046FEF7EEFB284614F00DFC2146B6
:107F7000012019F08CFC02219CE7002089E700BF5A
:107F8000471C0300C51A0300C91A03002DE9F34179
:107F90000C46054619F01DFEA37900286BD00C3362
:107FA000E61814F80380B8F1010F41D0B8F1080FBA
:107FB00039D0B8F1000F51D17189284619F016FC5B
:107FC000B188738872788B4294BF074600270929CD
:107FD0000B4638BF0923013B9BB29A420FD8002AB7
:107FE00008BF0027F3883289084619F01EFB40B904
:107FF000204614F0C9FB012002B0BDE8F0814746DD
:10800000F0E7002FF4D02946002018F050F8C460A3
:1080100073891022013B00921B4A9BB22946002023
:1080200019F0F6FBE7E72146284619F070FDE2E774
:10803000F188284619F0DAFB0746701C1AF023FB7A
:108040000028D5D0002FD3D02946002018F02FF8D3
:108050002023C4600093F3880C4ADFE721462846BA
:108060001AF0F4F80028C6D12146284602B0BDE82F
:10807000F041FFF7D7BE23441B7B0E2BD3D0214604
:1080800028461AF0D2F8EDE7CD7B0100631B030010
:1080900038B504460D4618F01BF842070BD42046AD
:1080A00018F016F8830706D429462046044ABDE88E
:1080B000384019F08DBC284614F066FB002038BD0E
:1080C000197C010038B505460C4617F0F9FF00F0A1
:1080D0001800102806D121462846054ABDE8384038
:1080E00019F076BC204614F04FFB0C2038BD00BFC1
:1080F000457C0100014A19F06BBC00BFF17C010016
:1081000070B505460C460146012017F0D0FF064623
:10811000284617F0DDFF020704D5204614F034FB93
:10812000002070BD33685B05F7D4284619F051FD77
:1081300040B121462846FFF7ABFF18B920F03CFEBE
:10814000044630B121462846034ABDE8704019F084
:108150003FBC0720E5E700BF597D010073B5044629
:108160000E4617F0ADFF00F0300010284FF002006F
:1081700031D120F021FE054678B3437943F0020364
:108180004371022119F0C2FA2846FFF7A9FC2946DB
:108190004670204619F0B8FA1621204617F0FFFF66
:1081A0002021204617F08EFF2146012019F09FFB69
:1081B0002146002019F09BFB204619F03EFC0121CE
:1081C000204617F09DFF034601200090044A2146F7
:1081D00019F01EFB002002B070BD0720FBE700BFB6
:1081E000F31A03002DE9F04387B004460E4617F05A
:1081F0006FFF00F4C060B0F5C06F06D1022020F020
:10820000DBFD054610B9072054E00025214601207A
:1082100017F04DFF96F8068008F10C08B04481462F
:1082200008F10F0300F1120208F11F0153F8040BCB
:1082300042F8040B8B42F9D10321304619F066FA5B
:108240003046FFF74DFC0A22074608F105010130D0
:108250001FF06AFD0C210DEB010003F01FF903ABC9
:1082600003CBC7F80B00C7F80F10059BC7F81330F6
:1082700007F10B020DB30A21284619F047FA2846E8
:10828000FFF72EFC2946204619F03EFAC9F80C608B
:108290004FF48071204617F015FF0321204617F098
:1082A0002FFF002503460D4A00950120214619F0B5
:1082B000AFFA284607B0BDE8F08307F11303204664
:1082C000012118F053FB2046314619F01DFAC9F878
:1082D0000C50204618F066FBDFE700BFD31C0300FC
:1082E000F0B589B00D46044619F0EDFCAB790028D5
:1082F00000F0A3800C33EA18EB5C033B082B00F280
:108300003881DFE813F009003601360184003601B8
:10831000360136015D007E00D2F80100D2F805106A
:10832000B2F8097003AB03C302F1130301210B324E
:10833000204618F01BFB0421284619F0E7F92846CF
:10834000FFF7CEFB0C21064605A803F0A7F805AB06
:1083500003CB3346C6F80100C6F80510079A43F868
:10836000092F0021721C204618F000FB2146002036
:1083700017F09DFE03AA0346478303CAC3F8120001
:10838000C3F8161020460821FDF778FD4FF4007160
:10839000204617F097FE204618F004FB2946204699
:1083A00019F0B2F90321204617F0AAFE0346002077
:1083B000714A0090214619F02BFA012009B0F0BD56
:1083C0000B21284619F0A2F92846FFF789FB294618
:1083D000204619F099F914F0ECFF4FF4407105466E
:1083E000204617F06FFE4FF48051204617F072FEC2
:1083F000284614F0E4FF4FF48061204617F06DFE2C
:10840000DBE7284614F0C0F94FF40071F5E70621C8
:10841000284619F07BF92846FFF762FB204618F042
:1084200021F92946204619F06FF9204618F0E0FAA4
:108430002146002019F02BFABFE72B441B7B043B9D
:10844000072BBBD801A252F823F000BF6D840100B6
:1084500093840100F5840100BD830100BD83010008
:10846000BD830100BD8301000B85010020464FF450
:10847000007117F027FEAA790C322A4402F1090391
:1084800020460132002118F071FA284614F07CF9D8
:1084900093E74FF48060FFF7EFF9B0B14FF400615C
:1084A000204617F00FFE00272046CDE90577FDF79F
:1084B000CFFC0646204617F001FE0095034605AAAC
:1084C0003946B0B218F0AFFF77E72146012017F028
:1084D000EEFD00F11201204618F09FFA0621284611
:1084E00019F014F92846FFF7FBFA2946204619F03F
:1084F0000BF962E7284614F047F92146012019F0EC
:10850000F6F9204618F074FA57E714F052FF4FF4CA
:1085100000710646204617F0D5FD4FF480512046E5
:1085200017F0D8FD304614F04AFF4FF4C0612046E2
:1085300017F0D3FD2946204619F0E6F82146012020
:1085400017F0B5FDC268054682B193790C331A4421
:1085500002F1130301210B32204618F007FA2046DE
:1085600018F020FAE968204619F0CEF80023EB60F5
:1085700023E7002022E700BFD31C030010B5074CFF
:1085800007492046002219F08EFA2046FFF730FAFC
:10859000BDE8104001200021FFF774B9F01500205C
:1085A000E182010038B505460C4617F089FD00F060
:1085B0001800102806D121462846054ABDE8384053
:1085C00019F006BA204614F0DFF80C2038BD00BFC1
:1085D000E581010038B58B790C460C331944E35C16
:1085E000142B054603D0152B0FD0002038BD0131C8
:1085F00019F041FC15212846224619F084FC214639
:10860000284619F081F80120F0E70146012017F013
:108610004EFD0B4B82689A4203D0204614F0B4F80A
:10862000F1E7A17921440D31284619F024FC2046B8
:1086300014F0AAF82946012019F029F9E3E700BF50
:108640005B1F030037B504460A460D46142119F096
:108650005AFC2946204619F057F80321204617F006
:108660004FFD3022034600922146034A012019F0B3
:10867000CFF8002003B030BD5B1F030010B5074CDE
:108680000749084A204619F00EFA2046FFF7B0F9CC
:10869000BDE8104020200021FFF7F4B8FC150020B1
:1086A000D58501005F1F030073B5ADF800208DF87C
:1086B00002301E460446009B019301A80D46114658
:1086C00019F0C3FB9DF80630B34203D1BDF8043066
:1086D0008B4205D0284614F057F8122002B070BD26
:1086E000204617F05DFE9DF80230827A9A4209D149
:1086F0008288BDF800309A4204D1284614F044F82C
:108700000020EBE76946204618F006F9024A2946A0
:10871000204619F05DF9E1E7458601002DE9F041B9
:1087200016461A43BDF8188007460C461D4605D16B
:1087300020461146BDE8F04119F064BC4146204690
:1087400019F040F878B12146384617F0B0FC4023C4
:108750008674C5742146069338464346034ABDE8ED
:10876000F04119F055B8BDE8F08100BFBD2003000D
:10877000F7B505460E460146012017F098FC036840
:1087800013F0F00F03D02946012019F0B0F8284665
:1087900017F06DFFB3790C3333445F789B781F403B
:1087A0000378C3F3030000EA1310384019F004FC07
:1087B000044668B9284619F008FC384019F0FCFB5B
:1087C000044628B9284617F055FF01F0A7FF0446D4
:1087D0002846002117F0E6FD1721304618F096FFD5
:1087E0003046FFF77DF9314644708470284618F012
:1087F0008BFF0321284617F083FC4022034600929A
:108800002946034A002019F003F803B0F0BD00BF69
:108810007320030008B581B2074818F0ACF90120B5
:1088200000F0F6FC30B9054A536919075CBF43F004
:108830000403536108BD00BF101600200816002075
:10884000012383400649DB4301F1240252E8002F53
:108850001A4001F1240C4CE800200028F4D17047A4
:10886000081600200123074A03FA00F002F124034E
:1088700053E8003F034302F1240C4CE80031002987
:10888000F4D1704708160020044A536A4FF0804024
:1088900043F40023536203F0A1B900BF081600207F
:1088A00038B51E4C4FF01013E3624FF4E06323869B
:1088B00047F6FF73A4F8603094F86730012262F342
:1088C000030384F86730164A164B0025C4E91632B4
:1088D0006562FFF731F84FF48073A4F84830124B0B
:1088E000E361124B84F856001A6865611378527878
:1088F000A4F8BC5013445B10294604F108006376C9
:10890000A4F8B45018F037F9294604F1940018F08F
:1089100032F9BDE8384019F0C8BE00BF0816002083
:1089200055555500D6BE898E43230300D815002027
:108930002DE9F0411F4C9DF81C609846636A0F4674
:10894000D907154633D460B30120FFF78BFF626A65
:108950009DF8183084F8546022F4C07242EAC312C1
:10896000052E626207D102F019F868B96D00ADB248
:10897000BD4228BF3D4694F854309A0715D413F0F1
:10898000040F14BF0326012694F86730A78566F309
:10899000030384F86730E58584F830800120BDE862
:1089A000F0810120FFF74CFFD1E70226ECE7002021
:1089B000F5E700BF08160020024B586AC0F380009C
:1089C000704700BF0816002010B51D4CFFF7F4FFDC
:1089D000636A13F0010313D1A8B994F8663094F8D0
:1089E0003110253BDBB20133DBB2032B28BF002360
:1089F00041FA03F2D207F6D5253384F8663018E041
:108A000094F8543010B194F85520134303F0050343
:108A1000052BE2D101F0C2FF0028DED194F86730C7
:108A200003F00F02012A05D1032262F3030384F845
:108A3000673010BD012262F3030384F86730CCE78E
:108A400008160020024B586A00F00100704700BF72
:108A500008160020F8B52F4C40F27123E36018B1DE
:108A6000636943F01003636119F077FDE28DE66CF2
:108A7000236DA78D151F40F271214D43AE4218D2D0
:108A8000A3F5967301FB0733181AE76823893B4463
:108A900083420EDA6369514343F01003891B63611B
:108AA0008142D4BF21612061BDE8F840194800F03F
:108AB000B9BB40F271277A43A2F5AF722261FFF78A
:108AC00083FFA28D236D07FB023363602365AE42F3
:108AD0004FF00003104AE3640DD3FFF76DFF1368F6
:108AE00038B19A791B7B617E0B4493420DDC63762F
:108AF000DAE71A78F6E7FFF75FFF136838B1DA793B
:108B0000197B637E5B1A9342F1DA6276CCE75A787E
:108B1000F6E700BF08160020D815002038B50E4C27
:108B2000054680B10320FFF78BFE002384F8453013
:108B30000123A4F846300420FFF782FEBDE8384048
:108B40001020FFF77DBE0520FFF77AFE0123A4F871
:108B5000B83084F8B650EEE708160020274B70B501
:108B60005A6A0D4609B3160747D503F1450603F1C6
:108B7000460428B3D1061FD52388012B1CD95B08D6
:108B800023800420FFF75CFE1020FFF759FE19F048
:108B9000A8FC2388B0FBF3F202FB1300307055B33E
:108BA0000320BDE87040FFF74BBE940625D503F1C6
:108BB000B60603F1B804DCE70420FFF753FEE3E751
:108BC000D20314D5B3F84610B3F8482091420ED220
:108BD0002288520092B22280B3F84830934228BFD4
:108BE000134623801020FFF72BFE0420CDE7102032
:108BF000FFF738FEF9E70520D3E770BD081600201F
:108C000070B54A4A054651681068AC79127A8AB044
:108C10006B4603C30C3408201A702C44FEF72CFE5C
:108C200020B10122A11D28461FF0E4FEA3798DF892
:108C30000F30A37A03F00F0303F128026A440021E6
:108C400012F8282CADF81020CDF82110ADF8251021
:108C50008DF82010062B08D8DFE803F0044F070733
:108C60005F074B000D20FFF7FDFDA37AC3F38013D0
:108C70008DF81230E368CDF81330238AADF8173041
:108C800000231A460DF113010DF1120016F08AFEB1
:108C9000E3798DF819304FF47F43ADF81A307F2314
:108CA0008DF81C3063798DF81D300023ADF81E302F
:108CB000AB791233AB711C2128461FF0F8FEAB795B
:108CC0002B4403AC0C3309AE224603CAB2421860EF
:108CD0005960144603F10803F6D11068186029465C
:108CE00013481FF08BFF4FF0804002F077FF0AB06F
:108CF00070BD0D20FFF7A4FDB7E7D4F81230CDF812
:108D00002130E38AADF82530EB79063BEB71A37A8D
:108D1000C3F3C0138DF82030A7E7064B5B6A9B04B2
:108D200044BF42F00102ADF810209EE7819C030091
:108D3000281600200816002070B583790C33C4185B
:108D40002379DA0702D44FF0FF3070BDA37AE27ABC
:108D500003F00F05082DF6D8062D01D92846F4E7B3
:108D6000911F1F29EFD8012D1FD10C2AEBD1244EC2
:108D7000736A13F0060F01D1DB05EFD416F01FFE66
:108D800020B916F013FE0028E8D1DCE7A37A96F8A4
:108D90003020B2EBD31FC3F3C010D4D104F11201C1
:108DA00000F00100FEF77AFCEDE7042DD6D114495E
:108DB000144A486A0240002AC5D0C96B0029CDD0A8
:108DC0008A790C3288188A5CC3F38013B3EBD21F04
:108DD00008D016F0F4FD0028C0D116F0DEFD002802
:108DE000BCDBB0E704F10C01062208301EF08CFF5A
:108DF000044616F0E4FD0028B0D1002CAED0ECE71C
:108E00000816002008000400F0B5184C606B87B00D
:108E100000B3A76BBE790C36FDF71AF80223FF21C9
:108E2000BA5DCDE90431BD19D20995F823305B094B
:108E30000393AB8B02936B8B01932B8B00930021DD
:108E400005F1080380B218F004FA606BFDF7AAFA86
:108E500000236363A06B13F097FC0023A363636A92
:108E600023F00403636207B0F0BD00BF08160020C2
:108E700013B5154C14F09DFA236A01930023236265
:108E800014F09DFA019BA3B9636A1A0406D517F082
:108E9000F8FEA0B1636A23F400436362636A1B03B4
:108EA00005D5FFF7B1FF636A23F40023636202B0C4
:108EB00010BD01A81FF0D9FD17F04EFFE2E74FF0FB
:108EC000804002F08BFEE9E70816002038B50E4D11
:108ED000044601F05DF8E86B18B113F055FC00236F
:108EE000EB6317F058FE0948FEF710F9AB6B0BB1B6
:108EF000FFF7CAFC0448214600F0E4F9BDE8384019
:108F000003481FF094BD00BF081600201016002073
:108F100028160020034B586A10F0050001D1FFF716
:108F2000D5BF70470816002070B53B4C636A1646E3
:108F300003F0010270B95AB114F03BFA636A23F0EE
:108F4000010305466362FFF7E5FF284614F037FA90
:108F5000002070BD002AFBD19B0704D5E36BBBB199
:108F60000120FFF7DBFD94F8303003F0FD03012B07
:108F700016D014F01EFA0546C6B10E20FFF772FC9B
:108F800019F0EBFA42F2107303FB0600A06210E046
:108F900002201FF011FFE0630028E1D10720D8E78D
:108FA000FEF7CCFB0028E4D11220D2E70E20FFF719
:108FB00047FC0020FFF756FC636A13F00403C4D19A
:108FC000E364E38D40F27122023B5343E26023618C
:108FD00019F087FA0323B0FBF3F303EB4303C31A3F
:108FE000253384F86630FFF7EFFC19F0B6FA6060BD
:108FF0002065B4F8BC00002808BFF520FFF70AFC84
:10900000064B05481A681378527813445B10637650
:1090100000F008F999E700BF08160020D8150020D5
:1090200038B51A4C636923F010036361054600F0FC
:10903000AFFFB4F8BC302BB9A36813F4601F08BFAE
:10904000A4F8BC301148012100F03CF9104BE36159
:10905000636A5A0405D485F00100BDE83840FFF783
:10906000F9BCA26A6168521A002AF4DA23F00103FB
:1090700043F400436362FFF74DFF4FF0804002F07E
:10908000ADFDFFF799FC0028E5D138BD081600209A
:109090004323030008B5FFF78FFCB0B10B4B586AB0
:1090A00020F0040210F001005A6203D1BDE808402C
:1090B000FFF70CBF00F06CFF17F06DFDFFF7E4FB4E
:1090C000BDE808400020FFF7ABBF08BD0816002030
:1090D0002DE9F04F314CA56B636BAE7900278BB057
:1090E0000C36C4E90D7705EB0608079383468946DD
:1090F000D8F824A001F0EAFDAA5D08F10806C2F341
:10910000C01231460DF127008DF8272016F05FFCC4
:10911000CDE904B9636A0798C3F380230393FF235F
:1091200002939DF8273052463946CDE9006308F195
:109130000E03FDF7D5F9284613F026FB636A23F0EA
:109140002402D907626205D40120FFF7BFFE0BB0ED
:10915000BDE8F08F124B94F854501A681378527887
:1091600013445B10052D637602D101F017FC40B962
:1091700094F854309A070ED413F0040F14BF03254B
:10918000012594F86730012065F3030384F8673004
:10919000FFF746FFDBE70225F3E700BF08160020D4
:1091A000D815002010B5074C2368DA0607D523F040
:1091B0001003236018B9A168012016F0C7FB002333
:1091C000A36010BDC8160020014610B50446022059
:1091D00016F0BCFB054B1B68D90305D463691A075D
:1091E0005CBF43F00403636110BD00BFC8160020DC
:1091F000014BD868DC387047C816002010B5034B07
:10920000DC6819F0AAF9DC3C201A10BDC816002051
:10921000034B1B6813EA004314BF01200020704772
:10922000C8160020F8B500230360436904465807B8
:109230000DD5204650F8081FC90C01F4FC7141F00F
:109240000501FDF711FF636923F00403636163699E
:109250002589D90603D519F080F928446060184E95
:10926000606831462D1A51F8043F8BB923600C60B9
:10927000B3684BB1617E5A7E914219D26269D206BF
:109280000FD50020FFF78EFFBDE8F84018F0B5B904
:109290005A681F892A44D21B002AE7DA19461B683C
:1092A000E3E75A681B6913441B1A002BECDBE8E761
:1092B0001A895B68D31AE2680344D342E4D5E0E735
:1092C000C816002038B50B4DAB680446A3420846CB
:1092D00001D1FFF767FF6B68074A1BB1A34219680A
:1092E00004D11160BDE8384018F087B91A460B4622
:1092F000F3E700BFC8160020CC1600202DE9F3418B
:10930000634E33685C0700F18A80B368002B40F03D
:10931000868056E8003F43F0040346E80032002A06
:10932000F7D17468BCB119F018F901AA804601465A
:109330002046276919F06DF808B9204622E06369D4
:109340002568D8065CBF019BFF1AA5B96368DC37A6
:109350001F44C6E9024756E8003F23F0040346E8ED
:109360000035002DF7D1B468002C4BD102B0BDE818
:10937000F04101F017BD01AA4146284619F049F80D
:1093800018B92846FFF720FFCBE76B6928896A6880
:10939000D90648BF08EB0002DB07A2EB000005D4AA
:1093A00001992B695B1AE9685B1A18446368D9193B
:1093B000091A002919DD8F4204D9E168C01ADC318D
:1093C00081421DD96069C10711D42169D5F80CC04B
:1093D0000B442189A3EB0C035B1AE1689B1ADC3177
:1093E0008B4204DD6A6067462C462D68ADE7697ED6
:1093F000637E9942F9D2C3069FD5EF686A60F3E7AE
:109400000746F2E7A36813F4601FC3F3C24009D113
:10941000336843F010033360214616F097FA02B028
:10942000BDE8F08104F108073846FDF72BFE3368EC
:1094300043F0100333602146F8B916F087FAA368A9
:1094400013F4601F4FEAD341C3F3C24517D0013D67
:10945000EDB201F4FC7129433846FDF705FE032106
:109460003846FDF76DFE75B1A268237E1344120CD9
:109470009BB212041343A360D1E72846CDE7032132
:109480003846FDF75DFE3846FDF740FEECE700BFCD
:10949000C816002008B5034B996809B116F056FAB2
:1094A00008BD00BFC8160020014B9868704700BF78
:1094B000C81600200A4B70B59C6884420FD1214623
:1094C000012016F043FA6668258919F046F8AD1BAD
:1094D000C54221464CBF0020022016F037FA70BD6D
:1094E000C8160020054B1B681B6A13F0100003D040
:1094F00013F0030018BF0120704700BFD8160020EA
:109500002DE9F341344B9C68A5790C356719635DEF
:1095100003F04F036355838D0622103B06468846B1
:109520007A700D2B32D8DFE803F054315007310C3C
:10953000313131313131310C635D6FF303036355E8
:1095400024E0625D006A012363F30302625510F4B4
:10955000006F4FF00C027A7006F12E0107F108023D
:109560000CD001924FF0FF320092C0F380201A46D7
:1095700016F021FA635D43F08003E0E7D6F82E3061
:10958000BB608B889380336A5B05F3D4B28D635DD7
:1095900062F345136355B91C304619F032F8635D28
:1095A00060F386136355A3797A7802331344E37129
:1095B000B38D03F01403142B04D0B8F1000FC4BF13
:1095C00042447A7002B0BDE8F081635D62F3030348
:1095D000B5E7635D0222F9E70414002038B5294994
:1095E0000B7D4A7D0133DBB2B3EB921F04460B7552
:1095F00003D303230B75002038BD016AC90234D59B
:1096000090F87E200323243A92FBF3F303EB430309
:10961000D21A2532D2B2A18D94F87F30B4F9340039
:1096200084F87E2011F0100103F00F0323D119F00C
:1096300013F801F095F8B4F97820824204F170052E
:1096400004D0A4F8780001F033FD6881284601F0C9
:10965000F3FB00221146104616F07AF994F87E00CA
:10966000002118F0F8FF0120C6E75B001A4102F064
:1096700003022532CFE702461946002001F016FE0C
:10968000D7E700BF041400201F4B2DE9F04104462A
:109690001860006C1D4E1FF04FFA01462046FFF780
:1096A0002FFFA38D03F01403142BB36814BF226C97
:1096B00000221A602046FFF791FFFFF713FF144BBB
:1096C000051E144808BF184601F0ECFC6369676882
:1096D00003F0100818F041FF6D000346627EE8B207
:1096E000B8F1000F03D1FF1AB7F59B7F07D51146DC
:1096F00001F082FCB068BDE8F04101F051BC616846
:1097000018F031FFF6E700BFD8160020041400203F
:10971000A5970100F199010070B50546FFF7E2FE3B
:10972000104B114E041E114808BF184601F0BAFC38
:109730002846FFF753FF054660B133686000597E45
:1097400000F0FE0001F058FC094BBDE8704098683D
:1097500001F026BC01F0A6FC30682946BDE8704047
:10976000FCF760B8A5970100D8160020F199010018
:1097700004140020034610B5094C052B20680AD0BC
:10978000062B0CD1002001F08DFC20680121BDE8E2
:109790001040FCF747B8BDE81040FFF7BDBF10BD53
:1097A000D8160020032803D1024B1868FFF7B4BF76
:1097B000FFF7E0BFD81600200C4B032810B51C683B
:1097C0000FD1206C1FF0B8F901462046FFF798FE34
:1097D000074B226C9B6820461A60BDE81040FFF7DB
:1097E0009BBFBDE81040FFF7C5BF00BFD8160020E3
:1097F000041400202DE9F8438B790C33CC1806466D
:109800002379DA0703D44FF0FF30BDE8F883E77A15
:10981000252FF8D83C4B9A6893790C33D118D35C38
:10982000A27AC3F38013B3EBD21FECD1056AEB0627
:109830004CBF02310431062204F112001EF064FA1A
:109840000028E0D194F80A9016F0B9F805F4C04564
:1098500080F001032A1EC9F3801904F10C08414667
:10986000DBB218BF0122484618F087FE014658B106
:10987000A37A03F00F03032B16D1336A9807C2D5DE
:109880000C2FC0D10320C0E716F09FF80028BAD1F2
:10989000A37A03F00F03002DEDD0032B85F4C04510
:1098A00013D1A904AFD5E8E7052BACD1306AC207C4
:1098B000A9D500F01403142B0CD004F1180018F0F3
:1098C000CAFD00289FD005209FE7052B9BD16B0484
:1098D000ECD498E706F12E052946C0F3802016F057
:1098E00063F80028E9D1A27A336AC2F38012C3F385
:1098F00080239A4287D10622294640461EF004FA68
:109900000028DAD07FE700BF041400202DE9F74FCC
:109910004FF0FF310746002401A8019401F060F8E0
:10992000019949B13846FFF765FF032806D005289D
:109930004BD001A81FF07BF801203FE0DFF8A880A2
:109940002848DFF8A89001F0ADFBD8F80030204699
:10995000597E01F075FBD8F800B0D9F80860DBF843
:1099600044001FF0E9F8B4790C3406EB040A335DC7
:1099700003F0400343F00403054633550AF10201A6
:10998000584618F03EFE335D60F386133355D8F821
:109990000030D9F808005B6C002DA4BF06358AF8AA
:1099A0000150036001F0FCFAD8F800301B6ADB04B8
:1099B00007D50199384616F0C4FA002003B0BDE877
:1099C000F08F01A81FF033F8F7E7019801F0C0F815
:1099D0000199384616F05EFA0028ADD0204601F015
:1099E00061FBEAE7B9970100D816002004140020B3
:1099F0000E4A032810B5146805D0042809D0BDE824
:109A00001040FFF7B7BE617E0120BDE8104001F0B5
:109A1000AFBA2046FFF77AFF30B101F057F9204680
:109A2000BDE81040FFF778BE10BD00BFD81600207B
:109A300038B50D460446002001F034FB01F046F92C
:109A400029462046FCF738FA014B00221A6038BD3F
:109A5000DC1600200123074A03FA00F002F1140388
:109A600053E8003F034302F1140C4CE80031002995
:109A7000F4D170471C140020F8B5244F7B6913F40F
:109A8000C07F05460C4603D099063BD401200CE06C
:109A900039B15A0705D4D5F8A43013B90820FFF717
:109AA000D9FF7B699B0601D50020F8BD7B7FAE6A9C
:109AB000022B06F0080604D916B114B90220F4E707
:109AC000E4B995F8921095F83701063100F00F00CF
:109AD00000F000FE85B20EB904B16D00FFF78EFBF9
:109AE000A8420DDB7B6913F01C0FDDD11EB1002CE9
:109AF000DAD10520D9E7002CFBD1D5E70320D4E744
:109B00000420D2E7002CCFD0C3E700BF1C140020F4
:109B100038B5124D6B69044643F400734FF480610D
:109B200028306B6118F0C8FC0121204616F0D5FAE8
:109B300000212046FFF7A0FF014620B12046BDE8E6
:109B40003840FFF775BF6869617E80F48070BDE8BA
:109B50003840C0F3002001F00BBA00BF1C140020F5
:109B600038B50C4B0446186000F5947001F064F9A8
:109B70002046FCF76DF9C4B2204615F0F5FE054607
:109B8000204615F0F3FE29460246022015F0E0FEBD
:109B900038BD00BFDC16002008B5002001F082FAB5
:109BA00001F094F8014B00221A6008BDDC16002079
:109BB00010B50446FFF7D4FF064801F073FA616858
:109BC000226C637E01EB9202BDE81040112001F08F
:109BD00091B900BFA19E01003F4B37B51C68A26A36
:109BE000002350050193D4F8A03012D504F1A4004D
:109BF00001931EF03AFFC4F8A00050B194F846312A
:109C0000013B84F846314FF4806104F1280018F0DC
:109C100053FCD4F8A0500DB9304B9D6894F94631EF
:109C2000022B0DDCD4F8A83013B1A36AD90502D5F4
:109C3000D4F8AC3023B14FF480512046FCF71EF924
:109C4000D4F8A410A36AAA79002902F10C024FEA01
:109C5000830314BF0121002103F00C0343EA011325
:109C6000A95C21F01C0143EA0103AB540DD11B4A4E
:109C700002F1140353E8003F23F0080302F114003B
:109C800040E800310029F3D102E00320FFF7E2FEB3
:109C9000284601F085F9019B53B15B7903F00A0373
:109CA000082B02D12046FCF7CFFB01A81EF0BFFE17
:109CB0006B799A070ED5A36A1B040BD50820FFF712
:109CC000C9FE4FF4004104F1280003B0BDE8304064
:109CD00018F0F2BB03B030BDDC1600201C140020CD
:109CE0002DE9F04385B000230446032103A8039324
:109CF00000F076FE039D35B9F4212046FFF798FE6B
:109D000005B0BDE8F083AB79644F0C331D447B692B
:109D10002A79D6074ED4DD064CBF07200420FFF772
:109D200099FE002601212046FFF7A6FE054650B900
:109D30007869617E80F48070C0F30020400001F0FB
:109D40007FF9FFF749FF039800F002FFDDF80C8070
:109D50007A6998F80630510603F10C0308EB030901
:109D600015D458F803303B610620FFF773FEA36A51
:109D70001A060CD404F1280252E8003F43F0800395
:109D800042E800310029F7D10120FFF763FE494680
:109D9000204616F0A8F999F80430DB077BD5002E91
:109DA00052D11DB129462046FFF742FE03A800F01C
:109DB000F1FCA5E723F0100301207B61FFF74AFEC9
:109DC000AE7AF0062FD50220FFF744FEA36AAA7AE6
:109DD00083F00203C2F38002C3F340039A422FD1FF
:109DE00004F128004FF4006118F066FB50E8002FE2
:109DF00042F4806240E80023002BF7D1A26A82F08F
:109E00000202A2627B77AA7AA36AC2F3C00203F0BD
:109E100001018A4285D183F0010316F00306A36293
:109E200018BF01267EE707F1140353E8003F23F033
:109E3000040307F1140141E80032002AF3D1C5E719
:109E40007B7F0133DBB2DDE72046FCF701F8C0B2CF
:109E500015F08AFD06462046FBF7FAFFCDF8048090
:109E6000A38F009382B200233146022015F078FDC3
:109E70004FF0FF3103A800F0B3FD03998B790B4439
:109E8000DB7D002B8DD02046FCF7FCFA002D3FF443
:109E900037AF294631E7002E83D0E9E71C140020B4
:109EA00008B5124A0346042B10680BD002D8032BC6
:109EB00018D008BD053B012BFBD8BDE80840F121B7
:109EC000FFF7B6BDFFF70CFF094A02F1140353E890
:109ED000003F23F0200302F1140040E80031002984
:109EE000F3D1E6E7BDE80840FFF712BEDC1600201C
:109EF0001C140020164B033810B51C68032818D812
:109F0000DFE800F00702181E2046BDE81040FFF70A
:109F1000E7BE2046FFF7FCFD0E4A02F1140353E8AA
:109F2000003F23F0200302F1140040E80031002933
:109F3000F3D110BDF1212046BDE81040FFF778BDF8
:109F40004FF4806104F1280018F0B6FAF221F2E72C
:109F5000DC1600201C14002010B50446FFF700FE9C
:109F6000054801F09FF8FFF737FE627E6168022026
:109F7000BDE8104018F0F7BAF59E0100034B5B6A8C
:109F800013F0060F0CBFE220F120704708160020E6
:109F900008B5FFF789FA054B834206D100F096FE1B
:109FA000BDE80840002001F07DB808BD081600207B
:109FB00070B5214C214801F075F894F8673094F899
:109FC000662003F00F030021C82018F045FB00F0C5
:109FD000C7FBB4F96020824205D0A4F8600001F00C
:109FE00067F8A4F86200164800F026FF0022114628
:109FF000104615F0ADFC666818F0AFFA0246FFF7A0
:10A00000BDFFB61AB6F5FA6F054609DCFFF7F0F8A2
:10A01000627EA0F5AF712846BDE8704000F030BF09
:10A020006668FFF7E5F8637EA0F5AF723146284613
:10A03000BDE8704000F05EBF08160020DDA40100FE
:10A040006016002038B500F041FEFFF7D7F840F267
:10A050008A2398420D4C0CDDFFF790FF0546FFF771
:10A06000C7F8627EA0F5AF712846BDE8384000F021
:10A0700007BF18F072FAE36C62689B1A0344E3644A
:10A080000020BDE8384018F069B900BF081600206C
:10A09000F7B5104C94F8455006460F462DB1013DDA
:10A0A00084F84550002003B0F0BD0B4B1B68022024
:10A0B000597800F0C5FF94F83030CDE900533A46A6
:10A0C000E06B0323314618F07AF9E06B00F068FF8B
:10A0D0000120E8E708160020D8150020094A02F1FF
:10A0E000240353E8003F43F0080302F1240040E852
:10A0F00000310029F3D1044B1B680120597800F08E
:10A1000037BF00BF08160020D815002043890289F8
:10A110005B0040F2712043435B1AD0B24343120A02
:10A12000B3FBF2F3024A126811445818704700BF9B
:10A130000819002030B58C1AE41A002C08DA124CE9
:10A140006468551A1D44B5FBF4F505FB044421442D
:10A150001344CB1A40F2E242B3FBF2F39BB24289C2
:10A160002BB9530040F2712404FB03111346013252
:10A17000B3FBF2F402FB143202819B1A40F2E2407C
:10A1800000FB131030BD00BF081900202DE97043FB
:10A19000064618469DF8183089461446E3B9C31E92
:10A1A000012B8CBF02250325222100F093FA164BC8
:10A1B0005B686D0040F2712808FB05F581446BB1C6
:10A1C00021463046FFF7A2FFABB201464A46304671
:10A1D000BDE87043FFF7AEBF0125E5E77389348919
:10A1E0000133B4FBF3F203FB1244F37934815B00D7
:10A1F000640008FB03F308FB04F404EB530404EBD2
:10A2000009002844BDE87083081900202DE9F041B9
:10A21000134E736A5B0780461BD58B790C33CF18BE
:10A22000C8B9FD79CC583989284600F053FA04445E
:10A23000B8F1000F11D1033D012D94BF0323022378
:10A240005B0040F2712202FB034434647B7986F8A0
:10A250004430BDE8F0810125E4E70123F0E700BFC9
:10A26000081600202DE9F04F1F46984B9D6B5B6A46
:10A27000AC798DB00C341646021E05922A5D06910B
:10A2800008BF002161F345122A55314603F0400210
:10A290003846C3F3801A039215F093FB05EB0408CC
:10A2A0000790285D08F1080B5946C00915F089FB95
:10A2B000039B8146002B44D1002844D115F07FFB3D
:10A2C00080F00103DBB203F0010352463146384609
:10A2D00018F053F90490002800F08A80039B002BAB
:10A2E00033D1B9F1000F75D1079B002B72D015F057
:10A2F00057FB00286ED001220AA90DF1270015F0A6
:10A3000062FB002874D09DF827302A5D591E4B420D
:10A310004B41B3EBD21F6BD106220AA958461DF060
:10A32000F3FC002864D13368C8F80830B388ABF870
:10A3300004302B5D67F3C7132B554FF00009CA4655
:10A3400019E00123BFE7039BBDE7604B5B6A13F491
:10A3500000791CD115F804A0CAF3801A484615F0FC
:10A3600037FB3368C8F80830B388ABF804302B5D8E
:10A3700067F3C7132B55059B544E002B3ED196F81F
:10A38000B630002B3AD0013B86F8B63030E015F0FD
:10A3900004FB002806DA15F804A04FF00009CAF300
:10A3A000801ADBE700221146104615F006FB15F86F
:10A3B00004A08146CAF3801A0028CFD000230221CE
:10A3C0001A4608EB010017F0D2FF2B5D60F38613ED
:10A3D0002B55C3E77A1E57422B5D5741B7EBD31F6E
:10A3E00006D10622314658461DF08EFC0028A4D026
:10A3F0000023049304980DB0BDE8F08F18F0ADF879
:10A40000074615F050FE059B0093024639469DF81D
:10A41000583008F10E00FFF7B9FE2D4B059A1B6866
:10A420000746D9799AB9022000F00AFEB06B00F015
:10A43000B7FDB36B9A7913441F63FFF735F8254BCB
:10A44000C361069BB3B9736A23F4806315E00020EF
:10A4500000F0F6FDB06B00F0A3FDB36B1E489A79D7
:10A4600013441F6300F01EFE069BC3B9736A23F4F6
:10A47000806317E0736A43F480637362039B9BB14C
:10A48000B9F1000FB6D000231A46514608F1020078
:10A4900017F06DFF2B5D60F386132B55AAE7736AE7
:10A4A00043F480637362EBE72B5D0022C3F3C013B8
:10A4B00059460AA88DF8283015F085FA2B5D9DF8CD
:10A4C000282062F3C7132B55DAE700BF08160020D7
:10A4D000D8150020950B0300A9A601002DE9F04F27
:10A4E000042885B01ED005D8032800F0CF8005B021
:10A4F000BDE8F08F431F012BF9D805384FF001015B
:10A5000018BF0120FEF72AFB18F027F8644AD36C25
:10A5100051685B1A03440020D36405B0BDE8F04FD6
:10A5200017F01CBF03A800254FF0FF31039500F082
:10A5300057FA039858B1FEF7FFFB0828074603D8DF
:10A54000584B1E5C30070AD403A81EF070FA544B17
:10A550005B6A13F0060F12D0FFF774FD0FE0072FB0
:10A56000039C13D14E482A46214616F00AFB0028C8
:10A57000EDD016F011FB10B10120FEF76BFA0121AE
:10A58000084605B0BDE8F04FFEF7E8BADFF81081E5
:10A59000FEF734FED8F8243013F00403814645D08A
:10A5A00016F0020342D0A0F55573002B0DDDA27901
:10A5B0000C3222440120917A0090C1F380130C32B6
:10A5C000C1F34011FFF74EFE0546204600F0C0FAE9
:10A5D00021460120FFF71AFED8F82430D9072FD5DD
:10A5E00094F806B003F0800A0BF10C0B15F0E7F9B4
:10A5F000A34480F001039BF80A00BAF1000218BFDF
:10A600000122DBB20BF10C01C0F3801017F0B5FF93
:10A6100070B165BBD8F824309A0720463BD5F307C4
:10A6200012D4730739D5FEF7EBFA90E71D46CCE755
:10A63000BAF1000F04D1514615F0C7F90028E8D04F
:10A64000204612F0A1F81DE018F050F878B1A9F2F8
:10A65000B249B9F1000F0ADDA0790C3020440C306A
:10A6600010F8021CC1F38011FFF712FD0546042FFC
:10A6700003D1D8F824309907E2D57207E0D52046F7
:10A68000FEF7BEFA002D7FF47AAF60E705B0BDE8B3
:10A69000F04FFFF723BD042FC3D112F075F856E732
:10A6A000081600208B9C0300032808B50AD1074830
:10A6B00000F0F8FC064B012093F94410BDE8084077
:10A6C000FEF706BDBDE80840FFF708BFDDA40100A6
:10A6D00008160020064B10B55B690C4610B101F05E
:10A6E0003BF8034618795B8804FB003010BD00BFBF
:10A6F000C80E0020084B10B55B690C4610B101F084
:10A700002BF803465A88A2423BBF1B79A41A0020AB
:10A71000B4FBF3F010BD00BFC80E00200138C0B27A
:10A7200003289ABF014B185C00207047949C0300DB
:10A730008BB20029054AB4BF053B05331BB20A2181
:10A74000108093FBF1F39370704700BF56200020F8
:10A75000024B9B78C01A40B2704700BF56200020C1
:10A76000024B1B88C01A00B2704700BF5620002061
:10A77000074B186840F20D1338B9002BC1BF4433A2
:10A780004522B3FBF2F0C0B270470068453BF3E7E7
:10A79000C80E00202DE9F041064612F00AFE0746D9
:10A7A000FFF7E6FF35460446286818B16CB928461D
:10A7B0001EF03DF931680A481EF020FA384612F0C2
:10A7C000FEFD00233360BDE8F081D0F800801EF06C
:10A7D000E7FA2B68013CC3F800802D68E4B2E3E798
:10A7E000C80E0020024BDB6B03B11847FEF752BEC8
:10A7F000C80E002010B5064AC043131D53E8003FA1
:10A800000340141D44E800310029F6D110BD00BFFB
:10A81000C80E002010B5054A131D53E8003F03433E
:10A82000141D44E800310029F6D110BDC80E0020E7
:10A8300070B519461546064610461C4617F082FEAE
:10A840002A46454D2346304617F081FED5E90623BA
:10A8500000EA020401EA030654EA060313D0630186
:10A8600004F0806010D56B68180623D43B4B23405E
:10A8700093BB3B4B06F020022340134356D12046A6
:10A88000314617F05BFE70BDA4F1080333431CD1C1
:10A89000EB7A012B42D16B68D90743D50323EB72C6
:10A8A0006B8C013304206B84FFF79CFF012017F0B1
:10A8B0004AFEE4E72B1D53E8003F23F08003291DE7
:10A8C00041E80032002AF5D1DDE7A4F10C0333435F
:10A8D00017D117F038FEDBE724F0011323F4A0436F
:10A8E0003343C6D1EB7A012B18D16A6840F2014399
:10A8F000934314BF002303230520EB72FFF772FF7D
:10A90000BDE7231F334302D117F01EFEB7E704F162
:10A910007F433343AAD1EB7A022B0FD0042017F0E8
:10A92000F7FDACE713F40063BAD1B8E70420FFF7F2
:10A9300071FF4FF0006001F051F9A0E76B689A07D2
:10A9400006D50423EB722B8C013303202B84ABE759
:10A9500013F02003F7D1F5E7C80E002001500100E5
:10A960000DD50155014B986A704700BFC80E0020F5
:10A9700010B5064CA06A1CF0C5FC28B9A06A1CF0F2
:10A98000C3FC00F0010010BD0120FAE7C80E002052
:10A99000014B986A1CF0BABCC80E0020024B5868E4
:10A9A000C0F34020704700BFC80E002010B5044619
:10A9B0004FF40070FFF71EFF084B986A1CF0A8FCCC
:10A9C00038B10CB9002010BD4FF40070FFF722FF22
:10A9D000F8E7002CF6D00C20F5E700BFC80E0020E9
:10A9E0002DE9F04F0468594D89B006468846002C81
:10A9F00048D0A77920460C371EF09EF827440A3825
:10AA00003C89B8F1FF3FA4EB000402D04445A8BF45
:10AA10004446B5F83890B0EB090713D4002C0EDD8E
:10AA20006D6B36683D44FF2C224629463046A8BF50
:10AA3000FF221DF0DFFF241A36680544F3D109B068
:10AA4000BDE8F08FA9EB0009296BD6F800A0A1455D
:10AA5000A8BFA14601EB000BC846B9F1000F0DD00D
:10AA60004246FF2A59465046A8BFFF221DF0C2FFAA
:10AA7000B8EB0008DAF800A08344F1D1A4EB090494
:10AA80004F44CBE7A86A03AA03211CF09CFBBDF846
:10AA90000E700294A146E8620A3702AC09E0236016
:10AAA0001B682B602368C3F800902368002F1C46A6
:10AAB00011DD2B68453F002BF1D101201EF07CF900
:10AAC000034620600028F1D1019002A81DF0AFFFDD
:10AAD000019B3360B3E72B1D53E8003F43F00803AD
:10AAE0002A1D42E80034002CF5D14FF0006001F03F
:10AAF00075F80298BDF81020437943F001034371C3
:10AB0000069B30606B63059B2A872B638379BDF8B6
:10AB10000E200C3303441C711A819DF80C20297AF5
:10AB20009971072ADC711FBFAB8C0133AB846B8C2E
:10AB30000ABF012203F1FF331A714FF00A0118BF57
:10AB40006B841DF04BFF346853E700BFC80E002034
:10AB50002DE9F04187790C37C41986B0237913F0B9
:10AB6000020805461BD1174E43F0020323716A46C3
:10AB7000D6E90A011CF02BFB2389B06A033369462E
:10AB8000ADF804301CF025FB009BEB519DF90E0045
:10AB9000FFF7DEFD6071B37A022B03D8E37106B0D4
:10ABA000BDE8F0819DF81130012B04D0022B04D0B8
:10ABB0002BB90423F2E70323F0E70123EEE784F83F
:10ABC0000780ECE7C80E002037B5124B00F00F04E9
:10ABD0001B88ADF80430012C15D0022C15D18DF84E
:10ABE00004400D4D6B6842F222000340A3420ED098
:10ABF000FFF700FE2046FFF70DFEA86A01A91CF032
:10AC000073FA03B030BD2024EBE70024E9E700200D
:10AC1000F7E700BFBC9C0300C80E00202DE9F043FD
:10AC2000124F85B002234FF0000881461046CDE94F
:10AC300002180E461546FB7217F082FC0090797AD6
:10AC4000B86A02AB424608F045FB044650B9484694
:10AC5000FFF7BAFF2B4604464246012130463D73BA
:10AC600017F06AFC204605B0BDE8F083C80E00204E
:10AC700037B5144B00F00F041B88ADF80430012CDD
:10AC800014D0022C16D000240F4D6B6841F6010041
:10AC90000340A34213D0FFF7ADFD2046FFF7BAFDF6
:10ACA000A86A01A91CF036FA03B030BD04238DF860
:10ACB0000430E9E78DF804404FF40064E4E7002035
:10ACC000F2E700BFBC9C0300C80E002038B5104C52
:10ACD000E37A23B100221146104617F02CFC002520
:10ACE0002846E57217F02FFCA06A012203211CF010
:10ACF00089F9A06A2A4601211CF06DFA8020FFF72D
:10AD000079FDBDE838404FF44050FFF783BD00BFE8
:10AD1000C80E002008B5FFF7D9FF044AD38C0133D1
:10AD2000D3840620BDE80840FFF75CBDC80E0020B4
:10AD3000F8B51B4D6B68590704D50420FFF75AFD81
:10AD4000FFF7E8FF6B681A070FD512F032FB0646D3
:10AD5000FFF70EFD124F044624B101201EF02CF81F
:10AD60000146A8B9304612F02AFB6B68DB0615D500
:10AD70001020FFF73FFD00F001FD78B112F019FB44
:10AD80000446FFF7C7FF2046BDE8F84012F017BBA6
:10AD90003846013C1DF03CFFE4B2DDE7F8BD00BFE2
:10ADA000C80E002010B50022084C1046114617F0BE
:10ADB000C2FBA06A08F052FA17F0C8FB20461DF04B
:10ADC00036FEBDE810400820FFF714BDC80E002075
:10ADD000014B986A1CF0D8BAC80E002038B5154C43
:10ADE000A37A8342054610D0431E042B08D8DFE81F
:10ADF00003F0030D11161800A06A08F08DFE20B9AB
:10AE00002846A57200F0A8FC606138BDA06A17F062
:10AE1000A6FBF4E70121A06A17F0A3FBEFE70321EB
:10AE2000F9E7FFF7BBFD0028EAD0A06AFFF7D0FFE3
:10AE3000E5E700BFC80E002073B504460F4D4089FA
:10AE400000F094FAA07B287217F04DFB6872E07B4B
:10AE5000002600F00F00FFF7C1FF0096D4E90021A3
:10AE6000A37BA86A1CF0AFFA32463146304614F094
:10AE70006FFD206817F069FB02B070BDC80E00209E
:10AE80002DE9FF4100231A4E00938DF80C30C0F3DA
:10AE900040134FF001088DF80E30C0F30013044644
:10AEA000154686F80B808DF8048002918DF80D30E0
:10AEB000FFF7DEFE28B1042017F02AFB04B0BDE83E
:10AEC000F081284617F03CFB717A03466A46B06A67
:10AED00008F00CFA2A460746C4F380114046357341
:10AEE00017F029FB14F035FD002FE4D1E6E700BF91
:10AEF000C80E00202DE9FF411C4E02921D46002382
:10AF00000F46019301210393C3060446F172009793
:10AF100005D573691B888DF80D1013440293C4F393
:10AF2000401328468DF80E3017F00AFB717A03465D
:10AF30006A46B06A08F0DAF928B1042017F0E8FA96
:10AF400004B0BDE8F0812046FFF792FE2B46804614
:10AF5000C4F3801201213846357317F0EDFA14F06E
:10AF6000F8FCB8F1000FE8D1EAE700BFC80E0020F6
:10AF700038B50A4D01230C46EB72FFF779FE10B18C
:10AF8000042017F0C5FA2B7BA34204D922460021E6
:10AF9000012017F0D0FA14F0DCFC38BDC80E0020F8
:10AFA000F8B5044614F0D6FCA179E279114E521A94
:10AFB0000C3107460123B06AD2B221441CF0FDF8DF
:10AFC000E579A379ED1A57FA85F524680CB935614E
:10AFD000F8BDA179E279B06A521A0C310023D2B2DD
:10AFE00021441CF0EAF8E379A2799B1A55FA83F51B
:10AFF000EBE700BFC80E0020F8B5104E02230D4647
:10B00000F372FFF7E1FD044620B1BDE8F8400420EB
:10B0100017F07EBA284617F093FA2A4607462146CB
:10B020000120357317F087FA717AB06A3B462246E1
:10B0300008F042F90028E8D1F8BD00BFC80E002092
:10B0400038B5094D02230C46EB72FFF7BDFD10B178
:10B05000042017F05DFA2B7BA34204D9224600217D
:10B06000012017F068FA38BDC80E0020014B587B4C
:10B07000704700BFC80E002068B1084B194653F84E
:10B08000042F0AB18242FAD25B1A9B10013BDBB259
:10B09000034A537370470123FAE700BF989C0300EB
:10B0A000C80E0020014BD863704700BFC80E0020B7
:10B0B00073B50F4B0F4E9B7DFF2B044615D1ADF89A
:10B0C00004000023B06A8DF803300DF1030201A9DA
:10B0D00008F0DCFC9DF80350B06A22462946F6F7DA
:10B0E000D1FB40EA052002B070BD034B1D78F3E7A9
:10B0F00056200020C80E002050200020044BC2B271
:10B10000C0F30721986A82B002B0F6F73BBC00BFDB
:10B11000C80E002010B50D4C0021A06A1BF0CAFF1C
:10B120000B49A06A1CF01EF8FE21A06A1CF009F869
:10B13000A06A08F0C3FA074BB3F910208242C8BFD7
:10B1400018821A8A9A805A8ADA8010BDC80E0020A6
:10B150005020002056200020F0B5154C85B0B4F9E1
:10B160001070ADF80210ADF80420ADF806304FF0C5
:10B17000C8124FF082136946CDE90223ADF80000F2
:10B1800002AD04200B46B1F9002035F9026BBA423A
:10B19000A8BF3A46B242A8BF3246013821F8022B76
:10B1A000F1D103CB034BA060596005B0F0BD00BFE7
:10B1B000562000205E20002073B50546F6F75EFCA1
:10B1C000314E036833608388304CB3800023A37012
:10B1D000238033788DF80130FF2D18BF1D46A575EB
:10B1E0002B4DA86A0DF103030DF102020DF10101CF
:10B1F0001CF083F89DF8013040B90133DBB20D2B10
:10B200008DF80130EDD9012002B070BDA27DFF2A7A
:10B2100000D0A3758DF8053033709DF802308DF89D
:10B2200004300198FFF76AFFC828A8BFC8209DF81E
:10B2300003308DF8043020820198FFF75FFF154B33
:10B240009842B8BF18466082B4F91000FFF730FF8B
:10B25000ADF804000198FFF751FF2082B4F9120005
:10B26000FFF726FFADF804000198FFF747FF4FF600
:10B27000FF73A382642360821A4618461946FFF7BB
:10B280006BFF0020C0E700BF5020002056200020A8
:10B29000C80E00200CFEFFFF034A0346B2F9060069
:10B2A0000BB1FFF75DBA704756200020084B10B570
:10B2B000B3F9044030B903EB4103B3F906309C42C3
:10B2C000A8BF1C46A242A8BF2246104610BD00BF20
:10B2D00056200020014BB3F9120070475620002081
:10B2E000014BB3F9100070475620002073B5064695
:10B2F00012F05FF80C4D0446B5F91200B5F91030A4
:10B30000B042B8BF30469842A8BF1846FFF7D0FEFB
:10B31000ADF804000198FFF7F1FEE880204602B086
:10B32000BDE8704012F04BB85620002073B50646B9
:10B3300012F03FF80C4D0446B5F91000B5F9123083
:10B34000B042A8BF30469842B8BF1846FFF7B0FEDB
:10B35000ADF804000198FFF7D1FEA880204602B0A6
:10B36000BDE8704012F02BB856200020F0B5C0F3B5
:10B37000072585B0FE2DADF8040027D0144C9DF8AC
:10B38000047012F016F8637DAB4206460ED0114BE6
:10B3900018689B88ADF80C300F4B029002A9986A90
:10B3A0008DF808501BF0DEFEFF232375237DBB4282
:10B3B00006D0094B3946986A1BF0C3FE27756575A0
:10B3C000304605B0BDE8F04011F0F9BF05B0F0BD62
:10B3D0005620002050200020C80E00202DE9F04704
:10B3E000DFF8449086B007460E4614460DF1080873
:10B3F000A9F1100ACDE900980B4B3A46802150463E
:10B4000012F015FC0028F5D1102C254628BF102578
:10B4100030462A4641461CF0ACFC641B2F442E44A7
:10B42000E8D106B0BDE8F087E420002030B589B04F
:10B43000202269460D4DFFF7D1FF6A4604AB144642
:10B4400003CC9C4228606960224605F10805F6D1CC
:10B45000074C08AD1A4603CAAA4220606160134631
:10B4600004F10804F6D109B030BD00BFD42000209B
:10B47000E420002010B588B06946202011F096FB2A
:10B48000044630B96846FFF7D1FF034B012283F829
:10B490002020204608B010BDD420002070B5134BEA
:10B4A00093F820308CB005460C460BB9FFF7E2FF4D
:10B4B0000023CDE90033CDE9023354B91C222146E3
:10B4C00005A804941CF04AFC04A8FFF7AFFF0CB0D9
:10B4D00070BD102C264628BF1026294632466846E5
:10B4E000FFF77CFF3544A41BE7E700BFD420002012
:10B4F0002DE9F84FDFF86890D9F800B08246884609
:10B500001746BBF1000F28D099F804500026B54229
:10B5100007D13D7099F80400A84214BF0120022011
:10B5200017E074196110C1EBC1015944C4F3470419
:10B53000887900F00100B8EB000003D106225046E4
:10B540001CF0E2FB002806DB02D0661CF6B2DEE748
:10B550003C70BDE8F88F2546D9E70320F9E700BF26
:10B5600000190020014B00221A71704700190020B9
:10B57000F8B5124C054611F01CFF637985F30705F9
:10B58000AB42064605D10024304611F018FF204694
:10B59000F8BD206865710027277110B111F082FA9B
:10B5A00027606379002BEED0C5EBC50011F05CFA83
:10B5B00020600028E7D160710724E5E7001900202A
:10B5C000044BD3F8012002605B7903F01F03037181
:10B5D000704700BFF5200020F0B5244B002918BFAC
:10B5E0000B4614461268C3F8012022795A710021D3
:10B5F0008BB019700125C1F3C402CFB2A65C01F073
:10B60000070205FA02F2164207D01A7802F128065C
:10B610006E44013206F8287C1A7001312529EAD1DE
:10B620001A7828B16946981D1CF0A3FB0BB0F0BD39
:10B63000002AFBD005330126C0F3C405C1B2675D03
:10B6400000F0070506FA05F52F4208D1B1FBF2F527
:10B6500002FB15110AAD55FA81F111F8281C03F807
:10B66000011F01302528E7D1E0E700BFF5200020C9
:10B67000034B002818BF03460B449879704700BF5E
:10B68000F520002082EA12421FFA82FC8CEA0103B4
:10B6900093FAA3F31BBA9BB203EB031363449BB26D
:10B6A00093FAA3F31BBA9BB203EB031363449BB25D
:10B6B00093FAA3F31BBA9BB203EB03136344154A3B
:10B6C0008CEA030C1FFA8CFCA2FB0C23ACEB0302EC
:10B6D00003EB52035B0903EBC30100B503EB8103EA
:10B6E0000D4AACEB0303002818BF0246C3F3C401A4
:10B6F000114403F0070ED8B24978012303FA0EF380
:10B70000194201BF13780CFB03F302EB134290794B
:10B710005DF804FB4D91CFBAF5200020064B074A97
:10B720001A60074B074A1A60074B084A1A60084B11
:10B73000084A1A600120704754140020AF26030005
:10B7400050140020E72603004C140020AD2603000F
:10B7500048140020E92603000528044B08BF0320F5
:10B760000622013802FB0030704700BFBE9C030078
:10B77000014B986D80B27047005008400A4B5868E2
:10B7800000F07060B0F1106F0CD008D8B0F1E06F2D
:10B7900008D0B0F1006F14BF002001207047B0F155
:10B7A000406FF8E70120704700400840431C07B590
:10B7B000014606D00023CDE90033034A034812F0C6
:10B7C00035FD03B05DF804FB95270300301A002017
:10B7D00070B50E461546044610B302F073FD08B36B
:10B7E000236813F4807F114B1CBF01221A70104A8A
:10B7F0001B7814600F4A16600F4A15601BB902F0DF
:10B8000057FD02F03FFD11F023F902F021FC0B4B34
:10B810000B48197802F028FCBDE8704002F08CB9A2
:10B82000212070BD40F20440FBE700BF2121002031
:10B830001C1900201819002014190020BF21002015
:10B8400069CA02002DE9F04186B011F0D5F8974B96
:10B85000974D1A789749112010F0FEFE2B685A6810
:10B860005423B2FBF3F2002392B25121184610F098
:10B8700089FE0446002840F00B8110F047FF12F0CB
:10B880007FFD044612F07EFD844240F2D08012F02B
:10B8900077FD81B200230122102010F073FE0446D0
:10B8A000002840F0F580844B1968844B186807F035
:10B8B0008DF900F05FF90446002840F0E9802B681C
:10B8C0001C7F002C00F0B680102C28BF10241CF028
:10B8D000FAFF621C81B20023D2B2082010F052FE9F
:10B8E0000446002840F0D480754A76490D2010F0B7
:10B8F0007DFD06460446002840F0CA8010F0FCFB9F
:10B900008DF806606E46324606212C2000F008FABB
:10B9100060B9304617F028FD10B1302840F08C8017
:10B920003C2000F01BFA2C2000F018FA9DF806309D
:10B93000190740F1928096E80300ADF80C10090C4D
:10B9400002908DF80E109DF8063013F0280F07D1E5
:10B95000DDE90201ADF80410090C00908DF8061025
:10B960002B681869002840F08D802B68586900F01A
:10B9700047F92B6893F82220D20700F18D8012F04E
:10B98000E5FC02A902460746286816F007FF0446B0
:10B9900000287DD108F034FA04AA0221322000F0F8
:10B9A000BFF928B9BDF810104FF0FF301BF003FCB1
:10B9B00012F0EEFC044600286AD1012000F0D0FC11
:10B9C000414B18681DF05BFB0446002860D118F05D
:10B9D00092F9044602F038FF804617F004FD414614
:10B9E0000246204615F0EDFD0446002850D12B6894
:10B9F0001B689B050CD4B7F5FA7F09D911F0D2FC6E
:10BA0000012107460846F7F7B7FF384611F0CEFC8C
:10BA10002B689A692D4B1A6016F00EFF2C4B18609C
:10BA2000304600F039FD2B4810F0DAFC30E012F01F
:10BA3000A9FC2EE704244AE704AA01213C2000F0D7
:10BA40006FF940B99DF81030012B14BF49237223C0
:10BA50008DF806306AE74923FAE7F5F779FECDE974
:10BA60000401030C8DF80A30BDF81530ADF80B3029
:10BA70009DF817308DF80D304923ADF808008DF88A
:10BA80000E3060E717F0B9FB044600283FF46DAFB5
:10BA9000204606B0BDE8F08193F8230017F01EFEA3
:10BAA00000283FF46CAF40F20C44F1E7BF210020C6
:10BAB0001C19002069CA0200801B0020841B002082
:10BAC0003D2803003928030018190020541A0020CB
:10BAD000501A0020ADB701000248002203211CF0DB
:10BAE00097BE00BFE81A0020F8B5114817F0FFFC18
:10BAF000E0B916F0A1FE0F4D0D4E286006F10C07BF
:10BB0000286817F0E5FB10F033FB0446304617F0C9
:10BB1000EAFC10B938461CF08AFF02F059FB08B95C
:10BB2000002CEDD1BDE8F84017F05CBCF8BD00BFBB
:10BB3000240B0020501A002008B5054B1B782BB9A8
:10BB400016F00EFEB0FA80F0400908BD0020FCE7B8
:10BB50002021002010B5054C01232370044B1B68E5
:10BB600003B198470023237010BD00BF202100209F
:10BB7000541A00200D4B98420DD8023B984210D821
:10BB800070B1023B98420ED020F0704020F460402B
:10BB900000F590607047064B9842F5D140F21C408A
:10BBA00070472120704740F21B4070470AE000F0C8
:10BBB0000BE000F0024B4FF080525A60704700BF1C
:10BBC00000ED00E0044A002352E8000F42E8003193
:10BBD0000029F9D1FBF7CABD5C1A0020064A52E8D9
:10BBE000003F034342E800310029F8D1034B1B68B2
:10BBF00003B11847704700BF5C1A0020581A002094
:10BC0000034B002814BF02461A46024B1A607047C5
:10BC1000B5BB0100581A002037B51C68E10705D5EF
:10BC200017F049FB164917481CF0FAFDA20723D567
:10BC300001F022FBD0B9144D019011F0BAFB04467B
:10BC400028461CF012FF0190204611F0B8FB019825
:10BC500090B143799B070CD401A802211CF0E7FFA7
:10BC6000019801F0F9FA17F0D5FAE6E717F0D2FAE1
:10BC7000DEE701F0E5FAF6E7002003B030BD00BFD3
:10BC8000380B0020E81A0020601A002008B505488B
:10BC900010F03EFA044B1870BDE80840012110F086
:10BCA00047BA00BF480B00202221002038B50446C7
:10BCB00048B111F07EFB2146054608481CF09EFF66
:10BCC000284611F07CFB064B022193F9000010F08E
:10BCD0002FFABDE83840FFF73DBF00BF601A0020D3
:10BCE00022210020F8B50C4B0C4F04460E46386854
:10BCF0001968154606F06AFFFFF73CFF50B938682F
:10BD000033462A4644F4802107F076F9BDE8F8402E
:10BD1000FFF730BFF8BD00BF801B0020841B002050
:10BD2000F8B50C4B0C4F04460E463868196815469A
:10BD300006F04CFFFFF71EFF50B9386833462A461D
:10BD400044F4802107F068F9BDE8F840FFF712BF1E
:10BD5000F8BD00BF801B0020841B002038B50A4BB3
:10BD60000A4D19680446286806F030FFFFF702FF05
:10BD700040B9286844F480211BF01FF9BDE8384021
:10BD8000FFF7F8BE38BD00BF801B0020841B0020D9
:10BD90002DE9F043134B0E461968134B8DB0054641
:10BDA0001868174606F012FF80B9009733460A223A
:10BDB00002A9284607F052F90DF1080904464FF090
:10BDC0000008444505D1002CEFD120460DB0BDE858
:10BDD000F08359F8041B28461BF0EFF808F101081E
:10BDE000EFE700BF801B0020841B0020F8B50C4B40
:10BDF0000C4F06460C463868196806F0E7FEFFF758
:10BE0000B9FE054648B9E24316FA82F2386842F4B0
:10BE1000802246F48021FFF7BBFF2846F8BD00BF13
:10BE2000801B0020841B0020034B00221A609A8094
:10BE3000FF229A71704700BF45210020064A1379FE
:10BE4000834207D9126801238340134214BF0120A3
:10BE50000020704700207047641A0020054A0346FE
:10BE60001068002208B91A607047C10748BF013244
:10BE70004008F7E7641A0020014B1879704700BFAB
:10BE8000641A0020102A2DE9FF4706460F46154682
:10BE900023D8DFF84C80DFF84CA000244FF00109D4
:10BEA000D8F8002009FA04F3134213D046EA04201C
:10BEB00040EA0A006A46E9B280B2FFF731FF48B9AA
:10BEC0002A46394668461BF01FFF18B960B204B015
:10BED000BDE8F0870134202CE2D14FF0FF30F6E7C7
:10BEE000641A00200080FFFF2DE9F3411D4E054636
:10BEF0000146062230461BF007FF20B996F90600DE
:10BF000002B0BDE8F0810024EF1CA0462046FFF7F8
:10BF100095FFD8B13B88CDF800806946ADF8033075
:10BF2000E0B2BB788DF8053019F0CCFA21280DD09D
:10BF3000A8B90322294668461BF0E6FE30B92B68F3
:10BF40003360AB88B38060B2B071D9E70134202C84
:10BF5000DCD12B683360AB88B380FF23B3714FF023
:10BF6000FF30CDE745210020034B93F90630013324
:10BF700001D1FFF759BF704745210020F7B50446AE
:10BF800017F055FA631C39D117F0FBF94FF4004153
:10BF90000846FFF749FFFFF729FF4B4B4B480025A9
:10BFA000214620221D601BF0D9FE284602F0F2F93E
:10BFB000474D0446FF267CB93720FFF7CFFE424AA3
:10BFC0000C2143F6FF70FFF78DFE404A20213820F8
:10BFD000FFF788FE002017E094F97530013305D093
:10BFE0002B7843B91321204617F087FE204602F034
:10BFF000D1F90446DFE784F87560F7E72046FFF7DC
:10C000001DFF18B940F2064003B0F0BD6B46062292
:10C010000021204616F044FC00283CD04923684605
:10C020008DF8063017F0B1F92A484FF47F4140EA05
:10C0300004200840FFF7DAFE2349E3B201229A40C8
:10C040000B6823EA02030B60234B93F90630A342EB
:10C0500001D1FFF7E9FE0B791C4A0020013B0546A0
:10C06000C1B2994221DBFF260020D65402F092F99A
:10C07000174F0546002DA2D095F97530A34205D182
:10C080003B78EBB91321284617F037FE284602F01B
:10C0900081F90546EEE76B4606220121204616F09F
:10C0A000FFFB0028C0D07223B9E75656A64200D045
:10C0B00025B1551895F90150555401250130CFE7A8
:10C0C00085F87560E2E700BF641A00202521002092
:10C0D000232100200080FFFF452100202DE9FF41A2
:10C0E000354C064601A8FFF7B9FE2379019A934221
:10C0F0001ED86279012A40D100274FF0FF383D4613
:10C1000010E02368EB40D9070BD5082202AB11469B
:10C1100068B216F0C5FB20B1039B43453CBF2F46D8
:10C120009846013523799D42EBD378B2FFF726FF7D
:10C13000236813F0010529D0002501220135202DA7
:10C1400018D002FA05F71F42F8D13B432360A368D9
:10C15000194A013373610C2143F6FF70A360FFF7A6
:10C16000C1FDA8B1236823EA07032360A368013B4C
:10C17000A36073614FF0FF3519E0022AFAD10F4A2C
:10C18000134413F9010D421CFBD0CFE70127DCE774
:10C1900022790A4C013AD2B22146601C1BF0C4FD40
:10C1A0006DB22246202138202570FFF79BFD2846DE
:10C1B00004B0BDE8F08100BF641A002025210020F2
:10C1C000F0B54A4C89B0002501AA04213F20257012
:10C1D000FFF7A6FD00B101952570454C019E224652
:10C1E0000C2143F6FF70FFF79BFDC0B10D23A38028
:10C1F000019B2560032BA56011D803AD2A461421AD
:10C2000043F6FF70FFF78CFD48B995E8070084E816
:10C21000070022460C2143F6FF70FFF763FD019BE8
:10C22000042B06D004210DEB01023F200191FFF702
:10C2300059FD304A20213820FFF772FD28B12D48E2
:10C2400020224FF0FF311BF089FD237903225B0090
:10C25000B3FBF2F3284A1370FFF7E6FD00252379BC
:10C260009D420DD3012E06D83D20FFF777FD002516
:10C2700023799D4215D317F08AF8002009B0F0BD4C
:10C280002368EB40DB070AD56FB2082203AB1146E7
:10C29000384616F005FB10B93846FFF76FFE01353A
:10C2A000DDE72846FFF7CAFDF0B16EB202AB04220B
:10C2B0000C21304616F0F4FA04280AD1029BC3F38D
:10C2C00000238DF80C30012203AB0C21304616F010
:10C2D000B9FA0023CDE90333CDE90533102203ABCE
:10C2E0000D21304616F0AEFA0135C1E723210020BA
:10C2F000641A00202521002024210020F8B5114BCC
:10C3000004461879104B00221D46D1B2884205D947
:10C3100013F9017BA74202F1010604D10B4B1B78F4
:10C320008B4202D9F8BD3246EFE70749481C1BF0A3
:10C33000FBFC2C70BDE8F840034A20213820FFF7B1
:10C34000D1BC00BF641A0020252100202421002038
:10C35000014902481CF064BA580B0020E81A00207A
:10C360000A4B1022DA8228216422C3E906124FF612
:10C37000FF721A8402225A60002283F82B200F22B7
:10C3800083F82D0083F82C20704700BF701A00201E
:10C3900038B502F0B9FD40B9094B1A6893F82A1074
:10C3A000243203464824994200DC38BD04FB03F5DF
:10C3B0005559ED0601D40133F5E70120F5E700BF3B
:10C3C000701A002038B5124C94F82B30F3B1626823
:10C3D00012F001051AD104F1080004F0EDF86368C9
:10C3E00043F004036360FFF7D3FF78B194F82C3077
:10C3F00008484EF6602253434FF482712A4610F0EB
:10C4000019F818B9636843F00103636038BD00BFD1
:10C41000701A0020E81A002022F00042052A10B508
:10C420000DD0B2F5827F13D0032A06D1114A53688A
:10C4300023F00203536002F06FFD002010BD0D4A8F
:10C440001B88118D9942F8D1002313850120F5E74F
:10C45000084B5A6893F82B4022F00102012C5A60D5
:10C46000F4D102F09FFAFFF7ADFF204602F09EFDE7
:10C47000ECE700BF701A0020004870477F1A0020C8
:10C48000044890F82B1000F10F020830012918BF62
:10C4900010467047701A0020F0B4827912F0280F0D
:10C4A000034626D0144A0168C2F80F108188A2F80A
:10C4B00013108179517592F82A6011680025AE42F7
:10C4C00007DC5368F0BC43F004030320536002F020
:10C4D0006DBD4C6A14F4404F08D1186808609F88FD
:10C4E0009879887144F008048F804C620135483196
:10C4F000E5E72120F0BC7047701A00204379024A1A
:10C500009B09D05C704700BFF09C03000B6810B51E
:10C5100003608B888380FF2A044602D10723A3711E
:10C5200009E0032A08D8054B9B5C8371072B02D1D5
:10C53000FFF7E4FFA07110BD0023F0E7F49C0300B7
:10C540008379024A03F00703D05C7047E89C03003C
:10C5500010B582798B79094C02F0070203F00703CA
:10C56000A25CE35C9A4206D106221BF0CDFBB0FA36
:10C5700080F0400910BD0020FCE700BFE09C0300F4
:10C580007FB5134B03930E4605460446A0B117F042
:10C59000BCFC78B900223146204617F0EBFD02289A
:10C5A00007D10123009303AA04233146204616F045
:10C5B0004EFA0DB104B070BD204617F075FC04466C
:10C5C0000028F7D017F0A1FC0028F5D1E2E700BF62
:10C5D0000100FFFF2DE9F04F97B08346099117F056
:10C5E000DAFB099883790C33C518C45C1CF0A4FAF3
:10C5F0001E2C099F064624D8012C26D9C54BE340A2
:10C60000DA0722D5384697F806801CF095FABBF871
:10C610000A2083B29A4228D214F0010240F0A1808D
:10C6200004F07F03522B00F09C801E2C00F09980B8
:10C63000099B009321460423584617F0F4F821245F
:10C640000CE004F07F03522BDCD021460097062338
:10C650000022584617F0E7F841F20614584617F042
:10C660009FFB204617B0BDE8F08F4744013B3A7B63
:10C670001E2A9BB242D8012ACED9023A1C2ACBD814
:10C6800001A151F822F000BF19C7010019C601002D
:10C690001DC7010019C6010013C7010019C601001A
:10C6A00009C7010019C6010019C7010019C6010018
:10C6B0001DC7010019C6010021C7010019C60100EC
:10C6C00009C7010019C601004FC7010019C60100C2
:10C6D00019C6010019C6010053C7010019C601009F
:10C6E00057C7010019C6010019C6010019C601008B
:10C6F00019C6010019C601005BC70100522A26D0E5
:10C70000D22A89D10D2B05E0062B0FD0142B83D113
:10C710000CE0052B80D909E0022BF8E7042BF6E7A3
:10C72000032B7FF679AFDB073FF576AF022C00F0E5
:10C73000F380DBF800309B689F0516D40BF14400B2
:10C740001CF075F9099BCBF84430002486E7012BD7
:10C75000E0E7032BDEE7012BD9E7002B7FF45CAF8A
:10C76000E4E709A81CF063F969E71E2C584600F0BD
:10C77000928317F0CAFB0746002840F08280584693
:10C7800017F0BEFB00287CD004F07F03522B00F092
:10C79000BC80082C68D1B6B2152E14BF0220102020
:10C7A000691D17F098FB00285ED0DBF81430D8071D
:10C7B00049BF23F0010343F00103CBF8143039469D
:10C7C0005CBFCBF814300121584617F0B5FB09982F
:10C7D0000D9016F096FFB0F80180B0F80390044673
:10C7E0000D981CF0A9F9152814BF02251025053451
:10C7F0002146284603F0B6F821460390284617F054
:10C800006AFB0490B8F1000F00F04481C84500F2C3
:10C8100041810D9A0221092016F096FFBBF80A709B
:10C82000023FBFB282463E4640464FF0FF35039A74
:10C83000494617F051FE0446002800F06D8117F0BC
:10C840001EFC002800F0858101222146584617F081
:10C85000C0FC03468DF82E00002800F020810D9AC0
:10C86000009222460821A4E0DBF8143013F0010600
:10C870003CD023F00103CBF814300021584617F0C8
:10C880005BFB1E2C63D8032C66D9231F142B63D8A3
:10C8900001A252F823F000BF6DCB010059C901007D
:10C8A00059CC010059C90100CFC7010059C9010085
:10C8B0003FCD010059C901005DCD010059C90100FA
:10C8C00073CD010059C9010065C9010059C90100B2
:10C8D00067CE010059C9010059C9010059C90100B9
:10C8E00083CE010059C901008DCE010043F0010340
:10C8F000CBF814300121584617F01EFB0096122386
:10C9000032462146584616F08EFF09A81CF08FF8D3
:10C910001BE700BF54554541099D934C284616F02E
:10C92000F0FE2188B0F801602A46584616F090FFC4
:10C930002388BBF80A10B34228BF3346172BB8BF71
:10C940001723ABF80A30584617F011FAFDE6522CBF
:10C9500000F09082D22CD8D0099B009300220623AD
:10C96000214626E0099F384616F0CBFE0546B0F872
:10C970000180B0F803A038461CF0DEF8152805F158
:10C9800005010CBF2046022002F0ECFFB5F805308F
:10C9900004900793B8F1000F07D0D04505D817F0E1
:10C9A000F2FE50B90097102301E0009701234246A0
:10C9B0001021584616F037FFC7E63A4602211120EB
:10C9C00016F0C2FEBBF80A3003939E1E063B9BB2D4
:10C9D0000590B6B244464FF0FF350893049A51468D
:10C9E000204617F079FD814668B3079A514617F043
:10C9F000C0FD0446484617F042FB40B94FF6FF73AE
:10CA00009C4201D00134A4B25445E7D91BE04FF059
:10CA10000003ADF834300DAA0CAB4946584617F068
:10CA200075FC039ABDF834300690053A9A42089A8C
:10CA3000D8BF1346002DADF8343009DB9D4202D13A
:10CA4000EB1CB34208DB691C1CD100970A23AEE73C
:10CA5000351F9D42A8BF1D46042211A93846ADF8D6
:10CA60004490ADF846401CF0A5FA06992A4638468F
:10CA70001CF0A0FA043E4FF6FF73761B9C42B6B240
:10CA8000C0D1E0E7059B04355D703946584601F09A
:10CA900075FD5AE60D9B009301234246E2E6049B96
:10CAA00013B1204617F0CFFA204617F000FBD8B19B
:10CAB000002D54DC0DA81BF0BAFF082358468BF854
:10CAC0001C3050F80C2B92F870208DF844208DF813
:10CAD000483011AA002340F20251ADF84640ADF8AB
:10CAE0004A301BF0D9FE30E6ADF844000DF12E03BC
:10CAF00011AA2146584617F009FCBDF844300590AC
:10CB0000BB4228BF3B46002DADF844300ADBAB42A8
:10CB100002D16B1CB34209DB6A1C0D9B1FD1009331
:10CB20000A23BAE7B51E9D42A8BF1D4602220CA9E2
:10CB30000D98ADF830401CF03DFA05990D982A4645
:10CB40001CF038FA023E4FF6FF73761B9C42B6B2D9
:10CB5000E2D0601C80B28145BFF469AEDCE70235EB
:10CB60000D998AF8015091E75A0E0020DDF82490C3
:10CB7000484616F0C6FDB0F80180B0F803300493C3
:10CB8000B8F1000F41D098453FD84A460221052010
:10CB900016F0DAFDBBF80A400590023C4FF6FF772D
:10CBA000A4B24546BA462946584617F070FD50458E
:10CBB000064649D04FF400622946584617F009FB53
:10CBC00000283CD1304617F0FAFD00280CBF0223A4
:10CBD0001023574503931ED0304617F0F0FD069002
:10CBE000384617F0ECFD069B834203D1039B0133CB
:10CBF000A34211DB384617F0E2FD059B0130587067
:10CC00001946584616F0F8FD9FE5CDF8009001232F
:10CC100042460421CDE637460DF146013046ADF8D7
:10CC2000445002F0F5FE039B11A99A1C48461CF0E3
:10CC3000C1F9039B023CE41A5545A4B2DAD0049B27
:10CC40000135ADB2AB42AED24FF6FF739F42D1D1A8
:10CC5000CDF800900A23DBE7DDF82490484616F073
:10CC600050FDB0F803A0B0F80530B0F801600393B0
:10CC7000074648461BF060FFC51FADB20024102DCB
:10CC80000C9458D82A46F91D0DA81BF072F8002EF6
:10CC900053D0564551D84A460121072016F054FD7D
:10CCA000A046074633460A249A45049307D9BBF8A1
:10CCB0000A00394616F02BFD0328049B04D8B8F16E
:10CCC000000F1AD039469CE7ADF84430039BADF80D
:10CCD00048300DAB13930BAA0DF12E0311A9584642
:10CCE000ADF846A0ADF8505017F06FFC0A28044686
:10CCF000E5D0BDF82C3030B11E46CDF8009023466B
:10CD00003246062155E6ADF83030BDF82E30ADF88C
:10CD100032300CAA0423BBF80A00394616F002FD93
:10CD2000BDF82E304FF6FF729342CBD001339BB249
:10CD30004FF00108B8E70424DFE70124DDE7099C90
:10CD40000A238BF81C30204616F0DBFC2346002219
:10CD5000B0F80110584615F04AFFF6E4099C204649
:10CD600016F0CFFC0C238BF81C30B0F803202346C0
:10CD7000EEE7DDF82480404616F0C3FC0546404649
:10CD80001BF0DAFE0023441EBBF80AA08DF83430F5
:10CD900061D014F001075ED120460FF065FE064613
:10CDA00000285ED00AF1FF332246691C03931AF073
:10CDB000E0FF424601210F2016F0C6FCB146049068
:10CDC000002C04DC30460FF06DFE049919E739F8A9
:10CDD000025B01222946584617F0FBF9023C8DF808
:10CDE000340068B9284617F06CF810B1284617F0DF
:10CDF0002AF9284617F05BF960B180238DF83430AA
:10CE000030460FF04FFE9DF83430CDF800802A46B2
:10CE10000E21CEE50DAB294611AA584617F076FA39
:10CE20009DF834300146002BEAD1039BBDF8442025
:10CE3000DB1B9A42C2BF0AF1FF33DB1BADF8443063
:10CE4000BDF8442040461CF0B5F8BDF84430984287
:10CE5000B8D31F44B4E7042300258DF834302E46A0
:10CE6000CEE71123F8E7099AB5F80110584615F0F6
:10CE70005CFF6AE4099AB5F80110584615F0B0FF56
:10CE800063E40999584615F0EAFF5EE4697858466C
:10CE900016F050F839E516F06DF836E57FB5174A0B
:10CEA0001368064623F0080342F60520136017F0C6
:10CEB0004EFB054650B1684602F046FC002016F0D5
:10CEC000F3FF044620B92946FFF75AFB04B070BDB2
:10CED000102204F1210168461AF016FF38B1012131
:10CEE000204617F029F8636923F0010363611EB13E
:10CEF0003146204617F0FCFB2046E0E7541B00209B
:10CF000007B5837801916A46082104488DF80030FE
:10CF10001BF0C2FC03B05DF804FB00BFE81A002060
:10CF2000054B0022C3E90322C3E905221A70DA6126
:10CF30004FF6FF725A847047C41A0020014B1860E4
:10CF4000704700BFC01A00200D4B827813B55A609D
:10CF5000B0F8032091B2102910D040F60344A1424A
:10CF60000CD041795B8C8DF80210ADF80420054897
:10CF7000ADF800306A4605211BF08EFC02B010BDF2
:10CF8000C41A0020E81A002073B5837901900C338D
:10CF9000C418C35C132B0ED8042B10D9053B0E2BE1
:10CFA0000DD8DFE803F01E0C0C1E0C0C0C0C0C163C
:10CFB0001A0C0C0C2300302B13D03E2B1BD0FAF78D
:10CFC00047F9019B834202D001A81BF030FD02B05B
:10CFD00070BD2046FFF7B8FFF1E70F4BE2785A60CB
:10CFE000EDE701A9204602F0F9F8E8E701A920469B
:10CFF00016F0FCF9E3E7094E0025019B3BB156F81A
:10D00000043B01A92046013598470E2DF5D101A812
:10D010001BF00DFDD3E700BFC41A0020F89C0300ED
:10D0200007B500F013F920B103B05DF804EBFFF78A
:10D03000ABBF00F017F9019018B1054B1B681BB18D
:10D04000984703B05DF804FB01A81BF0F0FCF8E77B
:10D05000C01A0020024610B1022804D070470348CD
:10D0600003211BF0D5BBFFF7DBBF00BFE81A002090
:10D07000024B1A78024B53F822301847C41A00208A
:10D08000309D030010B504460120FFF7F1FF034B6C
:10D090001C70BDE810400020FFF7EABFC41A002052
:10D0A00010B50621044642F2050016F0B9F82368CF
:10D0B000C0F80330A388A0F807300648FAF7EAF86A
:10D0C00016F0F2F8407920B116F0EEF8407940F40D
:10D0D000805010BD030E030010B5062104464FF624
:10D0E000284016F09DF82368C0F80330A388A0F804
:10D0F00007300648FAF7CEF816F0D6F8407920B196
:10D1000016F0D2F8407940F4805010BD89730100C8
:10D1100038B505460C4669B9022142F21B0016F0EB
:10D120007FF8B5F86E30A0F803300D48BDE8384000
:10D13000FAF7B0B8122142F21A0016F071F8B5F8F9
:10D140006E30A0F803302146053004F1100351F889
:10D15000042B40F8042B9942F9D10248E6E700BFBE
:10D160004D1003008910030001481BF07EBC00BF76
:10D17000D41A00202DE9F3410D46B0F86E1001924B
:10D1800040F6FF73994205D101A81BF050FC02B094
:10D19000BDE8F0811146134601229BBB1E481BF0DF
:10D1A0002DFDFFF7E1FF04460028F0D01BF0C4FC82
:10D1B0006379A66803F001086FF300030746637103
:10D1C000042120461BF0FCFD43798179B6F86E20DE
:10D1D0008660044668F300030C314371DB436254FC
:10D1E000084403F00103C2F3032242EA031242702F
:10D1F000478022463046294616F0FDF82046FAF7C9
:10D2000059F8CEE75C79986024F0030414435C710C
:10D2100000221B68C1E700BFD41A002070B5074C7C
:10D220000546206800B970BD8368AB4204D106682A
:10D230000FF0AAFA2660F4E70446F2E7D41A0020B9
:10D24000014601481BF0DABCD81A002001481BF047
:10D250000CBC00BFD81A0020014601481BF0CEBC10
:10D26000D01A0020034BD86818B103F10C001BF052
:10D27000FCBB7047C41A0020044BDA6822B9586915
:10D28000003818BF0120704701207047C41A0020E1
:10D290000138C0B20A289ABF014B185C00207047C1
:10D2A000389D030007B506481BF0DFFB0421019001
:10D2B0000DEB01001BF0BBFC019803B05DF804FB13
:10D2C000EC1A0020F7B5186810F0020003D0164ED3
:10D2D000316811B9012003B0F0BD002404222346B7
:10D2E0000DEB020001941BF098FBBDF80630DB0744
:10D2F00002D4FFF7D7FF04460C4F002557F8043B34
:10D3000023B1BDF804002146984748B13368002B8B
:10D31000E0D0074B022193F900000EF009FFD9E796
:10D320000135062DEAD1F1E7EC1A0020F01A0020B1
:10D330004C21002010B509480EF0EAFE084B0949BF
:10D340001870002420200C600FF068FA064BC3E927
:10D350000044C3E90244C3E9044410BD680B002043
:10D360004C210020EC1A0020F01A002070B5084E65
:10D37000002596F82A30ECB2A34200D870BD2046B2
:10D3800001F0AAF910B1204601F0CCFC0135F0E71C
:10D39000701A002013B5C37A0093B0F80930D0F8A2
:10D3A0000520D0F80110007801F04EFC0446034837
:10D3B00000F01CFF848002B010BD00BF20020403F7
:10D3C00037B5FF230DF107008DF8073001F0C6FCDB
:10D3D000044604489DF8075000F008FF84808571DA
:10D3E00003B030BD2003040138B54B795B07054617
:10D3F0000C460CD414212046054A15F0FDFF217976
:10D40000204616F0AAF810B9A3791C44257438BD3B
:10D41000609D03008378132B10B50C4608D1054B93
:10D420001B6803B198472046BDE810401BF0FFBAC7
:10D4300010BD00BF081B002010B500210446007875
:10D4400015F0AAFF48B16178207816F08FFB0446EA
:10D45000034800F0CBFE848010BD0224F8E700BF33
:10D460002002560110B54178007801F02BFC0446EB
:10D47000024800F0BBFE848010BD00BF20025602AF
:10D48000024B00201870024B187070474E2100208C
:10D490004D2100202DE9F04383780D2B91B00D46EE
:10D4A0004FD109AC821C00F11A032646106851685E
:10D4B000274603C708329A423C46F7D113883B807F
:10D4C0001C2128461BF0B3FBBDF826402F6814F042
:10D4D0000C043ED138461BF02FFBA0F10208A045FA
:10D4E0000DDA4FF0FF3400239C428DF81C301EDB18
:10D4F000A31C0122394607A81BF08FFA17E0631C12
:10D500000122394605A81BF088FA9DF81430012B3A
:10D51000E9D023460122394607A81BF07EFA9DF880
:10D520001C3013B101331C44D9E78DF81C3001F0D5
:10D53000E5FC012808D0022843D050B928461BF04A
:10D5400076FA11B0BDE8F0839DF81C3013F0010F9E
:10D55000F4D09DF82F0000F067FC07469DF83000DE
:10D5600000F062FC0DF11C099DF828200DF1290145
:10D57000804605A8FEF7CAFF9DF836200DF1370159
:10D580004846FEF7C3FF134B1B78DB071ED405A8E4
:10D5900015F07FF9044605ABCDE90145CDF80090C3
:10D5A00042463946304600F017F82B68002BC5D0AC
:10D5B000CDE9004505AB42463946304619F06BFBD4
:10D5C000BCE79DF81C3013F0030FC1E74FF0FF34A8
:10D5D000E1E700BF4D2100202DE9F74FB0F802C070
:10D5E0000C9F9DF934A0DDF838B01CF0100F0646F2
:10D5F0001C4633D05FFA8CF51CF0080F184614BF98
:10D6000005F0080505F00F0516F093FB8146384636
:10D6100016F08FFB96F90F30019380465A46134857
:10D620007678042116F02DF8019BA0B105712268CF
:10D63000C0F80520A288A0F8092080F80B9080F897
:10D640000CA0437386733B68C0F80F30BB88A0F80A
:10D65000133080F8158003B0BDE8F08FCDE90DAB35
:10D660000C9703B0BDE8F04F15F0ABBE9C9D0300D6
:10D6700010B50021421D0379044608461BF0C7FC83
:10D68000024648B16188208815F00AFB0446034829
:10D6900000F0ACFD848010BD1A24F8E720020A02D5
:10D6A00030B5044685B0007816F0F8FBA0B10DF156
:10D6B0000E030193E37800932379B4F80110621DFF
:10D6C00015F0A7FC04460548BDF80E5000F08EFD8D
:10D6D0008480C58005B030BD2524F4E720040A030A
:10D6E00013B50446007816F0D9FB70B10023CDE9DC
:10D6F0000033E278B4F8011015F0C4FC0446044885
:10D7000000F074FD848002B010BD2524F7E700BF4F
:10D7100020020A0473B5B0F80140C678051D0078F0
:10D7200016F0BCFB60B1214600962B46002215F096
:10D730004DFC0446034800F059FD848002B070BDE2
:10D740002524F7E720020A0F08B5064906481BF012
:10D7500067F8064906481BF063F806480FF052F9CF
:10D76000002008BD800B0020101B0020900B002023
:10D770000C1B0020780B0020014815F0B4BE00BF40
:10D78000240B002030B5114B994285B00D4614464C
:10D7900019D193000FD503A902A80EF0DFFE0823CC
:10D7A000E1B20193039B00930022029B41F00051E0
:10D7B00028461BF018F8064815F02DFF00B104713B
:10D7C000012005B030BD0020FBE700BF0C1B00208E
:10D7D000109E030022F00042B2F1A04F08B504D120
:10D7E000034815F018FF012008BD0020FCE700BF2A
:10D7F000149E030070B5FFF7BFFF90B1FEF73CFE2B
:10D80000002604462046FEF79BFE0546064800F02B
:10D81000EDFC86802268C0F80620A288428105734C
:10D8200070BD024C0226EDE720090115EC9D0300B6
:10D8300008B501F0D5FBBDE80840024902481BF0DD
:10D8400013B800BFA00B0020E81A0020F8B50E4E58
:10D8500005460020307100F09DFD012704466CB1A3
:10D860006DB994F872306BB1377115F0B9FD20467F
:10D87000132116F042FA6468002CF2D1F8BD20465C
:10D8800016F03FFA6468EAE76E20002038B50A4CCB
:10D8900000232360A38003682360207816F029FA10
:10D8A000054630B9054806491AF0BAFF608801F00C
:10D8B000ADFB284638BD00BF6E200020E81A0020CE
:10D8C000A00B002022F00042B2F5887F2DE9F0473E
:10D8D0001C4600F0E2800ED840F203139A423CD07E
:10D8E00040F209139A4200F0C2800E2A00F0B38081
:10D8F0000020BDE8F08740F207239A424AD0B2F5F3
:10D90000037F59D040F206239A42F1D120684C306F
:10D91000FEF716FE2568A48895F8736095F870A048
:10D9200095F9759095F876800746604815F073FE76
:10D930000028DDD0EB6C4360B5F850300381731ED6
:10D940005E425E418772C67280F80CA080F80D902E
:10D9500080F80E80A0F80F40CAE7207800F00CFD98
:10D960000028C5D0524894F80090B4F80280A788E7
:10D97000E688257A648915F04EFE0028B8D080F834
:10D980000490A0F80580A0F80770A0F80960C5729F
:10D990008481ADE7207800F0EFFC0028A8D0607803
:10D9A0002578FFF775FC0446424815F034FE002840
:10D9B0009ED0057144719BE7A578012D1DD0022DE5
:10D9C0002BD0C5B9E37894F8008094F90470667997
:10D9D000394894F90640023BDBB2022B9ABF374A22
:10D9E000D55C012515F017FE28B180F8048045713B
:10D9F0008771C671047201207BE7E37894F8008098
:10DA000094F9047066792E4894F90640023BDBB223
:10DA1000022B9CBF294AD55CE4E7E378294894F8B7
:10DA20000180277894F90490667994F90640023BC6
:10DA3000DBB2022B96BF214A0125D55C15F0EBFD28
:10DA40000028D8D0A0F804808771C57180F80890AC
:10DA500046728472CFE723461B4813F8014B082215
:10DA6000002115F0E9FD0028C5D00471C3E717486F
:10DA700094F800806788A688E588248915F0CBFD96
:10DA80000028B8D080F80480A0F80570A0F80760DE
:10DA9000A0F80950A0F80B40ADE70D481C7815F030
:10DAA000BAFD00283FF424AF047121E76C9E030007
:10DAB000689E0300609E0300589E0300189E0300AA
:10DAC000549E03005C9E0300509E03004C9E030086
:10DAD000649E030010B5007800F04EFC40B11321A5
:10DAE00016F00BF90446034800F080FB848010BD5B
:10DAF0002524F8E72002060570B5144606460C4AB0
:10DB000020460D46142115F077FC2179204615F0AA
:10DB100024FD58B9A3790C331C44064BA6711B791C
:10DB2000A5801BB1BDE8704015F05BBC70BD00BFA7
:10DB3000489E03006E200020024B1A68024B002012
:10DB40005A60704714190020240B002010B5FDF70F
:10DB500079FE044630B9044815F09BFC044608B928
:10DB6000FDF7BAFF204610BD240B002073B522F04C
:10DB700000421C4640F20A639A4208D8B2F5C06FD0
:10DB800008D8042A48D00D2A4ED0032A1ED00020DF
:10DB900002B070BD6FF4C0631A44092AF7D801A31C
:10DBA00053F822F08DDC01003BDC01005FDC01005A
:10DBB0006FDC010085DC01008FDB0100A5DC0100CA
:10DBC000BBDC0100DBDC010029DD010001A8F3F76B
:10DBD000A1FD5748BDF8044015F01DFD0028D6D022
:10DBE00000234371C37103724372C372037343739F
:10DBF0008373C3737F23072283746FF03103027131
:10DC0000C37404222C238271037525226FF01E0336
:10DC1000827204824375BAE74648246815F0FBFC1B
:10DC20000028B4D08480B2E72346042253F8044B82
:10DC30004148002115F000FDF2E7207800F09CFB40
:10DC40000028A4D03D48267894F90150A47815F016
:10DC5000E2FC00289BD006714571847197E7247817
:10DC6000374815F0D8FC002891D004718FE725784B
:10DC70003448646815F0CFFC002888D00571C0F8DE
:10DC8000054084E7257830486468F3E72F48257815
:10DC9000646815F0C0FC00283FF479AF0571A0F866
:10DCA000054074E72A482578646815F0B4FC00281C
:10DCB0003FF46DAF0571447169E7637825482478B6
:10DCC0000D2B96BF244A0125D55C15F0A4FC002835
:10DCD0003FF45DAF0471457159E763781F482678BA
:10DCE0000D2B98BF1C4A4FF0000198BFD55C6368AC
:10DCF000A27888BF012515F09FFC08B10671457117
:10DD00006378012B3FF643AF8DF804301348247835
:10DD100001AB0122002115F08FFC00283FF437AF42
:10DD200001230471437132E724780D4899E700BF5D
:10DD3000B49E0300AC9E0300B09E0300949E0300BB
:10DD40009C9E0300A09E0300989E0300909E0300EB
:10DD50008C9E0300889E0300709E0300849E030037
:10DD6000809E030002481422002119F0F7BF00BF73
:10DD7000141B002070B51C4C05460FF01AFB63798C
:10DD80005B0706460ED414212046184A15F034FBD2
:10DD90002179204615F0E1FB20B13046BDE8704006
:10DDA0000FF00DBBA3790C3323442DB91A79FF2A48
:10DDB000F3D001321A71F0E7012D05D15A79FF2A0B
:10DDC000EBD001325A71E8E7022D05D19A79FF2A8A
:10DDD000E3D001329A71E0E7032DDED1DA79FF2A30
:10DDE0001CBF0132DA71D8E7141B0020A89E030083
:10DDF00010B504460A4815F076FB60B109480021C9
:10DE000015F0F7FB48B18279024414610179BDE84D
:10DE1000104015F0A2BB022010BD1A20FCE700BF85
:10DE2000240B0020A49E03000428024B28BF0020DE
:10DE3000185C7047B89E030038B50546084800F0E6
:10DE400051F9044648B900F0A3F904461DB1054B49
:10DE50001B689B792B7000F0B3F9204638BD00BFDA
:10DE6000C49E0300301B00202DE9F84380460D4876
:10DE70009DF820900F4616461D4600F033F978B9FC
:10DE8000094B1C6884F80480C4F80570C4F8096064
:10DE9000A4F80D5084F80F90BDE8F84315F02EBBA0
:10DEA000BDE8F883BC9E0300341B002038B505464E
:10DEB00006480C4600F016F938B9054B1B681D7171
:10DEC0005C71BDE8384015F019BB38BDD49E030025
:10DED000341B002038B5054606480C4600F002F910
:10DEE00038B9054B1B681D715C71BDE8384015F0F1
:10DEF00005BB38BDCC9E0300341B002010B5044682
:10DF0000054800F0EFF830B9044B1B681C71BDE800
:10DF1000104015F0F3BA10BDDC9E0300341B002046
:10DF200038B505460C460748012100F0EBF838B932
:10DF3000054B1B689D80DC80BDE8384015F0DEBADB
:10DF400038BD00BFFC9E0300341B00202DE9F041CA
:10DF500007460E460F48154601211A46DDE90638E8
:10DF600000F0D0F8044690B90B4B1B681F71A3F862
:10DF70000560DD7100F00CF90446B8F1000F04D023
:10DF8000064B1B68DB88A8F8003000F019F9204622
:10DF9000BDE8F081F49E0300341B0020301B0020FC
:10DFA00070B5064608480D46144600F09BF848B97F
:10DFB000064B1B681E71A3F80550DC71BDE870406C
:10DFC00015F09CBA70BD00BFEC9E0300341B00200E
:10DFD00038B505460C460748012100F093F840B9D2
:10DFE000054B1B681D71A3F80540BDE8384015F0CE
:10DFF00085BA38BDE49E0300341B002070B5054689
:10E000000B480E4600F06EF8044678B900F0C0F8F0
:10E01000084B04461B6825B1D3F806202A605A89AC
:10E02000AA800EB11B7B337000F0CAF8204670BD89
:10E03000049F0300301B0020044A0346106810B1FF
:10E0400002789A4200D170470069F8E72C1B002043
:10E0500008B515F01CFAFFF785FE024B00221A6086
:10E0600008BD00BF2C1B002038B5104D104A0446D7
:10E0700028461BF026F84FF48270A0470D4B01464E
:10E080001860287818B14FF482721BF01DF84FF415
:10E090008270A047084B01461860287828B1BDE877
:10E0A00038404FF482721BF00FB838BD4F2100206A
:10E0B0000C9F0300341B0020301B0020084A13680B
:10E0C00033B94178036141F001014170106070473C
:10E0D000197802789142FAD003F110021B69EFE738
:10E0E0002C1B002010B5044618F0D6FD28B9034BB0
:10E0F00022681C60024B1B681A6010BD281B0020A0
:10E10000341B00202DE9F84F04684FEA042A984692
:10E110000AF4E06AC4F307234AEA030A0AEB020995
:10E12000B9F5807F83460F46154603D91D26304634
:10E13000BDE8F88F18F0B0FD06460028F7D1124B65
:10E1400024F47F44C3F800B024F0C7040F4B44EA22
:10E1500019244FEA09291B681FFA89F944EA0904BE
:10E1600043F8044B53442A464146184619F001FE31
:10E17000012F04D1FF2DD9D800F8015CD7E7022F79
:10E1800008BF20F8025CD2E7281B0020341B0020C7
:10E1900008B5074B1A68074B52F8040B1968064B71
:10E1A00049681B689847054B1B68988808BD00BFE5
:10E1B000341B0020281B0020B00B0020301B002047
:10E1C000024B00221A6018F069BD00BF281B002016
:10E1D000054B186808B1C3681BB1003818BF01208F
:10E1E00070470069F6E700BF2C1B002010B5034CF8
:10E1F00023681860FDF7AEFC206810BD301B0020BE
:10E20000F8B504460D4601460020174615F040F9C2
:10E21000F2F75AFA194E78BB194B1B681C60336829
:10E22000187058709870D870204615F00BF918B116
:10E2300065B94368220E2BB90F250DE0597991423B
:10E2400004D008331D68002DF8D1F5E73846A847FB
:10E2500033681B684BB9012524F47F4020F0C700C8
:10E2600040F40070FFF7C2FF85803268012052F849
:10E27000041B15F00DF9F8BD1425EDE7301B002047
:10E28000341B0020094B802283F8012383F80423E8
:10E2900083F8052383F8062383F8072383F80823EC
:10E2A00083F81D23A02283F8222C704700E100E0B0
:10E2B000034AD2F8B03043F05403C2F8B03070478C
:10E2C00000400E40054BD3F8E80010F480501CBF0E
:10E2D000D3F8EC0000F00100704700BF0081E00FB0
:10E2E0001C4A136870B504460D466BB393F87D1055
:10E2F000586811F0040129D110608C22184693F857
:10E30000706019F02BFD80F870602268C0F85A2008
:10E31000A288A0F85E20A27980F8602003462868D1
:10E32000D864AA79A98883F85220FF2283F875203F
:10E3300083F8762040F6FF72A3F86E20064AA3F811
:10E340005010116859601360184670BD1A1D0346BD
:10E35000CBE700BF3C1B0020381B0020054A0346CA
:10E36000106800B97047B0F86E209A42FAD0406841
:10E37000F7E700BF381B0020054A0346106800B9C4
:10E38000704790F870209A42FAD04068F7E700BFD3
:10E39000381B002010B9024B18687047406870475E
:10E3A000381B0020114A00232DE9F0418C21136015
:10E3B0008046024601200EF0E5F8044620B90C4ED6
:10E3C00005463060A84502D82046BDE8F08101200E
:10E3D0000EF056F907468C220021013519F0BEFCDB
:10E3E00087F8705037603E1DECE700BF381B0020F7
:10E3F0003C1B002010B501238B4090F8711021EADE
:10E40000030149B2044680F87110002949D114F083
:10E41000F1FF204617F081F8102104F118001AF0DE
:10E4200019FE2046FEF7FAFE04F138001AF0FFFA52
:10E43000204616F0D3FF214A13681BB19C4259684D
:10E4400030D11160A36859050BD51A0509D443F4DE
:10E450000063A18994F87000A36004F17802FFF7CB
:10E460004BFB0023636020461AF002FA15F043F9D3
:10E4700094F870304FF48072B2FBF0F242430344E0
:10E48000B3FBF2F102FB1133DBB2591EC9B2FD2915
:10E49000F5D884F8703000236360094B1A6852B9CC
:10E4A0001C6010BD1A465B68002BCBD09C42F9D192
:10E4B00063685360C6E7131D5268F0E7381B0020FD
:10E4C0003C1B002010B5084C206830B9074BBDE854
:10E4D0001040186001200EF0A3B8436890F8711046
:10E4E0002360FFF787FFEFE7381B00203C1B00206D
:10E4F00090F8743003F00B03013BDBB20A2B9ABF98
:10E50000014AD05C002070471A9F03001FB50146E6
:10E5100090F870308DF80430FFF7EAFFB1F8623000
:10E52000ADF80630B1F86430ADF80A30B1F86630B5
:10E530008DF80C00ADF8083001AAB1F86C30054830
:10E54000ADF80E3040F203111AF0A6F905B05DF8EF
:10E5500004FB00BFE81A002007B590F870308DF872
:10E56000051001AA40F2072103488DF804301AF083
:10E5700093F903B05DF804FBE81A002038B50A4BA4
:10E580001B6804460D462BB143699B0702D515F065
:10E590000CFC30B120682A460421BDE8384016F052
:10E5A000CBBEA3699D6138BD401B0020014B1860A4
:10E5B000704700BF401B0020024B1868003818BF8E
:10E5C00001207047401B002013B50446019120B97B
:10E5D00001A81AF02CFA212012E008460029FAD0EE
:10E5E0001AF0AAFA80B20028F2D0094B01991B68F0
:10E5F00020464BB1984728B901992046FDF7EAFF1C
:10E6000002B010BD0020FBE701F0D2FAF3E700BF33
:10E61000401B002038B5436A5904044615D4134AF8
:10E6200092F82B20012A03F400430FD1826A92044E
:10E630000CD4002B01460CBF5320142014F065F9B4
:10E6400018B9636A43F00803636238BD002BFCD13C
:10E65000074D20462946FDF77BFF0028F5D12868A5
:10E66000AA88AB792060A280A371EAE7701A002023
:10E670007F1A00202DE9F041164D85F82A0038B3A5
:10E6800000EBC000C1000023012204200DF07AFF3E
:10E69000044650B904200DF0F3FF48272860A04637
:10E6A00095F82A30A34203DC00242046BDE8F0811F
:10E6B0002E6807FB046614220021C6F8188006F1B4
:10E6C000340019F04BFB304615F092F90134E7E7BE
:10E6D0002860E9E7701A0020074B93F82A2082424D
:10E6E00081BF1B6800EBC00003EBC003586A8CBFFE
:10E6F00000F0010000207047701A002008B50146A4
:10E70000FFF7EAFF40B1054B1B6801EBC10103EBCA
:10E71000C103586AC0F3C02008BD00BF701A0020B2
:10E720002DE9F04F384A93B05168074610680FAB97
:10E7300003C39068354A1860146807EBC70304EBFD
:10E74000C30412AAE37B94F82E8094F82F6002EBA6
:10E75000430333F80C1C636ADA0447D4012641F002
:10E760001001B04694F80D9094F83150C3F3404A2C
:10E770005B0348BF4AF0020A8BB289F00809B8F17E
:10E78000010F0B9304F1070BD4E90723C9F3C00968
:10E7900094F9324009D0B8F1020F06D0B8F1040F55
:10E7A00014BF4FF000084FF00308012E05D0022ED1
:10E7B00003D0042E14BF002603263846CDE90C23CF
:10E7C000FFF79CFF0121CDE90760CDE90051CDE9BC
:10E7D0000548CDE903BADDE90C230B99CDF8089083
:10E7E000384601F08DFB13B0BDE8F08FA26A9506A4
:10E7F00048BF41F02001500648BF41F04001DA0314
:10E8000048BF41F00401ADE7269F0300701A0020C5
:10E8100070B50C4B93F82A601C6800218E4202DC14
:10E82000FF25284670BDCDB22846FFF755FF28B119
:10E83000E37B012B02D1636ADB06F2D40131483459
:10E84000ECE700BF701A0020014B93F82A007047D4
:10E85000701A002070B504461546FFF73DFFB8B1A9
:10E860000E4A136804EBC40403EBC403E6005B6ABE
:10E8700013F010040FD0C3F300330B70136833444C
:10E88000DB7B5A1E042A04D8033B18BF01232B70DC
:10E8900070BD0023FBE72046FAE700BF701A002096
:10E8A0003F4A70B5146800EBC00304EBC30406468E
:10E8B000636A5B0704D500231A46194601F002FC7F
:10E8C000636A9D0706D53046FFF72AFF636A23F087
:10E8D00002036362636A18070CD5A2792146C2F36A
:10E8E000C002304601F08CFB0546E8B9636A23F0AC
:10E8F00008036362304615F027FA0546A0B9626A3C
:10E90000D10611D5D30404D5304613F0FCFF40B135
:10E910001BE01206E37B09D4E37B626A023B012B16
:10E9200015D9616A48071FD4284670BD03F0FB0360
:10E93000012BF6D02169304601F088FB636A25611E
:10E9400023F0800363620028E6D00546ECE7D30598
:10E95000E7D56169304601F097FB00236361636A84
:10E9600023F480736362D2E7E37BA28D012B03D192
:10E97000A2B1802A28BF802211F0400F94F83030D5
:10E980004FF0010118BF0123304601F09BFB002826
:10E99000DBD1636A23F004036362C5E74022EBE73F
:10E9A000701A00202DE9F041114D0024482795F8F8
:10E9B0002A30A34201DCBDE8F081E6B23046FFF721
:10E9C0008BFE98B1286807FB04F84044436ADA06D6
:10E9D0000CD55B040AD4FFF71DFE2B684344304678
:10E9E0005A6A42F006025A62FFF75AFF0134DEE724
:10E9F000701A00202DE9F04FDFF84892D9F8004056
:10EA000000EBC00304EBC30404F1100A89B0804694
:10EA100050460E4617461AF00AF804F11403184639
:10EA200002931AF004F800201AF0C6F905460028EF
:10EA300000F00381012F40F2726718BF1F27012EDB
:10EA4000A6735CD0022E0CBF06260426022128469F
:10EA500014F0F2FF0121284614F0EEFF314628465B
:10EA600014F0EAFF28461AF067F886B2B91B0123B2
:10EA700000930A2242F6072389B2284615F02CF8A3
:10EA80000644B6B2B91B04230093122242F60423B3
:10EA900089B2284615F020F80644B6B2BB1B012BFC
:10EAA000069503932DDC002399F82B20002A00F013
:10EAB000A480504619F0BBFF636A256143F08002D1
:10EAC0006262DB0400F1AB8099F82B00002840F073
:10EAD000A6801AF071F90790002800F0A08039464E
:10EAE00014F0B5FF002800F0A4800298079D19F0EB
:10EAF0009EFF636A656143F4807363628FE005265D
:10EB0000A4E700201AF058F907900028CBD0BB1ECC
:10EB10009B1B02211FFA83FB01F014F88345064674
:10EB200011D22BF001018AB2411A07A804921AF0FF
:10EB3000A5F8049A164602223EB90798F0B907A82C
:10EB400019F075FFAFE70322F6E7711C06980492EF
:10EB5000C9B214F071FF049A0698114614F06CFFC4
:10EB6000079906A81AF004F900201AF025F9079071
:10EB7000002836D0ABEB06031FFA83FB5B46022B63
:10EB800038BF02239A1E92B20F2A31D91021049263
:10EB900000F0D8FF049A824203461FD222F00F01F0
:10EBA0008AB29346411A07A81AF068F85B46062213
:10EBB000591C06980493C9B2059214F03DFF059ABA
:10EBC0000698114614F038FF079906A81AF0D0F8F5
:10EBD000049BB21C13449BB23EB965E740B10722C7
:10EBE000E6E707A819F023FF334602339BB25BE741
:10EBF00007A819F01CFF3346EEE7039AD11A89B231
:10EC0000284614F024FF0646504619F010FF636AA8
:10EC1000256143F080026262002E3FF452AF606AC9
:10EC200010F010000AD0404609B0BDE8F04FFFF7E1
:10EC300037BE07A819F0FBFEF1E71A2009B0BDE8BE
:10EC4000F08F00BF701A002070B5054614461E46AE
:10EC5000FFF742FD30B3144B186805EBC50500EB18
:10EC6000C500426A93050BD4A1F120054FF6DF736E
:10EC70009D4217D8A4F120059D4213D8A14211D876
:10EC8000C3698B4202D1036AA34204D0C0E90714CE
:10EC900042F0020242629DF8103080F830308685E2
:10ECA000002070BD2120FCE7701A0020044A116882
:10ECB00000EBC00301EBC301CA7B14F066BF00BFC9
:10ECC000701A0020F8B505460C46FFF705FD28B37D
:10ECD000052923D8124E336805EBC50203EBC203A6
:10ECE000D700186919F028FF1F2817D833683B444C
:10ECF000586919F021FF1F2810D8012C0ED0231FAE
:10ED0000012B0BD93168394422464B6A23F48253D4
:10ED10004B622846BDE8F84014F037BF2120F8BD0B
:10ED2000701A002010B50446FFF7D6FC90B10A4ACD
:10ED3000106804EBC40300EBC300436A23F05003E4
:10ED400043F00403436214F049FE2046BDE810403E
:10ED5000FFF7A6BD212010BD701A002070B5054632
:10ED6000114890F82A4003680022944201DC1A20DE
:10ED700016E0596ACE0714D493F83960760710D498
:10ED80000A4CD0F80F00A688186041F00901A0795C
:10ED90009871D4B29E8059622046FFF7C1FC2C7056
:10EDA00070BD01324833E0E7701A00207F1A00205E
:10EDB00070B5FFF72DFDFF28044615D00B4D03B2AB
:10EDC000286803EBC30300EBC300DE00436A23F0B3
:10EDD0001003436214F002FE2968314420463431A6
:10EDE000BDE87040FEF700BB70BD00BF701A002088
:10EDF0008378122B2DE9F0410F463CD10B689A79AC
:10EE00000C321344DD781E790DB145F4805530463F
:10EE1000FFF762FCD0B1DFF86480D8F8004006EB61
:10EE2000C60304EBC304636A23F01003636295B95D
:10EE3000A0692246314608F12E0300F089F9A56148
:10EE40002222294608F12E0018F088FF3846BDE836
:10EE5000F04119F0ECBD204614F0C0FD636A5A067B
:10EE600003D523F040036362F0E704F13401304638
:10EE7000FEF7BAFAEAE7BDE8F08100BF701A002099
:10EE800073B5144D144C6A68236802F0800103F0D6
:10EE900002030B431BD0530654BFA67A0126FDF78D
:10EEA000EFFA0196837983F00803C3F3C00300935C
:10EEB000E388A288217A607A00F0DEFF40B92368F7
:10EEC00023F0020323606B6823F080036B60002053
:10EED00002B070BD701A0020441B0020064B0121B7
:10EEE000A3F108020020C3E9000043F8081C4FF01A
:10EEF00010135360517270474C1B0020014B187B5C
:10EF0000704700BF441B0020024BD87A003818BF5E
:10EF100001207047441B002070B5224E716811F02B
:10EF200002013AD1204D2B68580706D5084600F05B
:10EF3000C9FF2B6823F004032B602B68726803F071
:10EF4000080302F00402134310D0FDF799FA837905
:10EF50001A071FD5FEF7C0F80446C8B92B6823F07E
:10EF600008032B60736823F004037360FFF788FFC6
:10EF7000044668B9EB7A5BB12B685B0708D40121C2
:10EF8000084600F09FFF50B92B6843F004032B6044
:10EF9000204670BDFEF784F8DEE71124F8E704464A
:10EFA000F6E700BF701A0020441B0020032805D19B
:10EFB0000A4A136843F00803136008E0012808D1E7
:10EFC000064BDA7A42B11A6842F008021A60FFF77B
:10EFD000A3BF10F0FD0FEBD000207047441B0020B2
:10EFE000094B10B500205862FFF7D4F904461CB94C
:10EFF000BDE81040FFF766BA204641F2160114F052
:10F00000FEFD6468F3E700BF701A0020A0F11B0347
:10F01000E02B10B5044618D8042142F2240014F065
:10F02000FFF86FF06F03437142238371A0F8034030
:10F030000748F8F72FF914F037F9407920B114F0A8
:10F0400033F9407940F4805010BD2120FCE700BF27
:10F05000EB11030037B50D46044614F0F7FD69883F
:10F06000204614F03DFB6A7E2B7E43EA0223A4F87F
:10F0700062306A7F2B7F43EA0223A4F86430EA7E81
:10F08000AB7E43EA0223A4F866301B23A4F86C305D
:10F090002D4BDA8B1B8CA4F86A30022384F8723073
:10F0A000A4F86820204614F0A4F9204616F010FABF
:10F0B00094F87330022B15D101F056F970B194F920
:10F0C000753001330AD1A368052143F480532046EB
:10F0D000A36003B0BDE8304014F00FBE002120460D
:10F0E00014F001FB0021204600F02CFA288C4FF68A
:10F0F000FF73984225D000F0C5F9009400F0B0F9F4
:10F100006A46ADF8040040F20621104819F0C4FB2D
:10F11000002240F20221204619F07AFB2046FFF738
:10F12000F5F9204616F0E0F9204600F079FEA368D4
:10F1300023F48043A3600121204614F0E6FD03B0D0
:10F1400030BD0020D9E700BF701A0020E81A002067
:10F15000F7B504460F461646991D5A7968461D466E
:10F16000FDF7D4F92CB969463046FFF7B9F80446E3
:10F17000A0B140F20323A4F8723084F876703368AB
:10F18000C4F85A30B388A4F85E30B37984F860309C
:10F1900029462046FFF75EFF03B0F0BD032140F291
:10F1A000064014F03DF86B88A0F803300D2343713E
:10F1B0000148F8F76FF8EFE7CF10030007B54FF4F9
:10F1C000887190F8703004488DF8043001AA19F065
:10F1D00063FB03B05DF804FBE81A00202DE9FF4152
:10F1E0000378302B04460E4639D006D8052B25D09F
:10F1F000082B41D004B0BDE8F0813E2BFAD18378D2
:10F200000C2B4BD8022BF5D9033B092BF2D801A2CA
:10F2100052F823F0ADF20100E9F30100F5F101002D
:10F22000F5F1010081F30100F5F10100F5F10100B4
:10F23000F5F10100F5F10100D5F30100B0F803008C
:10F24000FFF78CF828B1617909B141F4805114F0CD
:10F25000D6FC304604B0BDE8F04119F0E8BBB0F888
:10F260000300FFF77BF80028F3D0A17809B141F43F
:10F27000805114F01DFDECE7B0F80300FFF76EF8C5
:10F280000028E6D0627990F8743022B143F001038F
:10F2900080F87430E9E703F0FE03F9E7212B00F072
:10F2A000B880292B1FD0202BD3D0A3E78088FFF76D
:10F2B00055F80028CDD0E278002ACAD1E179A279A8
:10F2C00042EA0122A0F86220E17AA27A42EA01220F
:10F2D000A0F86420227A617A42EA0122A0F866202E
:10F2E000FFF714F9B5E7C7783C2F00F1020502D10A
:10F2F000FFF75EFDADE790F80680B8F1000F23D16F
:10F30000544A546AC2F82480CFB147F48057294642
:10F31000204614F09BFCE76084F8728001AA40F25A
:10F3200001212046CDE9014719F0B6FAA36843F45C
:10F330008063A36041462046FFF75CF889E72946D1
:10F340002046FFF787FE84E7408C4FF6FF73984214
:10F350000BD000F097F840B1FDF792F82B4602462B
:10F36000FF210020FFF7F4FE73E73B4B223455F8F2
:10F37000042B43F8042BA542F9D12A881A8068E7A8
:10F38000B0F80300FEF7EAFF00283FF462AFB4F8DC
:10F39000053090F87020A0F86C308DF80420ADF89E
:10F3A0000630227AE37943EA0223ADF80830A27AE4
:10F3B000637A43EA0223ADF80A30227BE37A43EA18
:10F3C0000223ADF80C3001AA40F20911234819F0CC
:10F3D00063FA3EE78088FEF7C1FF00283FF439AFAB
:10F3E000A179FFF7B9F834E78088FEF7B7FF002866
:10F3F0003FF42FAF90F870308DF80430D4F8063019
:10F40000CDF80530D4F80A30CDF8093001AA0E2124
:10F41000DCE78088FEF7A2FF00283FF41AAF90F8DF
:10F4200070308DF80430E3788DF80530A3798DF8CD
:10F430000630E3798DF80730237A8DF80830637A47
:10F440008DF80930A37A8DF80A3001AA4FF40371C0
:10F45000BCE700BF701A00209E1A0020E81A0020A6
:10F4600050B1074B1B68C31A807A0C22B3FBF2F32E
:10F4700040EA032080B270474FF6FF70704700BF2C
:10F48000B40B002009490B7A09680246FF2B01D111
:10F490000020704703EB430301EB830031F8233076
:10F4A000C3F30B039342F4D0C37AEFE7B40B00200D
:10F4B00008B5054B054A1978054819F002FE054BB9
:10F4C000F7221A8008BD00BFBF210020329F030031
:10F4D000512100205A0E002010B5044670B3006878
:10F4E000836CA34222D1636883641549224619F0D4
:10F4F0009BF904F10C0019F0BBF904F1440019F078
:10F5000096FAFFF759F858B1A06948B1143019F0CC
:10F510008EFAA069183019F08AFAA0690DF0C2FAC3
:10F520002046BDE810400DF0BDBA1346002BDCD0DC
:10F530005A68A242F9D162685A60D6E710BD00BF8E
:10F540003B3E0300F8B5054648200E4619F0BEFDC7
:10F550002A4F0446387818B14822214619F0B4FDE4
:10F560008CB1FFF729F898B11C2019F0AFFD0146C6
:10F57000A061387810B11C2219F0A6FDA3692BB93F
:10F5800020460DF08FFA00242046F8BD00221A70A4
:10F590000321284614F0A7F8AB6C6360AC64172312
:10F5A00026810026638116492560224626776664F7
:10F5B00028460CF05BFF03F0FFF93246014604F1E8
:10F5C0000C000CF053FF02232374FEF7F5FF18B96B
:10F5D0000C4B1B78002BD7D00B4B19881729D3D98C
:10F5E000204614F00FF90028CED11221204614F045
:10F5F000E9FB636943F002036361C5E75121002021
:10F600003B3E0300502100205A0E0020F8B505466D
:10F6100010B3002920DB114C2468247E8C421BDDB2
:10F620003F2919DC01F0030600EBA101760091F8F7
:10F6300031400327B74002F0030224EA0704B24036
:10F64000224381F8312013B1002114F075FC2846C3
:10F65000BDE8F84014F0CDBCF8BD00BF5C1B002035
:10F6600070B5164600221A7032800A7A0D46072AB3
:10F670004DD8DFE802F004090D111A1E304AE8687F
:10F6800030F8023B338043E0EB68981D5B88F9E774
:10F69000EB68981D9B88F5E7697B1E4B14F099FC7D
:10F6A000022218803280184632E002231A48338042
:10F6B0002EE01A4C2B7B23702B88E8890133637072
:10F6C0002B8801331B12E11CA37000F0A1F9033059
:10F6D000308020461CE0124CA889EB89A370020AF6
:10F6E0001B0A20706270E37000F006FA58B1C3681C
:10F6F0001A88022A07D19A782271DB78637106236F
:10F700000748338004E00423FAE780221A700020BF
:10F7100070BD00BF6B210020429F030058210020D4
:10F7200052210020054A064B1860136843F001037C
:10F730001360044B828B1A80704700BF541B00205B
:10F740005C1B0020742000202DE9F04F504E3768DC
:10F750008FB0002317F00807CDE90433CDE9063355
:10F7600005460DD04B4B014603F1100253F8040B34
:10F7700041F8040B9342F9D100200FB0BDE8F08F9F
:10F7800010200CF07DFF044600287ED00FF0D3FB44
:10F790000220F5F78DFA01462046F5F7B1FA002868
:10F7A0006DD1802204A92046F2F790FD002866D191
:10F7B000B946394B1B68D988BAB2914219D8294643
:10F7C0002046F2F7D9FD2046F5F77EFA21461020B3
:10F7D0000CF078FF2F4B294605F1100251F8040B6D
:10F7E00043F8040B9142F9D1336843F008033360C6
:10F7F000C2E71A68ADF80E901FFA87FB4FEA0B18A4
:10F8000002EB0B1B5846019214F0DBFF8246584670
:10F8100000F046F920B3AAF520539BB2032B019ABE
:10F8200002D9BAF5245F1DD132F80830ADF8203086
:10F830000DF10E0259460DF10D030020ADF822A086
:10F84000FFF70EFFBDF80E20014609A818F091FA47
:10F85000BDF80E2008A904322046F2F77BFD70B9EE
:10F860000137A6E70AF55643FF339BB2042BF7D8BE
:10F8700032F80830ADF82030ADF822A0E8E70146B4
:10F8800040F2074000F014FE9DE71A2075E700BF24
:10F89000541B00206D2100205C1B0020144B1B68B2
:10F8A00013F0040370B5014606D0124B1C68E389BF
:10F8B000002290B2834209D80F4A1468E5890022D9
:10F8C00090B285420AD84FF6FF7006E0A56835F879
:10F8D00012508D4202F10102EBD170BDA66836F8DC
:10F8E00012608E4202F10102EAD1034498B2F4E7B9
:10F8F000541B0020581B00205C1B0020094B1B6878
:10F900005B070AD5084B1A68D389834203D99368E9
:10F9100033F810007047C01A80B2044B1B689B6814
:10F92000F6E700BF541B0020581B00205C1B002082
:10F9300038B50468094905460C22204618F0E4F958
:10F9400050B90749022204F10E0018F0DDF918B988
:10F950000C342C60022038BD1020FCE7459F0300CA
:10F96000539F03002DE9F743102801910BD0022883
:10F9700004D04FF6FF7003B0BDE8F083019B1888F8
:10F98000FFF78CFFF7E701A8FFF7D2FF0228F5D0B9
:10F990001028EED11B4B019F1E6816F0040608D0FC
:10F9A000194BD3F80080B8F816600024A5B2AE4217
:10F9B0001AD8164BD3F80080B8F816900025ACB2D0
:10F9C0004C45D6D2D8F81000102200EB051039466D
:10F9D00018F09AF901350028F1D1A0196FEA4040DA
:10F9E0006FEA504080B2C6E7D8F81000102200EB52
:10F9F0000410394618F088F901340028D6D145F4AE
:10FA00000040B8E7541B0020581B00205C1B00205E
:10FA1000020408B51DD5124B1B685B07C0F30E002E
:10FA200013D5104B1A68D38A98420CD2136903EB92
:10FA3000001000F1100350F8042B41F8042B9842F9
:10FA4000F9D1102008BDC01A80B2074B1B681B6992
:10FA5000EDE7FFF753FF0870000A48700220F1E756
:10FA6000541B0020581B00205C1B00200B4B1B6804
:10FA700070B51D68044642F60306A5420AD2204628
:10FA800029B914F09EFEB04206D1103402E014F001
:10FA9000A2FE08B1204670BD103CEEE75C1B0020C2
:10FAA000437ADA0702D5C3F380007047034BC2885C
:10FAB0001B881A4214BF01200020704774200020C8
:10FAC0000A4B1B68DB0708D570B1094B1B68DB8844
:10FAD000834234BF00200120704728B1054B1B88AA
:10FAE000834294BF00200120704700BF541B0020B8
:10FAF0005C1B00207620002070B50246FFF7E0FF77
:10FB0000E8B10F4B1968CD88954209D302F18050B6
:10FB100001380B68040103EB00101B5B93420ED00D
:10FB2000002398B2854201D8002008E00E681C012D
:10FB300006EB0310345B944203F10103F1D170BD75
:10FB40005C1B00202DE9F3410025184F01900E4663
:10FB5000A8463A68D188ABB299421DD91468ABB2B5
:10FB600004EB0314B4F90430002B1CDA2046FFF731
:10FB700097FFC0B1E1680B889E4214D132460198CC
:10FB8000023119F017FAE3681B8882B2934207D05A
:10FB9000114601A819F072F8404602B0BDE8F081A4
:10FBA00043441FFA83F80135D3E700BF5C1B0020F4
:10FBB00037B58B7901910C33CD180A46C95C11F029
:10FBC0000103044629D01D290AD101211E2013F06A
:10FBD000BBFD0146204613F00FFE012003B030BDEF
:10FBE000032916D10E4BB5F801201B884189934299
:10FBF00028BF1346172BB8BF1723438114F0B7F85B
:10FC0000636923F00203636140F20941204614F066
:10FC1000D6F801A818F00BFFDFE71846DEE700BFB3
:10FC20005A0E002038B5124B42891B888B4228BFE0
:10FC30000B46172B0446B8BF17234381114614F017
:10FC400096F8636923F002036361A3699D693DB17E
:10FC500000229A6129462046BDE83840FEF78EBC56
:10FC600040F20941204614F0AAF8A3691D7038BD7E
:10FC70005A0E00200148FEF799BC00BFC1290200BE
:10FC800008B5002142F20E0013F0CAFABDE80840A0
:10FC90000148F7F7FFBA00BFBB11030038B590F871
:10FCA0007230032B0446154606D1FFF7E9FF012306
:10FCB00084F87230002019E0C9B9012B2DD9032135
:10FCC00040F2064013F0ACFAB4F86E30A0F80330FE
:10FCD00045711348F7F7DEFA13F0E6FA8378002B44
:10FCE000E5D013F0E1FA807840F4805038BDA3B13C
:10FCF00002214FF6044013F093FAB4F86E30A0F8E6
:10FD000003300848F7F7C6FA13F0CEFA4379002B10
:10FD1000CDD013F0C9FA4079E6E70220E6E700BF4C
:10FD2000CF10030005110300F8B507460E4642F256
:10FD300013000E2115461C4613F072FAB7F86E3008
:10FD4000A0F80330BDF81830A0F80B30BDF81C3017
:10FD5000A0F80D30BDF82030A0F80F30A0F80560F5
:10FD6000A0F80750A0F809400648F7F793FA13F0F7
:10FD70009BFA807820B113F097FA807840F4805095
:10FD8000F8BD00BF47110300F8B50D4607461C211A
:10FD900042F219001C46164613F042FAB7F86E30CC
:10FDA000A0F803302B68C0F805306B68C0F8093044
:10FDB000A0F80D6023460F3004F1100253F8041B25
:10FDC00040F8041B9342F9D10648F7F763FA13F0A1
:10FDD0006BFA807820B113F067FA807840F4805095
:10FDE000F8BD00BFF70F030070B506460D4642F29E
:10FDF0007A000421144613F013FAA0F80360457149
:10FE000084710648F7F746FA13F04EFA407920B1AC
:10FE100013F04AFA407940F4805070BD4915030050
:10FE200010B50221044642F2300013F0F9F9B4F89B
:10FE30006E30A0F803300F48F7F72CFA13F034FABD
:10FE4000437963B913F030FAC088FEF787FA0446A5
:10FE500028B113F029FA017A2046FEF77DFB13F052
:10FE600023FA407920B113F01FFA407940F4805012
:10FE700010BD00BF45760100F8B507460E4642F2B8
:10FE80004100082115461C4613F0CAF99DF81830A8
:10FE9000C3709DF81C30037147718671A0F807503C
:10FEA000A0F809400648F7F7F5F913F0FDF9407995
:10FEB00020B113F0F9F9407940F48050F8BD00BF4B
:10FEC000F572010038B505460C4642F242000621A3
:10FED00013F0A6F9002343718371C3710372C570D7
:10FEE00004710648F7F7D6F913F0DEF9407920B12E
:10FEF00013F0DAF9407940F4805038BD4D730100B9
:10FF00002DE9F04106460F4642F23600192115460A
:10FF10001C46DDF8248013F083F92B0AC371230AF1
:10FF200083729DF8183003739DF81C3085714472FC
:10FF300043732D0C9DF82030C670240C8780057209
:10FF4000C4728373D8F80030C0F80F30B8F80430AA
:10FF5000A0F813309DF8283043759DF92C30837537
:10FF60009DF83030C375002303769DF83430437616
:10FF70009DF83830C37686760648F7F78BF913F08C
:10FF800093F9407920B113F08FF9407940F4805013
:10FF9000BDE8F081ED73010038B505460C464FF61B
:10FFA0001940052113F03CF9C57044600648F7F785
:10FFB00071F913F079F9407920B113F075F94079AE
:10FFC00040F4805038BD00BFA30D030038B505468E
:10FFD0000C464FF61A40052113F022F9C570446013
:10FFE0000648F7F757F913F05FF9407920B113F09D
:10FFF0005BF9407940F4805038BD00BFD30D030059
:020000022000DC
:1000000070B50D4606460121DAB1FFF7C5FF04467B
:10001000A8B9072142F2350013F002F9C6702B6827
:100020004360AB8803810848F7F734F913F03CF9D3
:10003000437923B113F038F9447944F480542046CD
:1000400070BDFFF7C3FFE2E7630F030010B50A4678
:100050000446042142F2370013F0F7F8032303713A
:10006000002343718371C4700648F7F713F913F046
:100070001BF9407920B113F017F9407940F4805012
:1000800010BD00BF570E030010B50A4604460421F8
:1000900042F2380013F0D9F80323037100234371AF
:1000A0008371C4700648F7F7F5F813F0FDF840794E
:1000B00020B113F0F9F8407940F4805010BD00BF32
:1000C000A30E0300F8B506460F4642F2390006219A
:1000D00014461D4613F0A4F801238471240A037109
:1000E000C7704671C47105720648F7F7D3F813F06C
:1000F000DBF8407920B113F0D7F8407940F4805014
:10010000F8BD00BFEF0E03000148FCF717BF00BFAA
:10011000150102002DE9F04F867987B00C36059065
:100120000546805BC0F30B00FEF718F9044618B9CA
:1001300005A818F07CFC4EE090F87230022BF7D145
:10014000AB5B059AC3F30B0103F44053B3F5805F37
:100150009060A95342D153796FF300035371836BBD
:10016000002BE5D0042105A804F1380618F05FFD46
:100170000599304618F042FDA06B002301465A1C39
:10018000A9BBDBB2012B01D918F0A9FDA06B18F0B7
:10019000D3FC03281FD9D4F8389099F80670484644
:1001A00018F0CAFC0C3709EB070539F80770A0F105
:1001B0000408474522D9524FD4F838A007F1100956
:1001C00057F804BB5346424629462046D8474F4578
:1001D00010D00028F4D007B0BDE8F08F383018F008
:1001E00026FC059A537943F001035371BAE7096875
:1001F0001346C4E70028EED130469AE7A06B18F00A
:100200009BFC04378742F7D36988A1F140033F2B59
:100210000BD80421304618F00AFDA26B69882046ED
:1002200015F0D4F80023A363D5E705290BD00629E0
:1002300061D00429E0D1304618F0F9FCA16BA06C24
:10024000FEF7C2F9EEE72946204615F0BDF8024652
:100250000028D1D12B79122B06D0132B36D06979F7
:10026000204615F089F8C7E794F87330022BF6D0D2
:1002700029898B1F9BB240F67A40834224D86A8931
:10028000931F9BB283421FD891421DD8AB89B3F50F
:10029000FA7F19D2EF89A7F10A0080B240F6764CB6
:1002A000604511D8B4F86A000290B4F86800CDE94E
:1002B00000702046FFF738FD021E18BF0122697941
:1002C000204615F015F897E70122F8E794F8733007
:1002D000012B03D16979204615F04EF8A3681A0462
:1002E0008AD523F40043A3602B89012B84D12046B7
:1002F000FEF764FF80E7A16B204615F0E7F891E771
:10030000589F03000C4B1A7801469AB95B689B070B
:1003100010D490F97520013218BF012291F85230A3
:1003200013F0400005D091F8600010F0400018BFB5
:10033000D0B270470122F1E7601B0020024B5868E1
:1003400000F00200704700BF601B0020024B58689D
:1003500000F00800704700BF601B0020014B1B68C5
:10036000184700BFC00B002008B512F069FA022838
:100370001BBF034B5868002000F0100008BD00BFF1
:10038000601B002007B502460846042802F0010160
:1003900013D9B1B903200C4B5A6002F080030193CA
:1003A00002F04003009302F0200302F0040200F088
:1003B000C1F9002003B05DF804FB0029EBD003284D
:1003C000E9D12120F6E700BF601B002038B50D49B8
:1003D0000D480CF095FB0446054688B90B4B0C4ABA
:1003E0001A600C4A5A600C4A9A600C4ADA6000F0B3
:1003F000F3F9032104462846FFF7C4FF084B1D709C
:10040000204638BDEFBEADDEBEBAFECAC00B00202E
:1004100029070200A159030075070200891C020088
:10042000601B002038B5044603200CF01DFB054678
:10043000D0B194F87030037094F875304370204652
:10044000FEF756F82A46A87040F20261074818F0F5
:10045000DFF9074B2046DB680121984794F97500C6
:10046000BDE83840FBF780BD38BD00BFE81A00206A
:10047000C00B002070B5054608200E460CF0F4FABB
:10048000044680B195F870300370074B4660002138
:100490002846DB68984722460448BDE8704040F291
:1004A000016118F0B5B970BDC00B0020E81A00203A
:1004B00038B5054608200C460CF0D6FA024638B18D
:1004C000C0E900540D21BDE83840024818F0A0B939
:1004D00038BD00BFE81A002038B5054608200C4694
:1004E0000CF0C2FA024650B195F8703003704460C7
:1004F00040F20561BDE83840014818F089B938BDBF
:10050000E81A002013B504460191114612B301A95F
:1005100004200CF04BFB019B104AB3FBF2F102FBF1
:100520001133019345F2180201AB0021204615F06A
:100530009AF908200CF098FA024648B194F8703005
:100540000370019B436040F20461054818F060F9B4
:1005500002B010BD01AB45F21802E8E740420F00BF
:10056000E81A002010B5044601200CF07DFA02467E
:1005700048B194F870300370BDE81040024840F272
:10058000036118F045B910BDE81A002038B50546DA
:1005900008200C460CF068FA024650B195F870300D
:1005A0000370446040F20761BDE83840014818F02C
:1005B0002FB938BDE81A0020014B5B68184700BF0F
:1005C000C00B002010B50F4C2068D0B1002303777A
:1005D00080F83D3080F85E3020219F3018F03AFDE1
:1005E000206860215F3018F035FD206821211D3022
:1005F00018F030FD20682121BDE810403E3018F091
:1006000029BD10BD681B0020F0B50D468FB0064611
:10061000144632492022284617F076FB70B930493B
:100620002022204617F070FB40B92E4B1B681B7D23
:10063000002B51D040F203400FB0F0BD366C2022A9
:1006400006F15101284617F05FFB38B9202206F168
:100650007101204617F058FB0028EBD068460EF0D9
:100660004FFF06AA2B4605F1200715461868596862
:10067000164603C60833BB423246F7D1202128462E
:1006800018F0DAFC2022294668460DF06EFF22465B
:1006900002F120062C4610685168234603C3083235
:1006A000B2421C46F7D12021284618F0C5FC202272
:1006B000294602A80DF059FF012104A80DF025FFDD
:1006C000084B18686946C030F4F7CEFB044668460C
:1006D0000EF045FF002CADD10020ADE79CA003003B
:1006E0007CA00300681B002000F0C003402B07D152
:1006F000094B1B6873B100F03F0053F820007047AE
:10070000802B01D1054BF4E7054A0648C02B08BFF2
:100710001046704703487047701B00206C1B002078
:10072000115C0300A9090200014B1B68187A70478D
:10073000681B002010B50E4C0039246818BF012139
:10074000003B18BF0123A3749DF808302070003AC5
:1007500018BF0122003B18BF0123E3749DF80C3041
:100760002174003B18BF01236274237510BD00BFC4
:10077000681B002001280AD002280ED098B90B4B24
:100780001A68936943F00103936100207047074B97
:100790001A68936943F00203F6E7044B1A689369F9
:1007A00043F00403F0E72120704700BF681B0020DE
:1007B000024B034A1A600020704700BF701B0020E4
:1007C00038A00300024B034A1A600020704700BFA4
:1007D0006C1B002010A0030070B51F4D286838B9AD
:1007E0004FF4907018F072FC286058B91A2431E068
:1007F000C0300EF0B8FEFFF7E5FE28684FF49071A8
:1008000018F028FC2B6815484FF0FF310022D96002
:100810000326102119721E7011491A7783F83D20A2
:1008200083F85E201A829A749A610BF01FFE0446C8
:1008300080B92868C0300EF071FE28683146C0309B
:10084000F4F7DAFD30B122460549044817F0ECFF11
:1008500040F20744204670BD681B0020741B002036
:10086000D75703002DE9F043DFF838911F46D9F838
:10087000003015461A7F022A8BB080460E461DD1E5
:1008800003F15F0403F17F0254F8041B46F8041BD4
:100890009442F9D103F19F0254F8041B45F8041B5C
:1008A0009442F9D1BF3354F8042B47F8042B9C42EF
:1008B000F9D1B8F1000F66D1002442E09C6914F030
:1008C00001041BD0334B03F1200253F8041B46F8FC
:1008D000041B9342F9D1304B03F1200253F8041B5F
:1008E00045F8041B9342F9D12C4B03F1200253F835
:1008F000041B47F8041B9342F9D1DAE704A80EF071
:10090000FFFD02A80DF07AFDD9F80000244B0094F9
:1009100004AA02A9C0300EF041FD0446A8B104A803
:100920000EF01DFE02A80DF06EFDB8F1000F03D011
:100930000821404615F04AF9214640F20740FFF7EA
:10094000B7FD20460BB0BDE8F0833146202204A855
:100950000DF021FE2946202206A80DF01CFE2022C3
:10096000394602A80DF017FE04A80EF0F8FD02A803
:100970000DF049FD3046202118F05EFB202128466D
:1009800018F05AFB95E7002245F21601404614F094
:100990005AFF91E7689F0300899F0300AA9F030005
:1009A0002B560300681B002045F20603994210B540
:1009B00004463CD00DD840F2032399421AD045F2A8
:1009C0000203994211D040F20123994212D04820EB
:1009D0002CE045F2170399423AD045F21A039942A6
:1009E0001CD045F20C039942F1D10521204615F0A7
:1009F000EDF81AE0174894F8701017F0EAFE94F832
:100A00007330012B14BF80204020FFF76DFE4FF4A0
:100A1000A0410346002220469847D8E7C02114F0A1
:100A2000F7FE07212046FFF725FD002010BD937932
:100A30001A44517C41F49051FFF71CFD94F8733037
:100A4000012B14BF80214021204614F0E1FEECE789
:100A50000220EBE7741B0020B1F5A04F2DE9FF4108
:100A60000446154600F0E980A1F5A043DE1F042EE0
:100A700000F2EA809279066C0C32083B96F86C71B1
:100A80001544032B03D8DFE803F0307987D5F90745
:100A90002ED56F1D6F481022394617F035F9002802
:100AA00065D096F97A013B461022032111F0CAFE67
:100AB000064611F0C5FE022811D194F87330012BBF
:100AC0000DD13B4604F11802153553F8041B42F8CA
:100AD000041BAB42F9D1A36843F48073A3601021D7
:100AE000384618F0B7FA002737E017F001070ED1A3
:100AF0000027226C92F86C3123EA070382F86C31EC
:100B0000204615F021F9002004B0BDE8F08111F075
:100B100097FE02280DD0206C6B4690F97A011022C6
:100B2000032111F0BDFE0028E2D01021684618F024
:100B300091FA206C05F10508434690F97A010A22E2
:100B4000022111F07FFED5F80530A362D5F80930F7
:100B5000E362B5F80D3023860646002EC9D0002189
:100B60003046FFF7A5FC0821204615F02FF8204657
:100B7000082115F02BF840F20340C5E7BA07B7D5B6
:100B8000053596F97A0106212B46102211F05AFEFE
:100B9000102106462846A4E7BB07A9D511F050FE50
:100BA00002280DD0206C6B4690F97A0110220621A4
:100BB00011F076FE00289BD01021684618F04AFA02
:100BC000697989B96B1D0A4613F8010F60B90132C2
:100BD000062AF9D194F85210206C81F0080104F132
:100BE0004C03C1F3C00107E00039206C05F1060396
:100BF0004FF0060218BF012190F97A0111F022FE90
:100C0000226CD2F8743143F04003C2F874316B891E
:100C1000ADF804306B790646002BD5F8060000903D
:100C20000CBF4923722368468DF80630022712F064
:100C3000AAFB92E707F004075BE714F017FD236CAB
:100C4000002283F878215BE704B0BDE8F041FFF7AC
:100C5000ABBE00BF6CA00300F0B5B1F5A04F8DB0E6
:100C6000054608D045F21304A14244D00DB0BDE8BA
:100C7000F040FFF799BE046C0023CDE90833CDE9BD
:100C80000A3394F87931042B0DF1200C2CD11F4B31
:100C90001B6893F85E205AB103F13E0267464E335B
:100CA000106851683E4603C608329A423746F7D16B
:100CB00004F22113069305F15303059305F15A033A
:100CC00004932379039363790293A37904F1E102F6
:100CD000CDE900C304F2111104F1D103284615F047
:100CE00088FA00200DB0F0BD013B022B9CBFD4F868
:100CF00048310893DCE7016C01F2211114F0D2FCB9
:100D00004A21284614F084FDEBE700BF681B002051
:100D1000F0B545F20E06B1428DB0044613460BD035
:100D200045F21303994260D0B1F5A04F76D114F08B
:100D30009DFC00200DB0F0BD9979026C0C310B4484
:100D4000591D02F23112153351F8040B42F8040B0D
:100D50009942F9D1256C102205F2311105F22110CA
:100D600016F0D2FF20B90B21204614F02FFFE0E748
:100D70000023CDE90833CDE90A3395F87931042B06
:100D80000DF1200C2AD1284B1B6893F83D205AB155
:100D900003F11D0267462D33106851683E4603C6B5
:100DA00008329A423746F7D105F5AE73069304F13F
:100DB0005A03059304F153030493EB7A03932B7BBB
:100DC00002936B7B05F1D102CDE900C305F211114D
:100DD00005F1E103204615F00CFAAAE7013B022BCE
:100DE0009CBFD5F848310893DEE7056C102205F565
:100DF000AE7105F2311016F087FF0028B3D1D5F897
:100E000074319B0742BF94F8743043F0020384F8B6
:100E100074304B21204614F0FBFC8AE70DB0BDE88E
:100E2000F040FFF7C1BD00BF681B002073B545F25D
:100E30001406B14204461AD045F21906B14221D037
:100E4000B1F5A04F28D114F011FC216C01F5A2736B
:100E5000019301F1D103009301F1110201F1E103CA
:100E60002046513115F066FA002002B070BD036CC7
:100E7000D3F844210B4BB2FBF3F103FB1121FFF735
:100E80002BFBF1E713781BB90C2114F09FFEEBE765
:100E9000492114F0BDFCE7E702B0BDE87040FFF760
:100EA00083BD00BF40420F002DE9F04F97B01C46B4
:100EB000DDE92098544B229F154604AA06468C462D
:100EC00003F1100B9246186859689646AEE8030085
:100ED00008335B457246F6D16B4620226146504688
:100EE00014F0ABFB8346002871D1484B089365236F
:100EF0008DF824300DF1250305F11002184655F840
:100F0000041B43F8041B9542F9D1102118F094F802
:100F10000DF1350304F11002184654F8041B43F890
:100F2000041B9442F9D1102118F086F899F8063084
:100F300083F00803C3F3C0038DF84530D9F80030BF
:100F4000CDF846300621B9F80430ADF84A300DF13D
:100F5000460018F071F898F8063083F00803C3F3E0
:100F6000C0038DF84C30D8F80030CDF84D30062154
:100F7000B8F80430ADF851300DF14D0018F05CF8C0
:100F800000238DF854300124239B8DF853403522E3
:100F900008A9684614F051FB8346C0B92398102174
:100FA00018F04AF83B46352208A968468DF82040DB
:100FB00014F043FB834650B9B27C0146C2F11002E3
:100FC000384616F0CBFE1021384618F035F81021BF
:100FD000684618F03FF8352108A818F03BF81021B2
:100FE000504618F037F8BBF1000F06D00821304604
:100FF00014F0ECFD17B0BDE8F08F5A4645F212012F
:10100000304614F020FCF5E7CB9F03000062746CBF
:101010002DE9F04194B0074606A80C4698461546BF
:101020000EF06EFA02A80DF0E9F90CAB04F1200CF9
:101030001E46206861681A4603C208346445134698
:10104000F7D12021304617F0F7FF2022314606A8BD
:101050000DF08BFA2A4633462035106851681C463D
:1010600003C40832AA422346F7D12021304617F0A4
:10107000E3FF20220DEB020031460DF076FA20212D
:10108000304617F0E7FF01210AA80DF03EFA2022B2
:10109000414602A80DF069FA04A80DF0AFF900214D
:1010A00004A80DF032FA1C4B1868002301931B4B67
:1010B000009306AA02AB04A9C030F3F741FE044630
:1010C000A0B104A80DF09FF906A80EF048FA02A8F6
:1010D0000DF099F9214640F20740FFF7E9F90821A0
:1010E000384614F073FD14B0BDE8F0811A9920223F
:1010F00004A80DF050FA04A80DF085F906A80EF02A
:101100002EFA02A80DF07FF9224645F21501384665
:1011100014F099FBE7E700BF681B00202B56030083
:1011200045F20D039942F7B5044627D00DD8B1F525
:10113000A04F1DD045F20403994200F08F80204655
:1011400003B0BDE8F040FFF72FBC45F21103994210
:1011500000F0A68045F215039942F0D1006C90F89A
:101160007931052B06D8DFE803F0503A423A555062
:1011700014F07CFA0027384603B0F0BD93790C33A5
:101180001A44561D02F125052A463146FFF73CFA5E
:10119000074620B10B21204614F018FDEBE7236C25
:1011A0003146113351F8042B43F8042BA942F9D1ED
:1011B000236C01F12002313351F8040B43F8040B86
:1011C0009142F9D1216C01F1F103009301F1310257
:1011D00001F1910320461131FFF71AFFCAE72046BB
:1011E000452114F015FB2046FFF7BCF9C2E7204665
:1011F000452114F00DFB364B1B68D9684B1C5A4235
:101200005A412046FFF77EF9B4E74621204614F004
:10121000FFFAAFE72E4B1B6893F85E5065B100F103
:101220001102002100F5AE70019000913E3311468D
:10123000204614F019FD9DE71021E13014F01EFB4B
:1012400000283DD00821204614F0C0FC294640F279
:101250000740FFF72DF940F207478CE79179036CBF
:101260000C310A44511DC133153251F8040B43F8B7
:10127000040B9142F9D1256C102205F1C10105F151
:10128000B10016F041FD20B90421204614F09EFC67
:1012900070E7D5F8743143F00103C5F8743169E79C
:1012A0000B4B056C196810224E3105F5AE7016F027
:1012B0002BFD0028E8D1102105F1E10014F0DEFA41
:1012C000216C2046E13114F009FA47219EE700BF66
:1012D000681B0020F8B545F216039942044600F059
:1012E00062810BD8B1F5A04F0ED045F203039942AD
:1012F0000ED02046BDE8F840FFF756BB45F2170375
:101300009942F6D1022002E014F0B0F90020F8BDB5
:101310009379056C0C33D618F379DF0708D4FFF7FF
:101320000DF828B10521204614F050FC2120EEE7ED
:101330009F4F327A3B681B7A9A4201D20621F2E72C
:10134000D6F80530C5F80B30B6F80930A5F80F30DF
:101350000223AB7294F9523094F85210002BA6BFBE
:1013600081F00803C3F3C0030123AB7094F860302D
:1013700083F00803C3F3C0036B70337A102B28BFCC
:101380001023A374F379D8072BD5AB79DA0728D5C6
:10139000737A2A7A134085F86D31B37A6A7A1340EA
:1013A00085F86C3195F97A3101331ED0206C90F8B4
:1013B0006C319B0719D481F0080190F97A0104F18E
:1013C0004C030622C1F3C00111F03CFA68B140F2AF
:1013D0001B412046FFF74EF8A3685907A6D5082100
:1013E000A1E7002385F86D31DAE73B68F079597C95
:1013F00000F0080229B112B1AA79120703D403211F
:1014000091E7002A79D0AA79110776D5D5F8741119
:1014100041F00401C5F87411B5F86C1121F4807124
:1014200021F00101A5F86C1193F81CC0B179BCF151
:10143000020F02D019B3022175E789B1012283F8A6
:101440003D20DA7CB2B9042285F87921A27C0F2AEA
:1014500027D994F8742042F0080284F8742020E020
:1014600093F85E20002AE6D0DA7C83F83D10002A4B
:10147000E1D1E8E793F85E20002AE4D1DBE70243FC
:1014800012F004023FD072794A491878052A28BF21
:10149000032202EB82020A44125C85F87921002AB9
:1014A000D4D1197C95F8792109B1002AA7D0206CF4
:1014B000042A00F5A6703AD103F11D022D3352F82B
:1014C000041B40F8041B9A42F9D1D5F8743195F801
:1014D000792103F004017ABB23F00203C5F87431CB
:1014E000E27400295AD0216C204601F1910301F1E8
:1014F00071025131FFF7B6F908E71A7F012A05D1C9
:10150000B2791AB1042285F87921CAE7420703D4D7
:10151000AA7912F00402F6D0727927491878052AC0
:1015200028BF032202EB82020A44125CEBE710227E
:10153000002116F013FCC8E743F00203C5F874312C
:1015400049B90123013AE374032A3FF6DFAEDFE82D
:1015500002F010181025A37C0F2B85BF94F874306F
:1015600043F00803012384F8743088BF0223E37436
:10157000B9E72046452114F04BF92046FEF7F2FF6B
:10158000C4E62046452114F043F93B68D9684B1C5A
:101590005A425A412046FEF7B5FFB7E6432120469E
:1015A00014F036F9B2E614F0D1F84221F7E700BFA3
:1015B000681B0020DC9F0300F59F0300F8B504467C
:1015C000FEF7A0FE266C054628B394F975305F1C23
:1015D0000BD086F87A31FEF7B1FE0721012014F016
:1015E00055F8024618BB1A2111E02046FAF776FD9D
:1015F00086F87A01236C93F97A310133EBD1FEF747
:101600009DFE90B1A3685D0709D441F205212046F3
:10161000FEF730FF07E0FF2386F87A31EFE7052178
:10162000204614F0D3FA0020F8BD0025D5E78679CE
:1016300031490C360968831991F800C083F801C05C
:1016400091F81CE0281E18BF0120BEF1010F0DD13A
:1016500083F802E0D870487C00B3D87800071DD426
:10166000A3685B07DBD441F20321D0E78F69BEF1A9
:10167000020F07F002070ED191F85EE0BEF1000FF5
:1016800009D04FF0010E83F802E0D870002FE2D1AC
:1016900040F00800DEE74FF0000EF4E7BCF1030F66
:1016A00007D0096911F0FF1F1EBFD97841F004016E
:1016B000D97094F874108F0708D5D978480705D4E5
:1016C000BCF1030FCFD041F00401D970002D18BF39
:1016D0000325102119715D719D71216C9059C1F81C
:1016E00003009888A1F807009B794B7220460621D9
:1016F00013F022FE012097E7681B0020F0B545F2A9
:101700000E06B1428DB0044615460ED045F21306C2
:10171000B1425CD0B1F5A04F40F0BD8013F0A6FF00
:10172000236CD3F87431190757D5236CD3F874217F
:1017300012070CD4AA790C3215446A1D03F2211346
:10174000153552F8041B43F8041BAA42F9D1256C45
:101750000023CDE90833CDE90A3385F8783195F8CF
:101760007931042B0DF1200C2AD14D4B1B6893F8D5
:101770003D205AB103F11D0267462D3310685168B0
:101780003E4603C608329A423746F7D105F5AE7396
:10179000069304F15A03059304F1530304932B7940
:1017A00003936B790293AB7905F1E102CDE900C3B4
:1017B00005F1D10305F21111204614F01AFD0CE0D9
:1017C000013B022B9CBFD5F848310893DEE7056C3E
:1017D00095F8783123B1012B54D000200DB0F0BD25
:1017E000102205F5AE7105F2211016F08DFA20B128
:1017F0000B21204614F0EAF9EFE7D5F874319B0786
:1018000042BF94F8743043F0020384F8743001232B
:1018100085F878310023CDE90833CDE90A3395F80E
:101820007931042B0DF1200C25D11D4B1B6893F849
:101830005E205AB103F13E0267464E33106851688C
:101840003E4603C608329A423746F7D105F23113B5
:10185000069304F15303059304F15A030493EB7ABE
:1018600003932B7B02936B7B05F1D102CDE900C37F
:1018700005F1E1039EE7013B022B9CBFD5F84831FF
:101880000893E3E705F2311113F00CFF882120469D
:1018900013F0BEFFA1E70DB0BDE8F040FFF784B83C
:1018A000681B002045F21403994213B504462BD05F
:1018B0000CD8B1F5A04F13D045F20E03994232D0A7
:1018C000204602B0BDE81040FFF76EB845F219039C
:1018D0009942F5D1137813BB0C2114F077F910E07D
:1018E00013F0C4FE216C01F5A273019301F1D10341
:1018F000009301F1510201F1E1032046113114F08E
:1019000019FD002002B010BD036CD3F84421114B27
:10191000B2FBF3F103FB1121FEF7DEFDF1E78721B6
:1019200013F076FFEDE79179036C0C310A44511DF9
:1019300003F22113153251F8040B43F8040B9142C2
:10194000F9D1226CD2F8743143F00803C2F8743133
:10195000D7E700BF40420F0030B545F2100399426F
:1019600085B0044600F0A6800CD8B1F5A04F27D072
:1019700045F20503994228D0204605B0BDE8304025
:10198000FFF712B845F21103994200F0B08045F21A
:1019900012039942F0D1016C91F8793113B1043BF3
:1019A000012B03D8D131204613F098FE236C93F815
:1019B0007931042B40F2DF80052B03D1862192E0A0
:1019C00013F054FE002005B030BD9179036C0C314A
:1019D0000A44511DE133153251F8040B43F8040B4E
:1019E0009142F9D1206CD0F8743113F0040354D033
:1019F00090F87931042B22D1604B1B6893F85E502C
:101A000065B100F11102002100F5AE700091019066
:101A10003E331146204614F027F9D3E71021D13088
:101A200013F02CFF58B10821204614F0CFF840F2F3
:101A300007402946FEF73CFD40F20740C3E7216C12
:101A400091F8793101F1E10213B1043B012B12D875
:101A500001F21113039301F5A673029304F15A03E3
:101A6000019304F15303009301F1D103F1312046B6
:101A7000FFF71AFAA6E701F5AE73019391F8780122
:101A8000D1F84831C34003F0010343F080030093D1
:101A9000134601F151021131BCE780F8783100F1B1
:101AA000E102009300F5A67100F5AE73204614F034
:101AB000B5FC87E7056C102205F1B10105F5AE70A4
:101AC00016F022F920B10421204614F07FF879E7BE
:101AD000D5F874319B0742BF94F8743043F0020389
:101AE00084F874308821204613F092FE6AE7056C72
:101AF00095F87931042B05F5AE701ED11F4B19688E
:101B000010224E3116F000F90028DCD1102105F129
:101B1000D10013F0B3FE216C01F21113039301F510
:101B2000A673029304F15A03019304F15303009343
:101B300001F1E10201F1D10398E70146102205F11C
:101B4000B10016F0E1F80028BDD105F1D101204621
:101B500013F0C4FD216C91F878310133DBB2142B02
:101B600081F87831D8D0D1F8743123F00103C1F86D
:101B700074318421B7E78721B5E700BF681B0020D7
:101B800045F215039942F7B5044651D00CD8B1F58A
:101B9000A04F19D045F20D0399421BD0204603B047
:101BA000BDE8F040FEF700BF45F216039942F5D1BB
:101BB000016C01F1F103009301F1310201F1910394
:101BC0001131FFF725FA01E013F050FD00273846E8
:101BD00003B0F0BD93790C331A44551D02F125066C
:101BE00032462946FEF710FD074620B10B2120465C
:101BF00013F0ECFFEBE7236C2946113351F8042B6B
:101C000043F8042BB142F9D1236C01F120023133A6
:101C100051F8040B43F8040B9142F9D1216C204692
:101C200001F1910301F171025131FEF71BFECDE785
:101C300013F08CFD236C93F87931052BC6D8DFE8BF
:101C400003F0190311111E192046822113F0E0FD43
:101C50000C4B1B68D9684B1C5A425A412046FEF770
:101C600051FCB3E72046822113F0D2FD2046FEF757
:101C700079FCABE78321204613F0CAFDA6E7852156
:101C8000F9E700BF681B0020204B1B689B6913F01D
:101C9000040310B5044610D141B180F8773090F8B4
:101CA00070101B48BDE8104016F093BD90F87330DB
:101CB000012B03D18368580705D410BD022B02D134
:101CC00083685907F9D494F9772094F87730002A7B
:101CD000F3DBB3B9012384F8773094F877305B08ED
:101CE000EBD04FF47A72534394F8701008480022F6
:101CF0000AF0A0FB94F8773063F07F0384F8773024
:101D0000DBE75A06E9D45B00E5E700BF681B00206B
:101D1000741B002030B545F21E03994289B0044679
:101D2000154610D845F21603994213D845F201031F
:101D3000994200F09F8145F20C03994222D0B1F5FF
:101D4000A04F00F09D812A46204609B0BDE83040F2
:101D5000FEF72ABEA1F5A043173B072BF3D801A23B
:101D600052F823F04D1E0200471D0200471D0200DD
:101D7000471D020031200200471D0200FD1F020026
:101D8000371E020090F97730002B02DB8268530780
:101D900007D52046092113F019FF41F2092009B0A7
:101DA00030BDAB792B44A04D5B7C2D686D7C03F07E
:101DB0000801D5B121B9032113F008FF2120EEE776
:101DC00013F0040F03F0010308D042F00802826010
:101DD00093B9A36843F02003A36013E0002BF8D06D
:101DE000836843F010038360F3E7580744BF42F071
:101DF0000802A260DB0703D5A36843F01003A360C9
:101E00000029E6D1A368894943F00403A360224670
:101E100020460AF02BFB0221204611F064FC47F219
:101E20003053002245F21A0120460AF003FBA36852
:101E30009D0540F18980A368580740F1858094F89A
:101E4000700009B0BDE8304013F0D4BA90F8743097
:101E5000D9074DD590F97530013342D094F913105C
:101E600001291DDCA26893060DD56F4B15071B6871
:101E700001D4187C38B1187F10B91878032802D023
:101E80009B69980734D501290AD0674B11071B6855
:101E900001D41A7C22B11A7F52BB1B78032B27D1A5
:101EA0000023CDE90433CDE9063310F0C9FC022844
:101EB00001AB35D1A06AE16A228E03C31A8094F97E
:101EC0007500BDF80450421C37D010F001FD002809
:101ED00033D1204641F20601FEF7CCFA41F206006A
:101EE0005DE78368DA0616D4FEF728FA0028B5D035
:101EF0004D4B1B68197F022932D1DA7C82B393F8EB
:101F00005E306BBBA3685B0720D5204613F05EFEF6
:101F100041F2022043E7FEF7F5F90028E4D0E7E7B5
:101F200094F975000A22022110F0BAFC0028C6D1EB
:101F3000CDE90100ADF80C00C1E704AB2A460DF174
:101F400006012046FDF720FF002028E7204641F249
:101F50000221FEF78FFA01212046FFF795FED7E711
:101F6000204613F017FCA56860B96D0705D5082158
:101F7000204613F02BFE1A2011E71A212046FEF707
:101F800079FAF8E715F0040508D0FEF7DFF9C8B1D3
:101F900094F975102046FEF7F9FAD5E72246234951
:101FA00020460AF063FA0221204611F09CFB47F21A
:101FB00030532A4645F21A0120460AF03BFAA3683C
:101FC0005807E2D494F97530591C06D048F208003D
:101FD00040EA032080B2F9F7C1FE226CD2F87431D6
:101FE00043F02003C2F874312046FFF7E7FA0028D7
:101FF000AAD04121204613F00BFCA5E7FEF7A6F975
:1020000000285FD0236C002B5CD0A268520759D502
:10201000D3F87431980655D42B78002BD2D10521F2
:10202000204613F0D3FD8FE7681B0020675803009C
:1020300090F87430D90706D4402113F0E9FB294603
:102040002046FEF717FAA3685A077FF57DAF2046B2
:1020500045F21A0116F0BDFB20461B49224616F038
:10206000E3FBA36823F03C03A36002212046FCF7B6
:10207000C1F969E70246144914480AF0F7F963E721
:1020800045F21A0116F0A5FBA36823F03E03A360F6
:10209000236C2BB193F97A01431C01D0F9F76EFF41
:1020A00022462046084916F0BFFB2246064907484B
:1020B00016F0BAFB20460221FCF79CF9204613F0EB
:1020C000F4FB41E702206AE667580300E81A0020A3
:1020D00045F21E0399422DE9F3410446154611D8F5
:1020E00045F21603994214D845F20103994200F0D3
:1020F000188345F20203994200F09880B1F5A04F91
:1021000000F015832A46204602B0BDE8F041FEF7F4
:102110004BBCA1F5A043173B072BF3D801A252F803
:1021200023F000BF45210200052102000521020025
:1021300005210200DF26020005210200E92202003B
:10214000C3220200914E33681A7F022A11D1DA7C31
:102150007AB193F85E3063B941F20221FEF78AF951
:1021600020460121FFF790FD41F2022002B0BDE8B8
:10217000F081A3685D0701D50220F7E72046FEF74E
:10218000C1F833681A78051E18BF0125032A07D045
:10219000196911F0FF1F6AB224D042F0040503E070
:1021A00094F87420900725D49A6992071FD41A7F57
:1021B000012A1CD045F0080502210B2013F066FA15
:1021C0000246E0B18379034406215D7394F97530CA
:1021D000013302BFA36843F00203A360204613F05B
:1021E000ABF80CE094F874108907D6D4DCE75B7C7C
:1021F000002BE1D041F203212046FEF73BF9A36812
:10220000634943F00403A360224620460AF02EF9F6
:102210000221204611F067FA47F23053002245F2BE
:102220001A0120460AF006F900209FE783685F073D
:1022300003D490F97730002B05DB236C53B1D3F82E
:102240007431DE0606D52046092113F0BFFC41F2A9
:1022500009208BE7204613F09DFA28B90821204673
:1022600013F0B4FC212081E7206CD0F8743143F0E6
:102270001003C0F87431AB790C332B445A68C0F8A2
:1022800003201A89A0F807209B7A4372236C01224D
:10229000DA70A26812F0040610D122463C492046AA
:1022A0000AF0E4F80221204611F01DFA47F23053FB
:1022B000324645F21A0120460AF0BCF8A368980598
:1022C000B2D5236C002BAFD0D3F87431D906ABD57F
:1022D00094F97530013320D094F87430DA071CD5A6
:1022E000A36843F00203A360236C002B3FF444AFC8
:1022F000D3F87431DA067FF53FAF9F063FF53CAF68
:10230000FEF724F820B3A3689E0721D42B78FBB9ED
:102310000521204613F05AFC86E7FEF717F894F9DA
:10232000751040B14B1C02D1A3689F07DCD4204636
:10233000FEF72CF978E74E1CD6D094F87430D80705
:10234000D2D4084610F0C4FA0028CDD0052186E783
:1023500094F97530581C06D048F2080040EA032072
:1023600080B2F9F7FBFCA368256C084FEA7923F0EB
:102370000203A360D5F8743143F02003C5F874312B
:102380003B681B7A934205D9062168E7681B002049
:102390006758030094F9521094F852300029A6BFF0
:1023A00083F00803C3F3C00301236B7094F860301B
:1023B000102A83F0080328BF1022C3F3C003AB70B8
:1023C0002046A274AE79FDF79DFF002836D0F107B4
:1023D00034D594F97530D4F840805A1C24D088F84C
:1023E0007A3106F00D063B689A69900704D41A7F8B
:1023F000012A01D0310701D406F0F7061A78032A22
:102400001FD01B6913F0FF1F01D046F0040694F89B
:1024100074309A071BD5730719D40321204613F093
:10242000D5FB40F20340A1E62046F9F757FE88F8B5
:102430007A01236C93F97A310133D2D106F00C067C
:10244000D1E71B7F002BE2D106F0FB06DFE7072177
:10245000022013F01BF901900028E2D090F806C08A
:102460003A680CF10C0C00EB0C0113784B70137FE5
:10247000012B06D0022B45D192F85E30003B18BFED
:1024800001238B70CE70102316F001060B711BBF59
:102490002B7A6A7A4E7103F0030318BF4B71236CD9
:1024A00014BF02F0030232468A7183F86D214A7923
:1024B00083F86C2150F80C20C3F80A208A88DA814E
:1024C0008A791A7406B3206C90F86C1111F0020628
:1024D0001AD194F8521090F97A0181F0080104F1B0
:1024E0004C030622C1F3C00110F0ACF960B13146D3
:1024F000FDF7DEFF2046082113F068FB01A816F067
:1025000096FA8EE70023BCE7019E002E89D0FDF7E6
:1025100015FF95F806C078B11CF0010F04D0236CAC
:1025200093F97A31013307D10521204613F04EFB90
:1025300030460AF029F995E63B68597C0CF0080210
:1025400029B112B16A7B100703D40321EDE7002AF9
:1025500075D06A7B110772D5D5F8741141F004016A
:10256000C5F87411B5F86C1121F4807121F00101E6
:10257000A5F86C11187F697902280BD071B942EA6D
:102580000C0212F0040248D185F879211B7C002B43
:10259000DBD10DE021B993F85E209ABB0221C4E79C
:1025A000012283F83D20DA7C92BB042385F879313F
:1025B00032460621204612F0BFFE95F87931206C94
:1025C000042B52D13B6800F5A67003F11D022D3398
:1025D00052F8041B40F8041B9A42F9D1D5F8743123
:1025E00095F8792103F00401002A45D123F0020374
:1025F000C5F87431E27400294AD08121204613F0D5
:1026000007F911E683F83D10DB7C002BC6D1CCE73F
:1026100093F85E30002BC8D1C0E72A791978534867
:10262000052A28BF032201EB810101448A5C85F859
:1026300079211B7C002BBBD0002AB9D185E71A7FFA
:10264000012A02D16A79002AAFD11CF0040F03D10C
:102650006A7B12F0040297D02A7919784448052A37
:1026600028BF032201EB8101DFE71022002100F5E2
:10267000A67015F073FBB1E743F00203C5F874319F
:1026800041B90123032AE37412D9042A7FF4CCADA3
:102690008421B3E7A37C0F2B85BF94F8743043F0FB
:1026A0000803012384F8743088BF0223E374A4E78D
:1026B000012A07D02046822113F0AAF82046FDF710
:1026C00051FFB1E52046822113F0A2F83B68D9689A
:1026D000481C424242412046FDF714FFA4E590F811
:1026E0007430D90706D4402113F092F829462046C9
:1026F000FDF7C0FEA3685A077FF596AD45F21A01B3
:10270000204616F066F81B492246204616F08CF843
:10271000A36823F00403A36002212046FBF76AFEAE
:1027200082E502461349144809F0A0FE7CE545F213
:102730001A0116F04EF8A36823F03E03A360236C41
:102740002BB193F97A01431C01D0F9F717FC22460B
:102750002046084916F068F806490748224616F050
:1027600063F8204613F0A1F8D6E700BFDC9F030012
:10277000F59F030067580300E81A0020184622F06E
:10278000004240F20A439A422DE9F04120D8B2F5C6
:10279000806F01D800203EE06FF480642244092A53
:1027A000F8D801A353F822F0EF270200FB2702001C
:1027B0001B280200692802003D280200852802002B
:1027C000A7280200AF28020095270200C7280200B0
:1027D0006FF4A0615318042BDCD8A2F20252032A32
:1027E00079D8DFE812F08A009200B700CB000578B4
:1027F0004488644810F00FFF3EE005784468826921
:1028000000F108030021604810F016FF10B10571B7
:10281000C0F805400120BDE8F081067845880479BC
:10282000826900F108030021584810F005FF0028D4
:10283000F0D00671A0F80550C471EBE70479077871
:102840004688C588A4F11B035942594100F108028A
:1028500089004F4810F015FF0028DBD00771A0F861
:102860000560C4710581D5E7057844884269031D78
:102870000021484810F0E0FE0028CBD00571A0F8F8
:102880000540C7E706784588848800F108020021E2
:10289000414810F0F6FE0028BCD00671A0F80550A3
:1028A000A0F80740B6E7057844683C48A2E70478FA
:1028B0003A4810F0B0FE0028ACD007234371002343
:1028C00004718371A6E70478354810F0A4FE00284F
:1028D000A0D004719EE7077846880579C48800F186
:1028E000080200212F4810F0CCFE002892D007717A
:1028F000A0F80560C57104818CE7077846880579E2
:10290000C488294810F087FEEFE787684588047976
:1029100006787FB1C78800F108020021234810F033
:10292000B0FE00283FF476AF0671A0F80550C471E0
:1029300007816FE71D483B463A46394610F07CFE5A
:1029400000283FF467AF0671A0F80550C471077204
:1029500047725FE790F8008047880679C588048948
:10296000134810F058FE00283FF454AF80F804805C
:10297000A0F80570C671058144814BE7057844686D
:102980000C4837E7ECA00300E8A00300E4A0030034
:10299000DCA00300E0A00300D8A00300D4A0030043
:1029A000BCA00300D0A00300CCA00300C8A003007B
:1029B000C4A00300C0A00300004870477D270200A8
:1029C00030B585B004460846039114F055FA8307E4
:1029D00008D410F0010003D003A816F028F8012055
:1029E00005B030BD03998B7903F10C0288188A5C1D
:1029F000013A1C2A00F2E880DFE802F00FE689E6DF
:102A00008CE695E69CE6A4E6ACE6B3E6BAE6C2E65A
:102A1000E6E6C4E6D2E6D4E6DD0003790BB103F5C1
:102A200088534278023A162AD6D801A151F822F0EA
:102A30008D2A0200D9290200972A0200D929020012
:102A4000A32A0200D9290200AF2A0200D9290200D4
:102A5000BB2A0200D9290200D32A0200D929020088
:102A6000C72A0200D9290200DF2A0200D929020060
:102A7000EB2A0200D9290200D9290200D929020033
:102A8000F52A0200D9290200052B02001721204651
:102A9000FDF7C8F8A0E700221146204612F014F80E
:102AA0009AE71A460021204612F0BBF894E700226C
:102AB0001146204612F026FA8EE7002211462046E3
:102AC00012F00EF988E71A460021204612F0FBF9B1
:102AD00082E71A460021204612F0D8F97CE700224E
:102AE0001146204612F001FB76E71946204612F007
:102AF00065FB71E7009300231A461946204612F041
:102B000067FB69E71946204612F0B4FB64E7B0F8AA
:102B10000110BCE702338B710A460023417820463E
:102B200011F0D2FF5BE701338B710022204612F0D7
:102B300078F854E702338B7142780023204612F074
:102B4000E1F94CE701338B7100231A46204612F05D
:102B5000C7F844E701338B710022204612F096F942
:102B60003DE701338B710022204612F0ACF936E7C5
:102B700002338B7142780023204612F0B6FA2EE71A
:102B80000021B3E705338B71B0F80320B0F80100E2
:102B9000002300930B460146204612F019FB1EE766
:102BA0000021B0E703338B710A46B0F801102046CC
:102BB00012F07FFB13E703338B710A46B0F8011064
:102BC000204612F07FFB0AE7002009E770B50AF003
:102BD000F0FB1F4B1E6C05460EB1EEF777FCEEF7CF
:102BE000C7FD1C4C8302A3F580532360EEF7C0FDA4
:102BF0008302A3F50063636000F072FA2068082185
:102C0000043014F08CF923681B68834202D02068DA
:102C100014F094F960680821043014F080F96368B6
:102C20001B68834202D0606814F088F922686368E8
:102C300052685B689342084A94BF002301231370D3
:102C40000EB1EEF753FC28460AF0B9FB002070BD28
:102C500000000E40781B00207E0E00202DE9F04180
:102C6000164B93F90020164B53F822500C350646AC
:102C70002C46204614F07AF9E0B90AF09AFBA179C3
:102C800080460431201D14F04AF9074640460AF0F8
:102C900096FB2368BB4202D1A388B3420BD0A37931
:102CA000033303F4FE7308331C4485EA0403B3F5CD
:102CB000006FDED300242046BDE8F0817E0E0020A8
:102CC000781B0020431E2DE9F74F9BB24FF6FD7293
:102CD00093420646884643D8234B93F90020234B62
:102CE00053F822500AF065FB214BD3F840900C3585
:102CF0000746B9F1000F01D0EEF7E8FB2C46EA4693
:102D00004FF6FF7B204614F031F9E8B9A38886EA34
:102D1000030218EA020F0CD194E803008AE80300CA
:102D2000DB43ADF80430ADF806B00199201D14F076
:102D3000FBF8A379033303F4FE7308331C4485EADC
:102D40000403B3F5006FDDD3B9F1000F01D0EEF746
:102D5000CDFB38460AF033FB002003B0BDE8F08F0E
:102D600041F21200F9E700BF7E0E0020781B002020
:102D700000000E402DE9F84FDFF8C4902F4A99F972
:102D8000003052F8238083F0010308F10C0A52F856
:102D900023603046EEF732FC06F10C07D346584666
:102DA00014F0E4F8054648BB9BF806100BF104004C
:102DB000043114F0B4F8DBF8003083420DD09BF8F6
:102DC0000640033404F4FE7408345C4484EA0A03C5
:102DD000B3F5006F12D2A346E1E75C46384654F8DB
:102DE000041B14F0A1F89BF806200332B5EB920FF8
:102DF00007F1040705F10105F0DDE7E7D8F8041055
:102E0000341D0131204614F08FF8012106F108002D
:102E100014F08AF80821204614F081F80146304663
:102E200014F082F899F80030404683F0010389F8E5
:102E3000003014F083F83846BDE8F88F781B002086
:102E40007E0E00202DE9F04F9A46431E85B01646AF
:102E50009BB24FF6FD7293428146009100F2C3800F
:102E6000624B93F90020624B53F822700AF0A1FAEA
:102E7000604BD3F840800C370546B8F1000F01D005
:102E8000EEF724FB3C46204614F070F80190002831
:102E900041D1A17904F1040B0431584614F03FF8F4
:102EA0002368019A98422AD1A388E188994526D1BE
:102EB000CAB2964212D1324604F10801504601933B
:102EC00014F022FF019B48B9B8F1000F4FD12846FA
:102ED0000AF075FA002005B0BDE8F08F94E8030011
:102EE00002AA82E80300DB43ADF80C304FF0FF3359
:102EF000ADF80E300399584614F016F80246A3793F
:102F0000033303F4FE7308331C4487EA0403B3F568
:102F1000006F1FD302BB002ED6D006F1080B04EBC6
:102F20000B035F40B7F5006F24D3FFF723FFC0F317
:102F30000A0304461BB19B44BBF5006F1AD9B8F1D4
:102F4000000F01D0EEF7D2FA28460AF038FA40F224
:102F50001B40C0E7002A96D0B8F1000F01D0EEF771
:102F6000C5FA28460AF02BFA40F20340B3E7EEF721
:102F7000BDFAACE7009BADF80C9046EA0323ADF830
:102F80000E3004F1040B04F1080303990093584632
:102F900013F0CAFF06F10309009B4FEAA9090027B5
:102FA000B90008B94F4513DB311D584613F0B7FF80
:102FB0000146204613F0B8FF0446B8F1000F01D0D7
:102FC000EEF794FA28460AF0FAF9002C82D0CBE703
:102FD0001A1D18465AF80110009213F0A5FF009A26
:102FE00001371346DCE7212075E700BF7E0E002085
:102FF000781B002000000E400846194608B580B234
:103000001346CAB20021FFF71DFF024B002818BF6C
:10301000184608BD06E000F073B5084616461D4682
:103020000DF1030201AB0DF1020180B213F0ADFF0F
:10303000044658B99DF80330AB4209D301992A469A
:10304000304614F096FE204602B070BD014CFAE7FF
:10305000014CF8E70BE000F011E000F02DE9F74F2C
:1030600090461D4ABDF830900D4692F900101B4A5B
:1030700052F821600C369FB234464FF0000AC24528
:1030800026D2204613F072FF10BB0AF092F9A17904
:1030900001900431201D13F042FF834601980AF08D
:1030A0008EF922685A4508D1A388BB4205D34B4507
:1030B0009CBF45F8043B0AF1010AA179033101F4F0
:1030C000FE7108310C4486EA0403B3F5006FD6D3D1
:1030D000504603B0BDE8F08F7E0E0020781B002024
:1030E00001480121ECF77EBE00650A00084B10B5CF
:1030F00040F201141C6098600120586011448A421B
:1031000002D1D869C04310BD12F8010B9861F6E7EF
:1031100000C001401046044A1368591E033102D80A
:103120000021116018477047D00B0020034B18682E
:10313000034B002808BF1846704700BF881B0020BB
:1031400018A10300014814F083B800BF901B0020B1
:1031500013B50B4C0229226005D10A4814F078F807
:10316000002002B010BD00930A46074B01460548F7
:1031700014F050F8003818BF01204000F1E700BFFC
:10318000D00B0020901B002015310200014814F0E4
:1031900072B800BF901B00200148002114F08DB8C8
:1031A000901B002008B5064B1B68013305D0FFF7C4
:1031B000EDFF80F00100C0B208BD0020FCE700BFB9
:1031C000D00B0020F8B50D4610B900242046F8BDFC
:1031D0000E4F3E68002EF8D100F0A2F804460028F9
:1031E000F3D0386000F0E8F8204613F020FF38B143
:1031F00030463E6000F0E0F8204613F013FFE4E7AD
:10320000002DE3D02046A847E0E700BF8C1B00203C
:10321000024B1868003818BF012070478C1B002033
:1032200038B50C4605F050F8A3780B4A13705A1EB7
:1032300055425541A8420CD0012B04D02846BDE888
:10324000384005F029B8204604F0F8FF0028F5D0F2
:1032500038BD0020FCE700BF7D210020024B00218B
:103260005B680846184700BFE40B002010B5044611
:10327000FFF75CFF0C4B1A1A53425341A34201D192
:10328000012010BD094B1B683BB9094A064B002CB5
:1032900008BF1346074A1360F2E714F020FA00282B
:1032A000F3D00020EDE700BFF0A003008C1B00204E
:1032B00018A10300881B002010B514F0FAFA044688
:1032C00018B9034B01215B689847204610BD00BF29
:1032D000E40B002010B514F0F5FA20B9024BBDE85C
:1032E00010401B68184710BDE40B002010B513F008
:1032F00017FF20B9024BBDE810401B68184710BDEE
:10330000E40B0020431E033306D8044B984228BF29
:103310001846642838BF6420704700BF40420F0041
:10332000F8B505460AF03EF80F4B1E68074626B969
:1033300038460AF03BF8344611E0B4688CB194F892
:1033400010C01CF0010F0CD195E80F004CF0010CDF
:1033500084E80F0084F810C038460AF027F82046A9
:10336000F8BD3668E3E700BFD80B002038B5054646
:103370000C4641B10B6833B11B68013303D0CB68F5
:103380000BB18B684BB914F0A4F8BDE838404FF48A
:1033900092724121002000F0CBB9084601F040F8BC
:1033A0000023044A85F8DC30C5E92343C2E9003331
:1033B00038BD00BF080F002010B5044618B9054BF2
:1033C000054A136010BD04F0A5F8D4F89830002B1E
:1033D000F6D1F4E70D700300D40B002010B50C46B5
:1033E00004F0D6F8054B00215B68032098471CB118
:1033F00005F0F2F80128FBD110BD00BFE40B00205E
:1034000008B502460868FFF77DFF08604868FFF7C7
:1034100079FF48608868FFF775FF8860C868FFF724
:1034200071FF0B69C860581C03D00B48834228BF4A
:1034300003460B614B69581C03D00748834228BFE1
:10344000034688694B61FFF75DFFBDE8084088616E
:10345000104604F07FBE00BF40420F002DE9F84F38
:10346000D0F8903006460F4613B1038B8B4244D000
:10347000D6F88CB0BBF1000F42D0DBF80830002B3F
:103480003ED0DBF80C1000293AD0D6F8A0A0BAF153
:10349000000F38D04FF000094D46C84601E0DBF878
:1034A000083005EBC50203EB82040135E389BB421A
:1034B00014D8238ABB42304610D3B4F91220B6F98F
:1034C00024309342A04653DD96F8D010EEF7DAF997
:1034D000337D834281464BD9DBF80C108D42DED31D
:1034E000B8F1000F3ED00023424619463046D0477F
:1034F0003783C6F8908086F8D9900020BDE8F88F11
:103500000320BDE8F88FD1465446524647F6FF7572
:1035100004EBC40803EB8808B8F80E30BB421BD894
:10352000B8F81030BB4217D3B8F91220AA4207D11D
:103530004FF0FF093783C6F8908086F8D990DCE712
:1035400096F8D0103046EEF79DF9337D83428146E0
:103550004246EFD9DBF80C100134A14204D9DBF864
:103560000830D5E70120C9E7002AFBD09046E1E703
:10357000A046B8E72DE9F04782B0044689461646D2
:1035800004F0F8FF3B4D08B100236B602B68D4F8C2
:103590008CA0D4F890700BB153454BD04FF000087D
:1035A000C5F8089005F018F8012836D12B68DAF82C
:1035B00000103A6813B11868884246D0204614F0CB
:1035C00054F9C5E900A7D4F8A0508DF80760002D84
:1035D00042D000220DF1070311462046A84720469D
:1035E00004F0CEFA0546B8F1000F00D08EB1B5FA5E
:1035F00085F040F2DE324009332100F099F831467F
:10360000204604F079FC1C4B05461B6839462046D1
:103610009847284602B0BDE8F087012003F0B8FFC4
:10362000164B00215B680320984704F0D5FF012862
:10363000FBD1BBE76B68002BB0D0BB42AED1AB680F
:10364000994514D04FF00108AAE7696811B10968DB
:103650009142B6D05968B1E7217D94F8D9309942AA
:1036600028BF19463246204604F05EFAB7E7002527
:10367000CFE700BF080F0020D40B0020E40B002090
:10368000F8B505460E4609F08DFE31460746284638
:10369000FFF7E4FE044620B1384609F087FE2046D5
:1036A000F8BD04F04FFF224631462846FFF762FF7F
:1036B0000446384609F07AFE2046F8BD13B50446A4
:1036C000694613F062FD204614F066F8FF280246B2
:1036D00006D09DF800102046EEF754F902B010BD58
:1036E0000048FBE70080FFFF07B54FF400730A496D
:1036F000ADF806300DF1060213F063FDBDF806309B
:10370000B3F5007F05D1022808BF002003B05DF8A3
:1037100004FB0120FAE700BFA81B0020024B196040
:10372000024B1860FEE700BFDC0B0020A81D002044
:1037300008B550B90548064B01601A60054B1A6878
:10374000054B1A601868FFF7E9FF08BDDC0B002085
:10375000AC1D00208C1B0020A81D0020054B1B6801
:103760000BB918467047834201D01B69F8E7012066
:10377000704700BFB41D0020094A13680BB91846F2
:103780007047834207D11B691360064A1368013BE7
:1037900013600120704703F110021B69EEE700BFC0
:1037A000B41D0020B01D00202DE9F74FDFF8308157
:1037B000DFF83091064609F0FCFD98F800B0019062
:1037C0000123BBF1000F06D089F8003003B0BDE83B
:1037D000F04F09F0F4BD404F88F8003089F800B090
:1037E00013F0B9FD08B113F0B4FD3D683B4965B96C
:1037F000DFF8F4A0DAF800203B68AA424FF000049A
:103800002FD836484FF0FF313BE06B7D8BB12B68F2
:10381000B34202D09A1B8A420BD96A6813442B60C8
:10382000AB68003A18BF0122003B18BF01236A753C
:10383000AB752D69DBE7907D20B1107D88429CBF80
:10384000014614461269002AF5D1002CD9D0D4E9DA
:103850000001A275411AD4E9023220469847013589
:10386000C8E71A46FF21EEE75A7D4AB11A68B2420C
:1038700024D0921B824221D8914201D311461C468A
:103880001B69002BF0D15CB12046FFF775FF38B102
:103890003B682361DAF800303C600133CAF800303D
:1038A0003B685A7D6AB913F052FD064699F800301C
:1038B000002B93D1019888F8003087E71C4600213F
:1038C000DEE7186800F0D4F8044613F040FD064621
:1038D000002C83D1EAE700BFB41D0020FCFFFFBF2E
:1038E0007F2100207E210020B01D002038B5054634
:1038F00008B31822002114F031FA09F05AFD0246EB
:103900002846FFF72BFF20B1104609F058FD022092
:1039100038BD0A4B1C6854B909491D600B682C61FD
:10392000013310460B6009F04AFD2046F0E704F130
:1039300010032469EFE70120EAE700BFB41D00206F
:10394000B01D002038B50446FFF708FF09F031FD2F
:1039500005462046FFF702FF637D23B9284609F09C
:103960002EFD032038BD00236375064B1B68A34260
:1039700003D113F0ECFCFFF717FF284609F01FFDF9
:103980000020EFE7B41D00202DE9F84FDDF8289066
:10399000DDF830B0984604460D46FFF7DFFE92464C
:1039A00009F007FD074613F0D2FC06462046FFF754
:1039B000D5FE637D23B12046FFF7C4FF0023A37526
:1039C000BAF1010F23D175B9B8F1000F21D1B9F1C6
:1039D000000F03D05A4631462046C847384609F002
:1039E000EEFC002019E035440D4BAA1B9A4210D87A
:1039F000012363759DF82C30C4F80890C4E9005881
:103A00002375C4F80CB03046FFF7CEFEE6E7AE42B1
:103A1000EAD1384609F0D3FC0120BDE8F88F00BF99
:103A2000FCFFFFBF2DE9F04107468846FFF796FEF1
:103A300009F0BFFC3D68064613F089FC7B7D7BB135
:103A400085420DD0094B2C1A9C4209D8304609F00A
:103A5000B6FCB8F1010F08BF25462846BDE8F08145
:103A6000304609F0ACFC0025F7E700BFFCFFFFBFC4
:103A700008B50023044A194603F028FF10B10128B5
:103A800018BF032008BD00BF197303002DE9F74FCD
:103A900015460E2200900F462A70EBB11C4C5B6855
:103AA000A3428CBF00240124DFF868904FF0000887
:103AB0004FF0060AD9F800105FFA88F30AFB03F307
:103AC000CA185079012809D92878A0F10E03584264
:103AD000584103B0BDE8F08F1C46E5E7A042CE5E3A
:103AE000B2F902B0117902D008F10108E2E70098BA
:103AF0000191002213F0F4FB0028F5D00199297000
:103B0000B7F90020B242EFDB5A45EDDC0020E0E7D8
:103B1000FFC99A3BE00B0020014913F01EBC00BF17
:103B2000D9860200014913F018BC00BFAD8602001F
:103B300070B5164E0328337804460D461ED023FA7E
:103B400004F202F00102AA421DD053B10122A240A8
:103B500023EA0203A5402B43DBB233704BB10120B3
:103B600070BD2DB10A4B01201B6898473378EDE7F3
:103B70003570074B00201B689847F0E79A07DED0A6
:103B800003F0FC03E9E7002070BD00BF80210020A6
:103B9000F41D002038B504460D46FFF739FB60B12F
:103BA00004F0FEFC48B9012D07D8012013F097FE60
:103BB0000D4B1B6823B15B6898470C4B1C7038BDDC
:103BC0000AF0B8FB0A4B1A68801A1860F0F7DAFBA3
:103BD000084B1B684FF47A7202FB003013F018FB9D
:103BE000012004F0E5FCE8E7781E0020800E0020AC
:103BF000EC1D0020F01D0020F8B5124F05460C46C4
:103C000009F0D0FB3B78064633B1012D04D01CB936
:103C10000D48F0F78BFA3C7021462846FFF788FFE5
:103C20000A4B1B7804463BB93B782BB913F03FFE97
:103C300010B1074B1B689847304609F0B7FB204688
:103C4000F8BD00BF81210020C81D00208021002078
:103C5000E40B0020054A0B46117831B100211170A8
:103C6000034A1878526801211047704781210020CB
:103C7000E40B0020124B0239012910B518701ED830
:103C8000FFF7C6FAD8B104F08BFCC0B104F0E6FA35
:103C9000A8B90C4B1C6834B123689847BDE81040A4
:103CA000002013F01CBE13F0B1FA074B18600AF0A5
:103CB00041FB064B1860204604F07AFCEEE710BD8D
:103CC000800E0020781E0020F01D0020EC1D00203A
:103CD00038B5044680B109F065FB01210446084669
:103CE000EFF74AFE012108460A4A0AF091FA2046F7
:103CF000BDE8384009F05ABB09F054FB214605469F
:103D00000120EFF739FE0120024A21460AF080FA2D
:103D10002846EDE764A10300F0B5324D85B009F007
:103D200041FB2B78044623B12F48F0F7FFF9002818
:103D30004AD1F0F78DFA02AA03A913F0A2FD0346B7
:103D4000002832D013F0B1FD029B98421ED1002012
:103D5000264B03991B68264E9942307021D9C91A07
:103D600000270123CDE900771F482B70214A3346F5
:103D70000AF097FA00282FD11F4A1378D90717D4D1
:103D8000204609F013FB002005B0F0BD13F08BFDB9
:103D9000029B98421ED0154B154A1B6803930020C6
:103DA00010700121FFF7C4FEEAE720462B70E8E718
:103DB00031780029E4D103F0FE031370002BDFD12A
:103DC0000E4B1B689847DBE7204609F0EFFA03200B
:103DD00005B0F0BD0220BBE7032320462F703370EF
:103DE000F3E700BF81210020C81D0020E81D00204E
:103DF0007F0E0020553C020080210020F41D002091
:103E000038B5134D09F0CEFA2B780446C3B9114AE0
:103E100011491370114B124A1A601248124A5A6023
:103E2000EFF724FE11491248EFF720FE114B124A1A
:103E30001A60124B1B68124B02221A6001232B706E
:103E4000AFF30080204609F0B1FA002038BD00BF72
:103E500082210020812100206CA10300E40B0020BE
:103E6000193D0200B81D0020F93B020074A10300B7
:103E7000C01D0020F41D0020D13C020000300E4087
:103E8000E81D00200D4BD3F8E020D20314D50C49D7
:103E90004FF48032C3F8E820C1F8EC209A6BD1B21D
:103EA000C2F3072299679A6704229A6700229A67E9
:103EB0009A679A679A679A67704700BF0010084030
:103EC00000100846F8B50C4C0D461746064609F09A
:103ED00069FA0123A362042327606660A560C4F821
:103EE000E830064B4FF48072C3F8802109F05EFA87
:103EF0000DB10223A362F8BD0010084000E100E00C
:103F0000054B1860054B01229A6540F6FF72196354
:103F100058635A65704700BFFC1D00200010084020
:103F20002DE9F04F042A83B0054639D90B78836117
:103F30004B7883618B788361CB7883610068D5F897
:103F400008B06E6800F007000123063003FA00F89D
:103F500008F1FF3909EA0B07A2F1040AA8EB0702EE
:103F6000924501F1040446F000560DD8F01921469F
:103F7000524613F0FEFE0AEB0B0248EA09031A4010
:103F8000AA6003B0BDE8F08F2146F019019213F04A
:103F9000F0FE019AA118AAEB080230463A44E8E77D
:103FA000013A032AEDD8DFE802F00B08050211F808
:103FB000013B836111F8013BAB6111F8013BAB613F
:103FC0000B78AB6103B0BDE8F08F00BF38B50C468D
:103FD000104B1546014668B10122C3F8B8200E48BF
:103FE0002246FFF79DFF1DB10A4B0422C3F8B820FB
:103FF000002038BD64B1D3F89C20A24284BF0122C6
:10400000C3F8B820C3F898400222C3F8B820EAE702
:104010000122FAE7001008409010084010B509F09E
:10402000C1F9184B184901229A65C3F888201A660D
:10403000164A5A660722C3F884200A8014490022CF
:104040000A804FF4A021C3F8E81003F1C0630446CE
:10405000C3F8EC100F4B1A600F4BD3F888305B029B
:104060000AD50E4B18680E4B4FF48002C3F8882017
:10407000416BA43001F0AAFA2046BDE8104009F0D7
:1040800095B900BF001008407A2000206010002081
:1040900078200020F81D0020004008408C1B0020E4
:1040A000004008440D4B07221A800D4B00221A8055
:1040B0000C4B0121C3F8B810C3F890204FF4005204
:1040C000C3F89400C3F8B420074BF0221A6403F13C
:1040D0000073A0221A64FFF7A1BF00BF7A2000205E
:1040E0007820002000100840000008442DE9F0412D
:1040F000044688B1394E3A4F09F054F93388394AA9
:1041000003F07801032C054603F07F0C114453D1D2
:104110003C6824B909F04AF90320BDE8F08124F095
:104120000104386820F00100A0424AD100223A6020
:1041300022886FEA42426FEA52428C42228036D194
:10414000294CDFF8B8C02788ACF180083A46083A15
:1041500092B201F10800604528BF4046082A04D900
:10416000B0F900E0BEF1000F36DB22803B440C8842
:1041700088781E499B1ADBB2C4F30C04CC6300F0B0
:1041800007003380CB66C1F88420FFF77BFE04284C
:104190000DD1174BD3F88830164B1868164B4FF4D7
:1041A0008002C3F88820416BA43001F00FFA284642
:1041B00009F0FCF80020B0E7601E012898BF0C460B
:1041C000AFE7094862440088A21A48BF8032083825
:1041D0009042ADDC28469DE70146B8E778200020F4
:1041E000F81D0020601000207A20002000100840F8
:1041F000004008408C1B002000400844E0100020D4
:104200000E490F4B0A881B880E481344073B03F0E6
:10421000780303440832987892B20A8000F00700CD
:1042200009490428C1F8842004D101F540514A68A5
:104230001203FCD4054A1360704700BF7A200020A7
:10424000782000206010002000100840F81D002099
:1042500010B5054C206828B1C30701D4FFF746FF0D
:104260000023236010BD00BFF81D0020084B4FF451
:104270008032C3F8EC2003F17C43C3F8E420D3F888
:104280008030C3F30C03782B01D8FFF7FBBD7047D8
:10429000001008442DE9F84304460E4609F082F860
:1042A000504B514D1A882D888146504802F07801B4
:1042B000032C02F07F03014417D14D4C24688CB9C4
:1042C0002A44073A02F0780284180344E31A48BFEC
:1042D0008033AB4210DB484609F068F800242046E2
:1042E000BDE8F88324F00104EFE7012C02D0022C92
:1042F000EBD1083D0C46E8E7002E41D08C423D4909
:1043000042D1D1F83C800A6B02F007020632012745
:104310009740D1F88020C2F30C029A4247DDB4F9ED
:1043200000302588002BD6DBA378C5F30C0503F0FD
:1043300007037A1EA5EB08053A43052B337005EAFF
:1043400002052CD82DB2E84340F236420421C00FBA
:10435000FFF7EEF97580E378274A337412687B1E05
:1043600003EA0803D118B160A9B213FA85F5BD427A
:1043700089BFFF1A0023B780F2609CBFB180F36051
:10438000484609F013F8AAE7A4F10802824238BFB0
:1043900004F17802B2F80080C8F30C08B3E7174BB9
:1043A000DB6C003B18BF0123A5EBC305CAE78B6B91
:1043B0007A1EA3EB08033A431A40114B15B25B680F
:1043C0006AB9C3F30363D91E4B424B41DB00337020
:1043D0000B4B7280D3F89030C3F30723BCE708235C
:1043E000F5E700BF782000207A2000206010002030
:1043F000F81D002000100840FC1D002000000840AF
:1044000000400840431C08D0044AD2F83C311B0C41
:104410001B0480B20343C2F83C317047004008409F
:10442000054BD3F8B400431C14BFC0F380700120C7
:10443000A6223121FFF77CB90081E00F034B1A68F7
:104440009B88026083800020704700BF5C0E0020C4
:104450000F4B0628D3F8883104D183F40013C3F33B
:1044600040507047022805D113F4400F0CBF0120C3
:104470000020704750B9074AD2F8D40010F001006C
:1044800005D083F48003C3F3805070470020704749
:1044900000400E400081E00F0C4A5288B2F5E16FF7
:1044A00094BFC8225A2210B594BF78245024904259
:1044B0008CBF172210220A70054A0346107818B1E3
:1044C0009C422CBF0020012010BD00BF5C0E0020CC
:1044D000840E002013B5234B1B780E2B04463ED0D0
:1044E0000DF10701FFF7D8FF1E2C8CBF1E4C1F4C8F
:1044F0009DF807304FF001028CBF01210021C4F864
:10450000082170B1194A4DF60174C2F804411B022A
:1045100002F1007243F44043C2F80431144AA2F895
:10452000D430134A134C92F8D83023F001030343DC
:1045300023F0020343EA4103DBB282F8D830247847
:104540006CB923F0040343EA800323F00803B2F8B4
:10455000D440A2F8D64043EAC10382F8D83002B072
:1045600010BD00BF5C0E002000400846004008441B
:10457000001F002185210020084B094AD3F888310B
:10458000DB4303F4FE1343F40053B3FA83F30E3317
:10459000A3EB4313013B1370704700BF00400E4074
:1045A000830E002002280CD0062802D020B1002063
:1045B0007047054B18787047034B18780430C0B229
:1045C00070470720704700BF830E00202DE9F74396
:1045D0003A4E3B4F96F8009015463A4AD2F8C8201A
:1045E000B9F1020F0446884607EA02071AD147EAE2
:1045F000006788F80000002372882B60B2F5E16F35
:1046000094BFC8225A2227F47F57944227F0080704
:104610009ABF380A00F47F5043F6C870384303B09D
:10462000BDE8F083284A1278904228BF144604EB74
:1046300083030B70F4B1013CE4B24FF030632B60A4
:104640006A4601A9204612F068FFDDE9002347EA27
:1046500003671E4B98F800101B7847EA823747F42F
:104660007F5747F008073BB90029194B18BF4FF097
:104670007F43C1E7164BE2E7164B1748B9F1060F27
:1046800008BF03462AB90029114B18BF4FF07F43DA
:10469000B2E7B2FA82F2C2F11F02D2B29B5CDBB285
:1046A00039B15A1ED2B2FD2A05D81B0643F00403C5
:1046B000A2E7074BA0E74FF07F439DE75C0E002089
:1046C0003F00C0E0001F0021830E00208621002053
:1046D0000400000BB883E00FB083E00F2DE9F34135
:1046E0000446C820FFF7F6FE2B4B2C4E18780E28F8
:1046F00001D0FF2C05D1FF243470204602B0BDE864
:10470000F08102282DD1072C204628BF0720012840
:104710004FF0000301AA0DF1030138BF0120FFF79C
:1047200055FF05461E4B1F4FDDF80480C3F8588126
:10473000C7F8C8509DF8034034702046FFF7CAFE02
:10474000194A4FEA082303F4E063127843EA186336
:10475000A7F8D030002AD0D1C7F8CC50A7F8D23073
:10476000CBE7A0B9052C32BF002701270420201A6F
:104770003B4601AA0DF10301C0B2FFF727FF4FF43A
:104780008003054637B1094AC2F80831CAE7002755
:104790003846ECE7064AF7E75C0E0020850E00205D
:1047A00000400840001F00218521002000400846ED
:1047B0000040084408B501F059F8094B094A00289F
:1047C00018BF1A46136823F47F115B0803F4FE1325
:1047D0000B431360044B4FF00072DA6108BD00BF59
:1047E00000410840184108400040084008B501F069
:1047F0003DF8064B4FF4001228B1C3F800214FF0EA
:1048000000621A6208BDC3F81821F8E700400844A6
:10481000014B1868704700BF001E0020436C012B3D
:1048200038BF01232DE9F0479A46464B464F9B6916
:10483000464E474D03F4E073A3F5C07280464548E9
:104840005142514102685245434A0FD114788C427B
:104850000CD198F8D0C03C78A44507D198F815C081
:104860003478A44502D1A888BDE8F087B3F5C07FAD
:10487000C0F800A011704AD1D8F8944024B1236840
:10488000082B58D994F838400F21204612F027FE03
:10489000BAFA8AF3002852D0B0FA80F29B1A002BA1
:1048A000C6BFD840C3F10F094FF00F09504501D9D9
:1048B00009F1FF39234B2004C3F8BC0003F18063E6
:1048C00040F6FF72C3F8B82003F100734FEA0921E4
:1048D000C3F8B81012F034FEA88000F045FD09F0CE
:1048E0001F094FF4FA7304FA09F45C4341F66A03B2
:1048F000B0FBF3F00A23B4FBF0F45C43174B1C60ED
:1049000098F8D0303B7098F815303370ABE798F8D2
:10491000D030062B06D1124B1B78002B0CBF9624EF
:10492000C824B1E7022B08D00D4B1B78002B0CBF1D
:10493000B424F024A8E70024A6E73224A4E74FF02B
:104940000F09B7E700600840820E0020810E0020AA
:104950005C0E0020EC0B002088210020001E0020AF
:1049600086210020FF290DD00F4B1048C3F85001BD
:104970000B04090501F0F87103F4E0230B430C4923
:10498000C1F85031FF2A0DD0074B40F2F711C3F8A0
:104990005011130103F4F87302F007021343044AA1
:1049A000C2F8503100207047004008440000F70171
:1049B00000400846F8B5134B134E1F68134D384698
:1049C00000F040FF3378C4B2A34201D12B78A3B1E9
:1049D000092C14D80E4B012C195D05D10D4B1B78F9
:1049E000022B01D141F0400101F00F0238460909C4
:1049F000FFF7B8FF002334702B700020F8BD0024AF
:104A0000FA21F1E78C1B0020842100208321002063
:104A10007CA103005C0E002038B5044600F04CFC7D
:104A2000142200212E4813F099F92E4B25781A787C
:104A30002D49521B18BF01220A7022681A60C82033
:104A4000A2889A80FFF746FD284BD3F8C820284B50
:104A5000FF211970274B2849062D03EA0203274A34
:104A60001AD14FF4EE40C2F824014FF48A42C1F843
:104A70002421012243F08043C1F820211B4AC2F8BF
:104A8000C8301E4B0322C3F85821FFF793FF1C4B7D
:104A900001221A70002038BD022D4FF007000ED100
:104AA000C2F80C010620C1F80C011649C2F8081121
:104AB0004FF4404143F00303C2F80411DEE7C2F8AB
:104AC0000C010520C1F80C01C020C2F8080143F018
:104AD0008043812243F00403C1F80821CEE700BFE0
:104AE000C81F00215C0E002083210020001F002130
:104AF000850E00202800C0A0004008460040084461
:104B000087210020C1004000014B1870704700BF92
:104B1000862100202DE9F0472D4C2E4B236000F01C
:104B200023FC4FF4FA7307464FF47A76B0FBF6F69F
:104B300029482A4A7343190E1B02181841F1000133
:104B4000002304F0A5FDA0F580730546A36220B9FB
:104B500066222B21FEF7ECFD01254FF47A726A43A1
:104B60004FF0000A53465008310204F091FD1C4BEF
:104B700019601C4BB7F57A7F4FEA056889460446F1
:104B800018604FEA152505D276222B215046FEF7F4
:104B9000CFFD01264FF47A73A8FB030103FB051137
:104BA0007308C01841F100010023324604F070FD83
:104BB0000D4B023419600D4B49F10009A40818602F
:104BC00044EA8974024B013C1C63BDE8F08700BFD6
:104BD000005008400211010020A1070040420F00D0
:104BE000101E00200C1E0020081E0020041E0020A5
:104BF000044B4FF00052C3F880211A60024B01228F
:104C00005A60704700E100E000500840074B4FF049
:104C10000052C3F88021C3F88020BFF34F8FBFF349
:104C20006F8F034B04225A60704700BF00E100E021
:104C30000050084010B50446A242A2EB0000A3EBCE
:104C4000010104D2034B1B6B01331844013901F0FD
:104C5000030110BD0050084038B502010A4B012580
:104C60009D500A4A4FF4807383405366044608F00F
:104C700099FB074A1378A54023EA05031370BDE8A2
:104C8000384008F093BB00BF005108440050084072
:104C9000892100202DE9F0471546044688461E4626
:104CA00008F080FB022D00F0B880074608F081FB79
:104CB0006C4B6D4AD3F8189092F815A0DA6D5FFA34
:104CC0008AFA520744BFD3F818900AF1010A08F093
:104CD00076FB664B664A1B6811684FEA8A7CA3FB29
:104CE000093213F1004301FB09CCD8F800304CEB3A
:104CF000020C012D04BF01336344ACEB030C08BF6D
:104D0000C8F80030BCF1804F0AF0030AC0F0988068
:104D1000584AD2F800C0584AD2F800E0514A23F06D
:104D20004041106B4FF000480022ECFB01820EFB6B
:104D3000012282424FEA937381BF01330130121A7C
:104D400003F00303A3EB0A03914588BF4549DFF84D
:104D500048C184BF096B03F1FF3303F003030CF870
:104D60000430A2EB0900A3B1F10742BF434B41F667
:104D70001F71D966B30742BF404B4149D9667107DD
:104D800042BF384B00211967330742BF354B002122
:104D90001965344B04F1100103EB041E0901CEF830
:104DA0000C2111225A5037499A694FF0010EA2EB9B
:104DB000090A0EFA04F8D3F85C900A785FFA88F8CA
:104DC00048EA020282450A7026D34FF48072A2405C
:104DD00019EA020F20D11CF8040000283FD10DB3BE
:104DE000F0071A6608D5254B274941F61F7240F295
:104DF0000110DA66C866DA66B10706D51F4B22498C
:104E00001F4A2248DA66C866DA66720742BF204B3C
:104E100001229A60330719D4384608F0C7FA0120F6
:104E2000BDE8F0871B48240140F804E05A6608F00A
:104E3000B9FA14490B7823EA08030B7008F0B6FAA4
:104E4000384608F0B3FA0020BDE8F087212000F0D2
:104E5000A5F9044B4FF480325A603846DDE71A66F4
:104E60003846DAE700500840441E0020041E0020A7
:104E7000081E00200C1E0020101E002000500844B8
:104E800000001F1F8921002000500846000001017A
:104E900000400840005108448A210020024B187845
:104EA000003818BF01207047892100201030034BC3
:104EB0000001185800F00100704700BF0050084082
:104EC0001030044B01F46001000141F0030119505E
:104ED000704700BF0050084038B508F06AFA084B28
:104EE000084A9D69547DDA6D520748BF9D69E4B256
:104EF00048BF013408F063FA284604F0030138BDC6
:104F000000500840441E002038B50B4B03EB001244
:104F100010300001D2F80C411D58FFF7DDFFAB0740
:104F200006D5844200D90139204601F0030138BD7D
:104F3000844238BF0131F7E70050084008B522200D
:104F400000F02CF9024B4FF480225A6008BD00BFDC
:104F500000500840064B1B68434303EB8171054B2F
:104F60001B68A3FB003013F1004341EB00007047C6
:104F7000081E0020041E00200D4A10B5146820F001
:104F8000404301464FF000420020E4FB0320094A61
:104F9000126802FB0300084B1B6B98424FEA9171A9
:104FA00004D901330131C01A01F0030110BD00BF63
:104FB0000C1E0020101E002000500840F8B50646C8
:104FC00003F0EEFA044608B1FFF720FE084D094F42
:104FD00000232B6130466B61AB617B75FFF7CCFF23
:104FE000C9B27975A8610CB1FFF702FE0020F8BDC7
:104FF00000500840441E00203B4B082270B50121A0
:105000000546C3F8C8203948394CEAF7EBFE394B5E
:105010001D702378013B012B0CD8237CE07B0122FF
:105020009A400C21302313FB001303F1884303F54E
:1050300020431A60304B00225A677DB92F4A4FF641
:10504000FF71D16702F10072F821D1675D672C4BC7
:105050004FF08042C3F89420002070BD636853B3C2
:1050600000F082F9626800EB5203B3FBF2F3013BFC
:105070001B0243F0F80326782049224A022E1CD056
:10508000032E1D484FF6FF7521D0012E27D143F086
:105090000203CD67D36707234367237CE07B0122AC
:1050A0009A400C21302313FB001303F18C4303F5CA
:1050B00020431A6011E0F823DDE743F001034FF6C7
:1050C000FF70C867D3670C4B05225A67E5E743F0CA
:1050D0000503CD67D367012343670B4BB8E7CD6763
:1050E000D3670023F8E700BF00400E4600350A00F2
:1050F000141E00208F2100200000084000000844FA
:10510000004008440000084600400846F8B506463E
:1051100004460FCE1C4F3D460FC533682B601B4B1A
:105120001B480822C3F8C8200121EAF75BFE194A90
:1051300000235367A37BE17A1B0443EA0123217A0E
:105140000B4393673B78032B1BD8DFE803F0140273
:10515000080E617B207B00230422EBF71BFF217CE0
:10516000E07B00230422EBF715FFA17A607A01238C
:105170000422EBF70FFF084B1878BDE8F840FFF763
:105180003BBF0120F8BD00BF141E002000400E46AA
:1051900000350A00000008408F210020044BD3F89E
:1051A0009430002BBCBF034BC3F88000704700BF96
:1051B00000400840000008404FF0006318B1034A67
:1051C000C2F894307047024AFAE700BF0040084630
:1051D0000040084408B5064B06491A684FF00450D1
:1051E000920012F0C6FDBDE8084000F0A5BD00BF6A
:1051F000BCA10300C0A1030007B501A8ECF78AFA1F
:10520000134B144AC3F8442148F2E672C3F838211C
:105210004FF40862C3F834210F4AC3F8A0200F4AA4
:105220004AF63F41916002F580424FF0C0719162B1
:105230000022C3F8FC200A4AC3F89C20094B7F22B5
:105240005A6203F1007323225A6203B05DF804FB33
:1052500000400840C0E653517A27000F0030084054
:10526000806D6303003008440F4B002210B5C3F873
:105270008820C3F88C20C3F890200C4A0121D1600B
:105280005A6812F0706FFBD14FF00452DA670124B4
:1052900002F5FD52C3F880401A66054B1B6898471B
:1052A000044BDC6010BD00BF0040084000400846D1
:1052B000F00B002000400844034BFD22C3F8C82037
:1052C0000122C3F8CC20704700400E4638B5FFF7E6
:1052D000F3FF1B4B1B481C4C1C490222C3F8C8207F
:1052E0001B4B1A6842B102EA0005A54204BF5D6883
:1052F000156008338B42F4D1164B0222C3F8C82044
:10530000154B164AD3F83C111160154AC3F8942086
:1053100000F04AFBFFF770FF124B0322C3F8D820BE
:10532000A3F500530122C3F894204FF46072DA60B1
:105330004FF04072C3F8F820C3F8102138BD00BF09
:1053400000400E460000FFFF00000840B081E00F63
:105350000080E00F00400E4400400840F40B0020A5
:105360000048F0000060084608B5EAF7B1F8044BC1
:10537000D3F81031C3F308230133B0FBF3F008BDB9
:1053800000400E4070B5044618B1284D2268531CE9
:1053900000D170BDC2F30063110C35F8130011F099
:1053A000FE0F93B243EA0043606818D00434CAB2D7
:1053B000022A216808D9D4E90160033AC3E900163A
:1053C00098600C340C33F3E704D16268C3E900122F
:1053D0000834DBE7012AD9D104341960D6E7120F6B
:1053E000072AF5D8DFE802F00704090D1013181D8D
:1053F000C04303F180631860EAE71A6842401A600C
:10540000E6E703F1C063F6E712F0C8F8E0E701222F
:10541000824003F1C063F2E70122824003F180631E
:10542000EDE71A6830EA0202FBD1D1E786A103005A
:10543000024B0122C3F89420704700BF0040084689
:10544000024B0122C3F89420704700BF004008447B
:10545000024B4022C3F89420704700BF004008442C
:10546000024B4022C3F89420704700BF004008461A
:1054700008B50C4B1B68D3F8943023B11A68022A84
:1054800001D9186A08BDFFF76FFF074B1B6D024675
:1054900098B20028F6D0C3F30743D2085343B3FBB6
:1054A000F0F0EFE78C1B002000600840064B5B68C3
:1054B000C3F30363984206D1044A936B23F0F003CD
:1054C00043EA01119163704700400840001F00212A
:1054D0002DE9F0470E4612F04BF8DFF8B090DFF8F8
:1054E000B0A08046002507F05DFFD9F80430C3F373
:1054F0000363012B07460BD1711C1AD012F038F848
:10550000A0EB0805384607F051FFAE42EBD80DE09E
:10551000052BF1D00B2BEFD0023B012B0CD9013620
:1055200002D012F025F8384607F040FF1648BDE8D3
:10553000F08707F03BFFD6E7DAF808301A04C3F328
:1055400089140FD4013602D012F012F8384607F051
:105550002DFF24B2A4F1C8006FF4FF739842B8BFC6
:105560001846E4E7731C03D012F002F8A0EB08051C
:105570006FEA84546FEA9454384607F017FF14F525
:10558000007FC2D0E6E700BF00FEFFFF00400840FA
:1055900000700840024B012218619A60704700BFFA
:1055A00000200840084910B5D1F8703140B11C46C0
:1055B0004A68D1F870319C42F9D1C2F3036202709B
:1055C00003F00F0010BD00BF00400840094BD3F8A6
:1055D000883001F0800103F480030B4309D1064BAE
:1055E0004FF400129A61837F1BB1044B0122C3F870
:1055F000F8207047004008400060084400600846FA
:1056000010B507F0CFFE084B1B6804463BB1984726
:1056100028B1002200204FF4806100F0BFFC20463A
:10562000BDE8104007F0C2BE281E00202DE9F04161
:105630001F4CDFF89080069F0646A2FB03502C19F2
:1056400060F1000E9C46A0454FF0000373EB0E0E78
:1056500007D24FF4B4720E211846FEF769F8022003
:105660001BE00029FBD0C6F3130601EB5C04B4FB7E
:10567000FCF4A4FB0646E40C44EA46340D4E3460C8
:105680000D4C22600D4A914209D10D4AA5FB0253EF
:1056900002FB00339B093B600020BDE8F081C4049D
:1056A0000A46E80444EA553103F0F2FF3860F3E7B4
:1056B00000C9E8762C1E0020301E002000F04902B0
:1056C0000A3BB2DF0046C32338B5164D2B780C4693
:1056D00023B9154B1B6D03F03F032B70134BD3F80D
:1056E00094305B051CD5124BB0FBF3F040F24D53E8
:1056F0004343A3F546430C3B584300F5C91000F55E
:10570000556028B940F21B322B21FEF711F8012019
:105710002B78084A5343B3FBF0F30020236038BDD5
:105720000220FCE7932100200030084000400840A0
:1057300000366E018096980070B5374C374B256B5C
:10574000374C1B682468ED024CBF1B191B1BB3F1BF
:10575000804F04D8002B3AD1324E1C460AE0B3FAEF
:1057600083F4314EC4F10204E340304DAB4201D921
:1057700001345B0803EB5605B5FBF6F52C4EB3423E
:1057800034BF002601262403013D44EA86242C432D
:105790000C60D8B1B3FBF0F1642400FB1133634318
:1057A000984288BF01F1FF314808013801390728C4
:1057B000204D214C4FEA510311D9002129700621B7
:1057C000C4F894101B0243EA0013136070BDB3FACF
:1057D00083F4D4F10204134EC6D50024C5E7102982
:1057E000EBD068B1012129700621C4F89410134947
:1057F00009780029E6D012490224C1F89440E1E773
:10580000012914BF0121002129704FF00601C4F8BD
:105810009410ECD1D6E700BF00300840301E0020C5
:105820002C1E0020E0673500C0CF6A003FBE402537
:10583000401B5F139021002000400844912100206C
:1058400000400846084B5B6B03F00700C3F3C2023D
:1058500013F0380F18BF5043C3F3821213F4E07FE4
:1058600018BF5043704700BF00300840034BD3F8C7
:10587000380180F01000C0F300107047004008406D
:10588000174B4FF4002210B5C3F89420154C164B5B
:10589000B0F1804F88BF1C46144BDA6CD2071DD57F
:1058A0001B6F134A04F5F42404F59074B4FBF2F46E
:1058B000033CE4B203F00703A34202D02046EBF717
:1058C000C7FA0C4B1B784BB10B4B4FF47022C3F84B
:1058D000942003F100732404C3F8944010BD00BF6A
:1058E00000400846E0673500C0CF6A0000300E4037
:1058F00040420F0092210020004008447FB504463A
:10590000E9F722FE1C4B06462C3358680093A37916
:1059100022683146FFF78AFE054648BBA379012B72
:1059200014BF164916491022C1F8382120681549BC
:105930005843FFF7C9FE03AA02A93046FFF7FCFE51
:105940000F4A43F6FF53C2F8A4300C4B0299C3F838
:10595000A4104FF4EE611163039A1A632068FFF7F5
:105960008FFF094BA2881A6203F5405300229A6305
:10597000284604B070BD00BF003008400040084613
:1059800000400844503008400000084008B5044B6F
:1059900001221A70034B1868FFF772FF002008BD40
:1059A00092210020301E0020024B4FF48062C3F889
:1059B00094207047004008460D4BD3F80421D3F8DB
:1059C000B030D2B2FF2A03D043F30743591C01D1B0
:1059D00090221923074903EBD37302EB63020223DE
:1059E00081F84630232381F8472081F845307047FD
:1059F0000081E00F001F002140B10368012B05D991
:105A00000069034B002808BF1846704700487047DC
:105A10008CA1030038B5054614480C46FFF7ACFAD4
:105A20002DB1C30103EB5503B3FBF5F32360104A1B
:105A30005368D80217D40F4B1B68D2F8A810C3F3D1
:105A4000810311F4806203F10103C9B218BFDA00C7
:105A5000FF2906D00649D1F8AC10490501D502EB63
:105A6000C302626038BD0022FBE700BF40420F0066
:105A70000000084000200840084B1A68C117A2FB2C
:105A8000000310F1807002FB013343F10003400E6C
:105A900040EAC310803820EAE0707047381E0020CA
:105AA000174B072270B5C3F88420FFF75DFC154B38
:105AB000154A164EC408010B0546E005C01841F111
:105AC0000001002303F0E4FD114B18604EF6602046
:105AD000FFF7D2FF4042C6F89C000E48FFF74CFA91
:105AE000024658B1E301500818184FEA15714FF0FB
:105AF000000341F1000103F0CBFD706770BD00BFF2
:105B000000400840B2E60E0065CD1D00001F0021D8
:105B1000381E002040420F002DE9F8430546084694
:105B20009846FFF769FF16460746002D00F0A9804A
:105B300018F0050F5DD02C69002C00F0A480FEF752
:105B400067FE4FF47A735C43201A7B68A0F6AC5072
:105B5000C01AFFF791FFAC8B3062002C00F09680EA
:105B6000FEF756FE4FF47A735C43201A7B68A0F66A
:105B7000AC50C01AFFF780FF70614A4BEC68D3F855
:105B80000090002C00F08580FEF742FE4FF47A73FF
:105B90005C43241A7B68A4F6AC54E41A3B68E41A0C
:105BA000414B1A68E117A2FB044314F1807402FB15
:105BB000013343F10003640E44EAC314803C3B4BC1
:105BC000B4613B4CD3F88430F36123684BB1484651
:105BD00011F086FE28B12368D9F8480032463946CC
:105BE0009847AC69FEF714FE0146204611F037FDD8
:105BF000F06218F0020F29D06B684FF47A705843A6
:105C00005BB13B6803F51C5310331844AB7F002B8A
:105C100046F2A81308BF00231844FFF72DFF6B6955
:105C2000B062002B38D078684FF47A7202FB030020
:105C3000AB7FA0F50350002BA0F1100046F2A81393
:105C400008BF0023C01AFFF717FF706218F0040F97
:105C500017D0A86818B34FF47A735843A0F50350CF
:105C60001038FFF709FFF0602B684FF47A70584343
:105C700023B13B6803F51C5310331844FFF7FCFEB7
:105C80003061BDE8F8834CF2503062E74CF250309E
:105C900070E74CF2503483E747F23050D3E747F2D5
:105CA0003050DEE78C1B0020381E0020001F002132
:105CB000341E0020064BD86DDB69C0F3011203F0DF
:105CC0001F03000C02FB000001331844704700BFA3
:105CD0000060084010B508461C4611F050FC094B06
:105CE0000246D3F8F800FFF787FE0368A018002BE0
:105CF000054AA8BF4FF4FA721A44044B92FBF3F220
:105D0000104410BD001F00210CFEFFFF18FCFFFF18
:105D1000074BD3F8D8304FF604014FF605029BB27B
:105D20008B4208BF1346034A01209365704700BFAA
:105D30000081E00F0050084070B5194C0FCC86B0C0
:105D400001AD0FC5C822236816482B60002112F050
:105D500005F87C220021144812F000F8134B144A75
:105D6000C3F8F020FFF728FE124B1B782BB101ADD2
:105D70000FCD0B4E0FC62B6823600F4B0F4AC3F895
:105D8000DC2F0F4AC3F8E02F0E4AC3F8E42F02F1CC
:105D9000957202F27112C3F8E82F06B070BD00BF11
:105DA000C81F0021381F0021BC1E0021001F002138
:105DB0003F0037008721002000100021020062020E
:105DC00009C805780708DC060A4B197801F0FF02BC
:105DD00029B10021197008499202C1F8A020597810
:105DE00001F0FF0229B1002159709302024AC2F862
:105DF000A43070479421002000000846074BD3F8D8
:105E0000E40E074BD3F88C301A0103D4054B1B6EFC
:105E10001B0401D500F58070704700BF0010002101
:105E2000004008400000084008B507F0BBFA0F4BDF
:105E30001A78B2B90E4A126812F4843F11D10D4A91
:105E40001021C2F894101B786BB9094B1B68DB0555
:105E500009D4084B2022C3F89420BDE8084007F07D
:105E6000A5BA054AECE7044BF4E700BF98210020EF
:105E7000E0100020004008440040084610B507F03C
:105E800091FA0E2104460320FFF710FB044B40F269
:105E9000012220465A62BDE8104007F087BA00BFD1
:105EA00000000840044B00221A70044B197811B10D
:105EB0001A70FFF7B9BF7047972100209821002082
:105EC00008B507F06FFA244B4FF08052C3F88020DA
:105ED000BFF34F8FBFF36F8F4FF48072C3F88020F2
:105EE000BFF34F8FBFF36F8F0222C3F88020BFF341
:105EF0004F8FBFF36F8F1022C3F88020BFF34F8FF7
:105F0000BFF36F8F2022C3F88020BFF34F8FBFF302
:105F10006F8F4FF00052C3F88020BFF34F8FBFF355
:105F20006F8F8022C3F88020BFF34F8FBFF36F8F36
:105F30004022C3F88020BFF34F8FBFF36F8F4FF025
:105F40000042C3F88020BFF34F8FBFF36F8FBDE8CF
:105F5000084007F02BBA00BF00E100E008B507F0E9
:105F600021FA0D4B4FF080521A604FF480721A6084
:105F700002221A60002283F8012310221A602022D4
:105F80001A604FF000521A6080221A6040221A6094
:105F9000BDE8084007F00ABA00E100E070B5084C1F
:105FA00001232370074B1E68074BD3E9005332408F
:105FB0001940284001F0F4F90023237070BD00BFA0
:105FC00096210020401E0020E01000202DE9F0471F
:105FD000DDF820A003EA0108099B06460D4602EA07
:105FE000000703EA0A09BAF1000F40F04981031FD4
:105FF0000B4300F00F81052871F1000380F0E3806E
:1060000050EA010300F05C81431E0B4300F01D8148
:10601000FFF756FFAB4AD2E9004323EA050324EA1F
:1060200006043C4343EA0807A74BA84D1E68DFF867
:10603000EC8226EA0A0646EA09061E60C2E9004723
:10604000FFF7F2FE14F02A4F14BF48F202034FF498
:106050000043B0079E48C26E48BF43F4005383EA32
:10606000020122EA0302EA669A4A81660B40D3667D
:10607000C4F380421203210348BF42F48072E30656
:1060800048BF42F40052A50648BF42F400726006C1
:106090009148924DD0F80C3248BF42F480622106FC
:1060A00048BF42F4006282EA030123EA0203C5F812
:1060B0000C328B4BC0F808120A40C7F34025AD04E0
:1060C000C3F80C22E20448BF45F48035A30348BF5F
:1060D00045F48015A00748BF45F4001514F4001FCF
:1060E00006D0D8F8000011F02AFC08B945F40025C4
:1060F000E1027C497C4848BF45F40035FA0648BFB8
:1061000045F480050A6A730748BF45F0040585EA2F
:10611000020323F001031A4002621D40CB61734B5E
:1061200073481D62734B744A16F0010F18BF1A466C
:10613000836E7D0748BF42F40012704D82EA03016E
:1061400023EA0203AB666E4B41660A4000F500503D
:106150009A66C16B04F0010305F5005581EA03025C
:1061600021EA0301E96382631A40664BDA63D8F8D7
:106170000020200248BF644B92F8E92058BF634BCF
:10618000610748BF43F4806322B114F4C06F18BFA5
:1061900043F480735E485F4CD0F8EC10320748BF80
:1061A00043F0004383EA010222F4A0221140C4F824
:1061B000EC101340C0F8E820574ABDE8F047C2F899
:1061C000EC30FFF7CBBEA0F580630B4306D020F484
:1061D0008063A3F500730B437FF41AAF07F0E2F876
:1061E0003849D1E9003223EA060322EA050242EAED
:1061F00008023B43C1E90032484A126892F8E9209C
:106200000AB313F4C06F1ED0434B4FF48072C3F82F
:10621000EC2014E007F0C6F82A4AD2E9003123F056
:1062200004033B4341EA080157EA0807C2E9003189
:1062300014BF394A374A4FF48063C2F8EC30BDE8E6
:10624000F04707F0B3B8334BDFE707F0ABF81D4A70
:10625000D2E9003123F001033B4341EA0801C2E9DE
:1062600000312F4A57EA08074FF0010315BF936327
:106270002C4902F1C062CB6314BFD3639363DEE7A2
:1062800050EA01037FF4C4AEBAF1010F7FF4C0AE4F
:1062900007F088F80C4A136823F0010343EA090366
:1062A0001360134A4FF48063B9F1000F04D05366B2
:1062B00002F1C0629366C2E710498B665366BEE77F
:1062C000BDE8F087E0100020401E002000000844D8
:1062D00000000840000008460060084000600844D4
:1062E000006008460040084000400844004008465E
:1062F00000500840041C500004185000005008448E
:1063000000500846007008460D0A0A09090A0A09E1
:106310000010084000100844001008468C1B0020A4
:106320000070084000700844024B5868C0F3C00079
:10633000704700BFE0100020024B186800F0010019
:10634000704700BFE0100020024B5868C0F3C03017
:10635000704700BFE010002010B50446FEF7B6FFFE
:10636000FFF7AEFD04F14C00FDF79CFEFEF77CFF4D
:10637000FEF7D0FBFEF73CFCFFF792FB1049114AF9
:10638000D1F8F810072304F1A400FFF7C5FB4FF480
:1063900040010020FEF794FD4FF400110120FEF7AC
:1063A0008FFDFFF7B5FC20B940F2E7221421FDF77D
:1063B000BFF9FFF7EBFABDE810400120FEF71CBE65
:1063C000001F00216C1F0021084B8022C3F8882089
:1063D00003F17E430822C3F88820054AD2F8BC3E68
:1063E00023F02003C2F8BC3E704700BF00400846BF
:1063F0000010002108B506F0D5FFFFF7E5FF034BBD
:1064000001229A60BDE8084006F0D0BF0040084075
:10641000F0B583B00646144602F0C2F8002800F03A
:106420009B80514BDD6815F0060540F0958006F025
:10643000B9FF23790095022B07463ED1237B022B1F
:1064400035D00320FEF732FD18B9484B5B685B047A
:106450007FD5A37B257B4649A2680192003B18BFEC
:106460000123012D0B705DD0424A434C0023137071
:106470002278002A61D13C4E0420FEF7EDFBF36E3A
:1064800023F0F85323F4F81343F0506343F48033BC
:10649000F3662A46022301A90420FEF7FBFB00282D
:1064A00052D0364B012130222170C3F89420384657
:1064B00006F07CFF002003B0F0BD0320FEF7F6FCE1
:1064C000002846D12279D6F8AC30012A226838D08B
:1064D000D51A254B2A4A0095DA6600221A67627B94
:1064E000284B002A0CBF012200221A70264B264A94
:1064F000D3F8BC3E0CBF43F0200323F02003C2F8C6
:10650000BC3E0320FEF7A8FB174B204ADA6622792F
:10651000012369460320FEF7BDFBF8B11C4B0122A5
:106520001A708BE72379022B9ED0009BD6F8AC1013
:106530000B4413440025019396E72370FFF774FC86
:1065400099E79A42C5D3C3E70320FEF785FB0C4BBE
:10655000F366384606F02AFF0320ACE7384606F01B
:1065600025FF0120A7E700BF005008400040084079
:106570009A21002097210020982100200040084601
:10658000000001019921002000100021010C0100F0
:106590009B2100202DE9F3410D46074606F002FF3E
:1065A0001B4BDFF8788000241C70FFF70DFF194BA0
:1065B000C8F86C30C8F8704006466879431E5842E7
:1065C000584101F08DFC40F60143C8F870302A793B
:1065D0002968D7F8B430012A01D1994200D3CC1AE6
:1065E00004230DEB030103200194FEF753FB50B984
:1065F000094B88223046C3F8882006F0D7FE0120D8
:1066000002B0BDE8F081304606F0D0FE0020F7E78A
:106610009B21002000000101004008440050084078
:10662000F8B5194C05462078B0FA80F040F20642E1
:106630003E214009FDF77CF855B96078B0FA80F04A
:10664000BDE8F84040F206423E214009FDF770B82F
:106650000E4F0F4DD7F8A0304FF44066C3F381239F
:106660002370C5F8A0606078B0FA80F040F206426E
:106670003E214009FDF75CF8D7F8A430C3F381232D
:106680006370C5F8A460F8BD9421002000000840A4
:1066900000000844F8B50B4C0B4DD4F888300B4F74
:1066A0000423C5F88830D4F888305B0300D4F8BDE3
:1066B0000426C7F88860022010F070FFC5F88860D3
:1066C000F1E700BF00400840004008460040084491
:1066D0001C4B70B5D3F888601B4D03F18063A82272
:1066E000C3F8882010221A60184A194B93666B660B
:1066F000FFF76AFB174B1B7813B90320FEF7ACFAC0
:1067000000242C67FFF7C6FF134A144BD2F8E41E8F
:106710000B40C2F8E43E124B0422C3F88820114B10
:10672000B206C3F8C44008D503F580739B6CB3F57B
:10673000817F22BF034B80229A60BDE8704001F048
:10674000C9BD00BF00400840005008400050084448
:10675000100000029B21002000100021DF0000FF3C
:1067600000400844001E002110B549B918B3144A6E
:1067700053681B0E13F00E0F1DD113689A061AD41E
:10678000FFF77CFB0E4C0020FEF70CFF032801D026
:10679000092806D1D4F88C30DB03F4D4636F0C2BBA
:1067A000F1D9FFF777FF074B0122DA6003F17E434F
:1067B0000422C3F88820044B4FF4C0625A6210BD13
:1067C00000400840004008460060084408B5032126
:1067D0000920FEF76BFE024B20229A6008BD00BF25
:1067E0000040084038B5054606F0DCFD0446FDF7DC
:1067F00015FC35B1FFF756FB2046BDE8384006F0E2
:10680000D5BD084B1B78002BF6D0074B1D78002D0B
:10681000F2D1FFF747FB2A464FF480400021FFF7F3
:10682000BDFBE9E797210020962100202DE9F84FD4
:10683000564B0646D3F888300D461446002A40F0E1
:10684000A28013F0A00F14BF4FF001094FF0000910
:10685000DFF854814E4F01F03DFDA023C8F8883089
:106860000320FEF7F9F90420FEF7F6F94FF0000ACD
:10687000FFF718FB474BFB66C7F870A0FFF70AFF4E
:10688000454BD3F8BC2E42F02002C3F8BC2EFF22A9
:10689000C8F800203D4A4FF480719160D3F8E42E8F
:1068A0003E494FF0040B1140C3F8E41EC8F888B00D
:1068B000C3F8C4AEFB6813F0060F04D0FEF73EFB2E
:1068C0005846FEF7C9F9B9F1000F08D0344B4FF420
:1068D0000062C3F88820334B4FF400425A6666B119
:1068E000304B5B6C180701D4FFF7C8FAFFF76EFF57
:1068F0000420FEF7B1F9FFF767FA244BDA68D107F5
:106900003FD55A6812F0706FFBD1274B274AC3F866
:106910008820274A936B23F0F003936315B1204638
:10692000FFF760FF234BD3F8B4305A1C01D05B0053
:1069300002D51D4B0122DA601CB31A4BDA6E9A663F
:10694000124A136A23F00103D3611B4BD3F80C22C4
:10695000C3F80822A3F54053DA6F9A67A3F50053F2
:10696000D3F8EC20C3F8E82003F5C043DA6B9A6350
:10697000A3F50053114A5A660B4B4FF60842C3F871
:106980008820BDE8F88F4FF0000961E7004008401B
:10699000005008400000010100100021DF0000FF4E
:1069A0000040084600000840004008441000300045
:1069B000001F00210081E00F006008405000F0023D
:1069C0009A4B196EDA6E2DE9F04F01EA0209C3F80D
:1069D000689003F5805385B0D3F8E060D3F8EC20DD
:1069E0001640C3F8E86003F5A043D3F80012D3F8CB
:1069F0000C2201EA020AC3F808A2A3F50053596960
:106A00001A6A01EA02088A4A08EA0202DA61894B34
:106A1000D3F80022910006D4D3F800319A00C3F3D2
:106A2000407740F1E18006F0BDFC834BDA68DF6D12
:106A300012F0060F9A6E07EA020727F4800222F48A
:106A4000006214BF4FF0010B4FF0000B5A667B073A
:106A500004D57A4A537D0133DBB2537506F0A6FCA8
:106A6000B9F1000F00F0DF8019F4004427D006F0E0
:106A700099FC0146FFF7C2F96F4D0446AA69AB695C
:106A80009A42FCD0AA699342FCD0FFF7B7F9A04222
:106A900040F0AC80084606F089FC694B1C60694BED
:106AA000D3F8885015F4E05240F0A28024F07F44DF
:106AB00024F0DF040CB9FFF70BFE4FF0807419F0DF
:106AC000020F4FF0000516D05E4B5F49D3F88830B7
:106AD00003F46042C1F88820002A00F09E801D0463
:106AE00000F19E8013F4005F0CBF4FF000534FF095
:106AF00000631C430025C9F340394FEA4909534B51
:106B00003340002B4AD016F4206F0AD040F60F0213
:106B100006210020FCF70CFE0020FFF763FE26F4A0
:106B20008026F00506D5484BFF221A6044F4C06465
:106B3000FFF7A4F916F0090F0AD040F62402082145
:106B40000020FCF7F5FDFFF741FE414B01229A6260
:106B500016F0106F0CD040F62D0209210020FCF732
:106B6000E7FDFFF733FE002211461046FDF72EFA2F
:106B700016F4202F0AD040F6350207210020FCF73A
:106B8000D7FD0020FFF72EFE26F48026F10301D565
:106B9000FDF76CFB002EB8BF49F0080972070DD550
:106BA0002B4B5B6A13F4005F14BF2A4A2A4A4FF446
:106BB00000531ABF536244F400045362730548BF84
:106BC00044F0040416F4802600F0AA80FDF718FBB8
:106BD0000138062842D8DFE810F021012401210104
:106BE00027012A012D012D01BB4639E7044645E75F
:106BF0000192FFF76DFD144B019AC3F8882015F43C
:106C0000805307D115F4806F0CBF4FF080544FF0C4
:106C1000806454E74FF0804451E74FF0007368E719
:106C20004FF0004365E74C464D4668E700000840DA
:106C30000000F7FF00E100E000500840441E002083
:106C40003C1E00200040084000400844090B0B890E
:106C500000100840001008440010084640F6660284
:106C600003210020FCF764FD7C4A136ED2F88000FB
:106C700003F007030633012101FA03F3C0F30C000C
:106C80001B1A9BB2072B13D9754BD3F888305802C7
:106C90000ED47448136B126DC06C58B103F0070327
:106CA00006339940C2F30C03C91A89B2072901D8E7
:106CB00044F400746C4B1B78002B31D0674BD3F835
:106CC000E03013F4A02F2BD1684B694A1B7893B99D
:106CD000FB0410D4137873B1E308664943EA4573A3
:106CE00083F00103D1F8E41E03F001035B0021FAF5
:106CF00003F3980714D10420FDF7AEFF5E4B5F4904
:106D0000D966FFF7CFF85A4A13782BB95C4B5D4A26
:106D10001B682340134201D144F4804427F4805778
:106D2000BAF1000F1DD01AF4805F18BF44F480241C
:106D30001AF4807F18BF44F400241AF4005F18BFCF
:106D400044F010041AF4007F18BF44F020041AF431
:106D5000806F18BF44F040041AF4006F18BF44F06D
:106D60008004B8F1000F3BD018F4802F18BF45F411
:106D7000007518F4803F18BF44F4805418F4801F45
:106D800018BF44F4003418F4001F18BF44F0020484
:106D900018F4003F18BF44F4801418F4800F18BF93
:106DA00045F0100518F4002F1AD0324BD3F8BC3E32
:106DB00013F0C00F14D02A4B5A68C2F30362032A9F
:106DC00001D0072A07D1D3F88C20D10603D4D3F8F9
:106DD0009020120731D54FF40022DA6128F4002800
:106DE000002F00F00D81380540F18180264ADFF840
:106DF00088A0D378002B4DD0013B4FF40061DBB26B
:106E0000CAF86410D37033B9204B1B78C3B1204B40
:106E100040F60142DA660023002266E044F4803442
:106E200022E744F400641FE744F480641CE744F460
:106E3000807419E744F0080416E744F40014CFE71F
:106E4000DAF8703013F4A05F15BF4FF4807340F68A
:106E50000143CAF85030CAF87030DCE7001008402F
:106E600000400840000008409821002097210020A1
:106E7000992100200010002100500840000001016D
:106E8000E0100020088D01008A2100209B210020B5
:106E9000005008460320FDF7DFFEDAF80C30A84862
:106EA000A84913F0060F02BFA74B41F61F72DA661E
:106EB0004FF40063CAF86430DAF80C3013F00603BC
:106EC00008BFCAF87030C38A13F4006260D023F49C
:106ED0000063C3820B7803F0FF0A002B5CD1FEF73E
:106EE0002DF8FFF7F5FB534620221C431543B9014B
:106EF0000BD52E20FEF752F9934A4FF0007393669C
:106F000002F17C4245F008055366FA0608D52B20AD
:106F1000FEF744F98C4A1023936602F17C425366D3
:106F200017F4E00F05D1FB045ED5BBF1000F00F0B4
:106F3000AC80B80210D52920FEF730F9FFF7F4F93C
:106F400040B18249824A834B53668B6682494968C5
:106F5000490424D445F0040517F4800BDFF8F0A1B0
:106F600029D00420FDF778FE2720FEF717F9FFF758
:106F7000AFFB4FF48003CAF86430784BD3F8E42EAB
:106F800050067CD4764B02221A6045F0020528E0B8
:106F90000B784FF40053A8E74FF400433CE76A49ED
:106FA00020208B665366FEF7F9F82D2045F00C057E
:106FB000FEF7F4F8D0E7FA024CD50420FDF74CFEBA
:106FC0002820FEF7EBF8DAF87030002B3FD1FFF7FE
:106FD0007FFB5D4A5F4B936602F17C4245F0010501
:106FE00053665B4B00221A657B0509D55D4A937891
:106FF000002B00F09880013B9370002349EA0309BD
:107000004A4620462946FEF7C9FF0EB1FDF720F992
:1070100018F4002F00F08C804F4B4FF40022DA61FF
:1070200018F0206F00F0888018F0007F01D0FDF785
:10703000C1FB18F0006F01D0FDF7D8FB0022002043
:107040004FF4006105B0BDE8F04FFEF7A7BFCAF8E6
:1070500070B0BEE7FB04C4D50420FDF7FDFD424B34
:10706000CAF86C30FDF76AFFDAF85C3013F4A00F51
:10707000B7D12A20FEF792F8FFF72AFB7DE7D3F875
:10708000BC3E990681D4394B7DE7364A13794BB122
:10709000013BDBB2137113B92C4B354ADA6600237E
:1070A0001C43A1E70420FDF7D7FD0320FDF7D4FD25
:1070B000274B2D4ADA6606F075F982460DF10F006E
:1070C000FEF770FA2B4B1B7883460BB1FEF7D6FE0A
:1070D000BBF1030F0ED1DFF880B00020FEF762FA9B
:1070E000032807D1DBF88C30DA03F6D4DBF87430F0
:1070F0000C2BF2D99DF80F30032B06D11E4B012229
:1071000050461A7006F052F9C9E71C4BD3F8E0302C
:1071100013F4A02FF2D1FEF7C5FE504606F046F953
:107120004FF48043BCE70220FDF796FD012365E79D
:10713000B8F1000F7FF474AF05B0BDE8F08F00BF69
:10714000441E00209B2100200050084400500846A7
:1071500000500840100000020040084000100021CC
:10716000004008448A210020000001010040084638
:107170000000010D9A2100209721002000100840F6
:10718000014B1B68184700BF040C0020034A012371
:10719000136202F17C42D361704700BF0040084493
:1071A0000B4B10B55C691A6A1440A2B2DA61E207AF
:1071B00004D55868C0F30360FFF7E8FF630706D5FE
:1071C000BDE81040042200200021FEF7E7BE10BDFC
:1071D000004008400C4A08B5136BD16B0B40936319
:1071E000DB070FD5094B187840F6AC22122100F0CE
:1071F0000100FCF79DFABDE80840002201200021B3
:10720000FEF7CCBE08BD00BF00700840E0100020B3
:10721000044BDA6FD207FCD41A6FD96F0A409A6711
:10722000704700BF0030084070B50D46144606F0A8
:10723000B9F8064BD3F8BC6E74402C407440C3F8C8
:10724000BC4E06F0B3F805EA060070BD0010002140
:10725000034BD3F8BC3E99430CBF0120002070477C
:107260000010002109490A4AD1F8EC0010B50423A6
:107270000124C2F8EC308C624FF400515162410796
:1072800044BF02F10072C2F8EC3010BD001008409B
:107290000010084437B5204D0C4641B90A46072175
:1072A000FFF7C2FF1D4B2C635C6003B030BD0722AB
:1072B0001146FFF7B9FF1A4B07225A60237985F868
:1072C000303063790193012101A810F05AFB019B32
:1072D000C2B2D34000F00F0040EA031085F831003D
:1072E000A27985F83220E27985F833202068686336
:1072F00083B1028801218B4205D82379013B1344D5
:10730000084A9361D1E730F81150AA4228BF2A46B3
:107310000131F0E71A46F0E7001F0021301F00217D
:10732000000008440000084010B5054C237823B144
:1073300001F0D0FB0020207010BD0320FCE700BF4F
:107340009D21002008B501F0AFFB024B01221A700D
:10735000002008BD9D210020431C07D0044B6FF086
:10736000FF029A6103F1007310409861704700BFFB
:107370000070084400F01803182B0AD003070AD441
:1073800010F0100040F2011318BF1846034BD864E8
:1073900070470020FAE70120F8E700BF001F002136
:1073A000344B2DE9F7431E6801F4007900F0010326
:1073B000174653EA090205460C462ED04FF0000846
:1073C00003B30023002201200021CDE90088FEF74D
:1073D000FDFD41463046FEF77BF8414670830120B3
:1073E000FBF7FCFF716B06F1A400FEF7EFF82249F2
:1073F0000868FFF7B1FF4FF0FF330B60337C43F0B9
:1074000004033374B9F1000F07D0012130460FF0A7
:10741000C0FE24F4007405430C43D6E93E232A4001
:10742000234052EA030103D01449304609688847D3
:10743000FB070FD51249134A086813680021116031
:10744000114A0121117003B19847104B00215B686C
:107450000220984717F00E0F08D040F2F3123B219C
:10746000002003B0BDE8F043FCF762B903B0BDE80B
:10747000F08300BF8C1B0020080C00200C0C0020A7
:107480006C1E0020701E00209F210020E40B0020B5
:10749000F7B50446D4E93EC71046DDE908268CEA74
:1074A000020587EA06010540194085EA0C05794086
:1074B000C4E93E5123F4004106EA010320F0010033
:1074C000002543F40073024043F00203CDE9005568
:1074D000FEF77CFD237C9A0717D5D4F8FC309B057A
:1074E00013D54FF4881120460FF053FE237C65F32B
:1074F00041032374D4E93E2302400B4052EA0301C6
:1075000003D00349204609688847002003B0F0BD36
:107510000C0C002038B10368044A002B08BF134646
:10752000034A13607047014BFAE700BF87760300F8
:107530000C0C0020024B986B00F00F00704700BF4E
:10754000001F00210F2938B505460C460ED801F062
:1075500043F801280CD1074A936B23F00F03234310
:107560009363284610F0BFF9002038BD0120FCE7E6
:107570000220FAE7001F0021014BD86B704700BFC3
:10758000001F0021014B0020D9637047001F00211C
:1075900003282DE9F7434CD8274B13F80080274BDD
:1075A0001E5C274B13F8009005F0FCFE0746FEF723
:1075B000C3FE054640B10023CDE90033002200237D
:1075C00001200021FEF702FDFEF7BEFE48B10023B8
:1075D000CDE900330022002300204FF40041FEF7E4
:1075E000F5FC26B3174B5C6C04F00804164B3146CF
:1075F0005C644046FFF7B8F84A4631464046FFF71C
:1076000015F9124B5C6465B1114B1868416BA430DD
:10761000FDF7DCFF0F490868FFF79EFE4FF0FF33D0
:107620000B60384603B0BDE8F04305F0BFBE3446FA
:10763000DCE703B0BDE8F0839CA1030098A1030040
:1076400094A1030000000840000008440000084620
:107650008C1B0020080C0020104AD2F8883013F050
:10766000A00F16D1D2F88C0010F0040013D10C4BEF
:10767000D3F8E43E23F07F4323F0FF035BB153686C
:10768000C3F30362092A07D0B2F10C0018BF01202E
:107690007047002070470120704700BF004008403D
:1076A0000010002170B50D4616460BB1FFF7DAFD4C
:1076B0000A480368026A03F00703063301249C406A
:1076C000C2F30C03E41AA4B2B44228BF34462246E3
:1076D0002946FCF725FC204670BD00BF001008407D
:1076E00070B50D46064620B9194B1B68A3B103209F
:1076F00011E000F071FF012828D1164B93F90040EA
:10770000C4F11C04641BC4F11C03002BB8BF5B4212
:10771000232B0CDD012070BD81EAE173A3EBE17343
:10772000DBB2232BF6D80B4B19700020F3E7B574AE
:1077300005F038FE084A5369E40223F4FF2304F4F9
:10774000FF241C43546105F031FEEEE70220E2E71E
:107750008C1B00209C2100200070084090F8C23053
:1077600053B9074BDA69920208D49B6F13F4706F18
:1077700014BF01200020704700207047012070478F
:1077800000600840F8B5436B02EA010523EA0103F3
:107790002B434363344A01F00B030C4623EA0501F3
:1077A000516402F100722B4061070646536411D503
:1077B0000121FFF7D3FF68B1FEF76CFF15F0040F4E
:1077C00014BF2A4A2A4A4FF40073D361294B04227A
:1077D000C3F88820E20606D515F0100F264B14BF1B
:1077E00000221B22DA6423061DD52F0616D51F4B57
:1077F0004FF400129A6103F17E430122C3F8F8208E
:1078000005F0D0FD0E2107460320FDF74FFE1A4B71
:1078100040F201225A62384605F0C8FD294606F1B9
:10782000A400FDF7D3FEE00503D5E90516D5FDF765
:1078300007FEA20503D5AB0513D5FDF711FE14F025
:10784000600F09D0D6F8941030460FF01DFF0B4B97
:1078500098640B4B80229A600020F8BDFDF7E8FD8C
:10786000E7E7FDF7F5FDEAE7000008440060084699
:10787000006008440040084400000840001F002148
:1078800000400840014B1868704700BF681E002088
:1078900037B5012300240022CDE90034002310462F
:1078A0001946FEF793FB0220FDF7D6F9054D064B6E
:1078B00021461C6002206B6898472B6803B0BDE826
:1078C00030401847E40B0020701E00202DE9FF41D6
:1078D000022903900C461546984605D1FFF7D8FFBC
:1078E000002004B0BDE8F081194E05F05BFD33685F
:1078F00007463BB1AB4205D005F058FD002333608D
:107900000120EEE7134B3560C3F80080012300220D
:10791000CDE90033002310461946FEF757FB0E4B06
:10792000002502201D70FDF797F922462B4603A97A
:107930000220FDF7AFF9094B039A1A60084B1B6848
:1079400004469847384605F031FD002CC8D1D5E7EC
:10795000701E00206C1E00209F210020681E002049
:10796000E40B0020044BDB6D5B055ABF034B18781A
:10797000012000F001007047005008409F210020C6
:10798000014B98690FF017BE00600840014B9869E1
:107990000FF027BE0060084070B50E4605F002FDEE
:1079A000054600F03DFE044620B1284605F0FEFCE9
:1079B000204670BDFEF76EFE114B3278D3F8E43EE0
:1079C000022A23F0F00316D0101F42424241520017
:1079D00043EA02137278022A0FD0111F4A424A4129
:1079E000520043EA8213064AC2F8E43E054B0422E1
:1079F000C3F88820D9E70122EAE70122F1E700BFB6
:107A0000001000210040084470B50E4605F0CAFC85
:107A1000054600F01DFE044620B1284605F0C6FCD0
:107A2000204670BDFEF736FE104B3278D3F8E43EA8
:107A3000022A23F00F0315D0101F42424241520088
:107A400013437278022A0FD0111F4A424A41520052
:107A500043EA8203054AC2F8E43E054B0422C3F818
:107A60008820DAE70122EBE70122F1E7001000218C
:107A700000400844F8B50E7890F8D07004463046BF
:107A80000D46FCF7E5FC002844D094F8D030B34212
:107A900008D1AA88636C9A4204D16A88B4F8D230BB
:107AA0009A4235D084F8D060AB88A4F8D4306B8883
:107AB000A4F8D230AB886364FF23637530460FF0BF
:107AC0001EFD04F1D00520752846FCF7A5FF10BB6C
:107AD0002846FCF7B3FCF0B9D4F8903053B194F8D1
:107AE000D010B94206D0B3F912202046E9F7CAFEF9
:107AF00084F8D9002046FCF791FE0949A4F8D40087
:107B0000084AD1F8F810012304F1A400FEF704F8A4
:107B10000020F8BD01200E2384F8D030F9E700BF23
:107B2000001F00216C1F002170B5054690F8D000A1
:107B30000E280C461DD0FF291DD01AB10F4B4FF057
:107B4000FF321A600FF0DBFC064695F8D000FCF718
:107B500029FD844228BF0446E4B2B44238BF34460B
:107B6000E0B26875FCF7BAFDA0F1FF035842584136
:107B700070BD0220FCE70120FAE700BFEC0B0020FB
:107B8000C36B012B01D10020704770B5364BD0F884
:107B90009060D3F8F830C0F8943086B03146058B49
:107BA00004460FF043FDB3898DF80600D6E90121A4
:107BB000EB1A9BB201FB032268460021ADF80430AA
:107BC0000092FDF79BFE38B9284B228BDA63FCF755
:107BD000F1FE20B106B070BD022006B070BD227C5F
:107BE00060F3410222740FF0E4FCD4F8903059693C
:107BF000431EDBB209680291FD2B02460BD9CD1C56
:107C000009D91B4B01311B680CD0D81C07D802A91D
:107C10002046029301E002A920460FF046FC002016
:107C200006B070BDD91C04D802A9204602930FF0FB
:107C30003CFCD4F8FC309B0504D4237C43F00203C5
:107C40002374ECE74FF4803120460FF0A2FAD4E918
:107C50003E2302400B4052EA0301E0D00549204692
:107C600009688847DBE700BF001F0021003008409B
:107C7000F40B00200C0C002038B590F8DC400546D1
:107C8000ACB105F08FFB0A4B1F22DA61013C03F116
:107C900000731440DC6103F17A43D5F8E0201A66E2
:107CA000D5F8E4205A66BDE8384005F07FBB38BD02
:107CB000006008442DE9F74F06461546084619B9F5
:107CC000012003B0BDE8F08F002AF9D0032904D8C1
:107CD0000021FCF7DFFA0028F2D0827804880379CB
:107CE00090F805B0C788B0F90000002802F007013D
:107CF000C0F2D180A1F1070CDCF1000040EB0C00D8
:107D0000052928738CBFC2F300100020C2F3801C29
:107D10006873900985F810C000F00200C2F3C00C2F
:107D200040EA0C00C2F340126874AA74AF820BB927
:107D300096F8CA30013BDBB2EB74736BD80600F1E6
:107D400096800639012900F29280544BDB6C544B2B
:107D50005A6B1B6B03F0070306334FF0010909FA56
:107D600003F909F1FF39083C42F0005804EA09041C
:107D7000002318F804A0AB60013404EA0904631D71
:107D800003EA09035A1C02EA090218F8037018F8FA
:107D90000220BAF1800F47EA0227727C18BFAAF1CD
:107DA000320A3BB214BF4FFA8AFA6FF07F0AC7F368
:107DB0000B079AB30020D6F89C300BB15146984778
:107DC000631C03EA0903E87385F80EA018F8031092
:107DD000013303EA090318F80320013303EA090316
:107DE00041EA022118F80320013303EA090341EABA
:107DF000024118F803006A7C002341EA0061304622
:107E0000FDF768FF2860737C042B03D1022FDCBFD1
:107E1000013028600423AB71002052E7D90422D539
:107E2000D6F894209AB11368022B10D992F8240046
:107E3000FB0008B1B3FBF0F39B45BBD8002BB9D0D6
:107E4000CBEB0B20B0FBF3F0C043C0B2B3E730463E
:107E50000FF058FC019030460FF044FC019BB3FB3F
:107E6000F0F0C0B2E4E718F804004000EDE70023AA
:107E7000EB730C4BDA68C2F30723120448BF63F0BC
:107E8000FF035AB212F1800F1CBF323B5AB20023DB
:107E9000AA732B60BFE7022013E700BF0000084071
:107EA000001008400070084070B50A4B0A4DD3F826
:107EB000EC604FF48064C5F8EC400020FEF792FCC3
:107EC0004FF400536B65730544BF044BC3F8EC409B
:107ED00070BD00BF001008400010084400100846A4
:107EE000082318B1024AC2F888307047014AFAE7FD
:107EF0000040084600400844F8B504460E4641B923
:107F0000037C5A0641BF4FF6FF7261F386138283EA
:107F100003743C4BD4F894701B680BB1204698470F
:107F2000394BA18BD3F8842012F4E05F04BF2022E8
:107F3000C3F810224FF6FF73994204D0334B1B68ED
:107F40000BB120469847324DD4F894102A689142DC
:107F500007D020460FF098FB2E4B98642E4B8020C4
:107F60009860974245D02D4B1B684BB11FB13A68C2
:107F7000002A40D0BF68394620469847D4F894106C
:107F800008460FF099FB30B32549FDF743FD07275D
:107F90002046FCF743FC16B3224B94F9122093F9C8
:107FA00000302149D4F89400C3F11C039B1A4A699C
:107FB000DB0222F4FF2203F4FF2313431B4A4B612D
:107FC0001B4B286006211167204601221A700FF012
:107FD0008AFC0020F8BD20460FF035F8D4E70D4BA1
:107FE0000F4AD3F8F81004F1A4003B46FDF794FDC6
:107FF000D2E70127CCE71746394620469847D4F800
:108000009410BDE77C1E002000600840641E002024
:108010005C1E0020001F002100400840601E002060
:108020006C1F00219C2100200070084000000844C3
:108030009E210020B1F5007F38B50C461BD200F020
:10804000CBFA0128054618D1E8F77EFA002211463E
:108050000220E8F7ADF90A4B0A4A1A6303F10073EC
:10806000E40202201C632A462946E8F7A1F9E8F752
:108070003BFA002038BD0120FCE70220FAE700BFF0
:1080800000400E4400F80F000248482200210FF083
:1080900065BE00BFE81E0021002373B5837464230E
:1080A000C0E92C33C0E92E334FF0FF35C0F8AC30B7
:1080B000A0F8C0300E264FF6FF73C0E9075580F8D0
:1080C000D06045648582837504461120E7F736FF4A
:1080D000042834D11B4B5B6813F4403F2FD120465A
:1080E000FEF73AF92046FFF7CFFF94F91210204629
:1080F000FFF7F6FA144A6023536402F5805240F603
:10810000FF7151625165114A5364114B4022C3F80B
:108110008820626B29462046FFF734FB002240F29C
:10812000022310461946CDE90066FDF74FFFFCF724
:1081300023FA204602B0BDE87040FBF7D5BA022012
:1081400002B070BD00300E4000000840000008463C
:108150000040084470B50C68B0F8D4208D68034620
:10816000013404BFD3F8AC400C604C68013404BF48
:10817000D3F8B8404C606E1C00F1A40038D1D3F89D
:10818000B440CE688C60751C38D1D3F8B0500E69FD
:10819000CD60013604BFD3F8A4600E614E6901368C
:1081A00004BFD3F8A8604E618E69013604BFD3F8CE
:1081B000BC608E618E693EB34132B24238BF3246F6
:1081C0000E688A61C3F8B4404C68C3E92E420A695C
:1081D000C3F8A4204A690D49C3F8A820C3E92B6558
:1081E0000B4AD1F8F8100723FDF796FC002070BD6C
:1081F00002F14104AC4238BF2C46C2E702F16405EB
:10820000B54238BF3546C2E76422D9E7001F0021D6
:108210006C1F002138B5084D04462868003818BF87
:108220000120621C214600F033FC2B68003B18BF84
:108230000123A370002038BD741E002038B5054C02
:10824000054B417800782568236000F0D9FB00B128
:10825000256038BD741E0020A8A1030070B505F08C
:10826000A1F80C4E054600F0B7F9012804D02846C5
:1082700005F09CF8022070BD736813F0706FC3F3B3
:108280000364F0D1F36BDB06EDD5284605F08EF8DC
:108290002046F0E700400840074B1B684BB1002820
:1082A000064A074B08BF00231360064B18700020D6
:1082B00070470220704700BF741E0020781E002007
:1082C000A0A10300A0210020014B1878704700BF37
:1082D000A021002038B505F065F80B4A13884FF649
:1082E000FF718B4203D105F061F8032038BD074CC4
:1082F000074DE56504F100741B04E365118005F08A
:1083000055F80020F2E700BF620E0020006008442C
:108310000000FFFF2DE9F34105460F461446FFF725
:108320009BF980B1DFF81882D8F80C30DE0740F1F5
:10833000EA8005F037F806460320FCF7B7FD38B1B0
:10834000304605F033F80226304602B0BDE8F08131
:10835000D8F80C3013F0060FF2D1304605F026F8AD
:108360006A4B4FF400612846D3F8E48ED3F8C46E0C
:10837000FEF76EFF40B1664B4FF400720121C3F867
:1083800088200846FBF72AF839462846FBF778F993
:108390005E4BC3F8C46EC3F8E48E06460028D3D102
:1083A0002B7CD80601D4002C66D0C4F34000FEF725
:1083B00037F914F4807F14BF564A554A4FF0020330
:1083C0001BBFC2F88830544AC2F8883000211CBF55
:1083D000D16093624D4BD3F8BC7EFEF75BF94F4AF8
:1083E00014F0040F07EA02034FF480616BD04C488D
:1083F0009342C16106D14B4A92F8D03043F0020358
:1084000082F8D030424B042214F0400FC3F8882089
:1084100014BF454A454A40232046C2F88030FEF743
:10842000A9FF28460FF0BFF940B114F0010F14BFA7
:10843000384A374A4FF48073C2F88830A1064CD5C9
:108440006B8C4FF6FF7293420FD0394A3949D26D87
:10845000100CC2F30112088001323749B3FBF2F36A
:108460002F4A3648C8651B04D3652B7C003C18BFD7
:10847000012464F304132B7428460FF031FAF0B191
:1084800028460FF090F9D0B14FF400312846FEF79E
:10849000DFFE431C9BB203221F4801A90EF0DAFF46
:1084A0009DF8042002F00703052B9DF805301DD12F
:1084B000120715D443F480731A4AC2F8CC30002056
:1084C0000FF00AF840E71C489342C1619AD1154A5F
:1084D00092F8D03023F0020392E7FFF7FBFEC4E7E7
:1084E00013F0040F09D19DF80630E3E703F03002E2
:1084F000202A05D113F0010FF4E74FF48073DBE776
:108500009DF80630D8E703261EE700BF00100021C3
:108510000040084400400846001008408000004029
:1085200000600846001E00210070084600700844E4
:1085300000600840620E0020006008440000FFFF59
:108540000050084008B5094BD3F8B4305A1C0BD082
:108550005B0009D40320FFF71BF8054B4FF0806246
:10856000C3F894200122DA6008BD00BF0081E00F4B
:1085700000400846054BD3F8880003F180634FF4B0
:108580000022C3F88820C0F3C04070470040084074
:10859000014B024A1A607047601E0020957202006B
:1085A000024BD86800F00100704700BF005008403F
:1085B000084BDA68D10707D508B9FCF727BBDB6899
:1085C000DA0706D4FCF714BBDB68DB0701D400280C
:1085D000F8D17047005008400F4B5B68C3F303634A
:1085E000013B0B2B0FD8DFE803F006060C0606064E
:1085F00006080A0808080220704704207047052072
:10860000704703207047054BDB6813F0060F0CBF63
:1086100001200420704700BF00400840005008407F
:108620000A4A5368C3F303630B2B08D06FF49050CE
:10863000184100F0010080F0010040007047D2F8BE
:10864000880010F48030ECD1704700BF0040084033
:108650000C4A5368C3F30363062B07D8042BD8B224
:108660000CD8C31E5842584140007047072B07D111
:10867000D2F8440110F00050EBD17047022070474F
:10868000002070470040084008B5437C033BDBB244
:10869000072B96BF044A0021D15CFEF773FFBDE8AB
:1086A00008400120FCF788BDB4A10300012310B5E8
:1086B00080F8C2302823C0F8A83004234374054B47
:1086C000044619680EF0C1FC2046FFF7DDFF0020CC
:1086D00010BD00BF60BC0300012310B580F8C2309C
:1086E0002823C0F8A83002234374054B04461968B8
:1086F0000EF0ABFC2046FFF7C7FF002010BD00BF07
:1087000064BC0300F8B5D0F8E0308B4204460D4657
:10871000164601F0010703D190F8DC30202B19D068
:108720004FB3002E14BFAA23552393FAA3F31B0BB8
:1087300003F4702395FAA5F243EA1243236420233D
:1087400084F8DC300023C4F8E050C4F8E43020465C
:10875000FFF792FA164A17490F23D365164BDFB17C
:108760005EB90120D865C2F8FC10226CC2F3130276
:10877000C3F8FC20F8BDAA23D7E70220D865C2F8C9
:10878000FC10226CC2F31302C3F8FC200B4BE5640F
:108790000222C3F8B820EDE70220D865C2F8FC1029
:1087A000226CC2F31302C3F8FC20002EE2D0EDE7E6
:1087B00000600844FFFF0F000060084600100840FA
:1087C000134A072310B55363124C134B89B144214C
:1087D000E16240F040000121206359634FF480437F
:1087E000C2F8A030C2F8A430C2F8A830C2F8AC3049
:1087F00010BD4FF48042E16221635963C3F8A020A9
:10880000C3F8A420C3F8A820C3F8AC20F0E700BF49
:1088100000000844000008400000084608B5094868
:10882000E7F732FC084A136813F4805F08BF126848
:108830004FF0010304BFC2F303229340B0FBF3F0F7
:1088400008BD00BFA0091400002004402DE9F74F27
:10885000DFF8ECB08146DBF800A00F46FCF73CFBEC
:108860004FF0FF35CDE9000100202C46064606F109
:1088700010031B015BF8033003F00308B8F1010F8C
:1088800015D13046FCF740FB02460B46DDE90001FE
:10889000FCF7D0F9DBF85C3006F10802D340DB07C7
:1088A00037D5002F3ED000253E602C46404601368D
:1088B000052EDCD150B3224F396B0131A4FB0141AD
:1088C00064190AF4403341F10001B3F5003F4FF061
:1088D00000022FD1FB6A0AF4405A013342F100062C
:1088E000BAF5805F21D1BD6A15F5807542F10002AD
:1088F0006E4303FB0266A5FB03323244594304FB7B
:108900000212A3FB04341444C9E9003403B0BDE8E7
:10891000F08FA84271EB0403C8D207B13E60054650
:108920000C46C3E73D463C46C0E7320242EA1362CA
:108930001B02E3E7BB6A13F5807342F10002DDE737
:10894000005008402DE9F84304F02CFD274C284D39
:10895000DFF8A8800646607B030103F1804303F53E
:10896000842300221A64AF6EAA66D5F80011216133
:10897000217B090441F00301C5F8001101300121F8
:108980008140C8F820104FF480716966D8F808104B
:1089900001315964A16002211964A3680133D8F838
:1089A0000810E86D10F4807913D18B42F7D13AB1F9
:1089B000304604F0FBFCC3221A214846FAF7B8FE01
:1089C000617BA3680B4A09010233A3605350012263
:1089D000E3E74FF480736B66074BAF660122C3F881
:1089E00000213046BDE8F84304F0E0BC441E0020FE
:1089F0000050084044200440005008440020044037
:108A00000B2870B53CD802293AD81E4C20736173EC
:108A10004FF48A400121E7F7E5F9637B227B1A498D
:108A20000133143243F4801343F4306341F82230AD
:108A3000FCF79AFC4608C507FFF7F0FE0023024644
:108A40003146284600F024FE090241EA1061C0F3D5
:108A5000C05040EA41000D4B2060986A10F58070CC
:108A600005D14FF4E1722B21FAF762FE0220024693
:108A700000230020012100F00BFE6060002070BD8B
:108A80000120FCE7441E002000600E40005008401A
:108A900028B1044B187B0870587B1070704707236F
:108AA0000B70FAE7441E002010B504F07BFC04466E
:108AB000FFF748FF054B02225A60054B0122204672
:108AC000BDE810401A7004F071BC00BF00500840AF
:108AD000A12100200C490B78A3B10C4B5A7B012338
:108AE000013293400A4A53620A4B4FF08042C3F866
:108AF000802100230B70084BD3F80C01D3F804112C
:108B000000F0A6B8704700BFA1210020441E00203D
:108B10000020044400E100E00050084010B5044685
:108B2000FFF77CFE604300F5F420034B00F59070E6
:108B3000B0FBF3F010BD00BF40420F002DE9F04F35
:108B400085B0FFF7EBFF044604F02CFCDFF8F8904B
:108B5000DFF8F8800021054602A889F80010FFF729
:108B600075FE354BD8F808605B6813F0706F1ED146
:108B7000DFF8C8A0DAF80C7017F0060717D1E0B1DB
:108B8000FCF7F2FB611DA1FB00B10191FFF746FE6E
:108B90003B4602460199584600F07AFDDDE902B3F2
:108BA000090241EA10610002584599410ED3284656
:108BB00005B0BDE8F04F04F0F9BBFFF7C3FE1F4B53
:108BC00002225A60012389F80030F0E70193FFF791
:108BD000B9FEFFF723FE019B4FEA1B2242EA036224
:108BE000A0FB02B21B0A00FB03210191FCF7BCFBB6
:108BF000019902463B46584600F04AFD10494A7B1F
:108C00001301013403F18043361B03F5842306442A
:108C10005E64561C0122B2400A4EC8F820207262DF
:108C2000D8F808205B6C241AD31AA342C7D20B6968
:108C3000CAF80031BBE700BF0040084000500840C0
:108C4000441E002000200446A121002000200440F2
:108C50002DE9F74F8B4CDFF83C82637B01910433A5
:108C60001B01002748F80370237B874A1B0593608C
:108C70004FF400339360854B02225A60D8F80830D5
:108C800005465E1E9B1B002B40F3CB800137022F55
:108C90004DD9DB220D210020FAF74AFD7B4E7C4A9C
:108CA0004FF0807373662369C6F80031237B1B0580
:108CB00043F400339360637B764A04331B01002442
:108CC000D45004F06FFBB769D6F85CC02246234647
:108CD0004FF4807E02F110010901715801F0030187
:108CE000012910D10EFA02F111EA0C0F0BD106EB9B
:108CF0000214AF42D4F80C41C0F09B80A54202D2CE
:108D0000A74280F099800132052AE3D1624D29689B
:108D1000012940F294802BB15A49CA8A1A43CA8267
:108D20005A4A136603B0BDE8F04F04F03FBB637BC3
:108D300004331B01002248F8032004F033FB53499D
:108D400000904FF080734B6694F80DC0D8F808601F
:108D50004FEA0C1C0CF1804C0CF5842C0136CCF83D
:108D600044600B68D80356D5A36822680198F31AAB
:108D7000A3FB02AE8B6A03F580796368AEFB032127
:108D8000AAFB03B39B1841F10001A9FB032BBAEB2B
:108D9000020209FB01BB6EEB0B0E120A42EA0E62E5
:108DA0000244B2EB192F4FEA192E04D3013341F1DB
:108DB0000001A2EB0E02AEF1040E7245DFF8CC907A
:108DC00028BF7246C9F81020627DD9F818E0EB1868
:108DD000D2B241F100017545D9F830E084BF02F10B
:108DE000FF32D2B2BEF1FF3F0ED04FF0000A0EF1BB
:108DF00001099E457AEB010B08D20132B3EB09035E
:108E0000D2B261F10001F4E70A44D2B202F00302E7
:108E100062751E4A936102230098CCF8403004F03A
:108E2000C5FA1A4AD8F80830D26DD2017FF52AAFB8
:108E300034E7A542BFF464AF19438BB263E7174A26
:108E40001478142C01BF0024154E1470347014785B
:108E500001341470002B3FF465AF0A4EF48A1C43B2
:108E6000F4820A4C23660E4C23780133DBB2022BCA
:108E700023707FF457AF00230131296013702370F2
:108E800050E700BF441E0020005008460050084034
:108E90000050084400200440E81D0020A3210020C9
:108EA000A221002081F0004102E000BF83F00043D6
:108EB00030B54FEA41044FEA430594EA050F08BF75
:108EC00090EA020F1FBF54EA000C55EA020C7FEA39
:108ED000645C7FEA655C00F0E2804FEA5454D4EBB6
:108EE0005555B8BF6D420CDD2C4480EA020281EA80
:108EF000030382EA000083EA010180EA020281EAB8
:108F00000303362D88BF30BD11F0004F4FEA013109
:108F10004FF4801C4CEA113102D0404261EB410118
:108F200013F0004F4FEA03334CEA133302D052429E
:108F300063EB430394EA050F00F0A780A4F101045A
:108F4000D5F1200E0DDB02FA0EFC22FA05F2801894
:108F500041F1000103FA0EF2801843FA05F359417A
:108F60000EE0A5F120050EF1200E012A03FA0EFCF9
:108F700028BF4CF0020C43FA05F3C01851EBE37123
:108F800001F0004507D54FF0000EDCF1000C7EEB40
:108F900000006EEB0101B1F5801F1BD3B1F5001F7E
:108FA0000CD349085FEA30004FEA3C0C04F101049D
:108FB0004FEA445212F5800F80F09A80BCF1004FC6
:108FC00008BF5FEA500C50F1000041EB045141EA48
:108FD000050130BD5FEA4C0C404141EB0101013C11
:108FE00028BFB1F5801FE9D291F0000F04BF014600
:108FF0000020B1FA81F308BF2033A3F10B03B3F1D2
:1090000020020CDA0C3208DD02F1140CC2F10C0261
:1090100001FA0CF021FA02F10CE002F11402D8BFBF
:10902000C2F1200C01FA02F120FA0CFCDCBF41EA8B
:109030000C019040E41AA2BF01EB0451294330BD5A
:109040006FEA04041F3C1CDA0C340EDC04F1140437
:10905000C4F1200220FA04F001FA02F340EA03000E
:1090600021FA04F345EA030130BDC4F10C04C4F154
:10907000200220FA02F001FA04F340EA0300294634
:1090800030BD21FA04F0294630BD94F0000F83F47E
:10909000801306BF81F480110134013D4EE77FEA61
:1090A000645C18BF7FEA655C29D094EA050F08BFAD
:1090B00090EA020F05D054EA000C04BF194610468E
:1090C00030BD91EA030F1EBF0021002030BD5FEAD2
:1090D000545C05D14000494128BF41F0004130BDFA
:1090E00014F580043CBF01F5801130BD01F000454E
:1090F00045F0FE4141F470014FF0000030BD7FEAC1
:10910000645C1ABF194610467FEA655C1CBF0B46BB
:10911000024650EA013406BF52EA033591EA030FD2
:1091200041F4002130BD00BF90F0000F04BF0021CA
:10913000704730B54FF4806404F132044FF00005FD
:109140004FF0000150E700BF90F0000F04BF002176
:10915000704730B54FF4806404F1320410F00045DC
:1091600048BF40424FF000013EE700BF42004FEAD7
:10917000E2014FEA31014FEA02701FBF12F07F4354
:1091800093F07F4F81F06051704732F07F4208BF0B
:10919000704793F07F4F04BF41F40021704730B512
:1091A0004FF4607401F0004521F000411CE700BF5E
:1091B00050EA010208BF704730B54FF000050AE0E1
:1091C00050EA010208BF704730B511F0004502D5E2
:1091D000404261EB41014FF4806404F132045FEAE4
:1091E000915C3FF4D8AE4FF003025FEADC0C18BF8D
:1091F00003325FEADC0C18BF033202EBDC02C2F17F
:10920000200300FA03FC20FA02F001FA03FE40EA10
:109210000E0021FA02F11444BDE600BF70B54FF014
:10922000FF0C4CF4E06C1CEA11541DBF1CEA1355F2
:1092300094EA0C0F95EA0C0F00F0DEF82C4481EA5A
:10924000030621EA4C5123EA4C5350EA013518BF7A
:1092500052EA033541F4801143F4801338D0A0FB67
:1092600002CE4FF00005E1FB02E506F00042E0FB14
:1092700003E54FF00006E1FB03569CF0000F18BF1A
:109280004EF0010EA4F1FF04B6F5007F64F54074C2
:1092900004D25FEA4E0E6D4146EB060642EAC62155
:1092A00041EA55514FEAC52040EA5E504FEACE2EC2
:1092B000B4F1FD0C88BFBCF5E06F1ED8BEF1004FC5
:1092C00008BF5FEA500E50F1000041EB045170BD41
:1092D00006F0004646EA010140EA020081EA030185
:1092E000B4EB5C04C2BFD4EB0C0541EA045170BD81
:1092F00041F480114FF0000E013C00F3AB8014F1FB
:10930000360FDEBF002001F0004170BDC4F1000443
:10931000203C35DA0C341BDC04F11404C4F12005C4
:1093200000FA05F320FA04F001FA05F240EA02001F
:1093300001F0004221F0004110EBD37021FA04F655
:1093400042EB06015EEA430E08BF20EAD37070BD0F
:10935000C4F10C04C4F1200500FA04F320FA05F06E
:1093600001FA04F240EA020001F0004110EBD37070
:1093700041F100015EEA430E08BF20EAD37070BDE0
:10938000C4F1200500FA05F24EEA020E20FA04F3B9
:1093900001FA05F243EA020321FA04F001F0004168
:1093A00021FA04F220EA020000EBD3705EEA430ED9
:1093B00008BF20EAD37070BD94F0000F0FD101F008
:1093C0000046400041EB010111F4801F08BF013C41
:1093D000F7D041EA060195F0000F18BF704703F07F
:1093E0000046520043EB030313F4801F08BF013D06
:1093F000F7D043EA0603704794EA0C0F0CEA1355C2
:1094000018BF95EA0C0F0CD050EA410618BF52EA7B
:109410004306D1D181EA030101F000414FF0000081
:1094200070BD50EA410606BF1046194652EA43068F
:1094300019D094EA0C0F02D150EA013613D195EA03
:109440000C0F05D152EA03361CBF104619460AD14B
:1094500081EA030101F0004141F0FE4141F4700155
:109460004FF0000070BD41F0FE4141F4780170BD45
:1094700070B54FF0FF0C4CF4E06C1CEA11541DBFAA
:109480001CEA135594EA0C0F95EA0C0F00F0A7F8AC
:10949000A4EB050481EA030E52EA03354FEA0131D9
:1094A00000F088804FEA03334FF0805545EA1313EC
:1094B00043EA12634FEA022245EA111545EA1065B4
:1094C0004FEA00260EF000419D4208BF964244F14B
:1094D000FD0404F5407402D25B084FEA3202B61A6A
:1094E00065EB03055B084FEA32024FF480104FF43E
:1094F000002CB6EB020E75EB030E22BFB61A7546B2
:1095000040EA0C005B084FEA3202B6EB020E75EB44
:10951000030E22BFB61A754640EA5C005B084FEAAC
:109520003202B6EB020E75EB030E22BFB61A754679
:1095300040EA9C005B084FEA3202B6EB020E75EB84
:10954000030E22BFB61A754640EADC0055EA060E45
:1095500018D04FEA051545EA16754FEA06164FEA88
:10956000C30343EA52734FEAC2025FEA1C1CC0D134
:1095700011F4801F0BD141EA00014FF000004FF0C1
:10958000004CB6E711F4801F04BF01430020B4F182
:10959000FD0C88BFBCF5E06F3FF6AFAEB5EB030C3A
:1095A00004BFB6EB020C5FEA500C50F1000041EB37
:1095B000045170BD0EF0004E4EEA113114EB5C0404
:1095C000C2BFD4EB0C0541EA045170BD41F48011D7
:1095D0004FF0000E013C90E645EA060E8DE60CEADF
:1095E000135594EA0C0F08BF95EA0C0F3FF43BAFFC
:1095F00094EA0C0F0AD150EA01347FF434AF95EAB3
:109600000C0F7FF425AF104619462CE795EA0C0F96
:1096100006D152EA03353FF4FDAE1046194622E763
:1096200050EA410618BF52EA43067FF4C5AE50EA3D
:1096300041047FF40DAF52EA43057FF4EBAE12E72D
:109640004FEA410212F5001215D211D56FF478736A
:10965000B3EB625212D94FEAC12343F0004343EA0D
:10966000505311F0004F23FA02F018BF40427047E8
:109670004FF00000704750EA013005D111F0004072
:1096800008BF6FF0004070474FF00000704700BF08
:1096900053B94AB9002908BF00281CBF4FF0FF3159
:1096A0004FF0FF3000F06AB9ADF1080C6DE904CE5F
:1096B00000F006F8DDF804E0DDE9022304B07047AD
:1096C0002DE9F047089D0C46002B4ED194468C4561
:1096D0008646B2FA82F262D94AB1C2F120039140C1
:1096E00020FA03F30CFA02FC194300FA02FE4FEAD7
:1096F0001C471FFA8CF6B1FBF7F44FEA1E4307FB39
:10970000141143EA014304FB06F199420AD91CEB08
:10971000030304F1FF3080F01381994240F210817D
:10972000023C6344591A1FFA8EF3B1FBF7F007FBB2
:10973000101143EA014300FB06F69E420AD91CEBD6
:10974000030300F1FF3180F0FD809E4240F2FA8079
:10975000634402389B1B40EA044000211DB1D34002
:109760000022C5E90032BDE8F0878B4205D90DB172
:10977000C5E9000100210846F5E7B3FA83F10029A5
:1097800046D1A34202D39042C0F0F180861A64EB26
:1097900003030120002DE6D0C5E90063E3E7002ABA
:1097A00040F09180A1EB0C044FEA1C481FFA8CF7A3
:1097B0000121B4FBF8F64FEA1E4308FB164443EAC6
:1097C000044307FB06F0984208D91CEB030306F19B
:1097D000FF3402D2984200F2CE8026461C1A1FFAAD
:1097E0008EF3B4FBF8F008FB104443EA044300FB9B
:1097F00007F79F4208D91CEB030300F1FF3402D2A4
:109800009F4200F2B1802046DB1B40EA0640A5E7FC
:10981000C1F120068B4022FA06F71F4320FA06FC0E
:1098200004FA01F343EA0C03F44000FA01F8380C9F
:109830004FEA1349B4FBF0FE1FFA87FC00FB1E44FD
:1098400049EA04440EFB0CF9A14502FA01F20AD9D7
:109850003C190EF1FF3A80F08580A14540F28280EC
:10986000AEF1020E3C44A4EB09041FFA83F9B4FBE9
:10987000F0F300FB134449EA044403FB0CFCA44549
:1098800007D93C1903F1FF3068D2A44566D9023BE1
:109890003C4443EA0E40A0FB0293A4EB0C049C4220
:1098A000CE469C4652D34FD055B1B8EB0E0364EB75
:1098B0000C0404FA06F6CB40CC401E43C5E9006414
:1098C0000021BDE8F087C2F1200320FA03F10CFA71
:1098D00002FC24FA03F394400C434FEA1C4800FABC
:1098E00002FE1FFA8CF7B3FBF8F008FB1031230CD3
:1098F00043EA014300FB07F1994208D91CEB03033B
:1099000000F1FF362CD299422AD9023863445B1AFF
:10991000A4B2B3FBF8F108FB113344EA034401FBA2
:1099200007F3A34208D91CEB040401F1FF3613D25C
:10993000A34211D902396444E41A41EA004138E7EC
:109940000446EFE6084605E7C845ADD2B9EB020E7E
:1099500063EB070C0138A7E73146EDE7034698E7CC
:109960003046D4E7D6467EE7634402384CE70646E5
:10997000234608460EE7023E63442FE7704700BFC8
:10998000024B0A46014618680EF00DB8240C002060
:1099900008B5064B044613B10021AFF30080044B19
:1099A0001B6803B19847204604F059FA00000000F4
:1099B000C01F0020024B0146186800F02DB800BF00
:1099C000240C0020024B0146186801F017B800BFB4
:1099D000240C002070B50F4E0C463168054611B9B5
:1099E00000F0C2FF30602146284600F0BDFF431C56
:1099F00003D14FF0FF34204670BDC41C24F0030493
:109A0000A042F8D0211A284600F0AEFF0130F2D172
:109A1000EFE700BF801E00202DE9F041CD1C25F0AE
:109A2000030508350C2D38BF0C25002D064601DB3B
:109A3000A94204D90C2333600020BDE8F081314FE6
:109A400000F062F83B681C4644BB29463046FFF7ED
:109A5000C1FF431C044650D13C682146002941D136
:109A6000002C44D02368304604EB030800F07CFF50
:109A700080453CD121686D1A29463046FFF7AAFF80
:109A8000013034D023682B4423603B68002B36D050
:109A90005A68A24229D100225A600EE02268521B65
:109AA0001DD40B2A16D96119A342256018BF59602D
:109AB000636808BF396062514B60304600F02AF895
:109AC00004F10B00231D20F00700C21AB5D01B1AA9
:109AD000A350B2E7A3426268DED13A60EDE72346C5
:109AE0006468B1E70C464968B8E71346CEE70C2333
:109AF0003360304600F00EF89EE70560DDE75B60FE
:109B0000FFDE00BF841E002001480EF030B900BF08
:109B1000A421002001480EF02BB900BFA421002091
:109B20002DE9F04F91B00C46DDF8688016461F46CF
:109B3000054600F0E1FE0368089318460EF027F989
:109B400000230E93D8F800300990073323F0070361
:109B500003F1080294F818A0D4F800B0C8F8002067
:109B6000D3E9008929F000430B93CDF82880C4E99C
:109B70001289DDE90A019C4B4FF0FF3203F0C0F877
:109B800070BBDDE90A01984B4FF0FF3203F09AF801
:109B900030BB002200234046494603F089F810B14B
:109BA0002D2384F84330914A914BBAF1470F94BF6B
:109BB00090469846032323612BF0040323604FF063
:109BC0000009009733460FAA214628460DF0CEFF24
:109BD000013040F099804FF0FF3011B0BDE8F08FB8
:109BE00042464B464046494603F08AF840B14B4650
:109BF000002BBCBF2D2384F843307E4A7E4BD4E734
:109C000063685A1C29D1062363604BF480630022E9
:109C1000236006920EAACDE904A20DAA03920DF1CB
:109C20003302CDE901326368009342464B46284631
:109C30000DF0FBFEBAF1670F0D99804615D1CB1CD4
:109C40003BDB6368994238DC0E9B994255DB236805
:109C50002161D80745D54B1C42E00AF0DF02472AB4
:109C6000D3D1002BD1D10123CEE7BAF1470F07D1D1
:109C7000C81C25DB63688B4222DB4FF0670AE3E7F1
:109C8000BAF1650F1FD80139524604F150000D9109
:109C90000DF032FF0E9A1318012A8146236102DC6F
:109CA0002268D20701D5013323619DF83330002BA0
:109CB00087D02D2384F8433083E74FF0650AE2E72D
:109CC0004FF0450ADFE7BAF1660FBDD1002963689E
:109CD0000BDD216113B92268D00702D501330B4493
:109CE0002361A1654FF00009DFE713B92268D207AD
:109CF00001D50233F4E70123F2E70029D4BFC1F113
:109D0000020201221344EBE723685A0507D42369B2
:109D1000424631462846B84701302BD15BE7BAF1BD
:109D2000650F40F2DC80D4E912010022002302F02A
:109D3000B5FF002833D0314A012331462846B847C1
:109D400001303FF448AFDDE90D38434502DB2368BD
:109D5000D8070FD5DDE9082331462846B84701303A
:109D60003FF439AF4FF0000908F1FF3804F11A0A47
:109D7000C84509DC23689B0700F10281E0680F9B5E
:109D80009842B8BF184628E7012352463146284674
:109D9000B84701303FF41FAF09F10109E8E70D9B17
:109DA000002B38DC154A012331462846B8470130DC
:109DB0003FF411AFDDE90D3959EA030302D12368FD
:109DC000D907D7D5DDE9082331462846B847013001
:109DD0003FF401AF4FF0000A04F11A0B0D9B5B42F8
:109DE00053450DDC4B4693E7FFFFEF7FDBC20300DB
:109DF000DFC20300E3C20300E7C20300EBC20300BB
:109E000001235A4631462846B84701303FF4E3AEB5
:109E10000AF1010AE2E7A36DDDF838A05345A8BFB7
:109E20005346002B994636DC4FF0000B29EAE979BE
:109E300004F11A02A36D0A93A3EB09035B4531DC1D
:109E40000D9B9A453ADC2368DA0737D40D9BAAEBC1
:109E500003090A9BAAEB03039945A8BF9946B9F1E8
:109E6000000F33DC4FF0000829EAE97904F11A0BFE
:109E70000D9BAAEB0303A3EB090343457FF77AAFDE
:109E800001235A4631462846B84701303FF4A3AE75
:109E900008F10108ECE7424631462846B847013050
:109EA000C2D198E60123314628460A92B8470130CC
:109EB0003FF491AE0A9A0BF1010BBBE7DDE90823F1
:109EC00031462846B8470130C0D184E60A9A4B464D
:109ED000424431462846B8470130C3D17BE6DDF81D
:109EE00038A0BAF1010F01DCDB0736D50123424669
:109EF00031462846B84701303FF46DAEDDE908230E
:109F000031462846B84701303FF465AED4E9120126
:109F1000002200230AF1FF3A02F0C0FEC0B9534606
:109F200008F1010231462846B84701300CD152E60B
:109F300001235A4631462846B84701303FF44BAE1C
:109F400008F10108D045F3DB4B4604F15002E0E68E
:109F50004FF0000804F11A0BF4E701234246E1E751
:109F600001234A4631462846B84701303FF433AE14
:109F700008F10108E3680F995B1A4345F0DCFDE640
:109F80004FF0000804F11909F4E700BF2DE9FF477D
:109F90000F7E0C9E782F914680460C469A4601F122
:109FA000430207D8622F0AD8002F00F0DD80582F17
:109FB00000F0C38004F1420684F842703AE0A7F151
:109FC0006303152BF6D801A151F823F025A0020058
:109FD00039A00200B59F0200B59F0200B59F0200A4
:109FE000B59F020039A00200B59F0200B59F020094
:109FF000B59F0200B59F02004FA10200C7A002005A
:10A0000007A10200B59F0200B59F020071A10200E6
:10A01000B59F0200C7A00200B59F0200B59F0200D5
:10A020000FA1020033681A1D1B68326004F142065A
:10A0300084F842300123A8E031682368081D3060AD
:10A040001E0601D50D6803E05D06FBD5B1F9005091
:10A050006168002D78DA2D20002984F84300A16082
:10A060002DDA5E486D420A231646B5FBF3F103FB79
:10A070001157C75D06F8017D2F46BB420D46F4D946
:10A08000082B0BD12368DF0708D523696168994243
:10A09000DEBF302306F8013C06F1FF36921B226139
:10A0A000CDF800A04B4603AA214640460DF05EFDC8
:10A0B00001306FD14FF0FF3004B0BDE8F08723F0DE
:10A0C00004032360CDE721683368080653F8045B76
:10A0D00002D4490648BFADB26F2F4048336014BF69
:10A0E0000A230823002184F843106668A660002E26
:10A0F000BADB216821F004012160002DB4D1002ECB
:10A10000B2D11646BCE7236843F0200323603448ED
:10A11000782784F84570236831681F0651F8045B7E
:10A1200002D45F0648BFADB23160D90744BF43F0E7
:10A13000200323601DB11023D4E72848E9E72368F2
:10A1400023F020032360F6E724480A23CDE7336891
:10A1500025686169181D30602E061B6801D51960DD
:10A1600002E06806FBD5198000232361164697E7B5
:10A1700033681A1D32601E68626800213046E1F7BC
:10A18000CFFB08B1801B606063682361002384F803
:10A19000433085E72369324649464046D04701307F
:10A1A00088D023689B0714D4E068039B9842B8BF0B
:10A1B000184681E70123324649464046D0470130E0
:10A1C0003FF478AF0135E36803995B1AAB42F1DCE9
:10A1D000EAE7002504F11906F5E700BFEDC2030028
:10A1E000FEC203002DE9F04F87B0914603938B68C0
:10A1F0005A1EB2F5AE7F81BF6FF4AE7503EB050B4F
:10A2000040F25D138B600B680A464FF0000543F483
:10A21000F06342F81C3BCDE9045580460C4698BFDC
:10A220004FF0000B01921646AA462F460295A268EF
:10A230005AB1D9F800301B784E2B63D8402B3BD84D
:10A24000A3F12B01C8B20E2839D91FB1236823F41A
:10A25000807323600AF1FF3ABAF1010F00F2148112
:10A26000019B9E4200F20581012007B0BDE8F08FFE
:10A27000A3F161020D2AE8D801A151F822F000BF34
:10A28000C9A302004BA202004BA202004BA2020093
:10A2900025A40200FFA302004BA202004BA2020071
:10A2A000D7A302004BA202004BA202004BA2020065
:10A2B0004BA2020093A30200A3F14102DAE70E29A8
:10A2C000C3D801A050F821F083A302004BA20200E2
:10A2D00083A3020013A402004BA2020025A30200E4
:10A2E00069A3020069A3020069A3020069A3020036
:10A2F00069A3020069A3020069A3020069A3020026
:10A3000069A302006E2B09D8602BB1D8542B7BD0E7
:10A31000592B9AD1072D98D108252FE0742B73D093
:10A32000792BF6E72168C8051ED521F08001216050
:10A330000137BBF1000F03D001320BF1FF3BA260EC
:10A34000A368013BA360236901332361D9F804307A
:10A35000013B002BC9F8043040F38280D9F800306B
:10A360000133C9F8003062E71AEB05017FF46DAFE5
:10A37000226822F4C07222600D468A4606F8013B2C
:10A38000DEE7226810067FF560AF22F080022260CF
:10A39000F4E7BAF1000F0CD177B9226802F4E0615A
:10A3A000B1F5E06F08D122F4F06222604FF0010AAB
:10A3B000E4E7BAF1020F50D0012D02D0042D7FF452
:10A3C00044AF0135EDB2D9E7BAF1010F7FF43DAFEB
:10A3D0004FF0020AD2E775B9002F7FF437AF226839
:10A3E00002F4E061B1F5E06F40F0FE8022F4F0622B
:10A3F00022600125C2E7032DE3D0052DDFE7022D02
:10A400007FF423AF0325B9E7062D7FF41EAF0725A0
:10A41000B4E7226891057FF518AF22F4207222601C
:10A420000297ABE7226802F4A061B1F5806F05D016
:10A4300050057FF50AAF002F00F0D680910558BF78
:10A44000029922F4F06258BF791A42F4C07258BFE0
:10A45000CDE904162260002790E74FF0030A8DE74C
:10A46000D4F8803149464046984700283FF4DFAE93
:10A47000EBE6D4F87C3116F8011D4A464046984771
:10A480002369013B2361EBE66B1E062B24D8022DCA
:10A4900036D8019B9E427FF6E7AED4F87C3116F8A1
:10A4A000011D4A46404698472369013B2361F0E776
:10A4B000D4F87C311BF8011D4A4640469847236971
:10A4C000013B23610AF1FF3A5FFA8AFABAF1020FFF
:10A4D000EED1033DEDB2761B2368DA0530D55B057E
:10A4E00011D5019B9E427FF6BFAED4F87C3116F8A1
:10A4F000011D4A46404698472369013B2361F0E726
:10A50000AA46B346DEE716F8011C2369652903F164
:10A51000FF3306F1FF3523610CD045290AD0D4F86A
:10A520007C314A4640469847236916F8021C013B95
:10A53000B51E2361D4F87C314A46404698472E46E2
:10A54000226812F0100201D000208EE632702368DB
:10A5500003F4C063B3F5806F25D1029B9F420AD0FC
:10A56000DA1B04F26F139E4228BF04F5B7761F4929
:10A57000304600F097F900220199404600F056FE5F
:10A58000039B25681B6815F0020F06460F4603F172
:10A59000040215D003990A601B68C3E90067E368E9
:10A5A0000133E360D0E7049B002BE4D005990A2334
:10A5B000013140460DF082FD049B059EC21AD0E792
:10A5C0006D07E7D4039D2A601D6802460B4602F022
:10A5D00097FB20B1064800F00DFA2860DFE730460F
:10A5E000394602F0C3FBF8E7002733E60FC3030048
:10A5F00056930300002310B50446C0E90033C0E9B8
:10A600000433836081814366C281836119460822D5
:10A610005C300DF0A3FB0D4B63620D4BA3620D4B41
:10A62000E3620D4B23630D4B24629C4206D003F181
:10A630006802944202D0D0339C4205D104F1580004
:10A64000BDE810400DF092BB10BD00BF837C03003D
:10A65000A57C0300DD7C0300017D0300881E002033
:10A66000024A034903480DF0EEBA00BF180C00205F
:10A67000D1820300280C002041680C4B994210B590
:10A68000044601D00DF024FEA168094B994202D086
:10A6900020460DF01DFEE168064B994204D020468D
:10A6A000BDE810400DF014BE10BD00BF881E002094
:10A6B000F01E0020581F002010B50B4B0B4C0C4A0D
:10A6C0001A60204600220421FFF794FF04F168007D
:10A6D00001220921FFF78EFF04F1D0000222BDE81C
:10A6E00010401221FFF786BFC01F0020881E0020E7
:10A6F00061A6020001480DF03ABB00BFA521002071
:10A7000001480DF035BB00BFA521002010B504465F
:10A71000FFF7F0FF236A1BB1BDE81040FFF7F0BF61
:10A72000044B2362044B1B68002BF5D1FFF7C4FFD9
:10A73000F2E700BF79A60200C01F00202DE9F74311
:10A740001D46574B1F6804460E46904627B13B6A8C
:10A7500013B93846FFF7DAFFB8F1020F06D0B8F1A7
:10A76000010F00F29A80002DC0F29780636ED90726
:10A7700005D4A3899A0502D4A06D0DF0F8FA2146FC
:10A7800038460DF0A5FD616B41B104F144039942D7
:10A7900002D0384600F032F9002363630023A3613E
:10A7A0006360A3891B0603D52169384600F026F9AA
:10A7B000A38923F44A6323F00303B8F1020FA381B2
:10A7C00061D001AB6A46214638460DF0A9FDA38948
:10A7D0001843A0812DBB009D2846FFF7EBF80646E5
:10A7E000002852D1DDF80090A94540D14FF0FF3547
:10A7F000B4F90C3043F00202A2810022A26004F1FD
:10A8000047022260226101226261626ED60704D48F
:10A81000980502D4A06D0DF0ABFA284603B0BDE850
:10A82000F083002ED8D03B6A13B93846FFF76EFF8D
:10A83000B8F1010F08BFA389266004BF43F00103EC
:10A84000A381B4F90C3013F00802C4E904651ED0EA
:10A85000D90741BF00226D42A260A56158BFA56023
:10A86000626ED20701D49B0513D50025D5E7484673
:10A87000FFF7A0F806460028B8D0A38943F080036C
:10A88000A3814D46CFE70025B2E7A946F5E7A260D0
:10A89000E6E7A06D0DF06CFAE7E74FF0FF35BCE797
:10A8A000240C00200EB400B59CB01DAB02900690A5
:10A8B0006FF00041094807910491094953F8042BAE
:10A8C00005910068019302A900F034FD029B00226B
:10A8D0001A701CB05DF804EB03B07047240C002024
:10A8E0000802FFFF0B46034902460868816800F032
:10A8F0001DBE00BF240C002000487047640D0020DE
:10A9000038B5064D0023044608462B6003F0A5FA2F
:10A91000431C02D12B6803B1236038BDC41F002043
:10A9200038B5074D04460846114600222A601A46EB
:10A9300003F0A2FA431C02D12B6803B1236038BD97
:10A94000C41F002038B5074D0446084611460022B2
:10A950002A601A4603F092FA431C02D12B6803B115
:10A96000236038BDC41F002038B5064D00230446BF
:10A9700008462B60E4F738FE431C02D12B6803B174
:10A98000236038BDC41F002038B5074D0446084673
:10A99000114600222A601A4603F07EFA431C02D1B7
:10A9A0002B6803B1236038BDC41F002070B50D4D66
:10A9B0000D4C641BA4100026A64209D10B4D0C4C73
:10A9C0000EF0FEFB641BA4100026A64205D170BD4C
:10A9D00055F8043B98470136EEE755F8043B984795
:10A9E0000136F2E7A00E0020A00E0020A00E0020ED
:10A9F000A40E0020004870470000C07F38B505460F
:10AA0000002941D051F8043C0C1F002BB8BFE418BA
:10AA1000FFF77AF81D4A136833B96360146028465B
:10AA2000BDE83840FFF776B8A34208D9206821185E
:10AA30008B4201BF19685B6809182160EDE71A466F
:10AA40005B680BB1A342FAD911685018A0420BD130
:10AA500020680144501883421160E0D118685B6897
:10AA6000536008441060DAE702D90C232B60D6E764
:10AA7000206821188B4204BF19685B68636004BFBB
:10AA8000091821605460CAE738BD00BF841E002049
:10AA900070B5C66904460D4676B91020FEF78AFFE8
:10AAA0000246E06120B9184B18486B2100F0DAFE2D
:10AAB000C0E901660660C660E669F36883B1E369D0
:10AAC000DB6853F82500B8B9012101FA05F6721DBB
:10AAD000920020460CF067FF60B1C0E901560EE01D
:10AAE0002122042120460CF05EFFE369F060DB6860
:10AAF000002BE4D1002070BD026843F8252000231C
:10AB0000C0E90333F7E700BF21C30300A2C303007A
:10AB100070B5C66905460C4676B91020FEF74AFFA7
:10AB20000246E86120B9094B09488F2100F09AFEDE
:10AB3000C0E901660660C6603CB1EB696268DB682B
:10AB400053F82210216043F8224070BD21C3030056
:10AB5000A2C303002DE9F0410D6907460C461E46CD
:10AB600001F1140C0020DCF8003099B202FB016105
:10AB70001E0C0B0C02FB063389B2013001EB0341C2
:10AB800085424CF8041B4FEA1346ECDC0EB3A36875
:10AB9000AB4219DC616838460131FFF779FF804626
:10ABA00028B902460C4B0D48BA2100F05BFE226921
:10ABB000023204F10C0192000C300DF0DAF821465B
:10ABC0003846FFF7A5FF444604EB850301355E6177
:10ABD00025612046BDE8F08191C30300A2C30300B4
:10ABE0002DE9F8430C4615461F4609220833064650
:10ABF00093FBF2F3002101229A4209DB3046FFF772
:10AC000047FF40B90246194B1948D32100F02AFEEC
:10AC100052000131F0E7089B4361092D4FF0010319
:10AC2000036116DD04F10909C8462C4418F8013BFC
:10AC30000146303B0A223046FFF78CFFA045F5D194
:10AC4000A5F108044C442D1B6319BB4204DBBDE88D
:10AC5000F8830A340925F6E714F8013B0146303B36
:10AC60000A223046FFF776FFEEE700BF91C30300EC
:10AC7000A2C3030010B50C460121FFF709FF0246ED
:10AC800028B9054B054840F2451100F0EBFD0123C2
:10AC90004461036110BD00BF91C30300A2C3030060
:10ACA0002DE9F04F14460A6923699A42A8BF23464A
:10ACB0000F46A4BF0C461F46D4F810A0D7F810903A
:10ACC000A36861680AEB0906B34285B0B8BF0131D9
:10ACD000FFF7DEFE30B90246444B45484FF4B171F0
:10ACE00000F0C0FD00F1140505EB86082B4600229C
:10ACF000434521D307F1140104F1140202EB8A0247
:10AD000001EB89030293131B153B23F00303043368
:10AD100004F11507BA4238BF04230193029B039143
:10AD20008B420CD8002E03DD58F8043D002B5BD07D
:10AD3000066105B0BDE8F08F43F8042BD8E7B1F801
:10AD400000A0BAF1000F24D004F1140EA9464FF070
:10AD5000000C5EF8047BD9F800301FFA87FB9BB229
:10AD60000AFB0B334FEA174BD9F8007063444FEAE4
:10AD7000174C0AFB0BC707EB13479BB243EA074389
:10AD8000724549F8043B4FEA174CE2D8019B45F85D
:10AD900003C0039BB3F802900431B9F1000F21D036
:10ADA0002B6804F1140CAE464FF0000ABCF800B05A
:10ADB000BEF8027009FB0B7757449BB243EA074386
:10ADC0004EF8043B5CF8043B4FEA134ABEF80030EF
:10ADD00009FB0A3303EB174362454FEA134AE5D8F0
:10ADE000019FEB51043599E7013E9BE791C30300B6
:10ADF000A2C303002DE9F843154612F003020746EB
:10AE00000E4607D0254C013A002354F82220FFF7C4
:10AE1000A1FE0646AD103DD0FC697CB91020FEF7BE
:10AE2000C9FD0246F86128B91D4B1E4840F2B31116
:10AE300000F018FDC0E901440460C460D7F81C802C
:10AE4000D8F808404CB940F271213846FFF712FF9C
:10AE50000023C8F80800044603604FF00009EB0720
:10AE60000AD5314622463846FFF71AFF314680465A
:10AE70003846FFF74DFE46466D100BD0206838B9B6
:10AE8000224621463846FFF70BFF2060C0F80090AD
:10AE90000446E4E73046BDE8F88300BFFCC3030086
:10AEA00021C30300A2C303002DE9F0470C46496803
:10AEB000236903EB6218A368074691464FEA621ABA
:10AEC00008F10106B3420BDB3846FFF7E1FD05460A
:10AED00048B90246284B29484FF4EF7100F0C2FCF4
:10AEE00001315B00EEE7002300F1140100F11002D4
:10AEF0001846534533DB20692AEAEA7A04F1140341
:10AF000019F01F0901EB8A0103EB800C2BD0C9F16A
:10AF1000200E8A460022186800FA09F010434AF809
:10AF2000040B53F8042B9C4522FA0EF2F3D8ACEB39
:10AF30000403153B23F00303043304F11500844597
:10AF400038BF0423CA500AB108F10206013E384650
:10AF50002E612146FFF7DCFD2846BDE8F08742F868
:10AF6000040F0133C5E7043953F8042B41F8042FCB
:10AF70009C45F9D8EAE700BF91C30300A2C30300D0
:10AF80002DE9F74F894606461146484614460CF00F
:10AF9000DDFF051E12D129463046FFF779FD024636
:10AFA00028B93F4B40F237213E4800F05BFC0123BB
:10AFB000C0E90435104603B0BDE8F08FBCBF4B4676
:10AFC000A1463046D9F80410BABF1C460125002519
:10AFD000FFF75EFD024618B9314B40F24521E3E729
:10AFE000D9F810702669C56009F1100309F114053C
:10AFF00004F1140E00F1140B05EB87080EEB860626
:10B000000193D9464FF0000C019B5EF8040B53F8F6
:10B0100004AF01931FFA8AF3194683B2CB1A000CCE
:10B020006344C0EB1A4000EB23409BB243EA004369
:10B03000764549F8043B4FEA204CE5D8331B153BD5
:10B0400023F0030315340433A64238BF04231D4400
:10B050005B441E462C4644450ED308F10301491BB0
:10B0600021F00301033DA84538BF00210B4453F8EC
:10B07000041D91B117619DE754F8041BE646080CC6
:10B080001CFA81FC714400EB2C4089B241EA00417A
:10B0900046F8041B4FEA204CDDE7013FE7E700BF1D
:10B0A00091C30300A2C303000E4B0B40A3F15073E6
:10B0B000002B08DC5B42B3F1A07F4FEA235204DA95
:10B0C0004FF400231341002208E0A2F114031E2BC9
:10B0D000DABF4FF00042DA40012200231946104641
:10B0E000704700BF0000F07F0269F8B500F1140658
:10B0F00006EB8202204F52F8044C20460CF0D7FE9B
:10B1000003460A2BC0F12000A2F10405086013DCFD
:10B11000AE4238BF52F8082CC3F10B0C28BF0022F6
:10B12000153324FA0CFE04FA03F322FA0CF24EEA69
:10B1300007011A431046F8BDAE4236BFA2F108051A
:10B14000002252F8082C0B3B12D0C3F1200722FA40
:10B1500007F19C400C43B54244F07F518CBF55F839
:10B16000044C00249A40FC4041F440112243E1E7A2
:10B1700044EA0701DEE700BF0000F03F2DE973431A
:10B180000121089E90469946FFF782FC044630B99B
:10B190000246244B244840F20F3100F063FBC9F310
:10B1A0000A55C9F313030DB143F480130193B8F1A9
:10B1B000000324D0684600930CF09BFEDDE90012EA
:10B1C000D8B1C0F1200302FA03F30B43C24063611C
:10B1D0000192019BA361002B0CBF0122022222617C
:10B1E000ADB1A5F2334505443560C0F13500099B8A
:10B1F0001860204602B0BDE870836161E9E701A8EC
:10B200000CF077FE019B636120300122E7E704EB3D
:10B210008203A0F23240306018690CF048FEC0EBA7
:10B220004210E4E791C30300A2C30300014BE1F71E
:10B2300087BA00BF740C0020242B2DE9F047864606
:10B24000904601D8012B06D100F000FB16230360C5
:10B250000020BDE8F08736480D462A4615F8014B18
:10B26000065D16F00806F8D12D2C24D12C78012685
:10B27000951C2BBB302C30D00A2306F1004C0CF16E
:10B28000FF3C0022BCFBF3F9104603FB19CAA4F1F2
:10B290003007092F28D83C46A34234DD571C07D07D
:10B2A00081452DD301D1A2452ADB00FB03400122B9
:10B2B00015F8014BEBE72B2C04BF2C78951CD8E735
:10B2C000102BDAD1302CD8D12A7802F0DF02582A9C
:10B2D000D3D16C7810230235CFE72B7803F0DF034E
:10B2E000582BF6D00823C8E7A4F14107192F01D83D
:10B2F000373CD1E7A4F16107192F04D8573CCBE7BD
:10B300004FF0FF32D4E7531C08D12223CEF800308F
:10B310006046B8F1000F9CD0691E06E006B14042BD
:10B32000B8F1000F95D0002AF6D1C8F8001090E7C8
:10B33000DBC103002DE9F04F98468B891B069DB0B9
:10B3400007460D46144610D50B6973B94021FEF728
:10B3500063FB2860286130B90C233B604FF0FF305D
:10B360001DB0BDE8F08F40236B61002309932023BB
:10B370008DF82930CDF80C803023DFF89C818DF8D2
:10B380002A304FF0010923469A4613F8012B0AB1DF
:10B39000252AF9D1BAEB040B0BD05B46224629468D
:10B3A00038460CF08DFE013000F0A780099A5A440F
:10B3B00009929AF80030002B00F09F8000234FF094
:10B3C000FF32CDE905230AF1010A049307938DF8B2
:10B3D00053301A935446052214F8011B4E48E0F7E7
:10B3E0009FFA049AD8B9D00644BF20238DF8533071
:10B3F000110744BF2B238DF853309AF800302A2BC5
:10B4000015D0079A544600204FF00A0C214611F837
:10B41000013B303B092B4BD9B0B1079214E0A0EBB4
:10B42000080309FA03F313430493A246D2E7039BEC
:10B43000191D1B680391002BBBBF5B4242F0020247
:10B4400007930793B8BF049223782E2B0AD1637811
:10B450002A2B32D1039B1A1D1B68039243EAE37324
:10B4600002340593DFF8C0A0217803225046E0F7AC
:10B4700057FA38B1049BA0EB0A00402282401343E4
:10B480000134049314F8011B24488DF82810062277
:10B49000E0F746FA002836D0214B1BBB039B07334D
:10B4A00023F0070308330393099B334409936AE7A6
:10B4B0000CFB02320C460120A8E70023013405935F
:10B4C00019464FF00A0C204610F8012B303A092A91
:10B4D00003D9002BC6D00591C4E70CFB012104461B
:10B4E0000123F0E703AB00932A460E4B04A938462C
:10B4F000FEF716FB421C0646D6D1AB895B063FF52C
:10B500002DAF09982CE703AB00932A46054B04A9FD
:10B510003846FEF73BFDEDE750C503005AC5030072
:10B52000219B0200C180030056C503002DE9F04FA6
:10B530000D469DB014469846064618B1036A0BB9ED
:10B54000FFF7E4F86B6ED90705D4AB899A0502D4EE
:10B55000A86D0CF00CFCAB891B0701D52B699BB9BE
:10B560002946304600F0FAF870B16B6EDC0704D55E
:10B570004FF0FF301DB0BDE8F08FAB899805F7D4D0
:10B58000A86D0CF0F5FBF3E70023099320238DF859
:10B590002930CDF80C803023DFF8AC818DF82A30CB
:10B5A0004FF0010923469A4613F8012B0AB1252AC8
:10B5B000F9D1BAEB040B0BD05B4622462946304644
:10B5C0000CF0F0FD013000F0A780099A5A4409926E
:10B5D0009AF80030002B00F09F8000234FF0FF32DC
:10B5E000CDE905230AF1010A049307938DF853303E
:10B5F0001A935446052214F8011B5348E0F790F9BA
:10B60000049AD8B9D10644BF20238DF853301307CC
:10B6100044BF2B238DF853309AF800302A2B15D0D5
:10B62000079A544600204FF00A0C214611F8013BBE
:10B63000303B092B4BD9B0B1079214E0A0EB0803C3
:10B6400009FA03F313430493A246D2E7039B191D9F
:10B650001B680391002BBBBF5B4242F002020793C1
:10B660000793B8BF049223782E2B0AD163782A2B34
:10B6700032D1039B1A1D1B68039243EAE373023421
:10B680000593DFF8D4A0217803225046E0F748F96B
:10B6900038B1049BA0EB0A004022824013430134DE
:10B6A000049314F8011B29488DF828100622E0F7AE
:10B6B00037F900283FD0264B1BBB039B073323F0F1
:10B6C000070308330393099B3B4409936AE70CFB88
:10B6D00002320C460120A8E70023013405931946E5
:10B6E0004FF00A0C204610F8012B303A092A03D9F2
:10B6F000002BC6D00591C4E70CFB012104460123B1
:10B70000F0E703AB00932A46124B04A93046FEF73C
:10B7100007FA0746781CD6D16B6ED90705D4AB89DA
:10B720009A0502D4A86D0CF023FBAB895B063FF5AC
:10B730001FAF09981EE703AB00932A46054B04A9E7
:10B740003046FEF723FCE4E750C503005AC503006A
:10B75000219B0200A581030056C5030038B5294B83
:10B76000054618680C4618B1036A0BB9FEF7CEFF00
:10B77000B4F90C30190722D4DA0607D409222A605A
:10B7800043F04003A3814FF0FF3033E0580712D558
:10B79000616B41B104F14403994202D02846FFF79E
:10B7A0002DF900236363A38923F02403A3810023DD
:10B7B000636023692360A38943F00803A38123699D
:10B7C0004BB9A38903F42073B3F5007F03D021465E
:10B7D00028460CF0CBFDB4F90C3013F001020AD06E
:10B7E0000022A26062695242A261226942B913F04A
:10B7F0008000C5D138BD990758BF6269A260F4E7DF
:10B800000020F7E7240C002038B5074D002304463C
:10B81000084611462B6002F023FB431C02D12B6823
:10B8200003B1236038BD00BFC41F002038B5064DEA
:10B830000023044608462B6002F019FB431C02D18A
:10B840002B6803B1236038BDC41F0020014B18686A
:10B85000704700BF240C002001490020704700BF42
:10B860000000F87F1FB514461A46094B1B680546B1
:10B87000D86854B9074B1C46CDE9013400912B46DA
:10B88000054900F01DFA0CF043FF044BF4E700BF3C
:10B89000240C00205693030076C5030069C50300FD
:10B8A0002DE9F04F85B08A4602930B6801909046CF
:10B8B0009C1CA14614F8010B3028FAD0A9EB030315
:10B8C000A3F1020B0CF02FFE0546002868D1A04919
:10B8D000012248460CF0C4FD0746002867D199F8BC
:10B8E000010026460CF01FFE002862D0234618787F
:10B8F0003028994603F10103F9D00CF014FEB0FA98
:10B9000080F56D094FF0010B4A461646013230783A
:10B910000CF009FE0028F8D18D49012230460CF0C8
:10B920009FFD00283FD144B9741C224616460132BF
:10B9300030780CF0F8FD0028F8D1A41BA70033786C
:10B9400003F0DF03502B3ED173782B2B33D02D2BFC
:10B9500034D0711C002408780CF0E5FD431EDBB2E6
:10B96000182B30D8A0F1100211F8010F0CF0DBFDFC
:10B9700000F1FF3C5FFA8CFCBCF1180F4FF00A039A
:10B980001ED904B152421744CAF80010EDB1BBF100
:10B99000000F0CBF06250025284605B0BDE8F08F36
:10B9A00000252C46B0E7002CC7D12746C7E74E46F6
:10B9B0002F460125C3E70024B11CCCE70124FBE797
:10B9C00003FB0200CEE73146DEE7A6EB0903013BAD
:10B9D0002946072B0ADC0198FFF75AF8044640B9BC
:10B9E0005C4B0246E4215C48FFF73CFF01315B10F1
:10B9F000EFE700F1140A002355469B46B14537D3C3
:10BA000045F804BBA5EB0A05AD10256158460CF0BE
:10BA10004EFA6D01D8F800602D1AB54254DDAD1B09
:10BA2000294620460CF000FB814678B16B1E591167
:10BA300003F01F025AF821104FF0010909FA02F22F
:10BA40000A4203D04B4536DC4FF002092946204616
:10BA50000CF018FD2F44D8F80830BB4242DA0198A8
:10BA60002146FFF755F80E9A00231360A32593E7AC
:10BA700016F8012D2E2A12D0202B04D145F804BB34
:10BA80004FF0000B5B46307803930CF04CFD039BAA
:10BA900000F00F0098404BEA000B0433AEE7B145CD
:10BAA000EAD82B490393012230460CF0D9FC039BC2
:10BAB0000028E1D1A2E7A91E20460CF0B5FA002823
:10BAC000C2D04FF00309C1E709DA751B214601987E
:10BAD0002A46FFF7E9F97F1B044600F1140A4FF0EC
:10BAE0000009B8E7D8F80450BD426FDDED1BAE4247
:10BAF00034DCD8F80C30022B22D0032B24D0012BBD
:10BB000015D1AE4213D1012E0BD1029AD8F80430D0
:10BB1000136001232361CAF800300E9B62251C606C
:10BB20003AE7711E20460CF07FFA0028EDD101980B
:10BB30002146FEF7EDFF0E9A0023136050252BE7F8
:10BB40000F9B002BF3D1E0E70F9B002BDDD1EEE73D
:10BB5000F8C4030091C30300A5C503006F1EB9F12B
:10BB6000000F30D127B1394620460CF05DFA8146EE
:10BB70007A1101235AF8222007F01F07BB40134215
:10BB80002946204618BF49F002090CF07BFCD8F882
:10BB90000470761B0225B9F1000F47D0D8F80C309D
:10BBA000022B15D0032B17D0012B09D119F0020F4E
:10BBB00006D0DAF8003049EA030919F0010F0ED176
:10BBC00045F0100532E04FF00109D1E70125E2E729
:10BBD0000F9BC3F101030F930F9B002BF0D0D4F800
:10BBE00010B004F114034FEA8B0A03EB8B014FF002
:10BBF000000C184653F8042BB2F1FF3F1BD0013262
:10BC00000260022D04F114033CD1D8F80020013A5F
:10BC1000B24209D17111012253F8213006F01F06FA
:10BC200002FA06F61E423AD145F020050E9B1C6032
:10BC3000029B1F60B0E6994243F804CCD9D8A368B0
:10BC40009B4517DB616801980131FEF721FF8146B2
:10BC500018B91A4B02468421C5E62269023204F162
:10BC60000C0192000C300CF084F821460198FEF78C
:10BC70004FFF4C4623695A1C04EB830322610122C7
:10BC80005A61BEE722695A450BDD012120460CF0BE
:10BC9000F9FBD8F808300137BB42FFF6E0AE0125CA
:10BCA000C2E716F01F06FAD05344C6F1200653F837
:10BCB000040C0CF0FCF8B042E7DBF0E791C30300A2
:10BCC0000EB403B5014603AB054853F8042B0068D6
:10BCD0000193FFF72BFC02B05DF804EB03B0704753
:10BCE000240C0020024B014618680CF018BD00BF60
:10BCF000240C002038B5074D0023044608461146A1
:10BD00002B6002F0B6F8431C02D12B6803B123600C
:10BD100038BD00BFC41F00202DE9F84314461D465E
:10BD200080468946E1F70CFB224606460F462B4625
:10BD30002046294600F0E4FF78B90022002340465F
:10BD4000494600F0ABFFD8B1002200232046294627
:10BD500000F0A4FF28B1264F002630463946BDE842
:10BD6000F8832046294600F045F80028F5D0204603
:10BD700029460022002300F09BFF0028EDD02CE094
:10BD80003046394600F036F8A0B100220023304694
:10BD9000394600F083FF0028DFD04046494600F0D6
:10BDA00029F80028D9D02046294600F023F8002899
:10BDB000D3D012E04046494600F01CF80028E4D0F9
:10BDC0002046294600F016F80028DED032463B46D1
:10BDD0003046394600F094FF20B9FFF737FD2223A3
:10BDE0000360BAE7FFF732FD21230360B5E700BF28
:10BDF0000000F03F41F0004000F58010C00F704798
:10BE0000C0F3C7537F3B162B07EE900A20F000418A
:10BE10002FDC002B16DB1C491941084226D09FED70
:10BE20001B7A37EE877AB5EEC07AF1EE10FA1DDD97
:10BE3000002804DD4FF4000242FA03F3184420EA1C
:10BE4000010070479FED117A37EE877AB5EEC07A20
:10BE5000F1EE10FA0ADD002813DBB7EE007A0029B4
:10BE600014BF17EE100A17EE900A704717EE900AEB
:10BE70007047B1F1FF4FF9D377EEA77A17EE900A2A
:10BE800070474FF000407047FFFF7F00CAF24971D2
:10BE900021F0004319467047D0B506460F461446B8
:10BEA000FFF7D4FC0346394630461C60D0BD00BFC6
:10BEB00010B5044682B0104619460CB103F1004398
:10BEC000CDE90023DDE90023FDF7A8F9222202B025
:10BED000BDE81040FFF7E0BF00224FF08053FFF7AE
:10BEE000E7BF00BF00224FF0E043FFF7E1BF00BF14
:10BEF0002DE9F84F724F8F4304460D4600F0B28093
:10BF000000290B460646024655DD081500F09B80C9
:10BF1000C3F31303C107A0F2FF3743F4801303D424
:10BF2000D10F01EB430352005B00002603EBD273F9
:10BF30007F1052001624B4464FF400110CEB0100A0
:10BF4000834203DB1B1A01EB000C0E445B00013C37
:10BF500003EBD2734FEA51014FEA4202EED1A04601
:10BF600020254FF000400AE039D0590001EBD27192
:10BF7000013D0B464FEA42024FEA50003BD09C4540
:10BF800008EB000EF0DABEF1000F0EEB00080CDB40
:10BF9000E146A3EB0C01964588BF01F1FF31490052
:10BFA000CC46A2EB0E020444E0E7B8F1000FEFDB51
:10BFB0000CF10109EDE721F0004707433DD00029CE
:10BFC00073D1D10A153B52050029FAD0CD0218468B
:10BFD00016460B4637D520244FF0FF313EE09645FC
:10BFE00002D94FEA4C01C1E7BEF1000F0EEB000889
:10BFF00025DB0021D5E7114312D0DFF8C8A0DFF818
:10C00000C8B0DAE90001DBE90023FCF74FFFDAE909
:10C01000008902460B464046494600F053FE58BB95
:10C020006508731003F17F53F20703F5001348BF4F
:10C0300045F0004503EB07512846BDE8F88FB8F1FD
:10C04000000FB5DAD5E700225B00DC02114602F1F1
:10C050000102F9D5C2F1200406FA02F2E640401AC4
:10C06000334355E702460B46FDF7D8F822462B46E8
:10C07000FCF71EFFBDE8F88FB4F1FF3FDAE90001DD
:10C08000DBE9002318D0FCF713FFDAE90089024648
:10C090000B464046494600F00BFE78B1A11C04F166
:10C0A000020508BF01366D08BBE7FCF7FFFE02463C
:10C0B0000B46FDF7DDF9C0E70136B2E70134AFE723
:10C0C0000000F07FC80A0020C00A0020094A516819
:10C0D000C84390FAA0F048B1B0FA80F0042805DC1B
:10C0E000012383400B43536040B270474FF0FF3051
:10C0F000704700BFF01F0020034B04480021282296
:10C10000C3E900110BF02ABEF01F0020C81F002059
:10C1100038B50546FFF7DAFF04460448294600EB28
:10C12000C4000CF07DFB204638BD00BFC81F0020B6
:10C13000C3B2042B10B515D80B4A042303EBC0037C
:10C14000134453E8002F0A4343E80024002CF8D19D
:10C1500001220649824051E8003F134341E8003084
:10C160000028F8D110BD00BFC81F0020F01F00201C
:10C17000F7B51A4A1A491B4D012608274FF0040C3F
:10C18000106800B30B7806FA03F420421DD0E04398
:10C1900052E8004F044042E8004EBEF1000FF7D1D4
:10C1A00017FB03C32B4453E8000F43E800E4002CC3
:10C1B000F9D1019048B108780B4901AA05EBC000FC
:10C1C0000CF06AFB012003B0F0BD0B78506883428D
:10C1D0003ABF0133DBB200230B70D1E7F01F002020
:10C1E000A6210020C81F002078563412024B186880
:10C1F000003818BF01207047F01F002010B504461A
:10C2000001F0D7F8074B1B684BB1DB681B1B002BF9
:10C21000CCBF0024012401F0D2F8204610BD1C46FA
:10C22000F9E700BF0820002038B5054601F0C1F845
:10C23000094B1A684FF0FF341AB901F0C0F82046D4
:10C2400038BDD2E903310B445B1B23F000439C4211
:10C25000526828BF1C46EFE7082000202DE9F84F60
:10C260000C9F9DF82CA00E4615469946804608B1B5
:10C2700003687BB937B129463046B84740F20340DE
:10C28000BDE8F88F002DF9D0002EF7DB284600F02E
:10C2900009FCF3E701F08DF88346504600F0F0F911
:10C2A0000446584601F08BF88CB947B12946304610
:10C2B000B8470320314600F0BBFB1A20E0E7002D11
:10C2C000F7D0002EF5DB284600F0ECFBF1E7C4F8D0
:10C2D0000080DFF878800A9B65610025C4E9079734
:10C2E000A660236184F818A0D8F8003065609847EC
:10C2F00009EB000601F05DF807461248E6600268A7
:10C30000114631B1CB689B1B002B13DBCB689E42DF
:10C3100010D09DB90C4B626004601C682CB1D8F839
:10C3200000309847FFF780FFA047384601F047F8F4
:10C330000020A5E74B680D461946E2E76B6863608D
:10C340006C60F2E708200020F81F00200020002089
:10C350002DE9F74FDFF884B081460D4692461E4620
:10C3600001F027F8DBF8004001904FF000082CB9ED
:10C37000019803B0BDE8F04F01F021B823684B45A8
:10C380001CD12DB1A3682A6823F00043934215D134
:10C390007EB96368B8F1000F13D1CBF800300D4BB4
:10C3A0001F6887B10C4A12689047FFF73DFFB847F6
:10C3B00009E060695146B0470028EAD0A0466468A9
:10C3C000D5E7C8F80430676820460CF0E5F93C462C
:10C3D000CDE700BFF81F002000200020082000202B
:10C3E000014B1860704700BFF81F002070B50B4B61
:10C3F00004460E4615461978094A0A480CF061FEB3
:10C40000094A00231360094A1660094A242115606D
:10C4100007202246BDE8704000F0B4B8BF210020DC
:10C4200006C60300A72100200820002000200020CD
:10C43000FC1F00207FB504461846002303930A4BD7
:10C440001B680D46164613B9212004B070BD03A920
:10C4500098470028F8D10090039B32462946204691
:10C460000CF0CDF9F1E700BFFC1F0020F8B5054640
:10C4700010200F46164600F0F7FA0A4B04461878CB
:10C4800018B1102221460CF01FFE44B10123E360D5
:10C490002B682360C4E9017600202C60F8BD1A20C7
:10C4A000FCE700BFA72100202DE9F843264FDFF865
:10C4B000A880264D38603868FFF7A0FE30B9244BBD
:10C4C0001B689847BDE8F843FFF7AEBE00F071FF68
:10C4D000D8F800400646ECB16368C8F800301D4B40
:10C4E000D3F80090B9F1000F0CD100F068FFA368F9
:10C4F0002C6033F0004311D128680CF04DF9002373
:10C500002B60D8E7124B1B689847FFF78DFEC84792
:10C510003046EAE700F053FF2C60CCE72368002B9D
:10C52000EAD018680028E7D0A26832F00043E3D0D0
:10C53000D0E90069636921688068C8470028DBD1B9
:10C54000002ED9D03046EFE70C2000200420002038
:10C5500000200020F81F00200820002038B50446E5
:10C560000D4600F026FF064B1B683BB1DA692260DE
:10C570001B692B60BDE8384000F021BF2360F8E75D
:10C58000042000202DE9F74FDFF88C90DFF88CB005
:10C5900009EB001503314FEA001A4FF6FC770F4004
:10C5A0000024DBF800306A8029F80A708046EC60CD
:10C5B00002FB07F01646984717FB06F292B20346B5
:10C5C00068602A8108B300921148124A9BF804104F
:10C5D00052F8282040440CF075FD21462A896868ED
:10C5E0000BF0BCFB214623469E4206DCD1440020D2
:10C5F000A9F8026003B0BDE8F08F6A68E86850509F
:10C600005418EC6001333944EEE71A20F2E700BF1A
:10C61000A821002004C703002019002010200020BA
:10C6200070B50B4E06EB00150446696839B1094B2D
:10C630002A89185C0CF047FD686800F033FA06EBB5
:10C6400004101022BDE8704000210BF087BB00BF32
:10C6500020190020A8210020044B19601A7198604D
:10C660000201002102480BF079BB00BF102000201E
:10C6700020190020014B185C704700BFA821002042
:10C6800070B50A4C04EB00130601DD68084B185C1A
:10C6900018B1A25B29460CF017FD2DB134442B686C
:10C6A000E3606388013B6380284670BD2019002049
:10C6B000A8210020024B03EB00139878704700BFBD
:10C6C00020190020094B03EB001310B45A88DC68D2
:10C6D0000C600132D9605A80054B185C18B15DF8C6
:10C6E000044B0CF0F2BC5DF8044B7047201900209D
:10C6F000A8210020044A010102EB0013505A10B196
:10C700001B89B3FBF0F070472019002038B5164B99
:10C71000164D00241C70164B2C601C60154B6C6071
:10C7200020461C70AC60FFF7E5FF80B2A0F10E035D
:10C730006B80A0F11403013068812046EB80FFF785
:10C7400099FF0D4D0D4A0446014628460CF0B9FCF0
:10C750002146681E0A4A0CF0B4FC2146681C094AAE
:10C76000BDE838400CF0ADBCBD2100207C2000208D
:10C7700034200020BC210020BA21002048C703003B
:10C7800051C703005BC7030070B5044680B300F0D7
:10C7900010FE63796FF382036371237913F010063F
:10C7A000054605D010232371BDE8704000F007BE98
:10C7B00003F003030F4931F82320013A21F8232025
:10C7C00030462146FFF77EFF0B4B0C4E1C681CB910
:10C7D0000A4B28461C70E7E7237A1BB933781BB94C
:10C7E0002468F4E7012BFBD1636820469847F7E7FC
:10C7F00070BD00BF7C20002034200020BD2100201F
:10C8000010B5044600F0D5FD034B1A6822601C6089
:10C81000BDE8104000F0D3BD3420002010B5064B19
:10C820001A78541C1C70054B00F0E00003F832002D
:10C8300003EBC203596010BDBC2100201C20002066
:10C840002DE9F04F4607044689B048BF00F0F704D1
:10C85000634F049204F00306029100F0AAFD07EB77
:10C86000860337F826205B889A4204F0EF0A814657
:10C870004FEA860831D20020FFF702FF054640B399
:10C8800037F826304846013327F8263000F097FD68
:10C8900028460CF085FA029B029AAB71049B85F83E
:10C8A00004A01344EB7100F084FD4E4B1C68074656
:10C8B000002C40F08C80384600F081FD4A4B985D9A
:10C8C00018B1452229460CF0FFFB284609B0BDE807
:10C8D000F08F464B01221A70484600F070FD250784
:10C8E0001DD51F2C1BD904F0E003039300F061FD5C
:10C8F00007EB080337F826805B88DFF8F890984547
:10C900002CBF00230123019300F059FD07EB8603A0
:10C910004FF0000B0593364B1B789B4508D384F0F2
:10C9200004005146C0F3800000F082F80025C5E7FE
:10C9300099F80030039A1A4204D0D9F80480D8F844
:10C94000003023B90BF1010B09F10809E3E7079364
:10C950005A79D00708D51A79510705D5019941B9F7
:10C960008AEA0202920704D098461B68002BEFD196
:10C97000E5E740460CF079F80579079007A80CF038
:10C9800056F82946002000F053F800F012FD059BF0
:10C9900037F826205B889A4234BF012300230546DE
:10C9A000019309D20020FFF76BFE079058B137F8CA
:10C9B0002630013327F82630284600F000FD079D79
:10C9C000002DBCD064E7094B01221A70F4E7237AEA
:10C9D000012B02D1636820469847246868E700BFAE
:10C9E0007C20002034200020B9210020BD2100201F
:10C9F000BC2100201C200020014B00221A6070473F
:10CA00003820002010B5044600F0D3FC074A136814
:10CA10002BB914602360BDE8104000F0D0BCA342E5
:10CA200002D01A461B68F3E710BD00BF3820002073
:10CA3000064B70B51C6805460E4604B970BD6368A8
:10CA40003146284698472468F7E700BF3820002081
:10CA5000024B034A197803480CF033BBBE21002077
:10CA600068C70300BF21002038B5C41C24F00304AC
:10CA7000204601F098FC0A4B0546187818B122466A
:10CA800029460CF021FB2DB921460220FFF7D0FFEB
:10CA9000284638BD2246002128460BF05FF9F7E70B
:10CAA000BF21002010B5044628B1054B187810B1FD
:10CAB00021460CF00AFB2046BDE8104001F091BC75
:10CAC000BF21002038B50B4C0B4B206800251D7092
:10CAD00028B102F0A8FB2068FFF7E4FF2560074CAF
:10CAE000206830B102F00AFE2068FFF7DBFF002368
:10CAF000236038BD40200020C12100203C200020C0
:10CB00002DE9F341224F3B78002B3FD1214B224EA0
:10CB10001978224A224C30460CF0D3FA01F034FC4A
:10CB20000546FFF7A1FF01462060307810B12A4684
:10CB30000CF0CAFA236883B101F028FC8046FFF7A5
:10CB400093FF184D01462860307810B142460CF032
:10CB5000BBFA2B682BB9FFF7B5FF1A2002B0BDE86E
:10CB6000F081206802F04EFB2868E8F789FC00237A
:10CB700000932A680C49206802F069FB20B1FFF796
:10CB8000A1FF40F20740E9E701233B700020E5E701
:10CB9000C1210020BF210020C021002072C7030056
:10CBA000402000203C20002047F7020038B50C4B05
:10CBB0001B7804460D465BB10A4B2246186829468D
:10CBC00002F0E4FB002840F2074008BF002038BD17
:10CBD00005490648FFF794FF0028EDD0F7E700BFAE
:10CBE000C121002040200020EFBEADDEBEBAFECA4B
:10CBF0004FF0FF3C06E000BF4FF0010C02E000BF29
:10CC00004FF0010C4DF804CD4FEA410C7FEA6C5C0B
:10CC10004FEA430C18BF7FEA6C5C1BD001B050EAAE
:10CC2000410C0CBF52EA430C91EA030F02BF90EA99
:10CC3000020F0020704710F1000F91EA030F58BF58
:10CC4000994208BF90422CBFD8176FEAE37040F0BA
:10CC5000010070474FEA410C7FEA6C5C02D150EA58
:10CC6000013C07D14FEA430C7FEA6C5CD6D152EA13
:10CC7000033CD3D05DF8040B704700BF84461046D8
:10CC800062468C461946634600E000BF01B5FFF7D7
:10CC9000B7FF002848BF10F1000F01BD4DF808EDA7
:10CCA000FFF7F4FF0CBF012000205DF808FB00BF78
:10CCB0004DF808EDFFF7EAFF34BF012000205DF8D2
:10CCC00008FB00BF4DF808EDFFF7E0FF94BF01201F
:10CCD00000205DF808FB00BF4DF808EDFFF7CEFF20
:10CCE00094BF012000205DF808FB00BF4DF808ED5F
:10CCF000FFF7C4FF34BF012000205DF808FB00BF30
:10CD00004FEA410C7FEA6C5C02D150EA013C0AD147
:10CD10004FEA430C7FEA6C5C02D152EA033C02D139
:10CD20004FF0000070474FF0010070474A0011D2E9
:10CD300012F5001211D20DD56FF47873B3EB625275
:10CD40000ED44FEAC12343F0004343EA505323FA81
:10CD500002F070474FF00000704750EA013002D1F6
:10CD60004FF0FF3070474FF0000070474FEA41022C
:10CD7000B2F1E04324BFB3F5001CDCF1FE5C0DD939
:10CD800001F0004C4FEAC0024CEA5070B2F1004F83
:10CD900040EB830008BF20F00100704711F0804F86
:10CDA00021D113F13872BCBF01F00040704741F44B
:10CDB00080114FEA5252C2F11802C2F1200C10FA4F
:10CDC0000CF320FA02F018BF40F001004FEAC12333
:10CDD0004FEAD32303FA0CFC40EA0C0023FA02F3D7
:10CDE0004FEA4303CCE77FEA625307D150EA0133AD
:10CDF0001EBF4FF0FE4040F44000704701F000407D
:10CE000040F0FE4040F40000704700BF38B50022FB
:10CE1000002304460D46FFF74BFF28B9204629465C
:10CE2000BDE8384000F00AB8204605F1004100F0A6
:10CE300005F8404261EB410138BD00BFD0B50C4B55
:10CE4000002206460F46FCF7E9F9FFF76FFF04469C
:10CE5000FCF76AF9074B0022FCF7E0F902460B46A3
:10CE600030463946FCF722F8FFF760FF2146D0BD77
:10CE70000000F03D0000F041704730B585B0044639
:10CE80000D46E1F7D3FD00EB800303EB83039B002A
:10CE90000222ADF80830039202AB55B903A9CDE9DF
:10CEA0000031204613461B212A46F1F74FF805B002
:10CEB00030BD1B212046F1F78BF8F8E70378C05C02
:10CEC000704708B501F044FAE1F734F901F04DFA82
:10CED000FFF7D2FFE6F7ECFDF8E7EEF773BE08B513
:10CEE000E7F740FCBDE80840F0F730BE10B5044657
:10CEF000E1F7E0FE2046E1F765FC2046E1F7BCF9EA
:10CF000010BD0120704700B5C3B0EEF7EDFD05F090
:10CF1000F7FB48B1FFF7F5FF30B101A806F08CFA36
:10CF200010B901A8FFF7E2FF43B05DF804FB7047BA
:10CF300008B5E2F769FBE1F7EBFDE1F76DFEBDE84F
:10CF40000840E2F7F3B908B500F06CF8E7F7B4F879
:10CF5000E6F7F8F800F0E1FDE6F7B8FBBDE80840B9
:10CF6000E1F740BE08B5E4F77DFD00F029FCE4F7E9
:10CF700089FDBDE80840FFF7B2BFE2F70FB8704780
:10CF8000E2F730B9FFF7BFBF7047E1F739BE0120C4
:10CF900070470120704738B5E2F75EF90546EEF7B5
:10CFA000CBFD041E18BF2C46FFF7F1FF002818BF69
:10CFB000204638BD38B5E6F781FE0446E2F742F96F
:10CFC00004281ED002284FF0000508BF012405F0F8
:10CFD000D9FB042817D0022808BF0124E1F716FE68
:10CFE000042812D0022808BF0124FFF7D2FF04282A
:10CFF0000DD0022808BF0124002D18BF00242046B0
:10D0000038BD0125E3E70125E8E70125EDE7002428
:10D01000F5E782B002AB03E90300012002B07047DC
:10D02000704770470F207047082808B517D00CDCF0
:10D03000022803DC002803DC0E2008BD0428FBD1F5
:10D0400001230422092105200DE020280FD04028CB
:10D0500011D01028F0D1012304220E21F3E701237F
:10D0600004220A211846E3F795FF0020E5E7012393
:10D0700004220821E7E7012304220A21E3E7082824
:10D0800008B517D00CDC022803DC002803DC0E20D6
:10D0900008BD0428FBD100230422092105200DE04E
:10D0A00020280FD0402811D01028F0D100230422CE
:10D0B0000E21F3E7002304220A210120E3F76AFF8F
:10D0C0000020E5E7002304220821E7E700230422EB
:10D0D0000A21E3E770B5002506462C46052C20D82A
:10D0E000DFE804F003070B0F13175B210820E2F7BA
:10D0F000F1FA0C210820E2F7EDFAD1210820E2F73D
:10D10000E9FA80210820E2F7E5FA00210820E2F799
:10D11000E1FA294608206C1CE2F7DCFAE4B2254665
:10D120000624A4F10E03012B05D85A210820E2F7AA
:10D13000D1FA0134D2E7102C05D1BDE870405D2151
:10D140000820E2F7C7BAB31F195DEFE707B520F073
:10D150007F4040EA81700123019068460093FFF709
:10D16000B9FF03B05DF804FB10B588B01446042283
:10D170008DF804300DEB0203049301234900ADF850
:10D18000143002ABADF80C10069303A90223ADF8DE
:10D190000E20ADF81C30E2F723FB50B99DF80930A2
:10D1A0009DF8082003F0FC0303EB0223236008B082
:10D1B00010BD00233120F9E72DE9F0411D46E5239C
:10D1C000074688461646FFF7CFFFC0B9346843F6D6
:10D1D00009535C43640BA4F5BB54103C3460E0235A
:10D1E0002A4641463846FFF7BFFF40B9296845F255
:10D1F000CD5359434913A1F5374102392960BDE8A0
:10D20000F08110B588B00423ADF80E304CF6FC1355
:10D21000ADF8003002234900ADF8143001ABADF891
:10D220000C10069303A908231446CDF810D0ADF8CE
:10D230001C30E2F7D5FA38B914B9012008B010BD96
:10D240009DF804302370F8E70020F7E770B500225E
:10D2500005460E46FFF7D5FF044660B95020E7F7B4
:10D260000FF8224631462846FFF7CBFF80F0010039
:10D27000C0B2000170BD0020FCE7FEE74FF40040A3
:10D2800070474FF47A70704700230360704703685B
:10D290000B60016070474FF060420123D2F8001E1E
:10D2A00083400B43C2F8003E002070474FF06041BE
:10D2B0000122D1F8003E824023EA0203C1F8003E79
:10D2C00000207047D0E900031847437810B50122C9
:10D2D00004780C219A40302313FB0413817803F166
:10D2E000804303F5204319B903F180631A6010BD30
:10D2F00003F1C063FAE7437810B5012204780C21EA
:10D300009A40302313FB0413817803F1804303F523
:10D31000204319B903F1C0631A6010BD03F18063A3
:10D32000FAE74178037801228A4030214B4303F128
:10D33000804303F520439A617047024600780C2130
:10D34000302313FB001303F10473517803F52043DA
:10D3500001EBC3039B0018689378C0B213B9B0FA0D
:10D3600080F04009704710B588B004460E980790C9
:10D370000D9806909DF8300005900B9804909DF84C
:10D38000280003900020CDE9013000920B46224690
:10D390000121E2F74FFA08B010BD08B5E2F768FDC9
:10D3A000013008BDEFF3108072B6704700B962B665
:10D3B0007047EFF31180602383F31188704780F387
:10D3C0001188704784B00B6800934B6801938B6899
:10D3D0000293CB680393009B0360019B0360029B55
:10D3E0000360039B03600023009301930293039364
:10D3F00004B0704784B00368009303680193036826
:10D40000029303680393009B0B60019B4B60029B9C
:10D410008B60039BCB6000230093019302930393E3
:10D4200004B0704730B5D1E90223D1E9005405605A
:10D4300004600260036030BD30B5056804680268AE
:10D440000368C1E90054C1E9022330BDFFF7EABF18
:10D450007FB58A0704460B4610D06D4601F11006D1
:10D46000186859682A4603C20833B3421546F7D1F3
:10D4700069462046FFF7D6FF04B070BD00910099C1
:10D4800004B0BDE87040FFF7CDBFFFF7D5BF30B5A2
:10D490008B0785B00C4610D06946FFF7CDFF0D46CF
:10D4A000234604AC2A4603CAA242186059601546B6
:10D4B00003F10803F6D105B030BD0091009905B025
:10D4C000BDE83040FFF7B8BF10B5FFF7ABFFBDE8D0
:10D4D00010401031FFF7A6BF10B5FFF7ADFFBDE854
:10D4E00010401031FFF7A8BF10B5FFF79BFF0C46A7
:10D4F0001031FFF797FF04F12001FFF793FF04F1CC
:10D500003001BDE81040FFF78DBF00F1424303F545
:10D510008013102A10B54FEA43130AD101221A6072
:10D5200000F58870FFF74EFF1031BDE81040FFF79F
:10D5300049BF00221A602430F7E7F0B50B4699077F
:10D5400089B0044615462DD0082A19D16D4603F13D
:10D550001006186859682A4603C20833B3421546B4
:10D56000F7D1082269462046FFF7CFFF03226B461A
:10D570000020013A186003F10403FAD209B0F0BDAB
:10D580006E4603F1200718685968324603C2083313
:10D59000BB421646F7D12A4669462046FFF7B5FF3B
:10D5A0000722E4E70093009909B0BDE8F040FFF7D7
:10D5B000ACBF436823F01F030E290BD8DFE801F04E
:10D5C00008080808080B0B0B080808080B0B0B00D1
:10D5D000194341607047194341F01001F9E710B554
:10D5E0002030FFF707FF102A04D1BDE810401031AA
:10D5F000FFF700BF10BD30B58B0789B00C4615464C
:10D6000025D06946FFF7EBFF082D6A4613D104AD1C
:10D61000134603CBAB42206061601A4604F1080454
:10D62000F6D103226B460020013A186003F104038F
:10D63000FAD209B030BD08AD134603CBAB4220602F
:10D6400061601A4604F10804F6D10722EAE7009166
:10D65000009909B0BDE83040FFF7C1BF704770477F
:10D660007047E3F727B9E3F7B7B870B505460E463C
:10D670001446FFF797FE2B685C4034405C402C60FA
:10D68000BDE87040FFF792BE00F1424000F5801007
:10D69000400101607047E3F771BFCB435B0003F0CB
:10D6A0000A03C360C160704738B5E4F7ADF88B7CFE
:10D6B00004460D461BB1036843F080430360EB7CD6
:10D6C0001BB12B7D43F08003A3652A8A6B7B134338
:10D6D000EA89134363602B7BD5E901122046E4F706
:10D6E0004FF86B7D1BB1236843F480332360AB7D1F
:10D6F0001BB1236843F400432360EB7D2A7E1B07A4
:10D70000120502F4E00203F0E04313432366636F63
:10D7100023F030036367626F6B7E134363672B787C
:10D72000E36038BD38B5E4F76FF80B8A026843F060
:10D73000010313438A7B43EA8223036003680A7D63
:10D7400043EA427303608B7C04460D461BB1CB7CDD
:10D7500043F0800383652B7B43F480536360D5E9FA
:10D7600001122046E4F73EF86B7B0BB11023E36017
:10D770006B7D1BB1236843F480332360AB7D1BB109
:10D78000236843F400432360EB7D2A7E1B071205C8
:10D7900003F0E04302F4E002134323662B78E360D6
:10D7A00038BD03695A06FCD5416303699B06FCD565
:10D7B000C069C0B2704703695B06FCD5416370471E
:10D7C000F6F71EBB242200210AF0C8BA18B12422A1
:10D7D00000210AF0C3BA704770B515460E462422E0
:10D7E000002104460AF0BAFAC02D0DD0B5F5807FAD
:10D7F00001D0802D0BD12046EA0840F8045B314669
:10D800000AF0B7FA002070BD6FF07100FBE76FF00F
:10D810001F00F8E72DE9F04114460F4624220021AD
:10D8200006460AF09BFAC02C3CD0B4F5807F2CD081
:10D83000802C3AD13460E4F71BFF0023436003607F
:10D840000446FFF7AFFD4FF008080546424639464B
:10D850002046FFF772FE2846FFF7A8FD0523A360C8
:10D86000256915F00205FBD1FFF79CFD4246311DED
:10D8700007462046FFF7BFFE3846FFF797FD2046D4
:10D88000E4F700FF2846BDE8F0813460E4F7F0FEDD
:10D890000023436003600446FFF784FD4FF0100847
:10D8A0000546D3E76FF07100EDE76FF01F00EAE780
:10D8B00001292DE9F04705460E4692461F463AD803
:10D8C0000368802B02D0B3F5807F37D1E4F7D0FE18
:10D8D0000023436003600446FFF764FD2946814648
:10D8E00051F8043B802B14BF10220822204604F17B
:10D8F0008008FFF722FE51464046FFF7A9FD484643
:10D90000FFF754FD012E0CBF05230623A3602569F4
:10D9100015F00205FBD1FFF745FD394606464046A6
:10D92000FFF7B5FD3046FFF741FD2046E4F7AAFEBC
:10D930002846BDE8F0876FF02000FAE76FF071002D
:10D94000F7E703699B07FCD17047CA880B68032A75
:10D95000F0B50DD803EB82018B4205D100230132D3
:10D96000082A0360FBD1F0BD53F8044B0460F3E7D1
:10D97000072AD3E90076D3E9025413D8076003F1EC
:10D980001001066003EB820305600460994205D133
:10D9900000230132082A0360FBD1E4E751F8044B6D
:10D9A0000460F3E70760066005600460D3E90441A2
:10D9B000D3E906230460016002600360D3E7F0B599
:10D9C000CA88082A89B006460C460DD1FFF7EAFC42
:10D9D000216805463046FFF77FFD2846FFF7E6FC45
:10D9E0000026304609B0F0BD12D9FFF7DBFC2168F4
:10D9F00005463046FFF770FD2846FFF7D7FCE28862
:10DA00002068083A9200002120300AF0A7F9E7E7E1
:10DA1000694600252B460F46306841F8040B013358
:10DA2000002818BF1D46082BF6D1AA420EDA294657
:10DA3000204600F0F6FC06460028D2D12068AA0055
:10DA400039460AF096F90123A380CAE720689200BC
:10DA500039460AF08EF9C3E7CA88072A38B50D4659
:10DA6000044609680DD892000AF083F9E888C0F1ED
:10DA70000802920004EB80000021BDE838400AF063
:10DA80006DB901F1200351F8042B44F8042B99429D
:10DA9000F9D138BD0078C31E584258417047002064
:10DAA0007047704710F1860F12D010F1850F0ADA17
:10DAB00010F1930F0FD010F1870F0CBF6FF07300B0
:10DAC0004FF0FF307047003818BF012040427047C8
:10DAD0006FF0710070476FF06F00704700F0EEB8A4
:10DAE00000F0ECB808B5E4F781FFBDE80840FFF7A7
:10DAF000D9BF07B500230193202201ABE4F7F6FF5D
:10DB000003B05DF804EBFFF7CDBF08B500F022F9D4
:10DB1000002818BF6FF03B0008BD7047F0B591B00A
:10DB20001546169C49228DF8202004F10C060DF1B3
:10DB3000210254F8047B42F8047BB442F9D12478E2
:10DB400014704FF48074ADF830409DF85C408DF84F
:10DB5000324004240694189C059410240022049456
:10DB600008ACCDE90234CDE900150B461146CDE9EC
:10DB70000D228DF82E208DF82F508DF833200F9226
:10DB8000E4F768FC11B0F0BD1FB5079C02949DF846
:10DB90001840CDE9003413460A4601460020FFF73D
:10DBA000BDFF04B010BD1FB5079C02949DF818403E
:10DBB000CDE9003413460A4601460120FFF7AEFFC7
:10DBC00004B010BD2DE9F8430746B02091468846C1
:10DBD0001E46E4F771FD05460023B9F1800F43604E
:10DBE000414645F8803B14BF1022082204464FF0FE
:10DBF0000508FFF7A2FC7FB131462846FFF728FC55
:10DC0000C4F8088008992846FFF741FC2046E4F74D
:10DC10005DFD0020BDE8F8838C23C4F80880314600
:10DC2000A3602846FFF714FC0623A360EAE72DE96A
:10DC3000FF478046B020894617461E46DDF830A0D3
:10DC4000E4F73AFD0546B9F1800F4FF00003436059
:10DC500014BF1022082245F8843B41460446FFF7D2
:10DC60006CFC0EB331462846FFF7F2FB4823A36055
:10DC70000523A3600323394604F1A000A360FFF746
:10DC8000E7FB0D9904F18000FFF701FCBAF1000FEA
:10DC900003D051462846FFF7FAFB2046E4F716FD6D
:10DCA000002004B0BDE8F0873146102268460AF033
:10DCB00055F869462846FFF7C9FBD7E708B518B1FC
:10DCC0006C2200210AF04AF8002008BD2DE9F84333
:10DCD0001546894680461F46E4F7CAFC0023436088
:10DCE00003600446FFF75EFBB9F1100F14BF10226A
:10DCF000082206464146204604F18008FFF71DFC35
:10DD000029464046FFF7A4FB3046FFF74FFBFFF7DD
:10DD100049FB3946064604F1A000FFF799FB0523AD
:10DD2000A36023699B07FCD408994046FFF7AFFB2B
:10DD30003046FFF73BFB089B03F1100253F8041B2E
:10DD400045F8041B9342F9D12046E4F79BFC0020E0
:10DD5000BDE8F8832DE9F0411C4600230F46164626
:10DD600023604FF0050825682246711B7819E4F7F7
:10DD7000E1FC23681D44B542256006D2B8F10108D4
:10DD800001D00028EFD1BDE8F0810020FBE713B5FA
:10DD900002230024684600948DF804408DF8053075
:10DDA000E2F73AFE204602B010BD70B50C461546AB
:10DDB00010B9E5F7BBF938B143682BB12A462146C3
:10DDC0000068BDE870401847232070BDF7B50D46C8
:10DDD00016461C4648B103B901AC87685FB12346BB
:10DDE000324629460068B84706E0E5F79FF904B9CE
:10DDF00001AC0028F1D1232003B0F0BDF8B50C46EA
:10DE00001546064658B9E5F791F920462946FCF72C
:10DE100069FD0446002CD4BF37200020F8BDE5F78B
:10DE200085F986420746F0D03046E5F773F9294672
:10DE30002046FCF757FD04463846E5F76BF9E9E75D
:10DE40000EB403B503AA52F8041B0192FFF7D6FFE4
:10DE500002B05DF804EB03B0704700207047FEE7A6
:10DE60004FF400534B6000207047012070470120A1
:10DE700070474FF0FF3070470020704707B5002013
:10DE800001AB0190FFF7A2FF0198002808BF4FF0F7
:10DE9000FF3003B05DF804FB10B500201446FFF717
:10DEA00084FF204610BD034670B190F8382090F8EA
:10DEB0003C002AB1022803D1012283F83C2070479C
:10DEC00004284FF00102F8D00120704780F82C1090
:10DED000704790F82C00704790F839007047037A2B
:10DEE0003022534303F1804303F56223D3F89410A7
:10DEF000D0E903231344994214BF084610467047E3
:10DF0000F8B590F8393004460D4681B173B990F8F0
:10DF10003A60FFF747FA012105463046E5F72CFD48
:10DF20002846FFF743FA012384F83930F8BD002B67
:10DF3000FCD090F83A70FFF735FA29460646384685
:10DF4000E5F71AFD3046FFF731FA84F83950EDE76E
:10DF50002DE9F8430446164690F82C800D46FFF74D
:10DF600028FA94F8382003469AB1FFF728FA94F873
:10DF70003B90FFF717FA012107464846E5F7FCFCFE
:10DF80003846FFF713FAFFF714FA0022034684F825
:10DF900038201846FFF713FA2E44B54204D1236AFD
:10DFA0000121204698473CE094F82D3023B3FFF739
:10DFB00000FA237E0746E3B12046FFF790FFE168B1
:10DFC000D4F830C0013888423EBF206900F1FF30EC
:10DFD000401803469C450BD013F80129112A01D0A3
:10DFE000132A21D1A2F111035A425A4184F8342054
:10DFF00020633846FFF7E3F994F83430002BCCD097
:10E00000B8F1000F06D02B780A2B03D1E3690D215C
:10E0100020469847E36915F8011B204698470028D9
:10E02000BBD00020BDE8F883994282BF236903F189
:10E03000FF335B18CEE7F8B590F83830044603F0AC
:10E04000FF06A3B9036A31469847012384F83830A4
:10E0500094F83B70FFF7A6F9314605463846E5F7D8
:10E060008BFC2846FFF7A2F9022384F83C30F8BD68
:10E07000026CD36C43F00403D3647047026C10B598
:10E08000044613695906FCD500231A4694F8491032
:10E0900094F84800E2F77EFF00231A4694F84B10EC
:10E0A00094F84A00E2F776FF94F85030DA0707D583
:10E0B000002394F84D1094F84C001A46E2F76AFFDA
:10E0C00094F850309B0707D5002394F84F1094F82C
:10E0D0004E001A46E2F75EFF206CC36C23F001038A
:10E0E000C364C36C23F00403C3640021FFF7D5FAB3
:10E0F000606C0021E1F776FE002010BD08B5006CD1
:10E10000FFF759FB002008BD036CDA6C19B142F02F
:10E110000102DA64704722F00102DA6401229A6493
:10E12000704738B50468206C056C15F0010509D0FE
:10E130000123836403699B060FD52046BDE8384060
:10E14000FFF779BF042384F83C30237E33B9C36CD6
:10E1500023F00403C3640123237638BD637E23B315
:10E1600094F82D300BB384F835501321FFF723FBBF
:10E17000236CDA6C42F00402DA64DB69DBB2112B47
:10E180000ED1012384F83430237A3022534303F133
:10E19000804303F56223D3F89430013B2363DCE72B
:10E1A000132BDAD184F83450EEE7C36C23F0040368
:10E1B000C364D2E7013A42EA520242EA920242EAD8
:10E1C000121242EA122230B542EA12420132B2F58C
:10E1D000807F38BF4FF480725442044015198D423D
:10E1E00005D31C60039B1D60049B1A6030BD520068
:10E1F000F2E708B5E5F7E6FA08BD10B5FFF7D2F883
:10E200000446E5F72DFB2046BDE81040FFF7CEB8E9
:10E210007047FFF726BA70477047012070474FF4E8
:10E220001670E5F735BC00230B7070472DE9FF41F0
:10E230000D4616461F460446A8B14FF00008C0F828
:10E240001C80E5F773FFBDF82C3002939DF8283051
:10E250004246CDE90073294633462046E5F7CCFE19
:10E2600004B0BDE8F0812220FAE7F0B50D4685B094
:10E2700016461F46044690B10023C361E5F756FFDA
:10E28000BDF82C3002939DF828302A46CDE9007362
:10E29000294633462046E5F7AFFE05B0F0BD222003
:10E2A000FBE7F0B587B01F4600230D4616468DF8F4
:10E2B00017300446A8B1C3610DF11701E5F766FFF9
:10E2C0009DF817207AB9BDF8343002939DF83030AC
:10E2D0002946CDE9007320463346E5F78DFE07B0A9
:10E2E000F0BD2220FBE70320F9E7F0B587B01F4619
:10E2F00000230D4616468DF817300446B0B1C361B1
:10E300000DF11701E5F742FF9DF8173083B9BDF80D
:10E31000343002939DF830302A46CDE90073294607
:10E3200033462046E5F768FE07B0F0BD2220FBE744
:10E330000220F9E738B5FFF73CF80546E6F72EF975
:10E3400004462846FFF73BF8204638BDE6F7B6B945
:10E3500008B5E0F795FBFEF7EBFDFEF7F4FDFEF7E1
:10E3600001FEBDE80840FEF708BE08B5FEF707FE4F
:10E37000FEF706FEFEF706FEBDE80840FEF704BE07
:10E3800024207047482070474C2070474020704739
:10E3900008B501F01FFBEAF783FA02F0D5FA03F0A3
:10E3A00005F9002008BD38B50446FEF7FBFF054619
:10E3B0002046FBF7FFFA04462846FEF7F7FF204603
:10E3C00038BD70B504460E46FEF7ECFF31460546F3
:10E3D0002046FBF7D5FA04462846FEF7E7FF20461D
:10E3E00070BD38B50546FEF7DDFF04462846FBF74D
:10E3F000E9FA2046BDE83840FEF7D8BF00220123E5
:10E40000C0E90023704710B5044648B1006818B150
:10E41000E188890001F04EFA00220123C4E90023BB
:10E4200010BD42F21073994270B504460D4602D9F0
:10E430006FF00F0070BDC3888B4201D30020F9E755
:10E4400004212846FFF7BDFF06460028F0D02168CA
:10E4500041B1E288920009F08CFCE18820688900D3
:10E4600001F028FAE5802660E8E738B504460D4655
:10E4700019B9FFF7C8FF002038BDC2888A4207D10A
:10E4800000689200002109F069FC0123A380F2E7F3
:10E49000FFF7B9FF29462046BDE83840FFF7C1BF66
:10E4A000884270B505460E4609D0C988C28841B970
:10E4B0002AB1012383809200006809F04FFC0020FC
:10E4C00070BD4C1E8CB90134B6F90430AB80A24249
:10E4D00012D221462846FFF7A4FF0028F0D1316868
:10E4E0002868A20009F045FCE9E7336853F82430B6
:10E4F000002BE8D1013CE5E72868121B92000021BF
:10E5000000EB840009F02AFCE9E770B50C46012114
:10E510000546FFF786FF064688B9EA88014692005D
:10E52000286809F01BFC84EAE472A2EBE472E40FB1
:10E53000C4EBC4342B68640001341A60AC803046EC
:10E5400070BDC388B1EB431F3FBF03684A0901F0A8
:10E550001F0153F822003ABFC84000F0010000201C
:10E560007047C188006800F0A9BA70B50E4612F075
:10E57000030118BF012101EB920105461446FFF784
:10E5800074FF38B9E988286823463246BDE87040F0
:10E5900000F0B6BA70BD13460A46C188006800F0A4
:10E5A000D4BA38B504460D46FFF7DBFFE3882844AC
:10E5B000B0EB431F06D82068E1882A4600F035FBFF
:10E5C000002038BD10F01F0118BF012101EB5011D0
:10E5D0002046FFF726FF0028EDD0F2E70A46C18863
:10E5E00008B511B1006800F0E2FA002008BD10B5CE
:10E5F000C38823B9CA885AB9ABB1012017E00268B1
:10E6000002EB830252F8042C002AF3D1013BF0E71D
:10E610000C6804EB820454F8044C0CB9013AEAE7A4
:10E620009342EAD80FD3013B5A1C01D1002010BD00
:10E63000026852F823400A6852F823209442DCD83A
:10E6400003F1FF33F0D24FF0FF30F0E730B5C3886D
:10E6500023B9CA885AB9002B3DD136E0026802EBD3
:10E66000830252F8042C002AF3D1013BF0E70C6836
:10E6700004EB820555F8045C4DBB013AEAE7B1F9B9
:10E68000045003D2B1F90400404226E0B0F904205E
:10E69000002A03DD002D0CDA01201EE0002D08DD2C
:10E6A0003AB14FF0FF3018E003F1FF330BD2504284
:10E6B00013E0013B016851F8235054F823108D42B8
:10E6C000F2D9104609E0591CF4D1002005E0002BD6
:10E6D000D8D09342D3D9B0F9040030BD1FB581EA38
:10E6E000E173A3EBE173C90FC1EBC13149000193A1
:10E6F00001310123ADF80C10ADF80E3002A901ABC9
:10E700000293FFF7A3FF05B05DF804FB90422DE9EB
:10E71000F04105460F46144602D0884206D12746EE
:10E720000123FC88AB803CB9002003E0FFF7B8FE72
:10E730000028F4D0BDE8F0813B6803EB84034FEA86
:10E74000840853F8043C0BB9013CECE72146284609
:10E75000FFF767FE0028EDD12E683A682346314660
:10E76000304600F098FA06EB08030746002FDBD08E
:10E77000EA88A24204F1010608D831462846FFF78C
:10E7800050FE0028D6D12B6803EB84031A68D219F7
:10E7900043F8042B2CBF012700273446E6E72DE978
:10E7A000F041D48805460E4690463CB9F188A14216
:10E7B0000ED26FF009073846BDE8F081D8F8003076
:10E7C00003EB840353F8043C002BEFD1013CECE74E
:10E7D0002846FFF726FE07460028ECD1F28894422F
:10E7E0000BD2AE4209D028683168121B920001EBAF
:10E7F000840100EB840009F0BCFAEA88F0888242C8
:10E8000007D92B68121A9200002103EB800009F04F
:10E81000A5FAD8F8002031682868234600F051FA9C
:10E82000024610B90123AB80C5E72968EB8801EBEC
:10E8300084011B1B084600F06DFB0028F2D0B8E7EE
:10E840002DE9F843B2F804C0B1F904401CFB04FC04
:10E850006646734381460D4617461CD51146284629
:10E86000FFF7C5FEB0F100080DDB3A4629464846E1
:10E87000FFF795FF98B9B8F1000F08BF0124A9F878
:10E88000044000200BE02A464846FFF788FF30B9D5
:10E89000644224B2F3E7FFF739FF0028EFD0BDE868
:10E8A000F8830123FFF7CCBF4FF0FF33FFF7C8BF5A
:10E8B0001FB582EAE273A3EBE273D20FC2EBC2325E
:10E8C0005200019301320123ADF80C20ADF80E3057
:10E8D00002AA01AB0293FFF7E7FF05B05DF804FB66
:10E8E0002DE9F047012386B0164688424FF000021A
:10E8F000CDE90223CDE9042307460D4606D102A83F
:10E90000FFF7CEFD0446002833D102ADB74206D151
:10E91000394604A8FFF7C4FD044650BB04AEB5F861
:10E920000680B8F1000F2ED1B6F80690B9F1000FAD
:10E9300033D14FF0010A09EB08013846FFF771FDAA
:10E940000446B0B901463846FFF7DFFD044680B9FA
:10E95000CDF80090336829683868424600F08AFA9A
:10E96000BAF1000F22D1AB88B28813FB02F31BB2BD
:10E97000BB8004A8FFF747FD02A8FFF744FD20462F
:10E9800006B0BDE8F0872B6803EB880353F8043C1E
:10E99000002BC9D108F1FF38C3E7336803EB8903C3
:10E9A00053F8043C23B909F1FF39BFE70123DFE73E
:10E9B000B8FA88FA4FEA5A1ABDE72DE9F341CF8831
:10E9C0000546884616463FB1D8F8003003EB87036A
:10E9D00053F8043C3BB146B90021284602B0BDE8DB
:10E9E000F041FFF792BD013FEDE7791C2846FFF7A4
:10E9F00018FD044670B941462846FFF751FD04460C
:10EA000040B9013E0096D8F80020E98828683B46C6
:10EA100000F074F9204602B0BDE8F08170B50446FC
:10EA20000D46104600211646FFF758FE002824DB4D
:10EA30002A46334621460020E5F7DCFE054638B17C
:10EA4000284670BD324621462046FFF72AFF90B97E
:10EA500000212046FFF742FE0028F3DB3146204626
:10EA6000FFF7F4FD0028EBDB324621462046FFF796
:10EA70001BFF0028F2D00546E2E76FF00905DFE74B
:10EA8000F7B50E1E044615461F4614DB1046FFF769
:10EA900025FE00280FDDE9882046FFF7E6FC40B997
:10EAA000089BCDE900733146E3882A682068E6F7C1
:10EAB000B5F803B0F0BD6FF00300FAE701390029A3
:10EAC00001DA0020704750F82130002BF6D0B3FA5D
:10EAD00083F00131C0EB4110704739B101F1804141
:10EAE000013900EB81018142034600D270471B6867
:10EAF0000A681BBA12BA40F8042B41F80439F2E74D
:10EB00002DE9F0411C4613F0030318BF012303EB6A
:10EB100094038B4206460D46904613D879B18F0078
:10EB20003A46002109F01AF92CB1381B2246414619
:10EB3000304409F01EF929463046FFF7CEFF002089
:10EB4000BDE8F0816FF00700FAE7B3EB810F70B515
:10EB500004464FEA8105104619D95A1B8618002130
:10EB600009F0FCF830462B46C21800218B4210D128
:10EB7000002070BD22F0030102F003066158F60088
:10EB8000F140C9B281B90132AA42F3D1ECE71A4689
:10EB9000FAE721F0030001F003052058ED00E840FA
:10EBA00002F8010D0131E1E76FF00700E1E7F8B588
:10EBB0000546500988420C4602F01F0601D80AD1CA
:10EBC00036B1A20028460021BDE8F84009F0C6B8D9
:10EBD0001F2A02D8F8BD1F2A0FD9820005EB800337
:10EBE000291F05EB8407BB421AD1201A38BF002227
:10EBF000002105EB800009F0B1F8002EEAD005EB0A
:10EC000084040022C6F12000AC42E3D054F8041C76
:10EC100021FA06F3134344F8043D01FA00F2F3E746
:10EC200053F804CB41F804CFDDE71F2AF8B50346BB
:10EC30000D464FEA521402F01F0613D96FF003007D
:10EC400000FB04300A46944202F1FF3113D3621BE9
:10EC5000AC4288BF00222A4418469200002109F0E5
:10EC60007DF8034636B103EB84030021C6F120078B
:10EC7000AC4206D3F8BD50F8212043F821200A46C3
:10EC8000E1E7186800FA06F20A4343F8042B01345E
:10EC900020FA07F1ECE7F0B50024844620469C42B8
:10ECA00000D1F0BD51F8245052F824702E182CBF1A
:10ECB00001250025BF194CF8247045F100000134EE
:10ECC000EDE7F0B50024064620469C4200D1F0BD99
:10ECD00051F824C052F82470ACEB0005AF4294BF49
:10ECE0004FF0000E4FF0010EED1B46F82450844506
:10ECF0002CBF70460EF101000134E6E78B422DE98E
:10ED0000F04728BF0B469646DE08089A0446C91A03
:10ED100003F0070875460346B44600200CF1FF3C9B
:10ED2000BCF1FF3F03F1200305F1200511D104EBF5
:10ED300046140EEB46164FEA880C06EB880E254665
:10ED4000764540F081806444013980F08B80BDE8D5
:10ED5000F08755F8207CA2FB079710EB090953F8C0
:10ED6000200C47F1000710EB090043F8200C55F880
:10ED70001C0C47F10007A2FB00093F1853F81C0CBC
:10ED800049F10009C01943F81C0C55F8180C49F159
:10ED90000009A2FB000719EB000953F8180C47F112
:10EDA000000710EB090043F8180C55F8140C47F154
:10EDB0000007A2FB00093F1853F8140C49F10009A1
:10EDC000C01943F8140C55F8100C49F10009A2FBC6
:10EDD000000719EB000953F8100C47F1000710EB7E
:10EDE000090043F8100C55F80C0C47F10007A2FB82
:10EDF00000093F1853F80C0C49F10009C01943F8F9
:10EE00000C0C55F8080C49F10009A2FB000719EB9E
:10EE1000000953F8080C47F1000710EB090043F80C
:10EE2000080C55F8040C47F10007A2FB000A17EB89
:10EE3000000953F8047C4AF1000017EB090740F180
:10EE4000000043F8047C69E756F8043BA2FB033753
:10EE5000C318286847F10007C31845F8043B47F179
:10EE600000006DE723681B1844F8043B2CBF012009
:10EE7000002069E72DE9F347DDF8289015464A445C
:10EE80000F46920000210646984608F067FF0024CE
:10EE900005F1010A4C4502D102B0BDE8F08758F8EF
:10EEA0002430009306EB84002B463A465146FFF788
:10EEB00025FF0134EEE72DE9F04712F0030418BFF7
:10EEC000012404EB92048C420646884617461D46F0
:10EED0004FEA840AC2EB840919D84A46002108F097
:10EEE0003DFFA8EB04029200002106EB0A0008F0A7
:10EEF00035FF08983A4606EB0901A847054618B9B8
:10EF000021463046FFF7E9FD2846BDE8F0876FF05F
:10EF10000305F9E730B50546104600229A4200D1B4
:10EF200030BD51F82240241A45F8224034BF012058
:10EF300000200132F2E74822002108F00FBF10B58F
:10EF40000446FEF743FC2046BDE81040FFF749BAEF
:10EF500010B524210120FFF734FA044608B1FEF76A
:10EF600031FC204610BDFEF755BCFEF735BCFEF760
:10EF70009FBC2DE9F04F502ABFB006460C461546FF
:10EF800000F29F8022AF70220021384608F0E6FE92
:10EF90000DA8FEF717FC2BBA26932A4630232146EC
:10EFA00028A88DF89F3008F0E4FE05F1F8036B44C3
:10EFB000802203F8582C05AA002302F8013B0133F4
:10EFC000202BFAD14FF4807205A90DA8FEF704FC9E
:10EFD0008346002857D11935804601AC1022002104
:10EFE000204608F0BBFEA946BA46524610232146E9
:10EFF000204600F04BFCB9F1100F234622464FF09B
:10F0000001010DA894BFA9EB0909A9F11009FEF7A8
:10F010004FFC0AF1100A8346A8BBB9F1000FE4D1F6
:10F0200016AB08EB030C94E80F008CE80F009DF87A
:10F030008B3008F110080133B8F1300F8DF88B30A8
:10F04000CCD14FF4807216A90DA8FEF7C5FB8346FC
:10F05000C8B906F1300834461EAB1A4601210DA886
:10F06000FEF726FC834670B90DF1780C2546624602
:10F0700003CABA4228606960944605F10805F6D1D2
:10F080001034A045E8D10DA8FEF7A0FB702138464A
:10F09000E6F782FA302116A8E6F77EFA202105A8C5
:10F0A000E6F77AFA102101A8E6F776FABBF1000F2D
:10F0B00003D030213046E6F76FFA58463FB0BDE83E
:10F0C000F08F6FF0370BF8E72DE9F0438DB0044671
:10F0D0000E4630220021684608F040FE002704F169
:10F0E0002009E8460DEB070304F11001A14206D008
:10F0F00011F8012D0132D2B20A70002AF6D0224650
:10F1000001214846FEF7D4FB054638B16846302158
:10F11000E6F742FA28460DB0BDE8F0831037302FED
:10F12000DFD1731E2F3698F8002013F8011F4A40D4
:10F13000B34208F8012BF6D14FF480726946484675
:10F14000FEF74AFB05460028E0D108AA0CAE13469C
:10F1500003CBB342206061601A4604F10804F6D183
:10F16000D4E72DE9F0418469502C94B005468846D7
:10F1700017461E4643D8C4F15003B3423FD3C6F1ED
:10F1800050031B1B93423AD350220021684608F0DB
:10F19000E5FD6B6CA86C22466946984728B16FF074
:10F1A0003304204614B0BDE8F081AC6946B16B6C05
:10F1B000A86C32460DEB040198470028EFD1344487
:10F1C000B8F1000F07D037B10DEB04003A464146C5
:10F1D00008F0CFFD3C44224669466846FFF7C9FE69
:10F1E000044638B969462846FFF76EFF044608B959
:10F1F00001232B6150216846E6F7CEF9D1E76FF085
:10F200003704CEE710B54C220446002108F0A6FDD5
:10F2100004F12000FEF7D6FA4FF0FF33236142F2EB
:10F220001073E36110BD10B5044660B12030FEF7E5
:10F23000CDFA4C212046E6F7AFF942F21073E361B4
:10F240004FF0FF33236110BD0023FFF78ABF2DE984
:10F25000F041054688B04FF020080F4614460021C3
:10F26000424668461E4608F079FDAB69C5E911744F
:10F270000BB9C5F818802C69002C05DAAC692F2C65
:10F280009ABF0134640800244FF48072694605F186
:10F290002000FEF7A1FA28B90E9A234631462846E7
:10F2A000FFF75FFF08B0BDE8F0812DE9F04190B0B5
:10F2B000B2F5806FDDF8588005460F4616461C46AD
:10F2C0005ED8B8F5807F5ED83022002104A808F00F
:10F2D00045FD2A69EB699A4201DC6B699BB12146C5
:10F2E00042462846FFF7B0FF044628BB05F1200838
:10F2F00036BB04A92846FFF7E7FE0446A0B92B69F0
:10F3000001332B6110E0B8F1000FEFD021464246E7
:10F3100004A8FFF72EFE044630B904A92846FFF7DB
:10F32000D3FE04460028E1D0302104A8E6F734F9E2
:10F3300010216846E6F730F9204610B0BDE8F081AC
:10F3400005F11002AA4206D012F8013D0133DBB2EA
:10F350001370002BF6D06B462A4601214046FEF77B
:10F36000A7FA04460028DFD1102E344628BF102407
:10F3700038462246694608F0FCFC2744361BB7E7AE
:10F380006FF03504D8E76FF03704D5E707B50023F1
:10F390000093FFF78AFF03B05DF804FB2DE9FF41FE
:10F3A000DDF828801D46164643462A4604460F4689
:10F3B000E6F704F848B9CDE90180009504F11C0393
:10F3C0003A4631462046E5F7EBFF04B0BDE8F08150
:10F3D000F7B50D460446083568461646FFF70EF8A1
:10F3E00000212846FFF77AF9211D07462A4668467C
:10F3F000FFF75AFA044648B9002F0CBF002206F066
:10F40000010269462846E5F7C5F904466846FEF755
:10F41000FAFF204603B0F0BD70B50C460546114614
:10F4200020461A46FFF73DFA064630B9043529460C
:10F430002046FFF70BF9002801DA304670BD2A4656
:10F4400021462046FFF7ABF90028F0D00646F4E746
:10F4500010B50446FEF7D7FF04F10800FEF7D3FF0E
:10F4600004F11000BDE81040FEF7CDBF13F07E0F91
:10F470002DE9F0470C4615460CBF4FF0010A4FF03E
:10F48000000A07465246294620461E46C3F3450851
:10F49000E5F780F948BB04F10809524605F1080177
:10F4A0004846E5F777F900BB08F1FF33D3F10008D0
:10F4B00048EB0308424605F118012046E5F76AF9D2
:10F4C00098B9424605F120014846E5F763F960B96D
:10F4D000F20921463846FFF77BFF30B904F11000EE
:10F4E0000121BDE8F047FFF710B8BDE8F0870346FB
:10F4F000C06920B15B6A002B14BF01200220704755
:10F5000010B50446FEF77AFF04F10800FEF776FF17
:10F5100004F11000BDE81040FEF770BF38B50025BB
:10F52000044600F8045BFEF769FF04F10C00FEF7E7
:10F5300065FF04F11400FEF761FF04F11C00FFF702
:10F54000DFFF04F13400FEF759FFC4E90F55C4E9A9
:10F550001155C4E91355C4E91555E56538BD08B121
:10F56000FFF776BF704770B5044658B3436C012B64
:10F5700011D00C30FEF747FF04F11400FEF743FFF3
:10F5800004F11C00FFF7EBFF04F13400FEF73BFF32
:10F59000201DFEF738FFA36D8BB920466021BDE822
:10F5A0007040E5F7F9BF06FB0500FFF7D8FF01350E
:10F5B000D4E91603AB42F6D8FEF713FFEDE70025BA
:10F5C0001826F5E770BD38B504460D46FEF768FF0E
:10F5D00070B905F1080104F10800FEF761FF38B9C0
:10F5E00005F1100104F11000BDE83840FEF758BFE6
:10F5F00038BD08B500211030FFF770F8B0FA80F080
:10F60000400908BD2DE9F041202B8AB00546884607
:10F6100017461E460BD90920E5F74CFF02AB3246D0
:10F620003946E5F7A5FF044628BB02AF20262C6922
:10F630008DF804808DF8056084B90920E5F73AFF5C
:10F64000224601462846E5F73DFF044698B928467C
:10F65000E5F764FF044670B901232B61022201A97A
:10F660002846E5F769FF044628B932463946284658
:10F67000E5F762FF044602A82021E5F78DFF20464A
:10F680000AB0BDE8F0812DE9F0430023A3B006469F
:10F6900005461F466FF03B049946726997420BDBA3
:10F6A000002B08BF6FF03C0402A88021E5F774FF2F
:10F6B000204623B0BDE8F083D5F82880AC69E8691E
:10F6C000CDF80490B8F1010F18BF9846802201AB25
:10F6D00002A9A04704460028E6D1019B53B102AA23
:10F6E000F9B23046FFF78EFF0028E2D12B6A019A6B
:10F6F00013442B62013714354346CEE703690133C7
:10F7000010B504460BD000F0A4F800236361282153
:10F7100004F11800E5F740FF4FF0FF33236110BDFF
:10F7200030B54569012D0BDC142404FB05040135BB
:10F730006362039BA362C4E906124561002030BDE9
:10F740006FF03D00FBE72DE9F041202A88B0054627
:10F750000F46164676D840F201186B69002B6ED022
:10F760002846FFF790FF0446002848D1D5F814E05A
:10F7700002462B460120A6454FDC002847D01F2A11
:10F7800045D920220021684608F0E8FA6946284653
:10F79000E5F7E0FE044690BB284600F05AF82846FC
:10F7A00000F053F80920E5F785FE22460146284679
:10F7B000E5F788FE044610BB2846E5F7AFFE044691
:10F7C000E8B9202269462846E5F7B6FE0446B0B9F6
:10F7D0000920E5F76FFE6B4620226946E5F7C8FE73
:10F7E000044660B96A690346142105F120002546E4
:10F7F0009A421EDC32466946384608F0BAFA2021A1
:10F800006846E5F7C9FE204608B0BDE8F081B8F1CA
:10F810000108A2D16FF03B04F1E7D3E908C18C45A0
:10F8200038BF0020996A012908BF624401341433AB
:10F83000A1E701FB03FC013340F80C50D8E76FF05F
:10F840003F04DCE76FF03B04DDE71022002108F005
:10F8500085BA10B50446C0B10368B3B1806838B149
:10F860001B78092B01D1FEF73BF9A068FEF7B9FD23
:10F87000E06820B123689978490000F01BF8204621
:10F880001021BDE81040E5F787BE10BDF0B500249B
:10F89000261DB34202D29C4206D3F0BD0D59175922
:10F8A0007D4005513446F3E70D5D165D7540055505
:10F8B0000134F0E710B5044608B1E5F76DFE2046C7
:10F8C000BDE81040FEF78DBDF0B506469DB00F4671
:10F8D00015461C46D3B901A8FEF700F9214601A838
:10F8E000E2F7A2FD044658B93A46314601A8FEF7B0
:10F8F000F9F8044620B9294601A8FEF7FAF80446AB
:10F9000001A8FEF7EDF820461DB0F0BD6FF07304BE
:10F91000F9E750E8003F0B4340E80032002AF8D1F5
:10F920007047C94350E8003F0B4040E80032002ACE
:10F93000F8D17047431E032B06D8DFE803F002041A
:10F94000020403207047042070477047CB691847B2
:10F95000704770470020704770474FF000007047B5
:10F9600000207047704770470020704700207047A4
:10F97000002070470020704700207047704700202B
:10F9800070470020704770477047002070477047ED
:10F99000704711207047002070474FF0FF307047CC
:10F9A0000020704770477047002070470020704764
:10F9B0004FF0FF3070471120704700207047012042
:10F9C0007047002070470020704700207047704744
:10F9D0007047704701F0E4B938B50446FDF7E9FC1B
:10F9E000D4E9101205462046E5F7E2FDE18C228DB0
:10F9F000E060521A40F2712101FB020303F59C53AF
:10FA0000083323612846BDE83840FDF7D8BC08B567
:10FA10002030FFF77EFFBDE808404FF08050ECF744
:10FA2000DDB838B504460D460830E7F76FFB2946C8
:10FA30002046E9F747FCE06E0025E56110B1E6F7E6
:10FA4000B1FCE56604F15000BDE8384008F0EFBFB6
:10FA500038B5044619B390F838208AB190F8393097
:10FA60000133DBB29A4280F8393009D10121FFF726
:10FA7000D8FF4FF080712046BDE83840FFF7C7BF80
:10FA8000236ADA030BD5E36B62689B1A002B06DA54
:10FA900001212046FFF7C5FF4FF08061EBE7236AA5
:10FAA0001B0426D402F01DFD1123B0FBF3F303EB7E
:10FAB0000313C01A94F9613085B213FA80F010284C
:10FAC00088BFC5F110056DB2083B2B4484F8613046
:10FAD00020460121E9F7F6FBE28C63682A4440F2F4
:10FAE000712101FB023363602046BDE83840E9F72D
:10FAF00099BB0025ECE72DE9F84F1D46C369DDF8F9
:10FB000030809DF838909DF840B09DF850A00F4689
:10FB100004469DF848101646002B40F0D180EB06B5
:10FB200000F1BE8005F00303032B08BF05F0FD05BF
:10FB300005F0F705BDF83C30A386A8069DF85400F3
:10FB400048BF05F0FC05FFF7F5FE47F6FF731BF015
:10FB5000020F84F83600A4F8783040F0A4801BF03F
:10FB6000040F00F0A28000F0FD00012814BF032361
:10FB7000042394F87F209DF8580063F3030284F86F
:10FB80007F20FFF7D7FE47F6FF738A0784F8370018
:10FB9000A4F8883000F18B804B0740F18A8000F098
:10FBA000FD00012814BF0321042194F88F30606EFA
:10FBB00061F3030384F88F30FFF7EAFE216C002223
:10FBC0002046E5F7F5FC40F271237343984279D85B
:10FBD00004F1200049F6FF71FFF7A3FEFF2384F82C
:10FBE0005430BAF1000F03D0236A43F480532362E8
:10FBF000290705D5236A062643F484132362374672
:10FC0000236A6A0723F4C04323620CD419F0010F5E
:10FC10001CBF43F400532362236A19F0020F1CBF78
:10FC200043F480432362236AA5852B43236204F1B6
:10FC30002E03B8F1000F3ED0D8F80020C4F82E20D3
:10FC4000B8F804209A809DF82C30012B03D14FF492
:10FC50008061FFF75EFE236A9DF8282023F440733D
:10FC600043EA0223236202F03CFC94F860309DF8E2
:10FC70004C2084F85F0023F00F03C0F303200343FC
:10FC800062F3071384F860309DF83430E78420462F
:10FC9000268584F82A30FFF79FFE0020BDE8F88F04
:10FCA00001218B4646E7022363E7012361E7022136
:10FCB0007BE7012179E7C4F82E80A3F80480CAE726
:10FCC0000C20EBE74520E9E72DE9F7438946174685
:10FCD0000193044630B901A808F0A9FE422003B000
:10FCE000BDE8F083012920D0022910D089B9C36969
:10FCF000C3B900F140054FF40036236AD9061ED57A
:10FD00005A0726D501A808F092FE0020E7E7406ECA
:10FD100020B901A808F08BFE0C20E0E71946FFF798
:10FD200038FEDCE700F14805E5E7C36923B900F1D7
:10FD300044054FF48026E0E700F14C05F9E79B0706
:10FD400007D5B9F1000F04D101A808F070FE122008
:10FD5000C5E704F1200840463146FFF7E2FDF80709
:10FD600002D5284608F063FE019921B1284608F023
:10FD700045FF00230193286808F0DEFE236AD906B8
:10FD800005D51F2801DC032F16D02846DDE740F2F9
:10FD90007262904204DD284608F049FE07209EE783
:10FDA000B9F1000F08D1BF2806DD9A0704D0284614
:10FDB00008F03DFE452092E7D4E912122046E5F70F
:10FDC000F7FBE3696BB1E38C40F271225343984235
:10FDD00007D9238D8342EAD300F51C70B0FBF2F003
:10FDE000E084FDF7E6FAE36905467BB1BB070DD574
:10FDF00031464046FFF78DFD6368C3F57A7602F021
:10FE0000ACFBF04202D52046E9F754FB2846FDF74B
:10FE1000D6FA7AE738B50D460446C8B1E90704D5E5
:10FE20004FF400112030FFF774FDAA0705D54FF4F9
:10FE3000000104F12000FFF76CFD6B0701D40020E6
:10FE400038BD4FF0006104F12000FFF762FDF6E7D6
:10FE50004220F5E738B50D460446C8B1E90704D598
:10FE60004FF400112030FFF75CFDAA0705D54FF4D1
:10FE7000000104F12000FFF754FD6B0701D40020BE
:10FE800038BD4FF0006104F12000FFF74AFDF6E7AE
:10FE90004220F5E7E5F772BE38B5C36904460D4662
:10FEA0003BB1036A13F0010011D194F82430FE2B0A
:10FEB0000CD004F120004FF48001FFF72AFD2B68DD
:10FEC000C4F85530AB88A4F85930012038BD002063
:10FED000FCE7036A10B5044613F4602030D09A039F
:10FEE00007D504F1400008F0A2FDA36C23640023B1
:10FEF000A364236A5B0307D504F1440008F097FD6F
:10FF0000E36C63640023E3644FF4602104F1200098
:10FF1000FFF707FD2046FFF75FFD94F8602094F897
:10FF20005F3002F00F0143EA0123013384F85F30B0
:10FF300022F00F02C3F303231A4384F86020012048
:10FF400010BD10B50446503008F058FE20464FF062
:10FF50000071BDE81040FFF75ABD50E8003F0B4369
:10FF600040E80032002AF8D17047C94350E8003F0A
:10FF70000B4040E80032002AF8D1704738B50446FB
:10FF8000D0F8A00010B9D4F8A40058B194F83751B3
:10FF900008F07EFD05F00F0581B206312846EAF72C
:10FFA00099FB80B2B4F8783040F27122534300F5E7
:10FFB00048709842B8BF184638BD38B505460C465B
:10FFC00002F051FB20B149F640439C4228BF1C4639
:10FFD000EA68A2420BD2B5F87A3040F271214B4365
:10FFE000934238BF1346A34228BF23461A462A61CC
:10FFF00038BD034644309A6A920404D5D3F82821C8
:020000023000CC
:10000000998FEBF73FBB93F86F10EBF731BB0020F4
:100010007047012070470020704700207047012082
:100020007047C82070470020704700207047704715
:100030007047112070477047704700207047704725
:10004000002070477047012070477047704790F854
:100050008520531C03F00F03072B28BF002363F3F5
:100060000302034410B580F8852083F87E1090F8D1
:1000700085306F2B4FEA131298BF013204469CBFA4
:1000800062F3071380F88530FFF7E0FF94F837112B
:10009000204601F00F01FFF7CBFF10BD70477047FE
:1000A000704700207047002070470020704710B153
:1000B00001F1B000704701F1D4007047F83070478B
:1000C000806A70472830FFF748BF2830FFF74DBFE0
:1000D000C06A70472C30FFF740BF2C30FFF745BF98
:1000E00000F59C70704708B50B79DB0702D4FFF769
:1000F000D5FF08BDBDE8084091F90510FFF7A7BF7F
:1001000002290346808F11D0032909D0012906D185
:100110001A8F5B6B1201B2FBF3F3184480B2704785
:100120005A6B4FF47A43B3FBF2F3F6E75B8F073079
:1001300000EB4300F2E770B540F27126456806FB1C
:1001400001F35643826A1D441207044645600ED5EA
:1001500000F1400500F134022946E7F7FBFB334686
:10016000294620460122BDE8704001F054BA05EB53
:100170005605456070BD836A590505D4D0F8A03096
:1001800013B15B799A0708D4D0F8A40000B970477E
:1001900043799B0701D40068F8E70120704780F895
:1001A0007710704738B5044601F047FC04F1A4000D
:1001B00008F03DFC04F1A80008F039FC04F1AC00A3
:1001C00008F035FC04F1A00008F031FC2046E5F70A
:1001D0003FFEC4B22046FFF7C7FB05462046FFF7A7
:1001E000C5FB01462846FFF7BEFB38BD38B5836A1C
:1001F0001B07044613D50246B0F87C3052F8341F72
:100200004B4340F271214B4300F14001E7F7A2FB61
:10021000236C20469D08FFF7B1FE2844E060616B27
:1002200040F27125013969432046FFF7C6FE20469A
:100230000121E9F747F8636BB4F87C205A436368FF
:1002400005FB023363602046BDE83840E8F7EABFAB
:10025000B0F8303110B5A0F834310446E5F7F8FDB8
:10026000C0B2FFF7DEFE94F8373194F8362103F080
:100270000F0304F1440102F0EFF9EAF771FAB4F95F
:100280003021824205D0A4F83001EAF711FFA4F82A
:100290003201B4F93421B4F930319A4209D0A36A59
:1002A0009B0306D520464FF40041BDE81040E5F71A
:1002B000E5BD10BDFFF7CCBF836A0A4600F14401DB
:1002C000C3F34030EBF788B910B5A0F87810A0F868
:1002D0007A200446FFF752FE2169E0602046BDE81F
:1002E0001040FFF76ABE38B504460D463AB94FF4E0
:1002F000C0212830FFF739FE9DB9002038BDFFF737
:100300009CFE98B128344FF4C0212046FFF72DFE03
:100310001DB14FF40031FFF720FE4FF4802120463D
:1003200001E04FF40031FFF718FEE6E71120E5E7A2
:100330002DE9FF41836A9B0304462CD5B0F9308137
:10034000B0F934710020EAF7A7FF8045CCBF002543
:10035000012502F086F994F83711C82201F00F0147
:10036000EAF7A4FF06462046E5F772FDB04594F88B
:100370003711A8EB0707B4BF002601263FB245EAB4
:1003800046050023CDE9008502971A4601F00F01CA
:1003900080B200F0B7FC04B0BDE8F081FFF7C8BF41
:1003A00086307047F8B504460E4600295AD0476B90
:1003B00040F271235F43A7F28A277F08394630460F
:1003C000EAF798F994F88E30851FADB29D42394610
:1003D0003046A8BF1D46EAF78DF994F88F20B4F88F
:1003E0008610831F9BB29342A8BF1346F21E012AB8
:1003F000B4F888202BD8B1F5296F44F29020B8BF0B
:100400004FF429618142A8BF0146B2F5296FB8BFF8
:100410004FF429628242A8BF02461B2DB8BF1B259C
:100420001B2BB8BF1B2384F8913084F89050A4F89C
:100430008A10A4F88C203046EAF75CF9831F9BB23F
:10044000AB42A8BF2B46DBB284F89230F8BDB1F5C1
:10045000A47FB8BF4FF4A471B2F5A47FB8BF4FF426
:10046000A472DAE71B23EFE770B54900466B89B247
:100470008E4204461FBF4068616340F2712505FB50
:10048000060018BF05FB1100658F1ABF60600121CF
:1004900000219542208F17D08342628700D02387A6
:1004A000238F94F83711626B204601F00F011B0176
:1004B000B3FBF2F3A4F89C30FFF774FF204604214D
:1004C000BDE87040E5F7DABC8342E8D1A36A1B07B8
:1004D000E6D50029E4D170BDF0B585B004460E46DE
:1004E00000F186036A4600F18E07186859681546C0
:1004F00003C50833BB422A46F7D1186828609B8899
:10050000AB8031462046FFF74DFF9DF80B2094F855
:1005100091309A4211D1BDF80620B4F88C309A423D
:100520000BD19DF80A2094F890309A4205D1BDF87D
:100530000420B4F88A309A4207D04FF48141204613
:1005400005B0BDE8F040E5F799BC05B0F0BD37B5A2
:100550000446BDF8180094F88E508D420BD1B4F8C3
:100560008650954207D194F88F509D4203D1B4F83C
:10057000885085421DD08DF80610ADF8042084F80F
:100580008E1094F83711019D84F88F30A4F88800FC
:10059000C4F84051A4F8862001F00F012046FFF76F
:1005A0009BFFB4F88A30A4F88630B4F88C30A4F8F5
:1005B000883003B030BD90F8373170B503F00F03C9
:1005C000044616460D46D9B18B4219D00122FFF7D9
:1005D00032FD294600222046FFF72BFD94F83731E3
:1005E00065F3030384F8373105F00F012046FFF768
:1005F00073FF20464FF48441BDE87040E5F73EBCF0
:1006000019462046FFF768FF002EF2D170BDF8B5FD
:100610001D46C36A5B0704460F46164610D40421E4
:100620002C30FFF79AFC84F89A70A4F89660A4F82E
:10063000985020464FF40061BDE8F840E5F71EBC35
:10064000F8BD10B511B190F89A400C7012B1B0F825
:100650009610118013B1B0F898201A80C06AC0F3C8
:10066000800010BD4FF400412830FFF776BC00F544
:10067000A270704790F8370100F00F00704770B516
:100680000446FCF796FE6568064601F066FF2D1AE3
:10069000B5F5FA7504D53046BDE87040FCF78FBE5D
:1006A000636B94F8701040F271225343B5FBF3F57D
:1006B000A38FAAB29B1AA38794F86F3002FB113361
:1006C000252193FBF1F001FB1033002BB8BF5B1821
:1006D00084F86F30B4F89C309B1AA4F89C30204604
:1006E00000211546E8F7EEFD636B5D43636840F259
:1006F000712202FB153363602046E8F793FDCAE7D9
:100700002DE9F3474E790446B0074FF0000358BF78
:1007100006F0010608460D46ADF8043054BF013618
:100720000326FFF71AF9074607F01F03002BE36AB9
:1007300015BF4FF001084FF000084FF003094FF0CC
:10074000020999050CD59DF8043066F3010368F39E
:1007500045138DF80430019A2946204600F08EF9A1
:10076000284608F0E9F949468246284608F09FF9EC
:100770009DF80430AA798DF805A066F3010368F3AB
:1007800045130C328DF80430BDF80430AB529DF89F
:100790000430A9189A066B7948BF8F7043F00103A3
:1007A0006B71FCF706FE06462046294650F8A48FDA
:1007B00008F024FA94F84631013384F84631A36AEC
:1007C0001B070CD5B4F87C30012B02D92046FFF76B
:1007D00056FF304602B0BDE8F047FCF7F0BD656853
:1007E00001F0BBFE0746E8F75FFE8442F1D1ED1B46
:1007F000B5F57A7FEDDDB8F1000F03D0D4F8A03065
:10080000002BE6D1E9F7E8F9E3E708B5022008F0A4
:10081000D3FA10B100F045FE012008BD10B54FF429
:10082000407104462830FFF7A0FB20460021BDE8B8
:100830001040E5F7A5BF012310B5A1F12002C1F1D9
:10084000200423FA04F403FA02F222438B40D0E995
:10085000084123400A40134314BF0120002010BD6B
:10086000C36A10B5044613F0080012D00123A1F1A9
:100870002002C1F1200023FA00F003FA02F2024341
:100880008B40D4E9080103400A40134314BF012000
:10089000002010BD10B50C46C9B2FFF7E1FF70B1E2
:1008A000E7F744F8C4F12002A4F12003E04001FA84
:1008B00002F2104321FA03F3184300F0010010BDC7
:1008C00070B504460E46E7F763F9FCF772FD84F84D
:1008D0007760054602212046E5F7D0FA2046002140
:1008E000E8F7F0FC2846BDE87040FCF768BD70B53D
:1008F00004460D46FCF75DFD0646E8F7D5FD84424B
:1009000001D1E9F749F93046FCF759FD294620465F
:10091000BDE87040FFF7D4BF0B68C0F840317047A6
:1009200038B5D0F840310B6040F648059BB2AB4279
:100930000C4604D90B21FFF7ADFF08B9258038BD5F
:1009400044F290232380FAE708B500F0FBF8E5F7BE
:10095000FFFB00F046FB00F008F8E7F751F8E7F777
:100960000DFEBDE80840E7F789BE704770B5154633
:100970000E461C46FFF7A2FB2B684EB103606B6866
:1009800043602368C0F825302368C0F8153070BD77
:1009900083606B68C3602368C0F829302368C0F89F
:1009A0001930F4E770B50546FFF788FB0446FCF7FD
:1009B00000FD4FF4807106462846FFF783FB4FF495
:1009C00000612846FFF786FB3046FCF7F8FC002361
:1009D00023612375236284F824302846FFF770FBD7
:1009E000802310F0080F14BF237584F8243070BDE5
:1009F00010B50446FFF712FF20461021BDE8104055
:100A0000E5F73CBA10B54FF460610446FFF765FBAB
:100A10002046BDE81040FFF701BF7FB506460C46F3
:100A2000FFF74CFB4FF4C06105463046FFF752FB21
:100A30004FF400613046FFF750FB4FF48060E6F75B
:100A40001BFF224670B969462846E6F77FFA6B46D7
:100A500005F1100213F8011B02F8011DAA42F9D199
:100A600004B070BD6C4602F1100610685168234650
:100A700003C30832B2421C46F7D1E8E7F0B587B0AD
:100A80000D46ADF80C20FFF719FB0446284608F088
:100A900053F8064600B32846E6F796FA9DF80C3060
:100AA00005AF03F02303224631460093019704F17A
:100AB0002003FDF778F82846E6F79CFA0422394629
:100AC000284608F077FA236A0133236223B994F8A1
:100AD0002430013384F8243007B0F0BD30B585B040
:100AE0000391ADF80820FFF7E9FA0446039808F0EF
:100AF00023F8051F002D02DC002005B030BD03984F
:100B0000E6F762FA431901939DF8083003F02303D6
:100B10000093224604F110032946FDF735F800281A
:100B2000EAD10398E6F766FA042103A808F0A6F8CC
:100B30002369013323610BB10120DEE7237D0133FB
:100B40002375F9E708B54FF40060E6F795FE40B964
:100B50004FF48050E6F790FE40B9BDE80840EAF750
:100B6000DDBDFFF79EFA0028F2D008BDFFF79DFA21
:100B70000028F2D0F9E741F0004141F4E0210160A2
:100B8000704707B501A8019107F051FF002003B09D
:100B90005DF804FB7047704700207047704770474E
:100BA00010B5DC1D043383734379C47123F0030350
:100BB00043F003030E244371012344738371C37311
:100BC0000182827410BDD31CC3713E2343734379E9
:100BD000827323F0030343F0030343710123837102
:100BE000C17370470F234373042383734379A0F8C1
:100BF000111023F0030343F00303437140F2017328
:100C0000C38001230374C2737047D31CC37143793B
:100C1000417323F0030343F0030343710123827301
:100C20008371704708B50023FFF7BAFFBDE808409D
:100C3000E6F7CEBA2DE9F8438046022089461746EA
:100C40001E4608F0B9F8D0B14579A0F810800C2301
:100C500043730823837325F0030540F60133C380F3
:100C600045F003059DF82030457180F81290A0F8FA
:100C70001370A0F81560C373E6F7AAFA0120BDE867
:100C8000F88308B5022008F097F830B1012211214D
:100C9000FFF799FFE6F79CFA012008BDF8B50F466B
:100CA0001646132109221D46FFF78DFF837904465E
:100CB0000C331C44A170E77026712B68C4F8053012
:100CC000AB88A4F80930BDE8F840E6F781BA70B502
:100CD000064602200D4608F06FF8044668B114215C
:100CE0000422FFF770FF83790C331C44A170A4F831
:100CF00003606571E6F76CFA012070BD08B501F07C
:100D000099FD08BD2DE9F041074602200D469046A9
:100D10001E4608F051F80446E0B109222121FFF7F0
:100D200052FF83790C331C440A22BDF9183093FB1F
:100D3000F2F323729DF81C30637284F80380BDF9CE
:100D40002030A78093FBF2F3A671E571A372E6F75A
:100D50003FFA0120BDE8F08137B5044607F0ECFE0C
:100D6000A3790C33E518C0B23E22E254831E6B70A7
:100D70000D23AB70AB798DF807301C38012BE8766A
:100D800009D100231A46E91D0DF10700FEF70AFEFE
:100D90009DF80730AB712046E6F71AFA03B030BD74
:100DA000704710B5E6F74EFA83790C33C41800216A
:100DB000E078E4F769FC6168FFF72CF80446E6F791
:100DC00047FA22460023BDE810404FF61941FFF7CD
:100DD000E7BE10B5E6F736FA83790C33C418002164
:100DE000E078E4F751FC6168FFF734F80446E6F771
:100DF0002FFA22460023BDE810404FF61A41FFF7B4
:100E0000CFBE70B5E6F71EFA002186790446FE20B3
:100E1000E4F73AFC0546E7F7CFFD50B10C24E6F7BE
:100E200017FA22460023BDE8704042F20501FFF7A1
:100E3000B7BEE7F707FE0028F0D134440F342DB1D8
:100E400021462846FFF728F80028E7D02046E6F795
:100E50005FFC0024E3E72DE9F041E6F7F3F983793D
:100E60000C33C4180025E678E6F7ECF90768E6F7D6
:100E7000E9F9A6F1FE035942594105603046E4F70D
:100E800003FC22793B462946FEF71EFF0446E6F79F
:100E9000DFF92B46224642F23701BDE8F041FFF769
:100EA0007FBE2DE9F041E6F7CDF983790C33C41804
:100EB0000025E678E6F7C6F90768E6F7C3F9A6F174
:100EC000FE035942594105603046E4F7DDFB2279C3
:100ED0003B460121FEF7F8FE0446E6F7B9F92B463A
:100EE000224642F23801BDE8F041FFF759BE2DE934
:100EF000F047E6F7A7F983790C33C418277994F8FB
:100F0000038027B9B8F1010F27D0E4F71FFE05349D
:100F10000026BE420ADB0025E6F79AF92A4600239E
:100F2000BDE8F04742F23901FFF73ABE2078B4F845
:100F3000015094F80390A0F1FE0359425941043442
:100F4000E4F7A2FB58B12A464B464146E4F7FAFCC7
:100F500005460028E0D10136DBE71225DCE7422513
:100F6000DAE710B5E6F76EF983790C33C41800217F
:100F7000E078E4F789FB80B1211DFEF78DFF0028A2
:100F80000CBF0C240024E6F763F922460023BDE8D9
:100F9000104042F23501FFF703BE4224F3E7FE287A
:100FA0002DE9F8430646894690461F4616D0022092
:100FB00007F002FF044690B106221221FFF703FE5C
:100FC000A5790C3525441223AB7085F803902E715A
:100FD000A5F80580EF712046E6F7FAF80120BDE894
:100FE000F883704710B5E7F7E7FC0446FEF7CDFC41
:100FF0002043C0B210BD38B5E6F724F98379C17932
:1010000003F10C020244CB1A02200021B2F8035073
:1010100007F0FDFF044640B9E6F71AF90722BDE8DC
:10102000384042F21901FFF7DDBD2846E4F7FCFE27
:1010300038B12146E7F7B6FA0446E6F709F9224641
:10104000EDE72046FBF7A0FB0224F6E770B5E6F7D4
:10105000F9F883791844B0F80F60B0B2E4F7E4FE11
:1010600080B1002100F06EFE0546E6F7F1F8044677
:1010700002232A4642F21B01FFF792FDA3791C448A
:10108000668270BD0225F0E770B5E6F7DBF883797C
:101090000C33C418B4F803502846E4F7C5FEA0B1D9
:1010A000611D00F04FFE0646E6F7D2F80446022323
:1010B000324642F21A01FFF773FDE37923449D7231
:1010C000E3791C442D0AE57270BD0226ECE710B5E9
:1010D000E6F7B8F883790C3318444479B0F8030084
:1010E000E4F7A2FE60B12146E7F738F80446E6F7D8
:1010F000AFF8E2B240F20641BDE81040FFF772BD22
:101100000224F4E770B5E6F79DF883791844B0F847
:101110000F50FCF74EF904462846E4F785FE80B1EF
:101120001621FFF7E4FB00252046FCF748F9E6F717
:101130008FF82A460023BDE870404FF60441FFF7C0
:101140002FBD0225F0E7F8B5E6F77CF884790C347A
:1011500004440546B4F80300E4F766FE064640B9C9
:10116000E6F776F80222BDE8F84042F21301FFF7F5
:1011700039BDAB79E97903F10C022A44CB1A02207C
:10118000002107F044FF014618B9E6F761F807228D
:10119000E9E78379033383713046B4F80D50B4F82E
:1011A0000F70E6F78FFF3A46044629463046FFF7B0
:1011B0008BF8E6F74DF82246D5E738B5FCF7F9F895
:1011C0000446FFF70FFF00280CBF0C250025E6F7AB
:1011D0003FF82A4642F20E01FFF724FDE7F75AFFD7
:1011E0002046BDE83840FCF7EAB810B5E6F72AF823
:1011F00083791844B0F80F00C0B2E5F765F9E6F757
:1012000027F80023BDE810401A4642F22401FFF7F8
:10121000C7BC2DE9F84381460220884617461E4682
:1012200007F0CAFD044690B10A220321FFF7CBFC68
:10123000A5790C35254400232046EB70A5F80490D1
:10124000A5F806802F816E81E5F7C2FF0120BDE879
:10125000F8832DE9F04385B0814602209DF8448053
:101260008DF80F200E461F4607F0A6FD0546002804
:1012700044D022222921FFF7A6FCAC790C342C445F
:1012800004F10E03002204F11401C4F80E203046CC
:101290009A806261228300913A460DF10F01FEF7B8
:1012A00082FB9DF84030E37006F00103A3719DF8C6
:1012B0000F30A4F80490E3713B68A360BB88A3815E
:1012C00016F0FD0F4FF6FF7304D0032E08BF434600
:1012D0004FF0FF08BDF830206283BDF83420A283B0
:1012E000BDF83820E2839DF83C2084F82020284671
:1012F00084F821806384E5F76BFF012005B0BDE829
:10130000F083F8B50746022016461D4607F054FD47
:10131000044690B10C220421FFF755FCA1799DF8F9
:1013200018300C31214420468F80C1F80660C1F886
:101330000A50CB70E5F74CFF0120F8BD70B50646AA
:1013400002200D4607F038FD044668B10322302123
:10135000FFF75BFCA3790C3323442046A3F803601A
:101360009D70E5F735FF012070BD70B5064602207F
:101370000D4607F021FD044688B104220821FFF73D
:1013800044FCA3790C332344B5FA85F25209204674
:10139000A3F803605A719D70E5F71AFF012070BD34
:1013A0002DE9F84381460220884617461E4607F07D
:1013B00003FD0446B0B10B220721FFF704FCA57919
:1013C000BDF820300C3525442046A5F80390A5F83B
:1013D0000580A5F80770A5F80960A5F80B30E5F7BA
:1013E000F7FE0120BDE8F883F8B5074602200E4657
:1013F000154607F0E1FC0446A0B10D220521FFF7D8
:10140000E2FBA3790C3323442046A3F80370A3F82E
:101410000D602A68C3F805206A68C3F80920E5F75B
:10142000D7FE0120F8BD2DE9FF410A9C16466A4609
:1014300080460F4603F1100E154618685968944609
:10144000ACE80300083373456246F6D124B90220A4
:1014500007F0B2FC044608B31D22ED212046FFF739
:10146000B2FBA3790C332344A3F80380A3F80D70D7
:101470002EB13268C3F805207268C3F809200F3313
:1014800004AE2A4603CAB24218605960154603F1F9
:101490000803F6D12046E5F79BFE012004B0BDE825
:1014A000F08113B5827901900C3213218154841894
:1014B0004FF44072C280E5F721FCA07020B901A86A
:1014C00007F0B5FA02B010BD8000013060700198DD
:1014D000E5F77EFEF6E770B5064602200D4607F0FA
:1014E0006BFC044678B104220521FFF78EFBA3793B
:1014F0000C33234400222046A3F803605D719A70E8
:10150000E5F766FE012070BD13B5837901900C33B9
:10151000C418C05CE4F788FC20B901A807F087FA7A
:1015200002B010BD6378019913F0300F8B7903F18D
:1015300004038B714B790CBF0122002262F300037C
:101540004B71E5F71DF9EBE72DE9F041E5F77AFE80
:1015500083790C33C418B4F803801FFA88F0E4F7D9
:1015600063FC054600B3A2796179FEF7BCFE06462E
:10157000E5F76EFE07460223324642F27A01FFF794
:101580000FFBBB793B443846A3F81280E5F720FEF9
:1015900046B9A37933B12846FFF76CF801462846CF
:1015A000FEF74DFDBDE8F0810226E1E700F05FBEE9
:1015B00050E8003F0B4340E80032002AF8D1704762
:1015C000704770B50E461546E4F7EEFD044648B97F
:1015D0003046E4F79FFB044620B92846E9F7C8FFE8
:1015E000044640B10020E4F7DFFD0020E4F792FB61
:1015F0000020E9F7BDFF204670BD4FF40010EAF768
:10160000EDBAE9F7AFB9E6F765B84368143B436054
:10161000A0230B6070471AB94268A2EB53024260E4
:101620000A6802EB83020A607047884210B518D836
:10163000052816D9B1F5486F13D8B3F5FA7F10D243
:10164000A2F10A0080B240F67644A04209D80133E4
:101650009BB24B435B00B3EBC20F94BF0120002051
:1016600010BD0020FCE7C94350E8003F0B4040E8B4
:101670000032002AF8D17047002070472DE9F04170
:1016800004460F4600264FF00108214686F001006F
:10169000FEF70DFD4FF48051FFF7E5FF836833B986
:1016A00040460EB1BDE8F08101268046EDE7028A92
:1016B000BA4206D100220121204698470028EFD1E6
:1016C000EFE70268D205EBD500221146F4E708B532
:1016D000FEF706FD00230380436008BD70B5064693
:1016E0000C46FBF766FE05463046FEF7F9FC30B1C6
:1016F00003781C4304704FF40070EAF76FFA284631
:10170000BDE87040FBF75BBEE5F73AB807B5427934
:101710008DF8071022F0030242F00302427140F2FA
:101720000332C2800DF10701012207F063F903B013
:101730005DF804FBF8B5174606460C461D46FEF755
:10174000C7FC020713D502213046FFF774F870B1C9
:1017500011212046FFF7DAFF2046E6F7C1F9457070
:10176000877021463046BDE8F840E5F709B82820E3
:10177000C5F120024FF08861A5F12003E94000FA8D
:1017800002F220FA03F311431943CB07E0D40D21F1
:101790002046FFF7BBFF2046E6F7A2F94770E0E7D7
:1017A00070B50C460546072120461646FFF7AEFFEA
:1017B0002046E6F795F9214646702846BDE8704078
:1017C000E4F7DEBF38B50C4600210546FEF798FC6D
:1017D000241AA4B247F6FE739C4205D92846282154
:1017E000FFF76EF8002038BD0120FCE738B504464D
:1017F0000D4601460020FEF75AFC03689B0505D400
:1018000029462046BDE83840FFF7DCBF002038BD40
:101810002DE9F04115469DF818801F46FEF747FC5C
:101820000446FBF7C6FDB8F1010F064623D154E884
:10183000003F43F4807344E80032002AF7D105B337
:1018400054E8002F42F4007244E80023002BF7D143
:10185000FF212046FFF707FF54E8002F48EA020265
:1018600044E80023002BF7D1A56027823046BDE86D
:10187000F041FBF7A4BD4FF480712046FFF7F3FE63
:10188000DDE74FF400712046FFF7EDFEE0E773B5AA
:10189000064601200C46FEF70AFC0023054600938D
:1018A0001A4621463046FFF7B3FF6B6863B14FF429
:1018B00080712046E4F7E2FA55E8003F43F40073F4
:1018C00045E80032002AF7D1FBF773FD05462046B4
:1018D000FEF706FC28B103881BB14FF40070EAF74D
:1018E0007DF9284602B0BDE87040FBF768BD38B509
:1018F00005460C46FEF7DBFB83684BB10221204610
:101900000022984721462846BDE83840FFF7BFBF70
:1019100038BD012938B505460C4608D0CC1E012C2F
:1019200003D801460120FFF7E2FF012038BD222144
:10193000FEF735FC20462946FFF7D9FF0020F5E7E2
:1019400008B5FEF7B4FB006800F0F00008BD10B564
:10195000014604460120FFF7F3FF20B92146BDE808
:101960001040FFF7EDBF10BD70B506460C460146AE
:101970000120FEF79CFB314605460020FEF797FB51
:101980002B680268014643EA0200C0051ED49B058D
:1019900002F4007203D49AB94FF0FF3070BD2B8A65
:1019A0001B1B98B27AB1098A091B89B28842A8BF69
:1019B00008464FF6FF73984208BF4FF0FF30EDE73F
:1019C0004FF6FF70EFE74FF6FF71EFE70120E5E715
:1019D0002DE9F34104460191014601201546FEF729
:1019E00066FB214606460020FEF761FB8046204646
:1019F000FEF766FB810606D501A807F018F80C2053
:101A000002B0BDE8F081FBF7D4FC33689A050746C5
:101A100003D4D8F800309B0509D50199301D8D609D
:101A200007F0ECF83846FBF7CAFC0020E8E7FBF7C4
:101A3000C6FC01992046A847E2E738B501460446AE
:101A40000120FEF734FB05460C3006F0F0FF281DA0
:101A500006F0EDFF21460020FEF729FB04460C307E
:101A600006F0E5FF201DBDE8384006F0E0BF70B588
:101A7000014605460120FEF71AFB0646043007F032
:101A800053F8044670B14FF400713046FFF7EBFD98
:101A9000A36821462846984720B12046BDE87040FB
:101AA000FAF772BE70BD0023C0E900318260704752
:101AB00008B50B4601461846FEF7F9FA0068C0F370
:101AC000402008BDFFF725BFCB1E012B70B5044693
:101AD0000D46164606D81A21FEF761FB4021204626
:101AE000E4F7CCF9324629462046BDE87040FFF7BE
:101AF00010BF38B504460D46FEF73DFB28B1012D59
:101B000004D122212046FEF74AFB002038BDF8B55B
:101B10008B790B440C46D3F80D60D3F81130324664
:101B20000746E4F70FFE09212046FFF7EFFD2046A8
:101B3000E5F7D6FFA579E5F7F9FE0C35254466F003
:101B4000FF060640C5F80160E5F7F0FE3846C5F827
:101B500005102146FFF7D8FD02213846FFF7BEFDEC
:101B6000F8BD70B50E46054601460020FEF79FFA07
:101B7000012E044603D0022E11D0012070BDC16891
:101B80008B7919440D312846FEF796FBE068FAF789
:101B9000FBFD0020E0602946FFF779FEEDE7C06815
:101BA000FAF7F2FD0023E360E7E738B50D46044697
:101BB00001460120FEF77BFA012D08D100F1120148
:101BC0002046FEF779FB21462846FFF760FE0120FC
:101BD00038BD08B5FEF774FAC0F3C00008BDF8B50B
:101BE0000C460746FFF7F5FF80F00106F6B23946CE
:101BF0003046FEF75CFA0546C068012C837903D0B5
:101C0000022C1BD00120F8BD0C33C41838462389A0
:101C1000E288A188FEF728FC61886278490089B2D1
:101C200052003846FEF787FAE868FAF7ADFD002360
:101C3000EB6039463046FFF72AFEE3E7FAF7A4FDEA
:101C40000023EB60DEE708B5FEF742FA00F0010082
:101C500008BD38B50C4602210546FEF73BFA0C21BB
:101C60002046FFF753FD2046E5F73AFF4FF0FF33DC
:101C700083700223C3700D2343706FF02F03037131
:101C80000523437121462846BDE83840FFF73CBD97
:101C9000042910B5044601D0002010BDFFF799FFBC
:101CA000C0F10200E5F7E8FD0028F5D107F084F85F
:101CB000014608B90220F0E72046E6F721FA00289D
:101CC000F8D10120E9E708B5FEF7FAF9C0F3C00042
:101CD00008BD2DE9F0410F4604469046FFF7F3FF9B
:101CE00080F00105EDB221462846FEF7E0F9012F0C
:101CF000064603D0032F0FD001200BE02046FEF74D
:101D000081FE22212046FEF74AFA28462146FFF7A7
:101D1000EEFD0020BDE8F081C068FAF735FD002334
:101D2000F3602046FEF76EFE5FFA88F12046FEF76C
:101D300036FA20462021E4F7A1F821462846FFF78D
:101D4000D6FDD9E737B504460D46FEF7C1F90305C0
:101D50004CD5022007F030F80190002848D02046EA
:101D600045B3FFF7B0FF50B105210198FFF7CEFC56
:101D70000198E5F7B5FE01992046FFF7C5FC20461E
:101D80002946FEF74AFE2046FFF79DFF78B94FF43B
:101D900000612046FEF799F906210198FFF7B6FC8D
:101DA0000198E5F79DFE01992046FFF7ADFC002064
:101DB00003B030BDFFF787FF68B101990323062206
:101DC0002046FFF7B7FC2046FEF71CFE21462846BA
:101DD000FFF78DFDEBE701A806F029FE20463D2127
:101DE000FEF76EFD2046FEF70DFEE0E70C20DFE774
:101DF0000720DDE7F7B5014604460020FEF757F956
:101E0000054600F112074FF48060E5F735FD50B943
:101E10002046E4F71DF8698B3A4680B203B0BDE86E
:101E2000F040FFF7E1BA2046E4F712F806462046F4
:101E30006D8BFEF743F900220346009229463A468D
:101E4000B0B2FFF7F0FA03B0F0BD83781A2B09D8CF
:101E50001B2383700288B2F5A47F07D24FF4A473CA
:101E6000038007E0FB2BF5D9FB23F2E744F2902334
:101E70009A42F5D87047F0B5CA798B7987B043EAB2
:101E80000223ADF80C308B888DF80E30CA788B7831
:101E900043EA02230446ADF8103003A80B888DF8FE
:101EA0001230FFF7D2FF04A8FFF7CFFF05A92046A5
:101EB000FEF736FD0B212046FEF7ECFC40F6480508
:101EC00044F29023002818BF1D469DF80E30BDF83F
:101ED0001460BDF81020BDF80C709DF816009DF838
:101EE0001210AF42D4BF00970095FB2BA8BFFB2375
:101EF000B242A8BF32468142A8BF01462046FEF743
:101F000026FB07B0F0BD37B5144605461046FFF76F
:101F1000FDFB2046E5F7E4FD01A904462846FEF74F
:101F2000FFFC0B212846FEF7B5FC6FF0040363703D
:101F30000023A37044F2902240F64803002818BF03
:101F40001346A4F803309DF80630A4F80530BDF818
:101F50000430A4F8073003B030BDFFF7DABC022923
:101F600073B505460C4603D00024204602B070BD70
:101F70000521FEF760FC0028F6D0E4F7ABFA1B2839
:101F8000F2D94FF40040E5F777FC0028ECD106F0D9
:101F900013FF06460028E8D001A92846FEF7C0FC3A
:101FA0009DF80630BDF8042031462846E6F77CFB54
:101FB0000028D9D10124D8E730B190FAA0F001234C
:101FC000B0FA80F08340D8B2704770B50646FEF78D
:101FD0007FF880F0400402060546C4F3801406D45E
:101FE00008213046FEF73CFC08B144F00204EB0542
:101FF00006D40B213046FEF733FC08B144F004044C
:10200000204670BD2DE9F843044691460F46FEF781
:102010005FF8C0F340152046FEF729FB21468046B5
:102020002846FEF744F8494606462046FEF7B7F82C
:1020300098F80110384601F00F0100F046FA062822
:1020400014BF014600212A462046FEF7B4FA214675
:102050002846FFF71CFC20212046FEF73EF856E8F4
:10206000003F43F4805346E80032002AF7D1BDE830
:10207000F883F8B50E4604461546FEF729F8032EF8
:10208000C0F340170DD0042E16D0012E12D12221FC
:102090002046FEF784F838462146FFF728FC00204A
:1020A000F8BDEAB200212046FFF7ACFF21463846D2
:1020B000FFF71DFC0120F3E70C22F3E7012910B51F
:1020C00004460BD1FEF704F82146C0F34010FDF79B
:1020D000EEFF0022817C2046FFF794FF012010BD17
:1020E0002DE9F7430F460546FDF7F2FF00F0200902
:1020F000C0F340182846FEF7BAFABB790C333B44CC
:102100005E789B781E400378C3F3030000EA131047
:102110003040FFF751FF044648B9B9F1000F06D12E
:102120002846FFF752FF3040FFF746FF0446284697
:10213000FEF7A0FAE8F7F2FAA04223D01CB302217E
:102140002846FDF7DDFF002106462846FEF72AF95E
:1021500018213846FFF7DAFA3846E5F7C1FCB6B27F
:1021600044708470A0F8036039462846FFF7CCFA23
:1021700000962346224629464046E6F7CFFA03B0AA
:10218000BDE8F08300242646E2E770B504460D461C
:10219000FFF7DDFB28B929462046BDE87040FFF770
:1021A0009FBF4028294620464FF01603BDE87040E7
:1021B00014BF2A222322FFF7BDBA38B505460C46C4
:1021C000FDF786FF830604D42046BDE83840FAF7C1
:1021D000DBBA21462846BDE83840FFF781BF73B51A
:1021E0008C790C340C4406460D46FDF771FFA2783D
:1021F000032AC0F3401014D0052A28BF00226378B8
:10220000032B10D0052B28BF0023B4F80310009136
:102210003146E6F783FA284602B0BDE87040FAF787
:10222000B3BA0022EBE70023EFE708B58B790B4444
:102230001B7B162B03D0172B05D0002008BDFFF702
:10224000A4FF0120FAE7FFF7B8FFFAE708B58B799A
:102250000B441B7B162B03D0182B05D0002008BD88
:10226000E6F786FA0120FAE7FFF7B9FFFAE77047C9
:102270001FB54A1E042A03460C465FD8012902D125
:10228000008804B010BD022905D100885B889842FF
:1022900038BF1846F5E74A00014601A805F069FD78
:1022A000032C07D10023ADF80A304FF6FF73ADF8C9
:1022B0000C3001E0042CF8D0BDF80620BDF8043045
:1022C000934284BFADF80630ADF80420BDF80A3063
:1022D000BDF80C20934288BFADF80A20BDF80A2053
:1022E00088BFADF80C30BDF80430934288BFADF81C
:1022F0000A30BDF80620BDF80C309A4288BFADF810
:102300000630BDF80820BDF80630934284BFADF812
:102310000830ADF80620BDF80A30BDF808209A4212
:1023200088BFADF80830BDF80820BDF806309A42E5
:1023300038BFADF80830BDF80800A2E74FF6FF70CF
:102340009FE7012804D0022804D030B9E7F730BE57
:10235000E7F71EBE0020E6F763BE704710B1012804
:1023600003D070470120E6F75BBE0020FBE7F7B51E
:102370001F468B1E012B05460C46164613D8FDF74B
:102380000CFB0023CDE90005F01A18BF01201A4606
:102390003946FDF710FB80B1022C0BD12846E5F73A
:1023A00091F9002004E00029F8D0012902D0FF2093
:1023B00003B0F0BD2846E5F7C9F90120F8E770B58C
:1023C0009DF810600D4600210446817106F10C0154
:1023D0004173111E03F00F00237B18BF012140EA57
:1023E000C11003F04003184320732B469DF81410CE
:1023F00004F10E00FFF7BBFF237B60F3861323730A
:102400002B686361AB882383A3790E363344E37171
:1024100070BD002313604369F0B513F01007058900
:10242000044603D00D4445600120F0BD4668701A93
:10243000B0EB050CF8D513F001000AD1D4E9037311
:10244000DB1B13EB0C0FF0D429448E1B166061606C
:10245000EAE73846E9E710B541898389C28904462D
:102460000846FFF7E2F8E0B1E279531E072B19D8CE
:102470006389934216D922899A4213D8237C43B99F
:10248000637C33B9A37C23B9E07C10B9237D0F2B87
:1024900007D9607D1B3000F01F000B288CBF002087
:1024A000012010BD0020FCE708B5E8F70FFCBDE8EF
:1024B00008400020E8F7F6BDC94350E8003F0B4054
:1024C00040E80032002AF8D17047022808D00428DA
:1024D00003D0012818BF0620704701F00101C81C75
:1024E0007047E9F745B90A2802D80130C0B27047F1
:1024F000242801D80230F9E7252805D0262805D060
:10250000272818BFFF207047002070470C20704715
:1025100008B5E8F77FF9BDE808404FF00060E9F73B
:102520005DBB08B5E9F72AF920B1BDE808401020E5
:10253000FFF7EEBF08BD70477047704770477047A0
:1025400000207047704770477047704770471046CB
:102550001946704700200021704704F057BEF1F77C
:10256000E1BA04F00BBF08B5E8F758FB20B1BDE8AD
:1025700008400420FFF7CCBF08BDF0B587B00D467A
:102580008DF80700164602B9A3B39DF80700294647
:10259000FDF717FA0446B8B99DF807002946FDF77C
:1025A00014FA40BB16B39DF80710003918BF01217B
:1025B0000DF10F022846E8F79BFFF8B99DF80F4090
:1025C000013418BF012416E004AF012239460DF191
:1025D0000700FDF7F8F904464EB19DF80730191EC3
:1025E00018BF0121002818BF3D46E1E70124FDF78F
:1025F000D7F900B90124204607B0F0BD4FF0FF34F1
:10260000DEE737B502460846136A03F4007403F4A4
:102610000015DB0505D47CB9E5F754F8204603B076
:1026200030BD4CB9D2F855100160B2F85920828003
:10263000B5FA85F46409F1E7019092F954300093FA
:1026400000231A4619461846B5FA85F4FDF7B3F982
:102650006409E3E770477047024619460020E8F72F
:1026600025BE002070470020704707B500214FF0BD
:10267000FF336A46084600938DF80430E8F7ACFF54
:1026800003B05DF804FB38B50546006806F071F844
:102690000446287900F01F0006F06BF82044C0B211
:1026A000012894BF0020012038BD70477047914237
:1026B00070B50D4614461E4609D2FFF712FF641B83
:1026C000013490FBF4F303FB14000544ACB23480F6
:1026D000FFF707FF33880133B0FBF3F202FB13006F
:1026E000049B188070BD7047704770470120704789
:1026F00008B5202000F00DFF003818BF012008BDEC
:1027000008B5FFF7F5FF20B1BDE80840202000F034
:1027100008BF08BD73B506460D461446D2B100F099
:10272000F5FEA84218D8304600F005FF014601909A
:10273000A0B100232A46204606F06FF901A806F052
:1027400076F92246022052F8041B00F0A1FE002078
:1027500002B070BD2220FBE72120F9E72D20F7E72A
:1027600008B5F9F743FD08B1012008BD00F064F891
:10277000F9F744FD0028F7D1EBF72AFD003818BF20
:102780000120F2E708B5E9F7D7F900280CBF0420CB
:10279000012008BDE9F7DEB90020704730B50446D6
:1027A00087B008461546FEF72EFF122200210DF1D4
:1027B000060005F0D3FAA3680293E3680393E38B62
:1027C000ADF81030238CADF81230ADF80450FFF79F
:1027D000E3FF029B8DF8140043F41053029300F0C2
:1027E00006FE18B1029B43F004030293029B01A86A
:1027F00043F480330293E5F751F810F0FF0516D14A
:10280000A38CADF800300DF10201E38CADF802307D
:10281000684600F06DFDE9F739FAFEF7F2FE012196
:1028200004F0DFFBEAF786FD284607B030BD40F232
:102830000C40FAE7E9F73ABAFBF77CBDE1F73CBD9B
:102840000120704770B50C46064611461D46E9F753
:10285000F5FA58B144EA06206FEA40406FEA50406A
:102860002A4680B2BDE87040E9F73CBA40F2064023
:1028700070BD83791A07014603D506220020E9F7C7
:1028800001BB9B0602D506220120F8E74FF0FF307E
:1028900070478379532B01D1E9F726BBFFF7E9BFD6
:1028A00070B5064614461D46E9F7C8FA10B900246B
:1028B000204670BD41EA06206FEA40406FEA504072
:1028C0002A46214680B2E9F72BFA0028F0D0EEE73D
:1028D00013B50446E9F7B2FA10B9002002B010BDF2
:1028E00008226B4611462046FFF7DAFF0828F4D18C
:1028F0009DF80230002BF0D09DF90300013018BF85
:102900000120EBE7704700207047532838B5054693
:102910000C4604D1BDE838400846EDF74DBE062010
:10292000FAF744F968B96379142D03F03F03637132
:1029300004D0722D08D163F03F036371A5710020AC
:1029400038BD40F20740FBE72120F9E71FB550F8FA
:102950000C4BADF8061094F870408DF80820ADF8D7
:102960000A3001AA069B8DF8044040F203510393FC
:1029700005F092FF10B906A806F059F804B010BD92
:102980002DE9F04186B04FF0000804460E46CDF820
:102990000C8000F14407154612B303A806F047F86F
:1029A000384606F044F884F81C8000230093324631
:1029B0002B461821204600F036FF05F588552046A5
:1029C00004AA50F80C3B059593F870308DF8103040
:1029D00040F2055105F060FF002006B0BDE8F0812F
:1029E00043691A0710D4A846384606F03EF8034655
:1029F0000390C0B903A806F01AF8384606F017F895
:102A00000023237755B1D0E723F00803436103A8DF
:102A100006F00DF8384606F00AF82577204600F053
:102A20007EFF0025CBE7997901F10C021A440531AC
:102A3000B2F80160B2F8032099712046314601F0E6
:102A400093FCCDF80C800028CED00546D2E72DE9C6
:102A5000F84F0E469DF828B091469A46054610B1AB
:102A6000037C012B60D0284601F095F9304601F037
:102A70000EFB002231468046284601F07BFB0746CC
:102A8000304601F0FDFD42F6052398421CD118F0B6
:102A9000300F26D1BBF1000F33D018F0200F3FD0FC
:102AA000BA073FD5EB8B002B38D153464A46314607
:102AB000284600F068FF0446E8B9EE8340F20A4178
:102AC000284601F076F916E0284601F019FA0028A8
:102AD000DDD0284601F029FA0028D8D041F212149E
:102AE00009E0B907D6D03146284601F0DFFB0028BF
:102AF000D0D000F58854284601F052F92046BDE8B0
:102B0000F88F18F0100F0BD0FB070BD553464A4631
:102B10003146284600F012FF0446ECE70524EAE7B8
:102B20002124E8E70224E6E70724E7E72DE9F04758
:102B300086B000259DF8389090F81CA00F9E057770
:102B400004460F469046B9F1000F09D00A46009698
:102B50004B46514600F067FE284606B0BDE8F087B8
:102B6000BAF1080FADF8169026D14589043DADB2F3
:102B70009D4232464FF002014FF00900A8BF1D46AA
:102B800000F0E2FD0222814605A93046ADF814703E
:102B900006F010FA2A464146304606F00BFA831C2E
:102BA000054689F8013031462046EBF7E7FCADF8E1
:102BB0001650BDF81600D0E7BAF10A0F0DF1160253
:102BC000CDE9016200930CBF0B210D214346012288
:102BD00000F04DFE1A28ECD1CDF8009011233A46B2
:102BE00051462046ADF8169000F01DFEE1E7F0B525
:102BF00089B017460025012204460E460393ADF81E
:102C0000165001F0E6FA8DF81500002846D130463E
:102C100001F057F910B1304601F015FA304601F0D5
:102C200046FAB8B103A805F002FF2046237F50F80A
:102C30000C2BADF81A6092F870208DF8182040F235
:102C4000025106AA8DF81C30ADF81E7005F024FE66
:102C500009B0F0BD0DF115030DF116023146204605
:102C600001F054FB9DF8153002465BB9BDF81630F3
:102C7000BB4235BF0723DB1B8DF81530D21928BFA7
:102C8000ADF81630039B01939DF815300093314643
:102C9000BDF816302046FFF749FFD9E72A46F1E78D
:102CA00070B504460D46164601F00BF940B933469F
:102CB0002A46214601F058FB08B100F5885070BD46
:102CC00041F20310FBE71FB550F80C4BADF80610AE
:102CD00094F870408DF80820ADF80A3001AA069BE0
:102CE0008DF8044040F20151039305F0D5FD10B971
:102CF00006A805F09CFE04B010BD1FB550F80C4BA3
:102D0000ADF8061094F870408DF80820ADF80A3040
:102D100001AABDF818308DF8044040F20451ADF816
:102D20000C3005F0B9FD04B010BDF0B585B0122728
:102D300003920777022205460E4601F04AFA04463E
:102D400068B103A805F073FE00232B7700230093DE
:102D5000324623461221284600F065FD0FE0039A13
:102D6000937903339371304601F0A1F948B1039B85
:102D700000933A46234631462846FFF7E7FD05B063
:102D8000F0BD42F6293001F0E2FBB04220D10398B9
:102D900030B903A805F04BFE00232B770D24D5E7AF
:102DA00005F0CAFE80B20128F3D1039B9A7913443F
:102DB0002846197B01F0DFF8044603A805F037FE2A
:102DC00000232B77002CC1D1284600F06FFDD6E7F9
:102DD0002246039B3146284601F0C6FA0446EFE737
:102DE0002DE9FF410392042204460D4601F0F1F95A
:102DF000074628B103A805F01AFE04B0BDE8F0812B
:102E0000039A93794FF0520803339371284684F85C
:102E10001C8001F04CF9064640B1039B00934246EA
:102E20003B4629462046FFF791FDE6E742F629306A
:102E300001F08DFBA842039B0BD19A7913442046E5
:102E4000197B01F098F803A805F0F1FD0023237722
:102E5000D3E732462946204601F086FAF6E72DE907
:102E6000FF418B790C330B440446B3F80170B3F87F
:102E7000038038460E4601F002F9002858D002229D
:102E80003946204601F0A5F90546E8B9384601F073
:102E90000EF968B116222277B3790533B37139463A
:102EA000009643462046FFF751FD04B0BDE8F0818F
:102EB000F9F700FC33461B680135EDB2002BFAD15F
:102EC0000635A8421DDC092504F1440005F0AFFDDC
:102ED00000962B463A461621204600F0A4FC092D08
:102EE000E3D1204602AA50F80C3B93F870308DF8DD
:102EF000083040F2055141F20913039305F0CCFC70
:102F0000D3E70121304606F020F801460028DAD048
:102F100004F1440005F072FEB3790533B371424603
:102F200033463946204604B0BDE8F04100F0CDBC40
:102F30000125C9E713B5044641B9443005F077FDD2
:102F4000204602B0BDE8104000F0E9BC43691822F9
:102F500013F00803027706D0002300931946FFF709
:102F6000F5FC02B010BD1A46194602B0BDE810408B
:102F7000FFF706BD7FB5C58B04462DB342F605208D
:102F800001F0E5FAA84207D10021204600F0D4FF65
:102F9000636923F00103636140F20A41204600F0B7
:102FA0000EFF00260DF10E0229462046ADF80E60F8
:102FB00001F0E0F8BDF80E200092034602222946F7
:102FC0002046FFF79AFEE68304B070BD2DE9F04776
:102FD0000E46BDF8209090461F46044618B941F2AF
:102FE0000110BDE8F087084601F049F80028F6D046
:102FF0006589033DADB24D4509D3CDF820804B46E0
:103000003A4631462046BDE8F047FFF720BD49204B
:10301000E7E72DE9F34105469846099F0C46164619
:1030200000F0B9FE2B7C012B24D0204601F03FF8A4
:1030300010B32A7F0C2A21D84FF4A853D340DB07C2
:103040001CD5002005F0B8FED0B19DF820300190CD
:1030500000933246434621462846FFF767FD3FB9B5
:103060000024284600F09CFE204602B0BDE8F08116
:103070003880F5E70724F4E72124F2E70224F0E79B
:103080001A24EEE7F7B504461F460E46154600F033
:1030900082FE237C012B58D0237F182B2CD0636910
:1030A0001B0713D5217F16292DD008D8122914D03B
:1030B0000225204600F074FE284603B0F0BD182912
:1030C0001AD05229F4D10023237713E0304600F0C0
:1030D000EEFF0028E6D12125EBE70023237735B169
:1030E000009332462B46204600F09DFB02E020462E
:1030F00000F0DCFB0025DCE72A4631462046FFF7DE
:103100003FFC0546D5E700232377002DE8D1BDF825
:103110002430089A00950521172000F039FB20B9CA
:103120000095112332461221DDE700F0EEFA6269C4
:1031300042F00802626182790532034682713146AB
:103140003A46204600F0C1FBD4E70725B1E72DE958
:10315000F041054688B042F6052001F0F8F9064630
:1031600004A8ECF7F1FA102205F121010DEB0200A1
:1031700004F0CAFD50B10121284600F0DDFE2846CA
:1031800001F097FA6B6923F001036B6142F60303C8
:1031900003A90220ADF80C30ECF7E4FB012407464C
:1031A0004FF0000820463A464FF6FF7101F094F9BF
:1031B000044610B908B0BDE8F08100F060FF0134AA
:1031C000A4B20028EED0A64203D131462846E9F742
:1031D000D7F90DF10E0221462846ADF80E8000F019
:1031E000C9FF03460028DDD0BDF80E20009221461D
:1031F00001222846FFF781FDD4E708B5ECF792FAE3
:103200000020E9F74BFE002008BD10B90120E9F7C6
:1032100039BF70470220E9F72BBF0020E9F728BF2C
:1032200038B50C460546E4F70DF84379C47523F02C
:10323000030343F0030343710923837104F10C0377
:10324000C371A0F81550153038BD2DE9F3410D4676
:1032500016468046E3F7F6FF05F10C03C371437988
:10326000019023F0030343F00303437109238371A7
:103270000446A0F8158000F11507304605F05CFC07
:103280000544E57533463BB901A8314605F0B6FC67
:10329000384602B0BDE8F0815A7922F0030242F0CC
:1032A00002025A711B68EEE708B5E3F7D1FF837994
:1032B0000C33184408BD08B5E9F732FEECF724FFDB
:1032C000E9F746F8ECF7F4F8BDE80840FFF7A5BFCA
:1032D00010B50446E9F7D0FF20B92046BDE81040FC
:1032E000F9F7E2B82046F9F7DFF8FFF793FFF1E7C7
:1032F00073B50E4605F009FF044610BB42F60720E1
:1033000001F025F90546E0B1B6F90030002BCCBF3D
:103310000533053B4FF00A02CCBFB3FBF2F393FB3E
:10332000F2F35BB28DF8073001230DF107020021A3
:10333000184605F06CFE002203462946104601F0AF
:1033400013F8204602B070BD430803F05503C01ABD
:1033500000F03303C0F3850000F03300184400EBA5
:10336000101000F00F00704710B5421D441E0021E0
:1033700014F8010FFFF7E8FF94420144F8D1084622
:1033800010BD0E2070470E2070470E2070470E2093
:1033900070470078EBF76EB913B50C460DF10702D4
:1033A0000DF10601EBF756FA30B19DF80600031B4C
:1033B0005842584102B010BD0120FBE77047EBF7BF
:1033C0008DBD704708B5ECF755FC002008BDECF743
:1033D000FDBFEAF7CFBC02F009B802F009B87047A8
:1033E000704770477047E8F747BD70477047002047
:1033F0007047704770477047F8B513681D0A044658
:103400000F46164604350A46002104F0A7FCEDB22B
:1034100021222046394605F058FA2046294605F073
:10342000DDFAA27933681444E360F8BD7047704751
:10343000704770477047704702464FF482712020F2
:10344000FFF768B908B5014600F03800EAF7F4FD67
:1034500078B1D0E90132407810F0020F08BF13466E
:10346000C1F30741043B53F8040F10B102788A42BC
:10347000F9D108BD38B505460C4604B938BD013C44
:1034800055F824301B69002BF7D09847F5E77047B3
:103490007047F8B54378DB07054601D4EAF70EFE1E
:1034A0006B786F6823F00C0343F002036B70002607
:1034B00057F826402CB905F10C012020F9F7AEF998
:1034C0000FE0A3680136002BF2D09847044600288D
:1034D000EED031463846FFF7CDFF6B7823F002037C
:1034E0006B702046F8BD4078C0F3400070474378C9
:1034F00013F00E0F0CBF01200020704710B5EAF743
:1035000047FE0446EAF75CFE204610BD4FF4827089
:10351000704708B5EAF790FDC068003818BF012071
:1035200008BD08B5EAF788FD20B1BDE80840C068CD
:1035300005F0AEBA08BD38B5EAF77EFD044650B1D5
:10354000F9F737FF054604F10C0005F08EFA044642
:103550002846F9F734FF204638BD37B58379019006
:1035600003440446D86800F03800EAF765FD0546D4
:1035700028B901A805F05BFA022003B030BD20464F
:1035800005F05FFAF9F715FF0199044605F10C0003
:1035900005F034FB2046F9F712FFE8F7DBFA0020CC
:1035A000EBE72DE9F041044625021F4605F4E065EE
:1035B000C4F3072324F47F441D4324F0C7048B790C
:1035C000EE1944F0800444EA162436020C33B6B2F5
:1035D0003443CC50084601EB03081146FFF7BDFF0A
:1035E00020B94544EF704046BDE8F0814FF0000837
:1035F000F9E7427810B50432044601F00400D2B273
:10360000002140F0290005F098FC18B18379226868
:103610000344DA6010BD10B50021FFF7EAFF04464D
:1036200008B9002010BD0179FFF797FF0028F8D1F5
:10363000A3790C33E018F5E72DE9F04117461A4657
:1036400003681C0204F4E064C3F307231C4301F085
:10365000040141F02905043406463B46214628462C
:1036600005F0D5FC804650B1E1B205F020FA306893
:103670003B462A464146BDE8F041FFF792BFBDE810
:10368000F0812DE9F34101F0040141F02905002406
:1036900007682946064610681460019005F0D1F9C4
:1036A000019805F049FA390201F4E061C7F30727F0
:1036B000394380460122043101A805F0BAFB30B13C
:1036C00001A805F0B4F9204602B0BDE8F0810199E7
:1036D000306843462A46FFF764FFF5E7002070474D
:1036E000A0F86E10704701238B4090F871101943B9
:1036F00080F87110704708B50120F8F7FBFFC0B2E1
:1037000008BD83790C33184470471438704710B5DE
:103710000446A1F1140005F00FFA201A20EAE07027
:1037200080B210BD70B51C460D461646FFF7EFFF80
:10373000A04207D322463146A5F1140005F03AFC19
:10374000012070BD0020FCE770B506460D4614460A
:103750007AB90A462046082105F0EFFB044690B9E5
:103760002A460821292005F0E8FB044658B92046DE
:1037700070BD104605F05BF9204605F011FB0823EB
:103780001D44A371E571A3790C331C442670EEE748
:103790002DE9F0411646069A074688461D46FFF772
:1037A000D3FF0446F0B114382A463146069005F09E
:1037B00001FC854217D9069B1C7906A804F0200459
:1037C00005F035F974B942460821292005F0B5FB0A
:1037D0002A463146069005F0EDFB854206D906A83B
:1037E00005F025F900242046BDE8F081069A93797A
:1037F0000C33D418D754F6E711B11439EAF7BEBE2A
:103800001A20704738B5002204460D4602200321D5
:10381000FFF79AFF014608B1A0F801502046BDE825
:103820003840FFF7E9BFF8B504460F4616460521B4
:10383000069A01201D46FFF787FF014638B1477001
:10384000468005712046BDE8F840FFF7D5BFF8BDBA
:1038500038B50D46032104460846FFF775FFA0F86A
:10386000015001462046BDE83840FFF7C5BF73B59B
:10387000054608466C89089E1146641A1A46BDF82A
:103880001830A4B29C4228BF1C46079B00932346D5
:10389000FFF77EFF014630B12846348002B0BDE814
:1038A0007040FFF7A9BF1A2002B070BD10B501210A
:1038B000044600221320FFF747FF014620B12046AF
:1038C000BDE81040FFF798BF10BDF7B544890193DC
:1038D000054618460F46164605F02EF9053CA4B2DB
:1038E000844203DA011B01A805F0C8F905210198FB
:1038F00005F066FA014628B901A805F098F81A20E3
:1039000003B0F0BD83790C33C2181720C854A2F855
:103910000170A2F803602846EAF730FEF0E710B520
:103920000121044600221920FFF70EFF014620B1B5
:103930002046BDE81040FFF75FBF10BD73B5448956
:10394000033CA4B2A3420E464FF00001009105468D
:103950004FF0030128BF23461B20FFF719FF014644
:1039600070B110F80F3CA0F80160012262F3071358
:1039700000F80F3C284602B0BDE87040FFF73CBF9E
:103980001A2002B070BD73B54489033CA4B2A342AF
:103990000E464FF00001009105464FF0030128BF8D
:1039A00023461D20FFF7F4FE014638B1A0F8016060
:1039B000284602B0BDE87040FFF71EBF1A2002B0D3
:1039C00070BD4B88042B07D1836C08885B899842B3
:1039D0008CBF0020012070470020704710B50446BE
:1039E000806920B10021EAF705FD0023A36110BD25
:1039F00038B5A0224FF4A073C0E9072300250723A0
:103A0000044680F83130C5818571103005F00FF81B
:103A100004F1140005F00BF82046FFF7DFFF40F239
:103A20000113E3857F2384F83230A5626562204666
:103A3000BDE83840FEF766BF07B501228DF80710D4
:103A40000DF1070105F0B6FA03B05DF804FBF7B518
:103A500005464FF428500C4600F079FD064600F06C
:103A60000EFBB0B3022C02D8002003B0F0BD00273B
:103A70000DF105030DF1060231463846ADF806702A
:103A800000F044FCBDF80620631E934206461EDC8F
:103A9000072C1AD9023CADF806400824BDF80630C0
:103AA000002BE1D00133D9B22846FFF7C5FF2146EC
:103AB0002846FFF7C1FFBDF806203146284605F02D
:103AC00079FABDF806000230CFE7ADF80670092498
:103AD000E4E74FF0FF30C8E702292DE9F34104463F
:103AE0000D461746184603D8002002B0BDE8F08105
:103AF00000F02DFD064600F0C2FA0028F4D04FF089
:103B000000080DF105030DF1060231464046ADF8FF
:103B1000068000F0FBFBBDF80630BDF82020934284
:103B200028BF13460646AB429DF8050028BF2B462A
:103B3000ADF80630C0B9002BD7D001339AB2954208
:103B4000D3D9D9B22046FFF777FF39462046FFF791
:103B500073FFBDF806203146204605F02BFABDF86C
:103B600006000230C0B2C0E74046BEE738B50446A2
:103B7000EAF7B2FD38B1022905D820460022BDE897
:103B80003840EAF737BF212038BD91F839305B075C
:103B900073B506460C4615462DD40846EAF73AFD9D
:103BA0006B1E042B16D8032D14D0A379142B24D00C
:103BB000A3697BB90093ADF804308DF80630E8F7BF
:103BC0005FFC6946EAF78CFB18B91A25284602B053
:103BD00070BDA061636AE57343F016036362E8F7A2
:103BE000F1FB3046EAF75CFE05460028EED02046A1
:103BF000FFF7F4FEEAE70225E8E72125E6E70023E0
:103C000037B580F8723040F6FF73A0F86E308368E5
:103C1000C160DA0404460D4610D443F48063A36007
:103C20006A4640F203212046CDE9004504F034FE07
:103C300000212046EAF7DEFB03B030BD90F87600A5
:103C4000EBF734F8A36823F48053E8E773B56E46C6
:103C500004464A7930460D460631E8F757FC96E8A7
:103C60000300A4F85010090C11F0800FE06484F8F0
:103C7000521004F1530312D0012205F1120118462B
:103C8000E8F744FC0C352846FFF76EFB28B101220B
:103C9000294604F15A00E8F739FC02B070BDB4F8C7
:103CA000501094F85220C4F8530099809A71E9E7B3
:103CB0001FB590F87420019002F0010304468DF8BE
:103CC00008300BB102F002038DF80930204694F859
:103CD00075308DF80A30039101F0E2FB01AA4FF430
:103CE0000171204604F0D8FD2046EAF70FFC04B02D
:103CF00010BDEAF757BBFFF7FEBC0A460021EBF701
:103D0000CDBF13220121EBF7C9BF826838B5C2F3DA
:103D100080320446B0F86E000D46ECF765F820B925
:103D2000A3681DB143F40053A36038BD23F40053CE
:103D3000FAE783791A0705D413F0100F0CBFFF20A0
:103D400001207047002070470020704710B50446DE
:103D500060B1806C50B1EBF7BFFBA06C0028FAD1CA
:103D600020460321BDE81040EAF744BB10BD43895B
:103D70008B4207B50CD050F80C2BADF8063092F8FA
:103D800070208DF8042040F2014101AA04F084FD66
:103D900003B05DF804FB436943F0040343617047DB
:103DA000436923F00403436170474069C0F3800016
:103DB0007047006847F230530022F8F73BBB0068B9
:103DC00004F007BD38B543699B0704460D4603D58B
:103DD00040F20941FFF7F3FFEAF7EEFB08B1A369F0
:103DE0001D70204640F20941BDE83840FFF7E1BFB1
:103DF00007B5027C012A09D00122027440F209426F
:103E0000914206D040F20A4291420ED003B05DF8D2
:103E100004FB50F80C3B93F870308DF8043001AA85
:103E20004FF4816104F038FDF0E750F80C3B93F853
:103E300070308DF8043001AAF4E738B522F0004361
:103E40000D46114640F20322934204461AD0B3F5C0
:103E5000017F09D240F20122934213D040F20222A4
:103E6000934209D0002038BD6FF481621344012BC6
:103E7000F8D8FFF7BDFFF5E700F022F92046FFF77D
:103E800066F9EFE763699B0704D540F209412046D4
:103E9000FFF795FF2846FFF759FFE3E708B5EAF774
:103EA0006BFA00B1806C08BD08B500B10068EAF794
:103EB00071FA08B9034602E0836C002BF7D018466C
:103EC00008BD10B5044642F62A3000F040FB031B43
:103ED0005842584110BD022806D1088842F62A33BC
:103EE000C31A5842584170470020704710B5044625
:103EF00042F6293000F02BFB031B5842584110BDFD
:103F000090F8200000F0010070471FB50446684695
:103F1000EBF71AFC1022694604F1210003F0F4FECD
:103F2000B0FA80F0400904B010BD08B5FFF7EDFF0E
:103F3000B0FA80F0400908BD70B5044600F12105D3
:103F400091B92846EBF700FC236893F97500FEF75A
:103F5000BFFC78B120682B4690F97500BDE8704031
:103F600010220D21FEF76EBC10220021284603F01E
:103F7000F5FEE9E770BD38B590F82020044600232F
:103F800041FA03F0C50703D442FA03F0C0071ED478
:103F90000133082BF4D101F0010523682A4384F88A
:103FA000202093F97500FEF793FC40B123460122CF
:103FB00053F8200B0C2190F97500FEF743FC0DB966
:103FC000002038BD00212046FFF7B6FFF8E7132098
:103FD000F7E768B13F290AD800EBA10001F003011F
:103FE00090F831004900084100F0030070470020BC
:103FF000704710B50368044693F97500431C0DD053
:10400000FEF766FC50B12346102253F8310BBDE891
:10401000104090F975000B21FEF714BC10BD10B5CF
:1040200090F87430DB0706D490F97530013314BF73
:104030000F20052010BD847CECF790F9844234BF3A
:104040000C200020F6E730B585B004466846EBF753
:104050007BFB1021684604F0EFFF2046EBF74CFD98
:10406000C2686B46063204AD1C4603CCAC421060FD
:104070005160234602F10802F6D105B030BD08B503
:10408000EBF73AFD08B1EBF70BFDC0B208BD013804
:1040900010B580B2EBF730FD044608B9002010BD22
:1040A000408800F07FFB0028F8D0207BF7E708B5B8
:1040B000EBF722FD18B1007AC31F5842584108BDE2
:1040C00070B50546044655F8213B93F97500431C2D
:1040D00004D12846BDE87040EBF736BBFEF7F8FB8D
:1040E0000028F6D02346102253F8310B0B2190F90B
:1040F0007500FEF7D5FB2346012253F8200B0C2157
:1041000090F97500FEF7CCFB20682B4690F97500FE
:10411000BDE8704010220D21FEF7C2BB01302DE931
:10412000F04185B228460E46EBF7E6FC42F6021750
:10413000044642F603089CB12046EBF7B1FC78B187
:10414000204600F03EFBB84205D10EB123883380F3
:10415000607BBDE8F081204600F033FB404502D192
:104160004FF0FF30F5E70135ADB22846EBF7C4FC60
:104170000446E0E72DE9F04707460E4690460D4617
:1041800042F6021942F6030A0135ADB22846EBF7B2
:10419000B3FC044678B1EBF783FC60B1204600F035
:1041A00010FB484505D1237A072B04D10320BDE835
:1041B000F0875045E8D141463046FFF7AFFF431C3A
:1041C000014604D03846BDE8F047FFF702BF0020A3
:1041D000EDE770B5054608461646EBF78DFC04463C
:1041E00008B9012070BDEBF75BFC0028F9D0F0079F
:1041F00013D4B10734D4720702D5A3885B0732D534
:1042000016F0060F31D116F40060EBD0A38813F43A
:10421000006F14BF00200620E4E7A388DA0743D527
:1042200013F0700F0AD1980610D45806E1D52B6808
:1042300093F975300133DCD10820D3E72868FFF704
:10424000EEFEA388990608D50028CBD12A6892F8FB
:1042500074209207E9D40520C4E70028C2D1E4E71E
:10426000A3889907C7D40320BCE7A38813F4E06FA1
:1042700009D198050FD45B05C5D52B6893F9753026
:104280000133C0D1D8E72868FFF7C9FEA388990594
:1042900007D50028A6D12A6892F874209207EAD49C
:1042A000D9E700289ED1E6E702209BE738B504460F
:1042B0000846EBF721FC054608B9012038BDEBF7AD
:1042C000EFFB0028F9D0AB8813F4E04F0CD1980431
:1042D00012D413F48040F1D0236893F97500431C85
:1042E00058425841C000E9E72068FFF798FEAB88C4
:1042F000990408D50028E1D1226892F87420920729
:10430000E7D40520DAE70028D8D1E2E72DE9F04725
:104310004FF0000983F800900446A2F80090084688
:10432000884616461D46EBF7E7FB074620B90123F2
:104330002B700020BDE8F08774B1EBF7B1FB0028CB
:10434000F5D04046FFF7D2FD30B1012385F800904B
:1043500004F120003380EDE72B46324639462046F3
:10436000BDE8F047EBF77CB92DE9FF410746084669
:10437000884616460393EBF7BFFB044638B903A8FB
:1043800004F055FB0125284604B0BDE8F0811FB1BB
:10439000EBF786FB0028F2D0237A072B05D8DFE85D
:1043A00003F017262F381C17172126BB0398002867
:1043B00035D13246257A022D62D0032D64D0012DED
:1043C0003BD0002F7FD1002503A804F030FBDAE7B3
:1043D00003A804F02CFB0325D5E703A804F027FB72
:1043E0000625D0E703A804F022FB8025CBE7E3688D
:1043F0005D88B54209DA03A804F019FB0725C2E776
:10440000E3689A88B242F6D35D88039840B90246C1
:1044100009E0022EEFDC039868B90246CAE7354688
:1044200004F08AFB82B29319AB42C3DD03A804F007
:10443000FEFA0D25A7E70225F2E7E06803990630AA
:104440000023304404F0E9FA002FBCD0237A032B78
:1044500039D103A804F0EBFA00212046EBF706FB64
:1044600068B30588617B3846FFF7B3FD0122034638
:10447000CDF8008029463846FEF73FFC002582E74C
:10448000E068B3188380D9E7039B9A79D979891AB0
:10449000C9B2481E012810D8134402291A7B04BF50
:1044A0005B7B42EA0322237B32EA03038CD1617BEC
:1044B00001233846EBF7AAF8C6E70D2584E708F193
:1044C000FF35ADB2CEE7039B00933A7F33464146BA
:1044D0003846FEF7F8FBD1E7884270B504460D4632
:1044E000164611D8012838BF01242046EBF704FBFB
:1044F00010B14388B34208D00134A4B22046EBF790
:10450000DFFA08B1A542F0D20024204670BD70B594
:104510000C4616461D460146B8B1B3B1022C01D077
:10452000102C12D1E0B2EBF71DFA4FF6FF71884262
:10453000024602D141F20A1070BD3046FFF7CCFFAF
:104540000028F7D028800020F6E72120F4E707B5FF
:104550000023ADF80400ADF8063001220DF106038A
:10456000022101A8FFF7D3FFBDF8060003B05DF8F4
:1045700004FBF8B5441C0F461646A4B22046EBF7E0
:10458000BBFA10B9013CA0B2F8BD00F01AF905461B
:10459000304600F0F2F820B1284600F0EEF800288E
:1045A000F0D1304600F0E2F820B1284600F0DEF805
:1045B0000028E7D10134A4B22046EBF781FA08B114
:1045C000BC42DBD94FF6FF70DEE72DE9F04F87B034
:1045D0000D460C8881469A4602208B88ADF8103033
:1045E00004A99046EBF7BEF9AB680090A888AF89A4
:1045F000059300F0BBF838B1102F05D105A8EBF7F3
:1046000097F9022808BF02274FF6FF7B33E0009A94
:104610002046FFF761FF064680B3AA886988FFF746
:10462000A8FF04463046FFF72AFD00B30DF10F0343
:104630000DF1120231464846FFF768FE9DF80F3033
:104640002BB1A8F80060184607B0BDE8F08FBDF8A0
:104650001220BA420BD1059901933A4603F054FB5C
:10466000019B20B9A8F80060AAF80040EBE75C4580
:1046700004D00134A4B26988A142C8D80A23E2E771
:1046800008B5EBF739FABDE8084000F09AB838B53C
:1046900005460846EBF730FA044610B94FF6FF70AE
:1046A00038BD0DB96088FBE7EBF7FAF90028F9D1BE
:1046B000F4E770B5044642F60520FFF748FFB0B1B5
:1046C0000021FFF72BFD054601462046FFF781FC40
:1046D00010220646002104F1310003F03FFB324670
:1046E000294620460023BDE87040EAF78FBF70BD21
:1046F0007FB504460D4610220021684603F02EFBCC
:104700000026AB575A1C1BD031462046FFF761FCF0
:10471000002B194604AAB8BFD91C02EBA10100F076
:104720000302584200F0030003F0030358BF434262
:104730005B0002FA03F311F8102C134301F8103C4C
:104740000136402EDDD16B4604F1310504AE1A4628
:1047500003CAB24228606960134605F10805F6D124
:10476000204604B0BDE87040FFF743BCA0F52050E0
:1047700001288CBF00200120704742F60303C31AB2
:1047800058425841704708B5030409D4EBF7B6F80E
:10479000A0F5205080B201288CBF0020012008BD68
:1047A0000020FCE7020408B507D4EBF7A7F842F6AF
:1047B0000303C31A5842584108BD0020FCE7C00B50
:1047C000704703464088B3F90230002B01DBEBF75A
:1047D00095B80020704708B5FFF7F3FFA0F520500B
:1047E00080B201288CBF0020012008BD10B504460E
:1047F0008069143004F01BF9A069BDE8104018303E
:1048000004F015B92DE9F04105460F4614461E4641
:10481000FFF7ECFF23463A4608210020D5F8188020
:1048200004F0F5FBAA69C8F81400536923B1548158
:1048300016820020BDE8F0811A20FBE770B504461F
:10484000084604F079F9A1698A894D8986B212B1C6
:10485000521B96420CDA6389581E80B225B90A7839
:10486000082A04BF043B98B2831B5842584170BDCC
:104870000020FCE730B504468DB054F80C0B9DF8D1
:10488000405090F870008DF8040042EA0142029214
:1048900019462A4603A8079503F06BFA01AA40F2CD
:1048A0000241204603F0F8FF0DB030BD10B550F8BE
:1048B0000C4B86B094F87040ADF80E10ADF8102097
:1048C00040F2064103AA01938DF80C40059303F0D2
:1048D000E3FF10B901A804F0AAF806B010BD37B57F
:1048E00004460D46FFF782FF204640F20941FFF7DC
:1048F00066FAA369204600221A7050F80C3B019515
:1049000093F870308DF800306A4640F2074103F0AA
:10491000C3FF03B030BD13B501910021044602F07E
:104920009BFA042200230DEB02012046FFF76AFFE9
:1049300002B010BDF0B5044685B00F461E461546C0
:1049400052B983691B78072B30D0082B14BF15464A
:104950000925002E18BF0D250A9804F0EDF8A3696B
:104960009A894AB15B8981B2D21A914204DD92B22E
:10497000891A0AA804F082F9204601AA50F80C3BD3
:10498000ADF8067093F870308DF8043040F20541B0
:104990000A9B8DF80850ADF80A60039303F07CFF82
:1049A00010B90AA804F043F805B0F0BD0B25D0E714
:1049B000B0F80AC0ACF1020C9C452DE9F041054667
:1049C0000E4617461C4603DDBDE8F04102F0EFB984
:1049D00083692246198100233946FFF713FF0446F5
:1049E00058B9AB6902460E333146284602F0FAF94F
:1049F000044610B12846FFF7F9FE2046BDE8F081D5
:104A00002DE9F0438FB0202A0546039117461C4636
:104A10000BD941F2041421462846FFF760FF03A892
:104A200004F005F80FB0BDE8F083002B46D108462E
:104A3000A2F1060804F080F85FFA88F81FFA80F9FE
:104A40004FF6FF764C4510D3AB69DA88B24239D9BC
:104A500042F60203ADF81430711C0223009389B2B0
:104A600005AB284602F04CF925E023463A46039967
:104A700006A803F0D2FFAB69BDF818609A88B2426D
:104A8000C7D8DA88B242C4D3BDF81A10BDF81C20CA
:104A9000B8F1000F09D0CDF800800DF11E032846B3
:104AA0003C44FFF7E7FEA4B2CCE79E8019815A810F
:104AB000284602F03EF904460028B0D041F20A131D
:104AC0009C42A8D10024A6E72DE9F04796B01C46E9
:104AD000836901921B78062B064603D0102B60D009
:104AE00001A81CE001291046039214BF4FF01008E2
:104AF0004FF00208002C4CD104F01EF808F1020916
:104B000087B24FF6FF75A7420ED8B369DA88AA427A
:104B100037D8002421463046FFF7E1FE03A803F012
:104B200086FF16B0BDE8F08723464A46039904A8DD
:104B300003F073FFB369BDF810509A88AA422DD8CC
:104B4000DB88AB422AD39DF81330282BE1D0B24644
:104B500042465AF80C3B0DF1120193F870308DF873
:104B600030300DA8ADF83250CDF844804C4403F0FD
:104B700000F90CAA40F20441504603F08DFEA4B2A5
:104B8000C1E7691C89B2304602F08AF80446002861
:104B9000C4D041F20A139C42BBD0BBE741F20414DB
:104BA000B8E701291046049214BF1227042784BBDA
:104BB00003F0C2FF42F6021885B24FF6FF71A5421C
:104BC0000DD8B369DB888B4221D901314FF6FF72D2
:104BD00089B2304602F064F80446A0B119E00499A5
:104BE00023463A460CA803F018FFBDF83220BDF862
:104BF00030109DF83330424507D1B26902230A32A2
:104C00003046FFF7D5FE04A889E7282B06D141F2EC
:104C10000A1421463046FFF762FEF4E73C44A4B292
:104C2000CDE7F0B587B0836903911B78022B054669
:104C3000144653D108460491002A47D103F07CFF63
:104C40004FF6FF7687B2A7420DD8A869C288B24254
:104C50002BD8002421462846FFF741FE04A803F084
:104C6000E6FE07B0F0BD04990422234605A803F030
:104C7000D4FEAA69BDF814109088BDF81660814270
:104C800029D3D388994226D8864224D39E4222D85B
:104C90005069927A837900920C3303443246284655
:104CA0000434FFF7E7FDA4B2CDE7436940890190E2
:104CB00098790C300344711C009389B24FF420534F
:104CC000284602F001F804460028C7D041F20A1332
:104CD0009C42BFD1BDE741F20414BBE703A8BEE785
:104CE000F0B587B00546039117461C4653B9FFF748
:104CF000A5FD38B1039901232246284600F084F827
:104D000007B0F0BDA9690B78082B05D8062B44D84D
:104D1000032B0FD003A83DE00E2BFBD1039B059383
:104D2000002C6DD1002B6BD0098922462846FFF755
:104D3000BDFD59E00398059018B3ECB983794A8911
:104D400009890C331026034400962846FFF792FD8C
:104D5000AB699988DA88914217D242F60203ADF81E
:104D6000103001310223009389B20DEB060328466F
:104D700001F0C6FF044660B141F20A139C4204D11F
:104D800001E0002CF8D141F21F0421462846FFF72C
:104D9000A6FD05A803F04BFEB2E7039805907CBB87
:104DA00070B303F0C9FE0FB386B2B7421ED23946C4
:104DB00005A804F09EF838B905A803F038FE1A21BA
:104DC0002846FFF78CFD9BE78379C218023391894F
:104DD0008371AB69F61B5B89009000222846B6B24E
:104DE000FFF7A8FDB742E2D92146E9E7AA6953894E
:104DF0001189059A009228460022FFF79BFDF3E7F0
:104E000005A803F014FEEFE7F0B585B00646039160
:104E10001F46144632BB084603F08EFE054608B313
:104E2000B1690B784A89082B0BD8062B0BD9039B49
:104E300009890093304613462246FFF77BFD039411
:104E400001E00E2B19D0B1694B89EA1892B2B2F584
:104E5000007F4A8117D82FB10989304601F07AFFC7
:104E6000044628B10022234611463046FFF738FF9A
:104E700003A803F0DCFD05B0F0BD039B09893046B3
:104E8000FFF714FDDBE741F20414EBE773B5836928
:104E900001911B78082B044615460ED8062B0ED917
:104EA000019E20463146FFF7C9FC2A46034631469B
:104EB0002046FFF7A9FF02B070BD0E2BF0D001A86D
:104EC00003F0B5FDF7E730B587B0836903911B7830
:104ED000092B0546144611D105915AB90091134684
:104EE00021460F22FFF726FD21462846FFF7F7FC53
:104EF00007B030BD05A803F09AFDF5E703A803F05D
:104F000096FDF5E72DE9F04F9FB0876903913F7853
:104F1000052F054616461C4604D8032F16D810D078
:104F200003A867E0082FFBD108461391002B00F07F
:104F3000C28013A803F07BFD21462846FFF7CFFC73
:104F400001E0FFF75DFD1FB0BDE8F08F202A0846A5
:104F5000049148D8002B40F0A880571F03F0ECFDC7
:104F6000FFB21FFA80FA4FF6FF780DF11C0BA24535
:104F700006D8AB69DA88424500F28780002434E025
:104F80002346324604990BA803F047FDAB69BDF8F0
:104F90002C809A88424526D8DA88424523D359691D
:104FA000F1B9A946BDF82F2059F80C1B9DF82E30F9
:104FB00091F870108DF84C10ADF84E200DF13101C4
:104FC0003A4615A88DF85030199702F0D2FE13AA70
:104FD00040F20341484603F05FFC3444A4B2C6E704
:104FE0005A89102A09D941F2041421462846FFF7AC
:104FF00076FC04A803F01BFDA5E70023584603F048
:105000000CFDAB690DF13101102FCDE9051B93F8B3
:105010000A902BD1B9F1020F34D105A8EAF788FC28
:105020000228DAD14A46DDE9051002F06DFE0028BB
:10503000D3D12B46BDF82F1053F80C0B9DF82E2022
:1050400090F870008DF84C00ADF84E108DF850209F
:1050500059464A4615A80293CDF8649002F089FE9D
:10506000029B13AA40F203411846B4E7022F09D16C
:10507000B9F1100F06D106A8EAF75AFC0228ACD104
:105080003A46D0E73A465846CFE742F60303ADF832
:105090004C3008F101010223009389B213AB28467A
:1050A00001F02EFE04460028A3D041F20A139C42D0
:1050B0003FF464AF99E759B90021AA6900239381AD
:1050C00053811181139932462846FFF709FE3AE7CA
:1050D00003F032FD16B180B28642EDD1139A937976
:1050E000D118023389899371E7E72DE9F0438FB036
:1050F0001C46836903911B78012B054617465BD13B
:105100000846059103F018FD202F0BD941F2041435
:1051100021462846FFF7E3FB05A803F088FC0FB003
:10512000BDE8F083002C42D1059803F005FDA7F1FE
:1051300004081FFA88F81FFA80F94FF6FF765FFA25
:1051400088F8A14505D8AB69DA88B24220D8002496
:10515000DEE7059923463A4606A803F05EFCAB69F4
:10516000BDF818109A88BDF81A609142CED3DB883A
:105170009942CBD89642C9D39E42C7D8CDF8008079
:1051800007AB324628463C44FFF774FBA4B2D8E78D
:105190004FF42053ADF81030711C0223009389B2F4
:1051A00004AB284601F0EAFD04460028B4D041F2E1
:1051B0000A139C42CBD0ABE703A8AEE783691B7808
:1051C0000A2B02D00F3B012B01D8FFF788BB704799
:1051D000F0B585B01746019383690A9E1A780A3A9A
:1051E0000446072A42D8DFE802F004413041410476
:1051F00041290198039003F09FFC85B203A803F0B6
:1052000016FC26B131462046FFF785FB0FE0A16969
:105210007A194B8992B293420BD90A8201F10E039B
:105220002046098901F0DEFD01460028EBD105B0DA
:10523000F0BD0121204601F00FFEF5E72EB91A8AD4
:105240000198BA420BD04FF48166019B039303A8E7
:1052500003F0EDFB31462046FFF741FBE7E7DA8933
:10526000596903F074FC0028EDD1EEE701A803F0C2
:10527000DEFBDCE738B5826913780D2B04460D465A
:1052800012D00F2B01D00A2B12D1536933B1997967
:105290000B4402F11400DD6803F0C9FB29462046E7
:1052A000BDE83840FFF78ABFBDE83840FFF717BBBD
:1052B00038BD07B5002300921B22FFF73BFB03B06C
:1052C0005DF804FB07B583695980009200231D2215
:1052D000FFF730FB03B05DF804FB4B88052B05D1CD
:1052E00008880E288CBF00200120704700207047DE
:1052F000F8B505460F46164604210A22002003F0A1
:105300001CFE0246B8B184790C3403190521002033
:105310004FF0060CD870997002F804C013241C7169
:105320005F7102245870D8719C711E812846BDE8B7
:10533000F840E7F71FBFF8BD73B505461046019268
:105340000C4603F0F9FB042186B2019803F038FD06
:10535000024628B901A803F06AFB1A2002B070BD0A
:10536000837901900C33C1184C80C65221462846DF
:10537000E7F700FF0020F1E72DE9F04106468846F7
:10538000174604210A22002003F0D7FD0246B8B1D7
:1053900085790C3543190024052106209970DC70AD
:1053A000505501201871022098715C70304683F8C6
:1053B0000580DC711F81E7F7DDFE2046BDE8F08146
:1053C0001A20FBE7002070470020704707B501A8AE
:1053D000019203F02CFB03B05DF804FB7047002042
:1053E00070470F2070470F2070477047EBF7E0B908
:1053F000EBF7E8B910B588B0E8F7BEFF044600281F
:105400004AD090F87200022848D1A36813F4407F74
:105410002AD094F87320012A32D194F97500421CE5
:1054200001D1D9052CD594F8743013F0010327D19C
:10543000CDE90133CDE90433CDE90633ADF80C30C5
:10544000FDF746FAA36888B9DA0519D5A06AE16ABA
:10545000228E01AB03C31A80BDF8042004AB0DF10A
:1054600006012046EAF790FC08B010BDDB05EDD43C
:1054700094F9750001AB0A220221FDF711FAEBE75E
:10548000002345F217021946204600F0ECF9B0FA65
:1054900080F040094000E7E72120E5E70220E3E74C
:1054A00038B545F21B020C460B460021054600F0BC
:1054B000DAF930B92CB121462846BDE83840EAF780
:1054C000D9BF38BD00F036BA01F0C6BB01F0CFBB82
:1054D00010B504464C30FDF7DCF984F87500204621
:1054E000BDE8104001F093BB10B50446FDF7A8F9E4
:1054F00002280DD194F8733094F97000012B14BF79
:105500000521032184F83210BDE8104001F0C7BB2B
:10551000A36843F40073A36010BD00F0C6B938B5AA
:1055200003783E2B04460D4604D18378052B02D028
:10553000ED2B0FD038BDB0F80300E8F70FFF20B116
:10554000B4F80D10621D00F050FA2846BDE838404E
:1055500003F06DBAB0F80300E8F700FF0028F4D0BC
:10556000B4F80D1004F10F03621D00F0F8FAECE737
:105570002DE9F04188B06B4614460D46024600F115
:10558000100C1E46106851681F4603C7083262455A
:105590003B46F7D11021304603F04EFD04AB2246C6
:1055A00004F110079846106851681C4603C408327D
:1055B000BA422346F7D11021404603F03DFD1020AA
:1055C000F7F75EF80746F8F7FDF8802241463846BF
:1055D000F8F702F9044610BB2B4632460121384643
:1055E000F8F766F90446D0B91021284603F024FDE7
:1055F0001021304603F02EFD3846F8F7E7F8404614
:10560000102103F027FD3046102103F023FD394619
:105610001020F7F757F8204608B0BDE8F081214682
:1056200040F20740EAF744FFE2E708B51046F7F713
:10563000BDFA003818BF012008BDF7B504460D4675
:1056400016461F460220DFF733FB2146CDE90067EF
:105650002B468022DCF7A8FE044620B1014640F22A
:105660000740EAF725FF204603B0F0BD10B545F22C
:105670001A01044603F0ADF8204647F23053BDE866
:105680001040002245F21A01F6F7D4BE10B50A46C2
:1056900004460821002003F050FC10B18379034434
:1056A0001C7310BD38B505460C460D201121FFF7BF
:1056B000EDFF024688B18379034421460D3304F19E
:1056C000100051F8044B43F8044B8142F9D12846AD
:1056D0000621BDE83840FFF72FBE38BD38B5054676
:1056E0000C4604201121FFF7D1FF024688B18379CF
:1056F000034421460D3304F1100051F8044B43F8E4
:10570000044B8142F9D128460621BDE83840FFF715
:1057100013BE38BD38B505460C4603201121FFF7EE
:10572000B5FF024688B18379034421460D3304F165
:10573000100051F8044B43F8044B8142F9D128463C
:105740000621BDE83840FFF7F7BD38BD37B5002268
:1057500005460821104603F0F0FB0446C0B10C23B7
:1057600001220DF107018DF8073003F023FC296CAD
:1057700020225131204603F01DFC296C202271317A
:10578000204603F017FC224606212846FFF7D4FDE9
:1057900003B030BD10B50446006C30B94FF4BE7094
:1057A00003F094FC206420B910BD4FF4BE7103F0E7
:1057B00051FC226CFF2382F87A31A3681B0603D5C3
:1057C000C02313700120EFE794F87330012B14BF4E
:1057D00080234023F5E708B5D0B2E8F7CDFD28B126
:1057E00090F8773003F07F0380F87730012008BD10
:1057F000036C4BB983681B0608D490F87330012BF7
:1058000014BF80204020704718787047C020704730
:1058100070B50446FFF7ECFFEAF766FF0D46034656
:10582000002245F2010120469847236C03B11D7008
:105830002846EAF759FF4FF4A041034600222046CC
:10584000BDE87040184770B51546044648B1FFF7EB
:10585000CFFFEAF749FF2A4603462046BDE87040DD
:105860001847022070BD114608B51A4621F00041C4
:10587000FFF7E9FFB0FA80F0400908BD08B50B4614
:1058800001461846F7F792F9003818BF012008BD05
:1058900010B50446006838B11A2103F0DBFB20681C
:1058A000F7F700F90023236010BD10B50446EAF7AE
:1058B00089FE04F13400FFF7EBFFA3685A0606D512
:1058C00023F04003A36000212046E7F721FC206C71
:1058D00038B1042103F0BEFB206CF7F7E3F8002396
:1058E000236410BDFF2838B50C4615460BD00B4677
:1058F0001022062140B2FCF7D3FF102815D100205A
:1059000005B1286038BD0A4637201021E6F708FAAD
:105910000028F4D010212046FFF7B0FF38B9224606
:1059200010213720E6F7DEF9EAE72120E8E740F228
:105930000740E5E730B58DB00D46002208A9FFF716
:10594000D1FF044648BB01460D220DF1030002F0D1
:1059500005FAB5F803206B79ADF8002004A908AA70
:1059600068468DF80230FFF703FE40F20343BDF8AE
:1059700010202A80002818BF1C469DF81230AB70FA
:105980001021684603F066FB10210DEB010003F0C7
:1059900061FB102108A803F05DFB20460DB030BD6F
:1059A00038B50446C51C03212846FFF767FFC8B970
:1059B000E27863797AB922791A43F4D003F07F034D
:1059C00043F0400363715323A3712146FF20BDE8D8
:1059D0003840FFF7AFBFFF2AF0D122791A40FF2AE3
:1059E000E1D0EBE740F2074038BD0021E7F790BB7C
:1059F000F0B583685E0689B0044655D523F04003B0
:105A00008360FFF7F5FE802801D040286ED194F91D
:105A10007560751C04F134071CD1FCF711FF0228D6
:105A20004ED0636B1A888DF810201A46042032F885
:105A3000021B090A8DF81110D3F80230CDF812308C
:105A40005368CDF816300A2204A9E6F71BFA064679
:105A5000701C35D0A368D90532D42046FFF7C8FEA4
:105A6000802876B222D06B46102203213046FCF704
:105A700017FF0546102D56D1606B04A96A460A30FF
:105A8000FFF776FD29460646684603F0E3FA002E46
:105A900049D104A92046E7F73BFB294604A803F0B7
:105AA000D9FA3846FFF7F4FE09B0F0BD6B46102274
:105AB00005213046FCF7F4FE05460028D3D0D9E78F
:105AC00094F87430DA0702D4A368DB052BD5606B39
:105AD00004F1180204A90A30FFF74AFD04A9204680
:105AE000E7F716FB10210DEB0100D8E7636B1A886E
:105AF000CAB9882801D04B2815D1591C002211F8A9
:105B0000010F80B90132082AF9D1226C04A902F5EB
:105B1000A67203F10A00FFF72BFDA0B110210DEBD7
:105B2000010003F097FA204641F20601EAF7A2FCD1
:105B300020460021E7F7ECFA04F1340009B0BDE893
:105B4000F040FFF7A5BE04A92046E7F7E1FA1021CF
:105B50000DEB010003F07EFA04F13400A2E7F8B582
:105B60001D4683685B0604460F4616462DD41A2050
:105B700003F0ACFA0146606320B92046BDE8F84066
:105B8000E7F7C6BA034605F1100123F8027B326835
:105B9000C0F8022072685A60636B2A460A3352F8D2
:105BA000040B43F8040B8A42F9D11021284603F074
:105BB00051FAA36843F0400213F4407FA26004D07E
:105BC0002046BDE8F840FFF713BFF8BD38B50446DE
:105BD0000D4605200221FFF759FD0246B8B1837931
:105BE000034406215D732046FFF7A6FB45F4905160
:105BF0002046EAF73FFC94F87330012B204618BF8B
:105C00008021BDE8384008BF4021FFF701BE38BD04
:105C1000B1F5A04F70B504460D4616460AD045F2C0
:105C20000603994218D0324629462046BDE8704006
:105C3000EAF7BABE836843F08003836090F873305C
:105C4000012B14BF80204020EAF74EFD00220346BE
:105C50002046BDE87040184793791344597C41F4BD
:105C60009051EAF707FCDEE72DE9F04196B01546C2
:105C70001D9F05AA1C4606460B4601F1200E9046C4
:105C8000186859689446ACE80300083373456246C7
:105C9000F6D12021404603F0CFF90DAB2A4605F19D
:105CA000200E9C46106851681D4603C50832724597
:105CB0002B46F7D12021604603F0BEF9AEB3336C1A
:105CC00093F87931013B022B2FD89DF8703043F0C7
:105CD000800301AA8DF8543004F1100C23461546B8
:105CE00018685968144603C4083363452246F7D13F
:105CF0001021284603F0A0F93B46412241462846A0
:105D0000FFF79BFC10210446284603F0A3F941212C
:105D1000404603F09FF954B11EB108213046FFF709
:105D200055FF204616B0BDE8F0810023D1E71021D1
:105D3000384603F081F9002EF3D0224645F21101D6
:105D40003046FFF780FDECE72DE9F34790F87380CC
:105D5000056CB8F1010F044604D195F86C31002BA5
:105D600040F04E8195F8783195F86D91032B00F253
:105D7000E880DFE803F0027EA6CB19F0010F73D0B4
:105D800011210620FFF782FC8246002800F03881AE
:105D900086790C360644771C10213846FFF76EFDD5
:105DA000014658B120460821FFF710FF002140F2BC
:105DB000074002B0BDE8F047EAF77ABBA07CC0F12B
:105DC0001002384401F0CAFF95F97A013B461022CF
:105DD0000521FCF737FD58B1002140F21B40EAF7DE
:105DE00067FB0821204602B0BDE8F047FFF7EEBE92
:105DF000FCF726FD02280FD1B8F1010F0CD004F1F9
:105E00001803113657F8042B43F8042BB742F9D185
:105E1000A36843F48073A360524606212046FFF72F
:105E20008BFA0B210720FFF731FC0746002800F012
:105E3000E780867995F97A310C36064443F43F437E
:105E4000A6F801300821F01CFFF718FD95F97A013A
:105E5000731C0A220421FCF7F5FC0028BCD13A4649
:105E600006212046FFF768FA95F87831013385F866
:105E7000783119F0020F1FD011210820FFF706FC1E
:105E80000646002800F0BC8081790144002301AA65
:105E90000D31FF200193FFF725FD40B10821204679
:105EA000FFF794FE019940F20740EAF701FB324602
:105EB00006212046FFF740FA95F87831013385F83E
:105EC000783119F0020F1CD008210920FFF7DEFB02
:105ED0000746002800F0948086790C360644E6F7E1
:105EE000CBFA837983F00803C3F3C00373700368AC
:105EF000C6F802308388F3803A4606212046FFF731
:105F00001BFA95F87831013385F8783119F0040FD0
:105F100012D011210A20FFF7B9FB064600286FD0E6
:105F2000807930441022AB210D3001F017FF32464A
:105F300006212046FFF700FA95F87831013385F8FD
:105F40007831B8F1010F08D0236C93F86C31002B35
:105F500056D195F87831042B52D1A36C95F97A017A
:105F6000313310220B21FCF76DFC78B140F21B415C
:105F70002046EAF77FFAB8F1010F14BF80214021D3
:105F8000204602B0BDE8F047FFF742BCA36C95F98C
:105F90007A01203301220C21FCF754FC0028E5D1C2
:105FA000A36C95F97A01213310220D21FCF74AFCEC
:105FB0000028DBD1082295F97A0104F1100311467B
:105FC000FCF740FC0028D1D1236C93F87A2184F8A7
:105FD0007520FF2283F87A21D3F874315B0603D44D
:105FE00004F14C00FDF7CFF9FCF72AFC022802BFB0
:105FF000A36843F48073A3602046EAF713FABAE774
:1060000002B0BDE8F087EAF727BD70B5B1F5A04F43
:1060100088B0044615467BD045F21B06B14240F0DD
:10602000E38090F87430DA076AD5056CB5F86C3106
:106030002BB14C21FFF7ECFB002008B070BDD5F868
:1060400074315B074BD5AB79DE0748D56B7BD8073E
:1060500045D5A36C95F97A01313310220B21FCF759
:10606000F1FB38B140F21B412046EAF703FA40F257
:106070001B40E2E7A36C206C203390F97A010122E7
:106080000C21FCF7DFFB0028ECD1A36C206C213342
:1060900090F97A0110220D21FCF7D4FB0028E1D100
:1060A000206C082290F97A0104F110031146FCF7E4
:1060B000C9FB0028D6D104F14C00FDF764F9236C2C
:1060C00093F87A2184F87520FF2283F87A212046FC
:1060D0004021FFF79DFB2046EAF7A4F9ACE705F560
:1060E000A67304F1180205F5AE7553F8041B42F8C7
:1060F000041BAB42F9D1A36843F48073A360E6E7C5
:106100004021FFF785FB29462046EAF7B3F993E7DC
:10611000006CD0F8743159073AD50023CDE901332A
:10612000ADF80C308379DA0724D5437BDB0721D522
:1061300000F5A673102290F97A010321FCF782FB87
:1061400048B1002140F21B40EAF7B2F9082120468D
:10615000FFF73CFD8BE7FCF773FB02280AD1206CAC
:10616000102200F5A673052190F97A01FCF76AFB6D
:106170000028E6D10023BDF80420CDE90433CDE9A1
:1061800006330DF1060104AB2046E9F7FDFD53E7A8
:10619000D0F8D130C0F8E930D0F8D530C0F8ED30C3
:1061A000206C00F5A6721146E130FFF7E1F90546D3
:1061B00030B120460821FFF709FD40F207403CE7D7
:1061C000236CA07C03F5A673C0F110022946184485
:1061D00001F0C4FDCDE90155CDE90455CDE90655E1
:1061E00004AB2A4601A9CFE708B0BDE87040EAF742
:1061F000DBBB2DE9F04796B0DDE922971D46DDF8BF
:10620000908005AB06460C4602F1100A9E461068C7
:1062100051689C46ACE80300083252456346F6D10B
:106220007046102102F008FF09AA2B4605F1100E56
:10623000944618685968154603C5083373452A46BD
:10624000F7D16046102102F0F7FE1E9B0DAA03F164
:10625000100E944618685968154603C508337345EF
:106260002A46F7D16046102102F0E6FE9DF87C3008
:106270008DF844309DF880308DF845309DF884309D
:106280008DF8463099F80630D9F80000129083F066
:106290000803C3F3C0038DF847300621B9F8043072
:1062A000ADF84C3012A802F0C7FEBB7983F00803AA
:1062B000C3F3C0038DF84E303B68CDF84F30062154
:1062C000BB88ADF853300DF14F0002F0B5FE01AAC6
:1062D000234604F11007154618685968144603C48C
:1062E0000833BB422246F7D11021284602F0A4FE13
:1062F0004346412205A92846FFF79FF9102104468D
:10630000284602F0A7FE412105A802F0A3FE34B101
:1063100008213046FFF75AFC16B0BDE8F08740462A
:10632000102102F089FE224645F213013046FFF7A4
:106330008AFAF1E72DE9F0419CB01546239F08AA9F
:106340001C4606460B4601F1200E90461868596817
:106350009446ACE80300083373456246F6D1202129
:10636000404602F069FE10AB2A4605F1200E9C461D
:10637000106851681D4603C5083272452B46F7D197
:106380006046202102F058FE229B18AA03F1100E4D
:10639000944618685968154603C5083373452A465C
:1063A000F7D16046102102F047FE04AA234604F10B
:1063B000100C154618685968144603C40833634521
:1063C0002246F7D11021284602F036FE6B465022B5
:1063D00041462846FFF731F910210446284602F0CD
:1063E00039FE5021404602F035FE34B108213046D6
:1063F000FFF7ECFB1CB0BDE8F081039B3B60384627
:10640000042102F019FE6846102102F023FE224604
:1064100045F214013046FFF716FAEBE72DE9F0419B
:106420001D46069B90F8738004460F46164653B1EE
:1064300010211046FFF722FA28B120460821BDE8B6
:10644000F041FFF7C3BB236C013E691E03F110004E
:1064500013F8012F16F801CF834282EA0C0201F8EB
:10646000012FF5D13A4629462846FFF781F8002842
:10647000E3D1B8F1020F0CBF002306232B4404F133
:10648000590204F15F0012F8016F1978904281EA15
:10649000060103F8011BF6D1B8F1020F14BF002367
:1064A00006232B4404F1520204F1580012F8016F44
:1064B0001978904281EA060103F8011BF6D13A46A9
:1064C00029462846FFF754F802460028B5D1204651
:1064D00045F21001BDE8F041FFF7B5B973B545F2DB
:1064E0000406B142044615460DD045F21006B142ED
:1064F00022D0B1F5A04F38D1FFF7B8F8236CD3F80C
:106500007431D90720D5236CD3F87421D2070BD46A
:10651000AA790C3215446A1DB133153552F8041BA3
:1065200043F8041BAA42F9D1216CD1F8743113F05D
:1065300004030CD0832104E0016CC131FFF7EAF8B9
:1065400085212046FFF764F9002002B070BD81F874
:1065500078310123009301F1D10201F1C1032046FA
:1065600001F5A671FFF75AFFEEE702B0BDE87040F3
:10657000EAF71ABAF0B545F21003994285B004461D
:1065800000F087800CD8B1F5A04F1CD045F2050370
:1065900099421DD0204605B0BDE8F040EAF704BAA4
:1065A00045F21103994200F08D8045F212039942A1
:1065B000F0D1036C93F87931042B40F2B380052BB2
:1065C00003D148217BE0FFF751F8002005B0F0BD72
:1065D0009179036C0C310A44511DD133153251F8B5
:1065E000040B43F8040B9142F9D1256C05F1E10746
:1065F00005F1D10610223146384601F085FB20B95D
:1066000004212046FFF7E2FADFE7D5F8743113F0F2
:10661000040332D095F87931042B13D105F211130C
:10662000039305F5A673029304F15303019304F158
:106630005A0300933A46334605F1F1012046EAF742
:1066400033FCC2E705F5AE7005F1110105F1510209
:1066500001900BB1052B06D1002300932046334651
:10666000FFF702FBB1E795F87801D5F84831C34050
:1066700003F0010343F08003EFE785F878313246F9
:10668000009305F5A67105F5AE732046FFF7C6FE2B
:106690009BE7056C102205F1C10105F5AE7001F014
:1066A00033FB0028ACD1D5F874319B0742BF94F876
:1066B000743043F0020384F874304B212046FFF716
:1066C000A7F882E7056C102205F1C10105F5AE704F
:1066D00001F01AFB002893D195F87931013B022B88
:1066E0000FD895F878310133DBB2142B85F8783167
:1066F00007D0D5F8743123F00103C5F87431432174
:10670000DCE705F21113039305F5A673029304F178
:106710005303019304F15A03009305F1E10205F1DB
:10672000D10389E74921CAE7B1F5A04F70B5044606
:10673000154607D045F20406B1420CD0BDE87040C2
:10674000EAF732B9FEF792FF236CD3F87431D90718
:1067500001D4002070BD236CD3F87421D20718D463
:10676000AA790C3215446A1DC133153552F8041B41
:1067700043F8041BAA42F9D1206C102200F1C10198
:10678000B13001F0C1FA20B904212046FFF71EFA0A
:10679000DFE7206C1021E130FFF770F858B10821D5
:1067A0002046FFF713FA40F207400021E9F780FE88
:1067B00040F20740CEE7216C2046E131FEF78EFF24
:1067C00047212046FFF724F8C3E7B1F5A04F70B585
:1067D0000346144607D045F21806B14207D0BDE87B
:1067E0007040EAF7E1B8FEF741FF002070BD126883
:1067F000551C03D10121FFF7E9F9F6E7016CD1F847
:106800007401400741BF002281F878212268C1F855
:10681000482158BFC1F84C2118464321FEF7F8FF24
:10682000E3E7B1F5A04F70B51346044607D045F233
:106830000406B14207D0BDE87040EAF7B5B8FEF7EC
:1068400015FF002070BD9979026C0C310B44591D65
:10685000C132153351F8040B42F8040B9942F9D1B7
:10686000256C102205F1C10105F1B10001F04CFACF
:1068700020B904212046FFF7A9F9E2E705F1E1017B
:106880002046FEF72BFF47212046FEF7C1FFD8E741
:10689000B1F5A04F13B504460ED0A1F5A043103BAF
:1068A000012B45D8016CB131FEF734FF442120465D
:1068B000FEF7AEFF002017E0016CD1F8743113F041
:1068C000040301F1E10228D010211046FEF7D6FFA3
:1068D00060B108212046FFF779F940F20740002116
:1068E000E9F7E6FD40F2074002B010BD216C01F16E
:1068F000B103019391F87821D1F84831D34003F0E6
:10690000010343F08003009301F1110201F1E1035F
:1069100020465131FFF7A8F9CCE781F878310123FF
:10692000009301F1B10301F5A671FFF777FDC1E70F
:1069300002B0BDE81040EAF737B8B1F5A04F70B526
:10694000044615467AD045F21B06B14240F0CD8090
:1069500090F87430DA0769D5056CB5F86C3123B15D
:106960008921FEF755FF002019E0D5F874315B0747
:106970004BD5AB79DE0748D56B7BD80745D5A36CE3
:1069800095F97A01313310220B21FBF75BFF38B107
:1069900040F21B412046E9F76DFD40F21B4070BDFF
:1069A000A36C206C203390F97A0101220C21FBF7B3
:1069B00049FF0028ECD1A36C206C213390F97A01B7
:1069C00010220D21FBF73EFF0028E1D1206C0822A8
:1069D00090F97A0104F110031146FBF733FF002808
:1069E000D6D104F14C00FCF7CEFC236C93F87A214D
:1069F00084F87520FF2283F87A2120468021FEF753
:106A000007FF2046E9F70EFDADE705F5A67304F193
:106A1000180205F5AE7553F8041B42F8041BAB428F
:106A2000F9D1A36843F48073A360E6E78021FEF701
:106A3000EFFE29462046E9F71DFD94E7006CD0F8EB
:106A4000743159072AD58379DA078CD5437BDB0764
:106A500089D500F5A673102290F97A010321FBF77E
:106A6000F1FE48B1002140F21B40E9F721FD082169
:106A70002046FFF7ABF890E7FBF7E2FE02287FF431
:106A800072AF206C102200F5A673052190F97A01EF
:106A9000FBF7D8FE00283FF466AFE3E7D0F8D1302B
:106AA000C0F8E930D0F8D530C0F8ED30206C00F5F2
:106AB000A6721146E130FEF75BFD014630B120467B
:106AC0000821FFF783F840F2074068E7236CA07CB9
:106AD00003F5A673C0F11002184401F03FF9216CD0
:106AE0002046D131FEF7FAFD3DE7BDE87040E9F7F9
:106AF0005BBFB1F5A04FF7B5044608D045F21105CC
:106B0000A94236D003B0BDE8F040E9F74DBF006CB4
:106B10001021D130FEF7B2FE60B108212046FFF708
:106B200055F840F207400021E9F7C2FC40F2074067
:106B300003B0F0BD256C95F8796105F1C107013E00
:106B4000022E01979FBFD5F8480195F87861F04073
:106B500000F0010098BF40F08000009005F1510165
:106B600005F1110205F1D1032046FFF77DF8002061
:106B7000DEE7016CC131FEF7CDFD85212046FEF731
:106B800047FEF4E770B545F20406B14204461346E9
:106B900024D045F21806B14206D0B1F5A04F32D14B
:106BA000FEF764FD002070BD11684D1C03D101216A
:106BB000FFF70CF8F6E7026CD2F87401400743BF08
:106BC000002182F878111B68C2F84C1148BFC2F846
:106BD000483184212046FEF71BFEE3E79979026CD9
:106BE0000C310B44591DB132153351F8040B42F8E6
:106BF000040B9942F9D1226CD2F8743143F00103AD
:106C0000C2F87431CEE7BDE87040E9F7CDBE10B5EB
:106C100000230364044690F97500431C13D0E5F784
:106C20006DFB082204F1100394F975001146FBF77F
:106C300037FE94F91330012B07D194F8743043F0E8
:106C4000020384F87430002010BD022BFBD194F8AD
:106C5000743043F00A03F4E74B88062B05D108880B
:106C600041288CBF0020012070470020704707B5E5
:106C70008B7901910B440A46197C4B1E0D2B04D8CD
:106C800001F5A0410131FEF7DEFD01A801F0CFFEC4
:106C900003B05DF804FB70470020704770477047F1
:106CA00070B504460E461546052100220420FCF767
:106CB0004BFD014618B1A0F80160A0F80350204632
:106CC000BDE87040FCF798BDF7B51D460023009362
:106CD0000446BDF824300F4616460721089A0620C0
:106CE000FCF756FD014628B1A0F80170A0F803603A
:106CF000A0F80550204603B0BDE8F040FCF77CBD8D
:106D000073B515461A460023009304469DF81830C3
:106D10000E4608200521FCF73BFD014618B1A0F8FE
:106D20000160A0F80350204602B0BDE87040FCF7B7
:106D300063BD38B5002204460D460A200321FCF746
:106D400003FD014608B1A0F801502046BDE83840D7
:106D5000FCF752BD70B504460E46154605210022CB
:106D60000C20FCF7F1FC014618B1A0F80160A0F876
:106D700003502046BDE87040FCF73EBD73B5154694
:106D80001A460023009304469DF818300E46102042
:106D90000521FCF7FDFC014618B1A0F80160A0F840
:106DA0000350204602B0BDE87040FCF725BD73B526
:106DB0004489033CA4B2A3420E464FF00001009167
:106DC00005464FF0030128BF23461220FCF7E0FCE4
:106DD000014608B1A0F80160284602B0BDE8704045
:106DE000FCF70ABD2DE9F3419846836905465869C9
:106DF0000F46164601F0A0FE6C89053CA4B280B295
:106E0000844228BF0446A8692146143002F071F874
:106E1000009048B105220821002002F08EF8019070
:106E200030B9684601F003FE1A2002B0BDE8F081D7
:106E3000009901A801F0E2FE019A93790C33D11870
:106E40001620D054A8F800402846A1F80170A1F8F7
:106E50000360FCF7D1FCE8E738B5002204460D4694
:106E600018200221FCF770FC014600B14570204655
:106E7000BDE83840FCF7C0BC70B5857904460C35D8
:106E8000461901F059FE625D431E013A9BB21C2A6D
:106E900010D8DFE802F0110F160F180F290F2F0F6F
:106EA000400F400F400F330F250F0F0F390F250FE5
:106EB0003E0F3E00002070BD042B14BF01200320B4
:106EC000F9E7022BF9E743B37278022A0AD0012AC4
:106ED00023D10222013B0232B3FBF2F102FB113358
:106EE000002BEAE71022F5E713F0030F14BF01208F
:106EF0000320E0E78BB17278013BEDE76BB172786C
:106F0000032A0AD9013BE7E7042B34BF0120032001
:106F1000D1E7022BF9E70320CDE70120CBE70246BA
:106F20004FF0FF30ECF7E2B807B5042201910DEB0A
:106F30000201F6F7B0FB03B05DF804FB38B5044678
:106F4000251DDAF75BFB00212846FFF7EDFF012145
:106F500004F10800FFF7E8FF08212846FFF7DFFFEC
:106F600001462046FFF7E0FF002038BDC0F30A03CA
:106F70000833B3F5006F06D280884FF6FF73C31A4B
:106F800058425841704701207047F8B50D461746E2
:106F90001E46EBF763FE044638B905B1287000239E
:106FA00040F21C403B703460F8BD15B1C3881B0A29
:106FB0002B70A37900200834F4E708B5084680B2A6
:106FC0004FF6FF71EBF77EFE002008BD02207047F0
:106FD0000020704701207047002070470020704754
:106FE000704737B5044601A80D46F1F713F901A81B
:106FF000FFF7F6FF01A920468DF80650ECF710F9CF
:1070000003B030BD08461146ECF7E8B97047431E9F
:10701000012B03D9031F5842584170470120704784
:1070200000F059BA4FF4A472002100F097BE10B5D9
:107030000021044600F083F82046BDE81040F1F737
:107040002BB8F0F79DBCF0F7A1BCF8B505460E468D
:10705000ECF78CF9D5F88C307BB15B696BB1EEF74E
:1070600083F9D5F88C305B691B1A584240F26B12D9
:107070004FF042015841ECF75BFBF76800224FF6F6
:10708000FF734FF0240CD0B2B84208D31C462146FF
:107090002846ECF7F5FA00F021FA2046F8BDB16871
:1070A0000CFB0011CC899C4202D2002CEFD023466D
:1070B0000132E8E7ECF7E4BA008B70470A7838B59C
:1070C00005461046FFF7A3FF60B14C782046FFF756
:1070D0009EFF38B12243530704D42846BDE8384008
:1070E000F0F75ABC012038BDFFF7E8BF10B50446E1
:1070F0000878FFF78CFF58B14A781046FFF787FFF2
:1071000030B1042A04D02046BDE81040F0F77CBC22
:10711000012010BDFFF7EABFF0F7BAB9F0F732BBB4
:1071200070B504460D461646ECF7AAFA30B9324659
:1071300029462046BDE87040EFF76AB970BDF1F707
:1071400027BA38B5044600200D4600F0C5F9D4F83A
:10715000A0302BB929462046BDE8384000F0DFBA00
:10716000022038BD38B5044648880D4600F0B4F911
:10717000D4F8A0302BB929462046BDE83840F0F7B6
:1071800079BC022038BD00F0A8B900F0FCBAEDF7D8
:10719000BBBC38B505460C46F6F704F92B6B1C4012
:1071A000EB6A2343EB62F6F701F9211E18BF0121B8
:1071B0000020490238BDF0F73DBFF0F773BA00F088
:1071C00013BB00F032BB08461146EDF763B8F0F789
:1071D00071BD00F0ECBA38B50446154609B100F0AF
:1071E00042FB25B12046BDE83840F0F75DBE38BD12
:1071F0000846EDF78BBF10B5044600F08BF820B9B8
:107200002046BDE81040ECF771BB10BD00F0B0B9EE
:10721000EDF7D4BE2DE9FF41984604460E461746C9
:10722000F6F7C7F805462046FFF7E5FF0A9B0293ED
:107230000023CDE900833A4631462046ECF7A4FB13
:1072400004462846F6F7BBF8204604B0BDE8F081B6
:1072500038B50446F6F7ADF805462046FFF7CBFFF4
:107260002046ECF76FFB04462846F6F7A8F8B4FA78
:1072700084F0400938BD38B50446F6F79AF805465B
:107280002046FFF7B8FF204600F053F80446284692
:10729000F6F795F8204638BD38B50446F6F789F874
:1072A00005462046FFF7A7FF204600F048F80446B1
:1072B0002846F6F784F8204638BD70B504460E46D9
:1072C000F6F777F805462046FFF795FF314620464A
:1072D000ECF7A8FB04462846F6F771F8204670BD87
:1072E00007B513468DF80710002219460DF1070067
:1072F00000F0B9F803B05DF804FB084611461A46E1
:1073000000F0B1B80120704701207047002070479D
:1073100000207047ECF722BA10B5F6F74AF8044699
:1073200000F015F8ECF740FA2046BDE81040F6F7FB
:1073300046B808B50246ECF711FA507D08BD08B50D
:107340000246ECF70BFA507D80F0010008BD00F01A
:107350000FB9F0F79DBA00F0C2B9437C03B10847FA
:107360000220704710B5044600F0E0FA20460321E1
:10737000BDE81040F0F7E6B8FFF7F4BF437C0BB16F
:1073800000F0D0BA02207047437C0BB100F0CCBAB9
:107390000220704710B5437C0C4693B14968002227
:1073A000F1F7B0F9206890FAA0F0000AEEF7F2F8D1
:1073B000A17A2089002281F00101F1F701FA002071
:1073C00010BD0220FCE71FB5CDE90012ADF8083072
:1073D00069469DF818308DF80A30FFF7DBFF05B0DD
:1073E0005DF804FB00207047002070472DE9F74F3F
:1073F0001C469DF830300193036803F00703063301
:1074000001259D400646174605F1FF380B46A1B100
:10741000416804EA080BA5EB0B0A41F000595245FC
:1074200009EB0B0114D95246184600F0A2FC7A1B56
:107430005A444946504400F09CFC019B2BB13C440B
:1074400048EA050804EA0804F46003B0BDE8F08FD8
:107450001846F0E737B5002500951446FFF7C6FF3C
:10746000204603B030BD70B50E461546044608B937
:10747000002070BD0078ECF7EBFF58B11EB120780A
:10748000EDF790F830701DB1207800F038F82870D2
:107490000120EEE723780E2BEAD10EB1FF233370E3
:1074A000002DF5D0FF232B70F2E738B50D680446A8
:1074B0002846ECF7A7FFD4F8903043B15B6933B1AD
:1074C000013504BF6FF001020A600A681A600020EB
:1074D00038BDF1F737B8704770477047704738B517
:1074E0000D460446EDF740FFAC4042F210736409CC
:1074F0005C436423B0FBF3F0B4FBF0F038BD02282A
:1075000007D0062807D0003818BF01204042C0B27B
:107510007047012070470020704730B51F23B0FB33
:10752000F3F35D1CEDB24FF0FF34C3EB4313AC40FB
:10753000C01AE4430130E4B2C0B21460086030BD48
:1075400070B505460E46C0B201F00F01FFF7C7FF48
:10755000C6F303110446C5F30720FFF7C0FFC6F3C7
:1075600003210444C5F30740FFF7B9FF204470BD71
:1075700008B5EDF7B1FCBDE80840EDF7EBBC10B580
:107580000446EDF7A9FC844288BF01F1FF31204693
:1075900001F00301BDE81040EDF7DCBC38B504464E
:1075A000FFF7E6FF0546FFF7E3FF431BA342FAD3CD
:1075B00038BD0020704710B50446EDF759FFC4F3FD
:1075C0000113022B05D0032B09D0012B00D1400859
:1075D00010BDC4F3C4240134B0FBF4F0F8E7800814
:1075E000F6E700F03003202B10B513D110F4E02F94
:1075F000C0F302440AD010F4C01FC0F3C423B3FB8D
:10760000F4F418BF6400052C0ED86408FFF7D3FF0C
:10761000604310BDC0F382136FF012041C4104F0EC
:107620000104C4F10204F1E70424EFE710B50446B5
:1076300051B10B6843B15B6833B11A68032A03D9AF
:107640009C6A640E204610BDF5F7ACFE014620464C
:10765000EEF7F8F804460846F5F7A8FEF2E738B169
:107660004FF47A735843A0F6AC50401AEEF704BAC0
:107670004CF25030FAE7EFF7A3B9EFF7A1B9EFF703
:107680009FB9EFF79DB97047436B03F06003402B40
:107690000DD0602B03D0203B58425841704749B170
:1076A0000B68012B06D9486940F00100704740F291
:1076B0000110704700207047034670B10268022A2B
:1076C0000BD9426A12F47F4FC2F3072006D01B6A1F
:1076D000D2B25A43B2FBF0F070470020704702204C
:1076E000EDF7E4BBD0F894304BB11A68022A06D902
:1076F00093F8250028B11B6AB3FBF0F07047FFF741
:10770000A0BC704708B50146D0F89400FFF7D4FF3D
:1077100020B9BDE808400846FFF795BC08BD10B584
:1077200090F8D0300E2B04462BD00175D0F8900085
:1077300020B3D4F8A0304BB994F8D9308B420BD396
:1077400020460022BDE81040F0F7EEB9B4F924203D
:10775000B0F912309A42F3DD94F8D9100022204695
:10776000F0F7E2F960B9C4F890002046FFF7A4FCF6
:1077700001462046BDE81040EBF782BFFF2363754A
:1077800010BD0220FCE70346D0F8D0000860B3F833
:10779000D4308B800020704790F8D0300E2B14BF6F
:1077A000407DFF2070474FF48071EFF751BD38B531
:1077B0000D46FFF7A7FF014604460020EEF77AFAD0
:1077C00002460220A87174B1B2F5803F0BD863095C
:1077D0004FF2244101FB02302B682409B0FBF4F086
:1077E0001B1A2B60002038BD3F2B084610B51146F0
:1077F00019D9B3FA83F3C3F11902D2B2062A01D818
:10780000192B0ED0062A28BF0622931DDBB20124B5
:107810009C40A4B2A14228BF2146ECF753FB20466E
:1078200010BD0022F1E70024F9E713883F2B10B5C3
:10783000084616D9B3FA83F3C3F11901C9B2062970
:1078400001D8192B0BD0062928BF06218C1DE4B2C4
:107850000123A3401380ECF753FB002010BD00214F
:10786000F4E70120FAE7EFF7FDBC10B5084614462F
:107870000121EDF787FD20460121BDE81040EDF71D
:1078800081BDF8B504460E461746F5F78BFD3A461E
:1078900005463146204600F054F804462846F5F7E0
:1078A00085FD2046F8BD0220704703207047EDF7A4
:1078B000F5BA10B5F0F72EFD044608B9EEF79AFDBB
:1078C000204610BD38B504461D46F0F723FD28B903
:1078D00029462046BDE83840EEF75CBE38BD70470B
:1078E0008021EFF7B5BC38B50546EFF745FE0446F5
:1078F0002846EFF71FFE072811D1D5F89030DB6935
:1079000024F47F4121F0080103B15B7841EA0321AF
:1079100041F020012846BDE83840EFF733BE24F09F
:107920002001F7E7032070470320704710B5044695
:10793000F0F7D2FE2046BDE81040F0F7A5BE0020CB
:107940007047F7B505460F4668461146F0F77EFFCB
:10795000064698B197B1DDE900311B0A43EA01639D
:10796000A5FB0343090A05FB0135EDF7FDFC0023E8
:10797000024629462046F1F78BFE3860304603B0B8
:10798000F0BD00228A4202D14FF0FF30704750F81C
:10799000223093FAA3F30BB90132F3E7B3FA83F081
:1079A00000EB4210704770B5A1FB02543CB9294668
:1079B000F2F732F8064628B90026304670BD0C2290
:1079C0000260F9E72A46214600F0C8F9F5E72DE9FB
:1079D000F041804615460C4621B9BDE8F0411146FC
:1079E000F2F71AB82AB9F3F709F800242046BDE8DF
:1079F000F08100F03AFB8542064602D8B5EB500F05
:107A0000F4D829464046F2F707F807460028ECD09C
:107A1000B5422A46214628BF324600F0AAF921463F
:107A20004046F2F7EBFF3C46E0E72DE9F04F89B026
:107A3000DDE91598002B1D461446BCBF03F1004339
:107A4000144628F0200A149AB6BF1D4600232D23A1
:107A5000BAF1460FDDE9126B137005D0BAF1450F8C
:107A600000D10136022300E0032307AA049206AAEC
:107A7000CDE90292CDE9003622462B46D4F734F800
:107A8000B8F1670F074619D11BF0010F0ED007EBB5
:107A900006080022002320462946F5F7FFF808B122
:107AA000CDF81C803022079B434521D3079B179AB2
:107AB000DB1B3846136009B0BDE8F08FB8F1470F03
:107AC000E2D0BAF1460F00EB0608E2D10378302B82
:107AD0000AD10022002320462946F5F7DFF818B91D
:107AE000C6F10106C9F80060D9F800309844D0E723
:107AF000591C07911A70D6E7F7B50029BABF494259
:107B00002D232B2309290270437029DD0DF1070372
:107B10001D460A271A46B1FBF7F607FB1614303448
:107B200002F8014C0C46632C03F1FF333146F1DCC3
:107B30003031941E03F8011C411C2346AB420AD38A
:107B40000DF109039B1AAC4288BF002302330344A2
:107B5000181A03B0F0BD13F8016B01F8016FEDE7DF
:107B6000302330318370C170031DF1E72DE9F047F8
:107B7000164698468A680B69DDF820909342B8BF94
:107B80001346336091F8432007460C460AB101338F
:107B900033602368990642BF336802333360256837
:107BA00015F0060506D104F1190AE36832689B1A3C
:107BB000AB4226DC94F843302268003B18BF012317
:107BC00092062BD404F1430241463846C84701309F
:107BD0001ED02368226903F00603042B02BFE56868
:107BE0003368ED1AA3680CBF25EAE57500259342BA
:107BF000C4BF9B1AED1800261A34B5421AD10020D2
:107C000008E00123524641463846C847013003D1B7
:107C10004FF0FF30BDE8F0870135C6E7E1185A1C88
:107C2000302081F84300224494F8451082F8431034
:107C30000233C7E70123224641463846C847013090
:107C4000E6D00136D9E72DE9F843074688461446C1
:107C50000026D4E90195B9F1010905D52468002C65
:107C6000F7D13046BDE8F883AB89012B07D9B5F9C8
:107C70000E30013303D029463846C04706436835E5
:107C8000E9E710B50C46B1F90E10F2F75BFE0028DB
:107C9000ABBF636DA3891B1823F48053ACBF63652E
:107CA000A38110BD2DE9F0411F468B89DB050546F8
:107CB0000C46164605D5B1F90E1002230022F2F744
:107CC0002FFEA389B4F90E1023F48053A38132460A
:107CD0003B462846BDE8F041F2F756BE10B50C46CB
:107CE000B1F90E10F2F71CFE431CA38915BF6065A5
:107CF00023F4805343F48053A38118BFA38110BDA4
:107D0000B1F90E10F2F7FCBD10B5013902449042F2
:107D100001D1002005E0037811F8014FA34201D002
:107D2000181B10BD0130F2E7884210B501EB0204C8
:107D300002D98442234607D8431EA14208D011F835
:107D4000012B03F8012FF8E7024401468A4200D1D3
:107D500010BD13F8014D02F8014DF7E70244034648
:107D6000934200D1704703F8011BF9E77047704751
:107D700070470A44914200F1FF3300D1704710B5BB
:107D800011F8014B03F8014F9142F9D110BD0346A0
:107D900013F8012B002AFBD1181A013870472DE97E
:107DA000F74F03690C69A34207467EDB013C01F1F2
:107DB0001408A30000F11405009305EB840301935C
:107DC00058F8243055F8242001339A4208EB8409EE
:107DD000B2FBF3F62ED34FF0000AC446AE46D346AC
:107DE0005CF8043B98B206FB00A0020C1B0C06FBDF
:107DF0000323DEF8002080B292B2121A5A44DEF851
:107E000000004FEA134A9BB2C3EB224303EB10433B
:107E100092B242EA0342E1454EF8042B4FEA234B6B
:107E2000DED2009BEB582BB9019B043B9D421A46C6
:107E30002FD33C61384600F089F8002825DB29461D
:107E4000002058F8042BD1F800C01FFA82FE1FFA58
:107E50008CF3A3EB0E030344120CC2EB234202EBA0
:107E60001C429BB243EA0243C14541F8043B4FEA3E
:107E70002240E6D255F8242005EB840322B9043BC6
:107E80009D421A460BD33C610136304603B0BDE833
:107E9000F08F1268043B002ACBD1013CC6E7126880
:107EA000043B002AEFD1013CEAE70020EEE7B0F501
:107EB000803F034636BF030400201020B3F1807FCB
:107EC0003CBF1B020830B3F1805F3CBF1B01043094
:107ED000B3F1804F03D3002B0ADB013070479B00C6
:107EE00001D5023070475B0001D503307047202078
:107EF00070470368024613F007000BD0D90721D45E
:107F0000980749BF5B089B08012013605CBF1360A2
:107F10000220704799B209B91B0C1020D9B209B9D7
:107F200008301B0A190704BF1B090430990704BF56
:107F30009B080230D90703D45B0800F1010003D08D
:107F40001360704700207047202070470A6903467D
:107F50000069801A30B50ED11433143103EB82045A
:107F600001EB820154F8045D51F8042D954203D0D1
:107F700005D24FF0FF3030BDA342F3D3FBE7012021
:107F8000F9E72DE9F04F85B0CDE9001002A9F3F72C
:107F9000ABF88B4606460F46009803A9F3F7A4F802
:107FA000019B89460D461969009B1B69C91ADDE9C9
:107FB00002329B1A03EB4113002BCDBF3A46C3EBB1
:107FC00003332A4602EB035BD8BF02EB0359044696
:107FD00022464B4630465946F1F74AFA05B0BDE80D
:107FE000F08F013970B549111469013102F11403A0
:107FF00000EB810103EB8404051FA3420CD3A31AF9
:10800000113B23F003031132A24288BF002318441E
:108010000023884205D370BD53F8046B45F8046F04
:10802000EBE740F8043BF4E700F1140200694B1160
:10803000984210B511DB0ADD11F01F0107D052F88C
:10804000234024FA01F000FA01F18C420BD102EB3B
:108050008303934203D8002010BD0346F7E753F88B
:10806000041D0029F5D00120F6E751F8043C181F43
:10807000002BBCBF0B58C01870472DE9F0410F46CC
:108080009046F3F711F804460D46B8F1000F11D0F1
:10809000C7F30A53C3F16B03002B0BDD1B0503F180
:1080A0007F55002405F5401522462B46F1F7B6F81A
:1080B00004460D4620462946BDE8F081F3F7BCB8DA
:1080C0002DE9F0478E681F46BE420B6882460C467B
:1080D00090462DD8B1F90C2012F4906F26D0656926
:1080E000096905EB4505A3EB010905EBD5757B1C7B
:1080F0004B446D109D4238BF1D46530527D5294678
:10810000F1F78AFC064660B321694A46FFF731FE63
:10811000A38923F4906343F08003A3812661656102
:108120004E44A5EB09052660A5603E46BE4200D937
:108130003E46206832464146FFF7F6FDA3689B1B8A
:10814000A3602368334423600020BDE8F0872A46FB
:10815000FFF73DFC06460028E0D121695046F2F7C2
:108160004DFC0C23CAF80030A38943F04003A381DF
:108170004FF0FF30E9E79368013B002B10B49360A8
:1081800008DA9469A34201DB0A2903D15DF8044BA4
:1081900000F028B91368581C1060197008465DF883
:1081A000044B7047F8B506460F461446D518AC4246
:1081B00001D1002007E014F8011B3A463046FFF7D2
:1081C000DAFF431CF3D1F8BDB1F90C202DE9F041E1
:1081D000170705460C4656D44B68002B02DC0B6C87
:1081E000002B3DDDE66A002E3AD0002312F48052C7
:1081F0002F68216A2B6025D0626DA389580705D5A9
:108200006368D21A636B0BB1236CD21A216AE66AD7
:1082100000232846B047411C24D000236360236913
:108220002360A389DA0400D56065616B2F60B9B162
:1082300004F14403994202D02846F2F7DFFB002301
:1082400063630DE001232846B047461C0246D4D1A3
:108250002B68002BD1D01D2B01D0162B2BD12F60DA
:1082600000202FE02A68B4F90C3042B11D2A01D059
:10827000162A22D10023636023692360D5E7626058
:1082800022692260CEE70F69002FE9D093070E68BC
:1082900008BF4B690F6018BF0023A6EB07088B606F
:1082A000B8F1000FDCDD216AA66A43463A4628464B
:1082B000B047002808DCB4F90C3043F04003A38138
:1082C0004FF0FF30BDE8F0810744A8EB0008E7E776
:1082D00038B50B6905460C4613B90025284638BD4C
:1082E00018B1036A0BB9F2F711FAB4F90C30002B8C
:1082F000F3D0626ED00704D4990502D4A06DFFF7C5
:1083000036FD28462146FFF75FFF636EDA07054614
:10831000E4D4A3899B05E1D4A06DFFF729FDDDE737
:1083200070B50C46B1F90E10002996B015461E46E0
:108330000DDAA38913F0800F4FF0000114BF402322
:108340004FF48063002031602B6016B070BD6A4628
:10835000F3F75AFA0028ECDB019901F47041A1F51A
:108360000053594259414FF48063EBE78B89F7B5CD
:108370009D0706460C4607D504F147032360236199
:108380000123636103B0F0BD01AB6A46FFF7C8FF8C
:10839000009F054639463046F1F73EFB48B9B4F92F
:1083A0000C309A05EED423F0030343F00203A381BB
:1083B000E2E7A389206043F08003A381019BC4E925
:1083C00004075BB1B4F90E103046F3F72FFA28B169
:1083D000A38923F0030343F00103A381A3891D4371
:1083E000A581CFE7F8B50E461446054618B1036AD5
:1083F0000BB9F2F78BF9A369A360A3891A0701D51A
:10840000236943B921462846F3F7A8F918B14FF07C
:10841000FF373846F8BD23682269981A6369F6B2B7
:108420008342374605DC21462846FFF751FF0028E6
:10843000EDD1A368013BA36023685A1C22601E7023
:108440006269431C9A4204D0A389DB07E1D50A2E56
:10845000DFD121462846FFF73BFF0028D9D0D6E7D9
:1084600010B56AB10139841810F8012B11F8013FD9
:108470009A4203D1A04201D0002AF5D1D01A10BDF2
:108480001046FCE70369B3EB611F2DE9F0434FEAA7
:10849000611204DC002303610023436130E000F13A
:1084A000140411F01F0104EB830604EB82050CD1C8
:1084B00000F110072946B14230D39B1A9B00EA1EF7
:1084C000964238BF0023234415E054F82270C1F1CE
:1084D0002008CF4005F1040EA1467645F44611D898
:1084E0009A1A9200043A0135AE4238BF0022A3180E
:1084F000A75007B104331A1B9210A3420261CBD0DC
:10850000BDE8F083DCF800C00CFA08FC4CEA070771
:1085100049F8047B5EF8047BCF40DEE751F804CBDA
:1085200047F804CFC7E7A0F13003092B02D8203861
:10853000C0B27047A0F16103052B01D84738F7E7B7
:10854000A0F14103052B01D82738F1E7002070473F
:10855000C2F10802920070B5C2F1200643680468B7
:1085600003FA06F52C43D340046040F8043F8842E8
:10857000F4D370BD30B50368013311F8014B14B961
:108580000360012030BD13F8012BA2F14105192D24
:1085900098BF2032A242F0D00020F3E72DE9F04F3F
:1085A0000B6801685E1102EB860613F01F0387B0AB
:1085B00018BF04360025371F82469046019346F8BF
:1085C000045CB9463C460295AB464A784B1C039383
:1085D00042B3104605910492FFF7A5FF002851D140
:1085E000049A0599202A18D8029B9B4513DD4C4517
:1085F00006D2072D04DC2A4649462046FFF7A8FF8D
:10860000444552D90023A4F1040944F8043CCDF8B0
:1086100008B04C461D460399D7E7292A57D10231A5
:10862000CAF80010BBF1000F51D04C4506D2072DFF
:1086300004DC2A4649462046FFF78AFF444536D9DE
:10864000A8F10402234653F8041B42F8041F9F427A
:10865000F9D23B1B23F0030304330134033EB4423D
:1086600088BF04234344002243F8042B9F42FBD2DB
:108670003B681BB9474528D101233B60052007B063
:10868000BDE8F08F0135082D0BF1010B06DD4445E7
:10869000C1D9002344F8043C0125043C226800F0C1
:1086A0000F0040EA02102060B5E70825B3E7019B00
:1086B000002BDDD0C3F120034FF0FF32DA4056F833
:1086C000043C134046F8043CD2E7043FD0E70420C2
:1086D000D5E782B001B901A942B14BB113780B6063
:1086E0001278101E18BF012002B070471046FBE739
:1086F0006FF00100F8E70346084641B1FF2A04D9AC
:108700008A221A604FF0FF3070470A7001207047CC
:1087100008B50620F3F7E6FA0120F5F7A0FB1F29BC
:1087200038B505460C4604D9162303604FF0FF30D8
:1087300038BDC26B12B152F821304BB9284600F057
:1087400016F8224601462846BDE83840F3F7D2BA6B
:10875000012B0AD0591C03D1162303600120E7E73F
:10876000002142F82410204698470020E0E7F5F762
:108770007CBB430803F05533C01A00F03333800844
:1087800000F03330184400EB10104FF0013300F0CC
:108790000F305843000E704710B5044678B1036A95
:1087A00041696BB180689847207E0023102863617F
:1087B000636004D82146F3F785FF1123237610BDAB
:1087C0000029F1D08368002BEEDB0846F4F76AF944
:1087D000EAE707B5002301911A4601A9F3F7B8FDAE
:1087E00003B05DF804FB1FB5002402949DF81C4003
:1087F0000194069C0094F3F731FD04B010BD13B54D
:1088000007240194049C0094FFF7EDFF02B010BD13
:1088100007B500230093FFF7F2FF03B05DF804FBF8
:1088200003680B60016070472DE9F0410546006860
:108830000E461746002408B9BDE8F081D0E9008350
:10884000B3420BD18368BB4208D154B9C5F800804C
:10885000C368DB0701D5F4F725F9204604464046F6
:10886000E9E7C4F80080F3E7D1E90112FFF7DCBFC4
:10887000002370B51A46194604680546F3F768FDEB
:108880000CB92C6070BDE3682668DB0702D5204672
:10889000F4F708F93446F3E72DE9F8430E46174696
:1088A000054610B90020BDE8F8830468002CF9D013
:1088B000D4E90089A0683B4632462946C8470028CB
:1088C000F1D14446F2E72420704738B505461446F6
:1088D0000A460021FFF742FA24F01C046B7944F0A9
:1088E000100443F004032C716B7138BD2DE9F74F70
:1088F0001F469DF8303000938A468046002850D0AD
:10890000002967D00C68002C66D04FF0000BE67988
:10891000A179761AF6B2BE4208D30C31394408EB7D
:1089200002092144F61B4546C84537E02068BF1BB5
:10893000A346002835D00446E9E7AB19994538BF6E
:10894000A9EB050632462846FFF713FA009B002BD9
:108950003DD0E279A079F3B237BB1844A071E27937
:10896000A37927689A4232D1DAF80030A34208BFCF
:10897000CAF80070BBF1000F01D0CBF800702046A0
:10898000F3F702FF3C4635444CB1A379E67903F195
:108990000C01F61A2144F6B200274D45CDD3A5EBC4
:1089A000080003B0BDE8F08F121AD2B2F918914254
:1089B00009DA0C302044D21BD21A01443844019306
:1089C000FFF7B2F9019BE279D31AE371C7E7A34637
:1089D0002468D8E70846E4E72046E2E710B5C47902
:1089E000C4F145030246D8B2884228BF0846044471
:1089F000D47110BD38B50546C079C0F14504E4B264
:108A0000944288BFD4B20C3022462844FFF7B1F913
:108A1000EB792344EB71204638BD1FB5039100214B
:108A2000009103A9FFF762FF05B05DF804FB38B5BC
:108A30000446206800B938BD0568F3F7A5FE256037
:108A4000F7E710B501F0EC01034603B910BD1A7940
:108A500002F013020A431A711A1A544254415A7905
:108A600064F300025A711B68EFE710B558B1016852
:108A700002685AB1136823B15C79E40704D5002475
:108A800014600360084610BD0360F1E71346F8E781
:108A9000034658B10020DA7999791B68521A50FAC6
:108AA00082F01BB15A79D207F5D57047704770B57F
:108AB0000D460446E8B186798E4203D3751A857156
:108AC000012070BDC27906F145039B1ADBB29942C1
:108AD0000FD806F10C010144921BA81BD2B2084426
:108AE000FFF722F90023A371E3791D44AD1BE57163
:108AF000E6E70020E5E710B50C4698B191B1897919
:108B0000E279C379521AC3F14503D2B2DBB2934280
:108B100008D30C312144FFF76DFF2046F3F734FEF4
:108B2000012010BD0020FCE70346006818B1026870
:108B30001A600023036070470346002003B97047A2
:108B4000DA7999791B68521A50FA82F0F6E72DE922
:108B5000F84F894614468246FFF7EEFF0546484621
:108B6000FFF7EAFFA542074601D3A04208D2BD4263
:108B700008D10024A346A046264647B9384604E05B
:108B80002746F6E738D24FF0FF30BDE8F88F5EB9E0
:108B90009AF806809AF80760A6EB080608F10C0818
:108BA000D044DAF800A0F6B2BBF1000F0BD199F86F
:108BB000064099F807B0ABEB040B0C344C44D9F8E1
:108BC00000905FFA8BFB5E45354628BF5D46BD428F
:108BD00028BF3D462A4621464046FFF795F8002823
:108BE000D3D1A8442C447F1BEDB2761BABEB05051B
:108BF000F6B25FFA85FBC0E70120C6E703680BB950
:108C0000016070471A461B68002BFBD1116070474A
:108C1000036803B10B600160704739B10B461A4617
:108C20001B68002BFBD1036813600160704770B5AF
:108C3000046806460D4644B12046FFF77DFFA84272
:108C400011D8236813B9E379A37170BD204633604E
:108C5000F3F79AFD3468F4E7ED1A23683360204691
:108C6000F3F792FD3468002DEFD0A279E3799B1AD7
:108C7000DBB2AB42F0D92A44A271E6E7F8B5066848
:108C800005460C4646B13046FFF756FFA0421DD8B8
:108C9000336813B9F379B371F8BD30462B60F3F73D
:108CA00073FD2E68F4E7064638460768002FFAD1B0
:108CB000C2798379D31ADBB2A34202D9121BC271E3
:108CC000EAE7E41AF3F760FD3EB13760002CE3D029
:108CD00028680028E0D00026E7E72E60F6E7F8B520
:108CE00004460F46BC4200D1F8BDA179E5796D1A62
:108CF000EDB2C5F14506B6B20EB92468F2E749B146
:108D00000C312A46214404F10C00FFF70DF8002332
:108D1000E571A3712368BB42EFD05A79D207ECD436
:108D20009979DD79A079E2796D1AEDB2B54200F159
:108D30000C0028BF354610440C312A461944204403
:108D4000FFF717F8E379206853FA85F3E371837925
:108D5000761B53FA85F5C379EDB2AB42B6B2857195
:108D600003D103682360F3F70FFD002ED2D1C4E7CF
:108D700038B50C46016809B9046038BD0D4609686C
:108D80000029FBD1236823B12046FFF7A8FF2C6000
:108D9000F3E721462846FFF7AEFE0028EDD1F6E7BF
:108DA00048B1002302794360036083604379027114
:108DB00043F004034371704700221146F3F740BDAE
:108DC00038B504460D46FFF772FE98B984B1207994
:108DD000FFF7F2FF58B1637942790460C3F34003AF
:108DE00063F3410245235D1B4271C371857138BD38
:108DF0000120EDE72046FAE738B5036804460D4642
:108E00009BB11879FFF7D8FF88B1236803605B79BD
:108E10004279C3F3400363F3410245235D1B427172
:108E2000C37185712060002038BD0120EAE7192058
:108E3000FAE738B50C46054640B3006830B309B9C7
:108E4000002038BD4AB9C9B2FFF731FE0028F7D17A
:108E50002B689A799871A41A06E0452918D8C9B2E6
:108E6000FFF725FE0028EBD1442C07D8002CE7D0D3
:108E7000E1B22846BDE83840FFF7BEBF452128468D
:108E8000FFF7BAFF0028DCD1453CEDE72220D8E708
:108E90002120D6E72DE9F84390F8078090F8069056
:108EA000A8EB0907FFB2B94204460D4602D30020E1
:108EB000BDE8F8830079FFF77FFF06460028F6D06B
:108EC000A17980790C317F1B29440C30BAB221443E
:108ED0003044FEF74EFFF3793B44F371E379994454
:108EE0004D442368A5EB0805E57101203360266039
:108EF000DEE7F8B5076806460D463C46002305B197
:108F00002CB90BB100221A6034603846F8BDE37901
:108F1000A2799B1ADBB2AB4207D8E379A2799B1AFC
:108F2000DBB2ED1A23462468E9E7E9B22046FFF7F1
:108F3000B1FF0028F1D10746E7E75318452B02DCC3
:108F4000C9B2F3F77DBC00207047F7B5002605468F
:108F50000F4601960DB9019C09E0002211463846E2
:108F6000F3F76EFC044628B901A8FFF760FD204620
:108F700003B0F0BDAB798371EA79C2716879617928
:108F800060F30001617169796079C1F3400161F3B7
:108F90004100D21A607103F10C002918D2B22044AA
:108FA000FEF7E7FE019B03B9019406B134602D681A
:108FB0002646CFE72DE9F8430D461446064610B382
:108FC00019B3DAB1034699461B68002BFBD127463B
:108FD000C8463A4629464046FFF70CFDC145A7EB77
:108FE0000007054418BFC9F8008037B1B17930795E
:108FF0000022F3F725FCC14618B9E41B2046BDE862
:10900000F8838046E5E70446F8E70C46F6E737B50F
:109010001546C9B200221C46F3F712FC019040B17C
:1090200022462946FFF7C6FF844202D901A8FFF76E
:10903000FEFC019803B030BD10B5013903461A1A81
:10904000914200D810BD445C1A7803F8014B425499
:109050000139F4E701440023884200D1704700F849
:10906000013BF9E738B505460C4604B938BD013C6B
:1090700055F834305B68002BF7D09847F5E72DE9B9
:10908000F0410446002654F836302BB904F10408A8
:10909000B34203D100250FE00136F4E754F8332042
:1090A00012685F1C5AB158F833009047054630B13A
:1090B00039462046FFF7D6FF2846BDE8F0813B46FB
:1090C000E6E770477047704770477047F3F7CCBCCE
:1090D00038B50446F9F7C5FA054658B9C820E2F78D
:1090E00025F9C82202212846E2F7E0F88442A8BF09
:1090F000044624B22046E2F719F9F9F7B2FABDE8BE
:109100003840C8220221E2F7D1B8B0F90020B1F905
:1091100000309A422DE9F04704460D4648DCF4F74A
:1091200048F98046DDF7E2F800283ED1E2F7B4F8CE
:109130008246F9F796FAC8220221E2F7B7F8B5F9A4
:10914000002047F6FF739A42814602D1E2F7C8F841
:109150002880B4F9002047F6FF739A4202D1E2F763
:10916000B9F82080B5F90000FFF7B2FFB4F900307C
:109170008342C8BF20800746B4F90000E2F7B6F882
:10918000F6F751FF064658B15046E2F7AFF84846A9
:10919000E2F7CCF84046F4F712F93046BDE8F08724
:1091A000E2F77AF820802F80F4E741F20C06F1E72D
:1091B0002126F2E70000000000000000000000008F
:1091C000F8B500BFF8BC08BC9E467047F8B500BFB4
:1091D000F8BC08BC9E4670475FF800F0890E00207E
:1091E000000000000000000000000000000000007F
:1091F000000000000000000000000000000000006F
:109200005B495D200054696D657220737465702040
:109210002564200A0076616C204C656420737461BB
:109220007465202564200A002076616C20746F200C
:109230007772697465206166666963686167652035
:109240004153434949203D202563200A002076618F
:109250006C20746F2077726974652061666669633B
:109260006861676520646563696D616C203D2025D8
:1092700075200A005B435D20002E2E2F6170702E3A
:10928000630025733A2564203A25733A20007363FE
:10929000005374617475733A202573203D20307833
:1092A000253034782000417373657274696F6E20C5
:1092B0006661696C65640025733A20636F6E6E6544
:1092C0006374696F6E5F6F70656E6564210A00205C
:1092D00076616C657572206465206C612074656DC3
:1092E0007065726174757265203A20252E32662091
:1092F0000A0025733A20636F6E6E656374696F6E42
:109300005F636C6F736564210A004465496E69741C
:1093100020636170746575722074656D706572612B
:10932000747572650A0020696420636172616374F8
:109330006572697374697175652074656D706572A5
:109340006174757265203D202564200A0072656194
:109350006420494F200A00636C69656E745F636F17
:109360006E6669675F666C6167203D2025640A0050
:10937000736C5F62745F6F6E5F6576656E740073A9
:109380006C5F62745F6F6E5F6576656E74006170AE
:10939000705F696E69740042524434313636410060
:1093A0002E2E2F736C5F676174745F7365727669BC
:1093B00063655F6465766963655F696E666F726D2C
:1093C0006174696F6E2E630044303300342E342E86
:1093D0003700736C5F676174745F7365727669637D
:1093E000655F6465766963655F696E666F726D61FE
:1093F00074696F6E5F6F6E5F6576656E74000000F6
:109400002094030022002200889603001000100020
:1094100078960300010001000200FFFFFFFF00003B
:10942000010000000108FFFF00000000409603005B
:10943000020002000108FFFF0500000020000C00F0
:1094400003000C000008FFFF01000000E00D0020F9
:1094500004000F000308FFFF0300000002000000EB
:10946000050002000108FFFF0500000002000D00DA
:1094700006000D000108FFFF01000000EA0D0020BA
:10948000070002000108FFFF050000000A000E00AF
:1094900008000E000308FFFF01000000000E00207E
:1094A000090000000108FFFF0000000044960300CF
:1094B0000A0002000108FFFF050000000A00030087
:1094C0000B0003000308FFFF01000000080E00204E
:1094D0000C0002000108FFFF05000000020004006C
:1094E0000D0004000108FFFF000000004896030083
:1094F0000E0000000108FFFF000000004C96030072
:109500000F0002000108FFFF050000000200050037
:10951000100005000108FFFF000000005096030046
:10952000110002000108FFFF050000000200060014
:10953000120006000108FFFF010000001E0E0020BF
:10954000130002000108FFFF0500000002000700F1
:10955000140007000108FFFF010000002C0E00208E
:10956000150002000108FFFF0500000002000800CE
:10957000160008000108FFFF01000000360E002061
:10958000170002000108FFFF0500000002000900AB
:10959000180009000108FFFF01000000420E002032
:1095A000190000000108FFFF000000005E960300A4
:1095B0001A0002000108FFFF0500000012000A0067
:1095C0001B000A000108FFFF070000000000000068
:1095D0001C000F000308FFFF030000000101000052
:1095E0001D0000000108FFFF00000000629603005C
:1095F0001E0002000108FFFF050000000E000B0026
:109600001F000B000708FFFF07000000000000001C
:10961000200000000108FFFF000000006696030024
:10962000210002000108FFFF050000000800008083
:10963000220000800208FFFF070000000000000079
:1096400002000118020000180200000002000A18BF
:109650000C0053696C69636F6E204C616273020089
:109660001A18020015181000F01921B4478FA4BF72
:10967000A14F63FDEED6141D636032E0375EA4880F
:10968000534E6DFB6435BFF7002801280328002ADC
:10969000012A292A242A272A262A232A6E2A562AF8
:1096A000052A2A2B292B02290500000000000000B2
:1096B00000C20100000500000010000000000000D2
:1096C00000000000650E002001F80000CBD202006F
:1096D000F7D2020023D302003BD30200433A2F55B6
:1096E000736572732F6D617474652F53696D706C3F
:1096F000696369747953747564696F2F53444B734C
:109700002F6765636B6F5F73646B2F6170702F627F
:109710006C7565746F6F74682F636F6D6D6F6E2FEE
:10972000696E5F706C6163655F6F74615F646675BD
:109730002F736C5F62745F696E5F706C6163655FED
:109740006F74615F6466752E630064656C61795F38
:1097500074696D65725F636200736C5F62745F69E8
:109760006E5F706C6163655F6F74615F6466755F87
:109770006F6E5F6576656E7400433A2F5573657240
:10978000732F6D617474652F53696D706C696369B3
:10979000747953747564696F2F53444B732F6765E5
:1097A000636B6F5F73646B2F6170702F626C756594
:1097B000746F6F74682F636F6D6D6F6E2F73656E4E
:1097C000736F725F7268742F736C5F73656E736F03
:1097D000725F7268742E63004E554C4C20213D2000
:1097E0007268745F73656E736F7200417373657234
:1097F00074696F6E2027257327206661696C656424
:109800003A20005369373078782073656E736F7231
:10981000206E6F7420617661696C61626C650A000C
:10982000736C5F73656E736F725F7268745F696E7D
:109830006974003F00280029200000000500000096
:109840000000000040420F00050100000000000081
:10985000000000000000000013B779FAC925DDB749
:10986000ADF3CFE0F1B614B8010200000000000033
:10987000FFFFFFFF200000000100000000000000CB
:1098800000000000000000000000000000000000D8
:1098900000000000000000000000000000000000C8
:1098A000000000000000000007000003000280002C
:1098B0000800020020000001400004000100100028
:1098C00008060200040907030105000040787D0135
:1098D00000000000005A620200010000C0CF6A00D0
:1098E00002000000809FD50002010000002D310120
:1098F000020200000809110800030103030302002B
:10990000000800FC7499030001000107209903007E
:10991000000800F83099030000000000000000007B
:1099200083FFBFFFE2FFF1FFF9FFFEFF0000000031
:109930009600FCFEF8006D23441FEEFFC700F20EF8
:109940008E37FAFF5C00A40324A7FFFF3200D60184
:10995000AD3400001F003001004D00001200C000B7
:10996000CA4A00000B006E00F73C000005001F0013
:109970002F2000008C00FCFEFFFF00000000000014
:10998000FC00D2104C06FAFF75009B05F132FFFF78
:109990003E0062020B35000025004B01885F00008D
:1099A0001700E0005E5D00000E008C006A4F0000B2
:1099B000070025008328000000000F400000000081
:1099C00000040F40010000006A09E667BB67AE852E
:1099D0003C6EF372A54FF53A510E527F9B05688C91
:1099E0001F83D9AB5BE0CD190080000000000000B0
:1099F0000000000000000000000000000000000067
:109A00000000000000000000000000000000000056
:109A10000000000000000000000000000000000046
:109A20000000000000000000000000000000000036
:109A30000000000000000000000000E10001080735
:109A40000F000A00C8002000A00001000000000074
:109A5000A00068010A200706020A040700000002AD
:109A60000700010410400100000005000000000292
:109A70000000030000000000F49D0300D09D0300DF
:109A8000449D0300649D0300789D03001C9E030019
:109A9000B49D0300A09D030000000000089E030089
:109AA00000000000E49D030000000000D89C0300BB
:109AB000000000008C9D030000000000949D030046
:109AC00000000000589D03001C9B0300409E030003
:109AD0001E9B0300389E030000000000309E030020
:109AE00000000000C89D030000000000000000000E
:109AF00000000000000000004E0C0000000000000C
:109B000000000000009403000000000000000000BE
:109B10000400000000000000E2FF5000010004000B
:109B2000FB00000002000000789B0300030000001F
:109B3000709B030004000000689B0300000000000D
:109B4000000000004145532D3235362D454342007B
:109B50004145532D3139322D454342004145532D66
:109B60003132382D45434200449B03001014040059
:109B7000509B0300101303005C9B030010120200B3
:109B8000020000006FEF02006BEF020067EF0200BF
:109B900051EF02003FEF0200512563FCC2CAB9F346
:109BA000849E17A7ADFAE6BCFFFFFFFFFFFFFFFF94
:109BB00000000000FFFFFFFFF551BF376840B6CB44
:109BC000CE5E316B5733CE2B169E0F7C4AEBE78E61
:109BD0009B7F1AFEE242E34F96C298D84539A1F422
:109BE000A033EB2D817D0377F240A463E5E6BCF85A
:109BF00047422CE1F2D1176B4B60D2273E3CCE3B63
:109C0000F6B053CCB0061D65BC86987655BDEBB357
:109C1000E7933AAAD835C65AFFFFFFFFFFFFFFFFC1
:109C2000FFFFFFFF00000000000000000000000038
:109C300001000000FFFFFFFF0920400001010201B9
:109C40000202030102070B0B0701160C00000108BA
:109C5000080000050108FFFF02FFFF0808020204D8
:109C6000FF010022FFFFFFFFFFFF030404FFFFFFD0
:109C7000FF2AFFFF1419191B011C15120400480CC0
:109C800014131510801A80128080000F0E0C080C1F
:109C9000080D181001020404F4010000FA0000008D
:109CA00096000000640000004B000000320000003D
:109CB0001E00000014000000000000000101500020
:109CC00040000800500024000400900150024000B1
:109CD0009001AE0110000000C1C1010000000000B1
:109CE0000049725314497207FF000102030405FF83
:109CF000145300724907CDF695D4010015D4010024
:109D0000F1ED0100BD3303003734030031340300AB
:109D1000DDF101001F550300EB3303003334030072
:109D200035340300DF3303002D34030001CF01007D
:109D30000B32030055D0010001020C0000000400AA
:109D40000000080004000000000000000000000007
:109D50006DD30100000000009333030000000000F9
:109D6000A0010401560000000000000000000000F7
:109D700000000000000000000500000000000000DE
:109D800000000000000000000000000081D401007D
:109D900000000000BF33030000000000A013050016
:109DA0000A000000000000000000000000000000A9
:109DB000000000000900000000000000000000009A
:109DC0000000000000000000C53303000000000098
:109DD0000F00000000000000000000000000000074
:109DE00000000000CF33030000000000000000006E
:109DF0000000000001000000000000000000000062
:109E0000000000000000000049D701000000000031
:109E1000A0010107A00001040204080006000000E0
:109E200000000000000000004DD8010031D8010002
:109E3000DB33030000000000D73303000000000004
:109E40008DD8010000000000A0030601A00906094A
:109E5000A0020608A0050607A0050606A00706053D
:109E6000A0020604A0010610A00A0602A00D06002A
:109E7000000004020503060107010108090A0000A9
:109E8000A0015C02A0035C01A0025C00A0020F091B
:109E9000A0030F04A0030F03A0050F02A0010F01F0
:109EA000A0050F00A0040103A0040108A002010501
:109EB000A0030106A012010001010204200C04030A
:109EC00095D3010020000401C1D3010020025602F5
:109ED00065D401002002560139D401002001060595
:109EE000D5DA010020040A0F15D7010020040A0466
:109EF000E1D6010020050A03A1D6010020050A02CF
:109F000071D6010020000115F5D70100626761706C
:109F100069206275666665727300010002000000C8
:109F200000000000030000000D000300020001001B
:109F300005006761747420636F6E6E656374696F8A
:109F40006E00000000FB349B5F800000800010006A
:109F50000000000000000000DB520300C3390300D2
:109F6000C9540300C5530300E69D350E480103CCD8
:109F7000DBFDF4AC1191F4EFB9A5F9E9A7832C5EF0
:109F80002CBE97F2D203B020008BD28915D08E1C44
:109F9000742430ED8FC24563765C15525ABF9A32F5
:109FA000636DEB2A65499C80DC003F49F6D4A3C56C
:109FB0005F3874C9B3E3D2103F504AFF607BEB4077
:109FC000B7995899B8A6CD3C1ABD006C888391AA60
:109FD000F5A53860370BDB5A6083BE000000010036
:109FE000010005010005020203000200000000005C
:109FF000020501000500000100010000010001024E
:10A000000203000200000000000202010002000042
:10A01000D1200200811B0200856B0300F36A03005C
:10A02000DD64030059190200A5180200FD160200A4
:10A030003B69030007600300151D0200D5120200F2
:10A04000211102009168030023680300CB6703001D
:10A0500029670300756503002D0E0200590C0200EC
:10A06000110D02000B600300590A0200BF01FB9DA5
:10A070004EF3BC36D874F5394138684C8BD289150B
:10A08000D08E1C742430ED8FC24563765C15525A15
:10A09000BF9A32636DEB2A65499C80DCE69D350EE4
:10A0A000480103CCDBFDF4AC1191F4EFB9A5F9E95B
:10A0B000A7832C5E2CBE97F2D203B020A0010A0524
:10A0C000A0030A04A0080A03A0070A02A0060A01C6
:10A0D000A0070A00A0030906A0060905A0070904B5
:10A0E000A0040903A0050902A0060901A0030900B4
:10A0F000513102009931020045310200A5310200C0
:10A100008D31020015720300517203007772030053
:10A1100099720300BB720300CD78020085780200BB
:10A120009178020065790200DF760300CD6F0300AD
:10A13000D16F0300DD6F0300D56F0300D96F0300FB
:10A140000000000048010000180F002083FF0000FD
:10A1500002000080FF7F00000080FF7F060100807A
:10A16000FF7F0E025241494C00000000A000000099
:10A17000953B020050000000753C0200FA04FA0012
:10A180000033330A0A0A08400021000000000000E2
:10A1900000000000000000010000010100010101B9
:10A1A0004573020029730200018A02003D8B020000
:10A1B000D58A02000101020300000001A806000088
:10A1C00048704C0D4470D80C307064123C70AE1660
:10A1D0003870340D34705A0D30700A0F2C700A0F1D
:10A1E0002870DC102470F41020703E0D1C7080115B
:10A1F0001870F21114703A0DB110076001D80A718D
:10A2000008B87F78020C7E78641000C6A01F002179
:10A210008CB8707801B007680F305CB30F33011150
:10A22000C04806984A022FB006D80C7109DD0871A3
:10A2300000B853A809BB11100768016821480760DE
:10A2400004100112FF322150076051480760008856
:10A250000698441300C4401F002103DD087214BA9D
:10A26000281400A000BA03DF107109DF06720298FB
:10A2700060058CB8507800A0441328144115811053
:10A28000076002D81471108806982E1800C00C7050
:10A29000084006987C1A0091069860020060B83069
:10A2A00020D8067190BC637C784D5412F03240DEA9
:10A2B0000472404804DB08720DDD0C72044BEF3071
:10A2C00014480698FC0600C4E010084044120762D7
:10A2D00001322140084C287C811140D91C72B112F6
:10A2E0003032CF4A013AB1DA107208D8067104D878
:10A2F0000871B04C237C4070684C4412FF328722B6
:10A30000047580B8D84C81D8327140D90472237C4E
:10A31000084B0698FC0604BA88B9767900C1186023
:10A3200008403579E049007906B904A901D86E7270
:10A33000227CBC4C307C0298320208D83C7100C1AF
:10A340004C000840141110D93071104C00C1140099
:10A35000084014111814076100C520600840541506
:10A36000FF35047110491814A84C441207620132D9
:10A37000067102981201B84C08D80C7107BA24D89B
:10A38000047106BA187004D80C7101BA40D80E7165
:10A3900002BA0A7005BA20D8047203BA227C604C53
:10A3A0004411404C181407611814911138311142AE
:10A3B0009111076910D90472EF3200C100600840A2
:10A3C00014111031016911422814A11107611814E8
:10A3D0000698621A181400C1006008401411076939
:10A3E000FF31181400C13C300840141118140761E3
:10A3F0001814308802480698C005009308DB0471E1
:10A4000001F800A05CB00F3000A01088B1110769FE
:10A4100080D90A7100C1800008400811009100A095
:10A4200000C400010840441000A000C020300E40CD
:10A43000041104101050F47200A05415504512710C
:10A44000069806070698960618B8707800B84178FE
:10A450000698400390BA5B7A5C7A5D7A00C2185025
:10A460000840241200C1501F0021281106983818F6
:10A470002088008800C5441F002154155112FF3563
:10A480000762FF3206986A02015951290475115971
:10A49000009021292075069886040698A204069843
:10A4A000FA02009203D80C728111076102D904727A
:10A4B000FF0FBA7018B8727800F804D8427100889B
:10A4C000308800C0FC1F0021041000C1501F002173
:10A4D0001412012A215A00C3185008403413312A9B
:10A4E0001A7500C00060084004100730FE200C768A
:10A4F000381108B87F78020C7E780093009000A095
:10A5000000C0F41F0021041000BB1DB400A000C156
:10A51000DC1F002114111088FF3100C5FFFF00006F
:10A52000311207620762513A513B0E720698720C63
:10A530001159011201131E70311400883110069850
:10A54000720C1159415C41280698740C5138011362
:10A550000090012B00902088076001140760FF30F5
:10A56000215D411207620762312D0876FF34415C9C
:10A570004128015D31100698740CFF3030880113BA
:10A5800000C0E01F00210410512B0C760768011554
:10A590000768FF356070315BFF32212B0C75076057
:10A5A00001150760FF354E7000C5E41F00215415EA
:10A5B000076507655112FF35FF30012B0875211023
:10A5C0000760327021100768FF30012B0A752110D7
:10A5D00007600760207000C2E81F002124122110CC
:10A5E00007600760FF30012B0875211007680670AF
:10A5F00021100760FF300093009200C10060084006
:10A6000014142C490734FE242A761415F0BC076C68
:10A61000513C076803680154107100C4FF0FFFFF2D
:10A62000513C01444811311200C5E81F0021541566
:10A63000FF35076207622143544914122155FF3543
:10A640005152281100A001D81871008800C0047070
:10A65000084004108020FF30067106984E030090D9
:10A6600000A002D8047200A00088069896061DB4C7
:10A6700028B9112C408800C3EC1F00213414404439
:10A680005A71441306982005411500C00060084027
:10A6900004100730FD20447500C2087008402410E3
:10A6A0000760FF3080DC34710698AE0C01591C4AFB
:10A6B000241007600260FF300698AE0C0158B220EB
:10A6C0000129541331100698AE0C11280A7504257F
:10A6D00054155045EE72069820050094009000A095
:10A6E0007FB9066100C01C60084006984A13041533
:10A6F0005153113B3155581002984413EBBD00C023
:10A70000401F00210411113D10D91271FF33076B56
:10A7100000C190400846381118B97479581000A04B
:10A72000069860028024E4240D300472044800C1BD
:10A730001C510840141100C3DC1E00219115043582
:10A740001A72181388BB08D804716C7B04D8047182
:10A750006A7B8CBB2F7C5B7B16703C4B181388BBD1
:10A7600008D804716F7B04D804716D7B217C0C3098
:10A770000160069882060698680B0698320700B8B2
:10A78000B111076940D906720298660601BC00C281
:10A790000060084000DC0A7124150165604A0A70F7
:10A7A0001C4A241507657C4A043508D920712024E9
:10A7B000512A241200C180000840320C281107627F
:10A7C00028110762281107622811500C00C1381F98
:10A7D0000021141200DC1A7120D8067101B80C7027
:10A7E000F0DA0C720CDB087102B806988A0648246D
:10A7F0000449141100C380000840FFB80120114132
:10A800000871014118130824014200C120000840CA
:10A8100014110141036D514191152035016D5141D4
:10A8200018132813481300C37C000840341003D8C1
:10A830000C71073005DC0671084B227B8CB8507810
:10A8400000B800C1381F0021141203682150F030F5
:10A850000152281100A04024066400C0FFFF01003F
:10A86000013C1DB002200158402806751EAC01ECC9
:10A8700000A0208800C01850084004121DB4211305
:10A8800004123052F871066C402400C3741F00217A
:10A89000341014110698C00C066900921159212930
:10A8A000067600BB11590698960C80B80158013AFB
:10A8B0000662313B0472215A412A00A000C2000105
:10A8C0000840317A00A0308880B9076900C30000D1
:10A8D000C0FF3110312800BC002D0C7511541EAC86
:10A8E00001EC312DF470066C51134155312C00935D
:10A8F00000A000C028400E400413315107610C3104
:10A9000007691153381000A006984A0800C0F41FC8
:10A910000021041106983207217A237A00C300002F
:10A9200010000698720700C0581F00211DB11810B2
:10A9300000A000C0541F00211DB1181000C09C1FB2
:10A9400000210410002D067500B826A806980607F9
:10A9500000C09C1F00210410012C06750698960665
:10A9600028B010B9115911380EB9114028A880B873
:10A9700000C144300840081100C1F01F002114102C
:10A98000303B06710760076000C40830084044117E
:10A990001150FF30015118146FB8076826A8217AAA
:10A9A000050C21102048267800C063EF00003140DC
:10A9B00026A8050C20ECB11140D90872247A20ECAD
:10A9C000217A184826A828B00AB901510F31115030
:10A9D00028A8050C207A20EC0F0C98B8467841780E
:10A9E00006986A0200C2441F002124100151FF3161
:10A9F0001150081200A006984A0800B826A800C006
:10AA00005C1F00211DB1181000A030B840780DB1B6
:10AA100001D9FC72427800C074300E4004114CBA67
:10AA2000407A1810144804115C7A1810A4BB707B8B
:10AA30004E7B4F7B00C20430084000A006984A08B5
:10AA4000217A227A00BB0698720700C0681F002195
:10AA50001DB11810A4BB00C040300E4004110331DA
:10AA600001492872B112076207623048041121516E
:10AA70000F3118726E7B6F7B104804114CBA7C7AD0
:10AA8000181014480411607A1810B11002D810710F
:10AA9000707B30B8627860780DB001D8FC7100C06E
:10AAA000F8600840041101D90C7100C0180008407A
:10AAB00002B9181008B86E780EB84EB110D90C72E1
:10AAC0003EA8140C0FB83EA8107044A8140C01B88E
:10AAD00000C1B0300E40081100C077801F003DB2A9
:10AAE00001423DAA00C0FFFFFFFC013A3DAA140C41
:10AAF00000C077E01F0001423DAAFFB845207D78E5
:10AB000008B87E7800C1246008401411076106313E
:10AB1000087100B906985A1006984A13B11101D964
:10AB20000E710698881A02D906720698AE0B06981E
:10AB30004413511406989606F4B845780A0C00C0E0
:10AB4000641F00211DB1181002983410FFB8452071
:10AB50005D7803B8076044A83EA800C1B0300E403D
:10AB6000081110B807683DB101393DA908B86F78E0
:10AB700000A046A800C0FFFF0000013B076356ABE2
:10AB800094BA437A01D91471013C47B300C0FE2046
:10AB9000FFFF013B314447AC637AFFB82120407886
:10ABA00002D90471607800A0C8BC066C415C512CCD
:10ABB00006750698960606986E0DB110076805D8BA
:10ABC000347140BA06981A1308B86578911004D801
:10ABD000187188B86E78577800C0640008402178F2
:10ABE0000698821001400A728CB842780698561373
:10ABF0000298400B08B86C7820B859785B7800C090
:10AC0000F44008407878797800C1C81F00211410FA
:10AC100040A8184914130449408814140C4914110D
:10AC20008112076A006A01DA187188B8577800C083
:10AC3000CC1F0021041001610763076307640764E8
:10AC40000698B20900944EB010D842724DB161B866
:10AC50000158113840B102D90A72604804BB41540E
:10AC60000870204802BB02BC4DA8F8B87078190CD7
:10AC70003EB141413EA9F4B973797378717800C44B
:10AC8000F840084000C200410840227000C20000A5
:10AC9000010044AA230C00C200000B0044AA00C417
:10ACA0001041084000C21841084004BB587C050C04
:10ACB000597C0C240F0C2FAB050CB11008D8147163
:10ACC000647A657A1CB879787B7820B879787B7853
:10ACD000607CF42441130698FC0651144044067528
:10ACE00006989606727BFFB84D20050C687840ECFC
:10ACF00000C0601F00211DB11810911004D81471FC
:10AD000000C0BC1E0021041080D806711CB87378E6
:10AD100000F818B800C1D81E002100C21850084021
:10AD200024122811767800F800C0B8600840041199
:10AD30000761076180D9047240EC00C4F840084004
:10AD40004EB010D80471182441130C23527C407B60
:10AD500011512FA9050C797C0A0C00C000000102DA
:10AD60000814787C050C507C08B86D7800A000C0F1
:10AD7000287008400411108800C100180040181005
:10AD800044480411108878480411108800884CBA8F
:10AD9000757A18103DB11088F4B842784420727862
:10ADA00028487378F8B873784FB200C4FFFF8080EA
:10ADB000413A4FAA01BC01644113076300C06C70A3
:10ADC000084003B918100110011001B91810011042
:10ADD00001100110011068480411076101B80160F9
:10ADE000003A0471044904D9047241520760003AE0
:10ADF0000471084908D9047231520460003B0E7294
:10AE000000630064314241424FAAB2704FAAF8B8C1
:10AE10005378182053782848527800913DA9009023
:10AE200000911810009178481810009144481810AB
:10AE300000A0115910D906710760076008D9047184
:10AE4000076004D90471036002D90471016001D95B
:10AE50000471006000A000BA01D806710148112AEF
:10AE60000069006001D8F6720138F67200A08020F7
:10AE7000FF30FF48812000A000C218500840241273
:10AE800011592129127300210E7100C2305008405F
:10AE900024120121212900A006984A0888B8577871
:10AEA00000C57C1F00215088044D88BC00C0C81E0E
:10AEB0000021811101D91E71407C00950115044DBE
:10AEC00050881C4DFFBB076B315B04110698B80C12
:10AED0003129F8750698761954150698881A01D9FB
:10AEE000087206987C0806700698DE0888BB547BBA
:10AEF000009500F806988C090E700698680B069865
:10AF00008C0906986011069836089112211900C024
:10AF1000246008400A78097800F810B901BA069848
:10AF200010130698341000C57C1F002100F8911200
:10AF3000033288B900C3BC1E0021341300C4A8101A
:10AF400008408CB84278707903DE067144786E70E0
:10AF50007179A11020D806710298160F80DB50710C
:10AF600002D84C7205B830880763076302DB2A7188
:10AF700000C3AC0008403413066380DB04728048D1
:10AF800000C3102008403413315B0472404831285C
:10AF9000312802600814076800930814A1101030CB
:10AFA0000248081400B808149110076008148CB8FF
:10AFB0006278A11000DC0676517900BA80DB587106
:10AFC00000C000000200003B4E7150884110344820
:10AFD00003DE04719048041508200411F82058106D
:10AFE0001C2021780698AE0E00C0A40008400E7800
:10AFF00010D91C7151451A7100C53400084407B8B6
:10B00000081500C53400084604B8081504702E78E9
:10B01000069874160095911120310269911004D898
:10B020000E7200C14C1F0021141101D90A71208831
:10B0300006985A10009200C1180008400533054BCD
:10B040001872184C03DE0471904C441400C3FF1FA7
:10B050000000413BFF233811B849076A0698A20E49
:10B0600004490879097914102140081100A000C58D
:10B0700054000840541551455071108800C13400E7
:10B08000084407B8081101B83088076B40DB247109
:10B0900000C0370C00000811364800C5D01E002142
:10B0A000541102D90E72104801D9087100C0110460
:10B0B000000000C134000846081100C134000840F7
:10B0C000141530350093009100A000BD069844028D
:10B0D00010B903DC047100B901BA0698101302D943
:10B0E000067100404E7201B107690F310698821057
:10B0F000FFD82872811008D8187106DD0A710698E9
:10B10000440203DC0C720698C810069856130C70A3
:10B1100006DD10710698CE10487020B802A806DD32
:10B12000107206988C090698360801F840B802A8F3
:10B1300000F800C0BC1E00210413076301DB22716C
:10B1400091100111076911388CB910D80871447930
:10B150000298160F02DBFA72A11328DBF47203BD0A
:10B160000698281006988C098CBA7F7A0698FC06F7
:10B1700000C5801F00210698440200BA03DC327229
:10B18000044DA11002D804710C4D00C014000840F9
:10B190000410026800C3701F002134111128FC2321
:10B1A00034110698960C00C10C5108400698B2065E
:10B1B0005415212D00C0F8600840041101D92271F6
:10B1C00000C03C1F00210410033001DC147200C0D9
:10B1D000140008400411FD21087602BA076A212DE7
:10B1E000069848070298E809911001550335515017
:10B1F000011900A000C1481F0021141001D842719C
:10B2000001480760FE200E75811020D8087100C12A
:10B210004C1F0021141101D9287100C0246008407E
:10B220000412215107610F3107691152281000C023
:10B23000006008400411911221512031115221194E
:10B2400000A0811380DB067201B800A000C30C507F
:10B2500008403410063030727C4B34122C4B3410C2
:10B260000760076040302072811080D8DC71341094
:10B27000014A07620360803021508C480A717F23A5
:10B2800055233410013000A000BD0698281088B85E
:10B2900047784578437800B8447800A006988C0930
:10B2A0000698C81000C58C1F002154150698480741
:10B2B0000298E80900C374000840027B06984A130C
:10B2C00050BA06981A1306988210FFD84A71911046
:10B2D00004D84872811007601CD8407220D9387297
:10B2E0001112FF322151347180218021111400C0CC
:10B2F000E41E00210413FFBA3151113A21511153B8
:10B300008CB938107B7940440E7200B900C2C41E5B
:10B3100000211812067008B860780698441300F8E7
:10B3200000B900C29C1008401812244A0AB9181229
:10B3300088BA507A517A577A8CB942795F7900A0ED
:10B340000698440207DC1072911000200A750698D6
:10B3500060110298660D0698360801B9911004D85C
:10B36000047100B910BA0698101300BA00402A718F
:10B3700000C0BC1E00210411076101D9127104D95B
:10B38000E2728110076001D8DA718CB8647800C16C
:10B390001C5108400698B2060698601100C5901F1F
:10B3A00000215415212D06987C0800C5941F00210A
:10B3B00000F800BC811108D9167280D9207201B939
:10B3C00010BA0698101300400E7101BC1070069858
:10B3D000C8100698561320B802A800F80698601105
:10B3E00081110231127100B900C20C10084018120C
:10B3F000244A02B918120698C81000C5981F0021E7
:10B4000054150698001A0298E809041101211471D4
:10B4100088BA737A0420041228110420041101212F
:10B42000F47200A00698FC0601F8911010D834714F
:10B4300006984003069886040698A20400C51C518D
:10B44000084054110698B80C00C5D41E00215415AC
:10B450005129E27518B875788CB8447801B802A8FB
:10B4600000F8B110076810D82E7100C048100840CD
:10B4700000C3000008403114884C441134110761A6
:10B4800001D9FA71441228100762281007622810A7
:10B4900007622810E87000C1BC1E0021141080D87B
:10B4A0002C7100C15400084014111141207100C1D9
:10B4B000000002401038167100C03400084407B97B
:10B4C000181000C03400084601B9181002987A021A
:10B4D0000698600211380472016A00BB00C1E41EC4
:10B4E0000021141120390C72911210DA0672417B7E
:10B4F00000A006984A1300C2BC1E0021241220DAC4
:10B500000472617B88BA527A00A088BA727A81127A
:10B5100004DAFC7200A088B86B78577800C0640029
:10B5200008402F7800A006986E100763076390B953
:10B53000637900B902DB36713112076240DA2E728C
:10B5400000C25400084024100140227202EC00C9DD
:10B5500009B801D9507200C2AC0008400E7A10D967
:10B5600004722E7A06987416E031076102EC00CD61
:10B57000114502EC00CC01DB087100BB0298CA1730
:10B5800003B841110731FA211C760621911210DA15
:10B59000087102DD10721E7020B80698720C3038E7
:10B5A000147208B80698820600C024000840297862
:10B5B000207800F8046020D8067102982C1502EC5F
:10B5C00000CA05B823DA187104DBDA7120DAD67103
:10B5D00010DAD27290B8617800B801DA067202EC23
:10B5E00000C8911110D9267100C1CC1E0021141180
:10B5F0001150FF300C720661A110115002300A7117
:10B6000080DB0A720AB89E708CB97C790768911148
:10B6100011402111C0311140011990B8411108D9D0
:10B620000471667820D904726578A11002D8067278
:10B63000C0DA1E7190B8273123DD087210DB10725A
:10B64000607825DD0A7121DD087208DB04716278FB
:10B6500003B8411107310872A1152035AA7102DD26
:10B660003272A11120D9A07102D92872CCDA987255
:10B67000411140D9927206B802DB1071046500C115
:10B68000102008401411112D112D054D5C720298E7
:10B69000BA1321114049C0D94E71A031411540352E
:10B6A000016551410361076308DA1E7204DA3872DA
:10B6B0001049A1150235067110DB0E7201340A71B2
:10B6C00008DB247190B86778CC3211101A300ADC8C
:10B6D0000872CCDE0471FD3100C00D0F0C0D069810
:10B6E000740C01D8607207B80298E41300BA4111D3
:10B6F00008D90C7102EC00CA05B830DAEC720734D4
:10B70000F031026101DA0471014900C0F300A3E3E2
:10B710000698740C01D8D07100C09814406806983F
:10B72000740C4030014440DA0471204C0432016250
:10B73000204A111006300068014218310269114296
:10B7400002980214204A00C0051708500698740C8D
:10B75000113001422088FFBB0DDA507100C1DE1BA1
:10B76000250180BC04DA107208DA0A7200C1208454
:10B770001000E024A02407634143016401DA06714C
:10B780001E49024B00C02C1F002107633810BC204B
:10B7900002DA127101B91159A11380DB087100C1DD
:10B7A00000FCFF0118100298561700C4BC1E0021AF
:10B7B000441080D87C710092D0DA06710DDA0C71D9
:10B7C00090BD437DEFBD06983E0503620DDA86729B
:10B7D000A11105D95C7100C23810084024120C2454
:10B7E000281401D9067202D9327140D91E7102ECB7
:10B7F00000CA211018320471FA2220D804720822DB
:10B80000FE22087502EC00C8F87001D90E7102EC36
:10B8100000C802D9067204DC187200C0BC1E0021E8
:10B820000410026801D8067190B8647818B873786B
:10B830000298CA1700C50020084000C00417000085
:10B8400008D904720A480815104D00B808D90472C6
:10B85000FF200815084D00C00884000008D90872B0
:10B8600000C02083B8ED0815104D207D00A000B861
:10B87000011A00C0740008400278911010300119BC
:10B8800005BA06981A1302D9067101B802A800C0B9
:10B89000BC1E0021041380DB0671029866138CBA6B
:10B8A0007C7A01DB6C7100C2301F0021241111145D
:10B8B000FF3402EC00C8FF24FA7607610698820C78
:10B8C000036111380F300361111401114110069802
:10B8D000820C01D8087203B80298E413044A02DB10
:10B8E00024712410112811280412023006710762F5
:10B8F000076200C0FFFF0000213800C218000840A6
:10B90000FF200812411007600698820C01D87C7154
:10B9100020BC1033767100BB00C12C1F0021141510
:10B92000C021112C5112076A0F320E714088511438
:10B930000698FA174143009451120765036A0F32C3
:10B940000E71411151140698FA17036C41430765B3
:10B95000513B00C1E81E00211411111231100F30AB
:10B96000127100BA046101D80471114200600FD84D
:10B97000F472311002601E30047201B8003A08728D
:10B9800004B80298E4130298EA1500C0381F002199
:10B9900004110F3103DD1A7200C00060084004106A
:10B9A00007D80E7200C01040084004B9181000F803
:10B9B00006986E1006983C0500F830885088FF34D1
:10B9C000087102ECFF24F87002EC00CD141001BBEA
:10B9D0005150FFD8047131440760006B10DBF271E5
:10B9E0000421FF22E4720F4C0095009300A000C1D7
:10B9F000C01E0021141100A030880698381A811149
:10BA0000076102D906720298141988BB557B076139
:10BA100020D90671029804190088A11007680698B9
:10BA20002E1808211415FC2590BB5C7B5D7B00C1A2
:10BA30000060084014110731FE21307608D82A72C0
:10BA40005113FC23341304DB2071076BFF33315B8C
:10BA500000C1087008401411076180490C71FF3162
:10BA60003029547590BB7B7B10707B7B7C7B00DD29
:10BA700004717D7B01BB3815EC25541300DF547134
:10BA8000042505DF54715415211120880698B80C3F
:10BA9000009251293E7500C100600840141102DB7C
:10BAA0000C710731315B31292A760C7004DF087282
:10BAB000006180D91E7206982E1800C008700840D8
:10BAC00006987C1A06982E181411FFD960720298F5
:10BAD0005A190090009300A05415A111076910D9BC
:10BAE000A672082508D8A071082510D89A71208858
:10BAF00021110698B80CFC255412112AF82554116E
:10BB00000C2520D80871F025541110252029047621
:10BB10002159181500920298C61818B97179811028
:10BB200010D80A7188B8447800B8417888B9747917
:10BB300008B9677900F88110A0D8087188B94979E7
:10BB400000A0076002D8FA7106982E18108806988F
:10BB50004A130762076210DA087108211415F025EC
:10BB6000541100C20020FEFF202912750698881A81
:10BB700001D90A7206988C090698360800941CBBF5
:10BB800041100C2006984A12411108211410069801
:10BB90004A123128441111120761FF31FF3201228C
:10BBA0001052107207691814042444130424381422
:10BBB0000C700769214118140824081402984413D2
:10BBC0004044147100C1C41E002114155113036BAD
:10BBD0000FDB0C72066D06980607411500A006984B
:10BBE000360806984A1308BB51140698C019441524
:10BBF000FC2554150298480788B900C3BC1E0021D3
:10BC00003413076308DB1A718113A0DB06714979CD
:10BC100010706979076302DB087208B9677900F868
:10BC200000A08111076102D9107188B97579069851
:10BC30002E181411FF3100A0FFB900A00410082134
:10BC40001411F421081100A081110761076110315E
:10BC50000E7106982E1808211411F821141100A055
:10BC600068BC030080BC0300D0BF030000000000DC
:10BC700098BC030006000000000000000000000067
:10BC8000D0BF03000000000070BD030004000000EE
:10BC9000000000000000000000BE0300809C2B8F0D
:10BCA00080841E00000000002200FF7F100C002096
:10BCB00000000000000000000000000000BE0300C3
:10BCC000809C2B8F80841E00000023002300B60080
:10BCD000100C002000000000000000000000000028
:10BCE00000BE0300809C2B8F80841E000000240077
:10BCF00024009D00100C0020000000000000000047
:10BD00000000000000BE0300809C2B8F80841E007A
:10BD10000000250025007D00100C00200000000020
:10BD2000000000000000000000BE0300809C2B8F7C
:10BD300080841E000000260026005300100C002006
:10BD400000000000000000000000000000BE030032
:10BD5000809C2B8F80841E00000027002700FF7F1F
:10BD6000100C002000000000000000000000000097
:10BD7000E8BE0300809C2B8F80841E000000000022
:10BD80002400FF7F100C00200000000000000000D5
:10BD900000000000E8BE0300809C2B8F80841E0002
:10BDA000000025002500B400100C00200000000059
:10BDB0000000000000000000E8BE0300809C2B8F04
:10BDC00080841E000000260026009900100C002030
:10BDD000000000000000000000000000E8BE0300BA
:10BDE000809C2B8F80841E00000027002700FF7F8F
:10BDF000100C002000000000000000000000000007
:10BE0000F81F010118C10300380002000000000003
:10BE1000000000003030010011491000B84001005E
:10BE200000C0E30040410100EA00880018600400FF
:10BE3000000000C61FC000000050000000D032000B
:10BE400050600400FC006900410C0000000000008C
:10BE500011000800786003000804000000000000E2
:10BE6000BE031A008C60070001040C1A2F465361B0
:10BE70006862584935201407C491A063564433239F
:10BE800022529224E46007008108A1CB0000000048
:10BE9000198407059411CB48992006000161200000
:10BEA0008294EA870461030065B611001E37000022
:10BEB00089BB000020610100FFDF00001470011049
:10BEC00000F8070014700130F8020000187002003A
:10BED000000300006000278470700200C3000000AF
:10BEE0000F9C0300FFFFFFFFF81F010164C1030067
:10BEF00038000200000000000000000030300100A7
:10BF0000E3381000B840010000C083004041010048
:10BF10006D00880018600400000000C61FC001000A
:10BF20000050000000800000506004001800050070
:10BF3000410C00000800000091000400786003003C
:10BF40008C000C000000000014001A008C60070038
:10BF500001040B192C404C59605B534736251B11CB
:10BF60004AF338966745231211090000E460070080
:10BF70008F0846CB0000000023086404D007CB489C
:10BF800091200600F9541C008294EA8704610300A2
:10BF900051551100B01B000089BB00002061010059
:10BFA000FFDF00001470011000F80700147001306A
:10BFB000F800000018700200000300006000A58374
:10BFC00070700200054100000F9C0300FFFFFFFF9F
:10BFD000DC1F040100000000000000000000000061
:10BFE00000000000F01F02013F00370000000000C9
:10BFF000FC1F01010000000004000200018101009B
:10C000000001000018000200000000000100000014
:10C0100028000400000000000000000000000000F4
:10C020000000000040000100A007000048000100DF
:10C0300000000000540002000000000000000000AA
:10C04000A0000400FF4C0000FF4C0000FF4D00006A
:10C05000FF4D000000200100080700001020010033
:10C06000AAAAAA00182001000060DA000830010026
:10C0700013AC000134300100010000004030010029
:10C0800000000000A04001007A27000FF4400100EA
:10C09000201000003441020080080000E687000004
:10C0A00044410100C0E6524D604104000000000020
:10C0B00000000000060000000600000014600100FF
:10C0C00010000000286003000000000300000000D2
:10C0D000000000006060020029417671000000004D
:10C0E00084600200000000000000000020700400D6
:10C0F000000000008200000000008001D500000068
:10C10000487002003C3D0000BC190000787001003E
:10C1100006E04900FFFFFFFF0D000000388EE3003E
:10C1200000000000C0C10300B0C103000000000017
:10C13000E070720080DE800280841E000101000039
:10C140001149000200000000000000000000000093
:10C15000000000000000000041841E0000000000FC
:10C16000000000000D0000001CC77100000000006E
:10C17000C0C10300B8C103000000000018CC660075
:10C1800080DE800240420F0001010000E33800021F
:10C19000000000000000000000000000000000009F
:10C1A000000000005B420F000000000000000000E3
:10C1B00008520000B20C0000A5A00000C409000055
:10C1C000193F0106041001000001010600102700BC
:10C1D000000C0000000000000000002020202020B3
:10C1E0002020202028282828282020202020202027
:10C1F0002020202020202020202020881010101017
:10C20000101010101010101010101004040404046A
:10C210000404040404101010101010104141414196
:10C22000414101010101010101010101010101017E
:10C230000101010101011010101010104242424290
:10C24000424202020202020202020202020202024E
:10C250000202020202021010101020000000000072
:10C2600000000000000000000000000000000000CE
:10C2700000000000000000000000000000000000BE
:10C2800000000000000000000000000000000000AE
:10C29000000000000000000000000000000000009E
:10C2A000000000000000000000000000000000008E
:10C2B000000000000000000000000000000000007E
:10C2C000000000000000000000000000000000006E
:10C2D0000000000000000000000000494E46006918
:10C2E0006E66004E414E006E616E0030003031329D
:10C2F00033343536373839414243444546003031CE
:10C3000032333435363738396162636465660065C7
:10C31000256C6400496E66696E697479004E614EE1
:10C32000005245454E54206D616C6C6F63207375EF
:10C3300063636565646564002F646174612F6A6579
:10C340006E6B696E732F776F726B73706163652F9D
:10C35000474E552D746F6F6C636861696E2F617203
:10C360006D2D31322F7372632F6E65776C69622D7C
:10C3700063796777696E2F6E65776C69622F6C6978
:10C3800062632F7374646C69622F64746F612E63CF
:10C390000042616C6C6F63207375636365656465EF
:10C3A00064002F646174612F6A656E6B696E732F10
:10C3B000776F726B73706163652F474E552D746F85
:10C3C0006F6C636861696E2F61726D2D31322F73EE
:10C3D00072632F6E65776C69622D63796777696E1A
:10C3E0002F6E65776C69622F6C6962632F7374645A
:10C3F0006C69622F6D707265632E6300050000002A
:10C40000190000007D0000000080E03779C341433F
:10C41000176E05B5B5B89346F5F93FE9034F384DAA
:10C42000321D30F94877825A3CBF737FDD4F157556
:10C43000000000000000F03F000000000000244069
:10C4400000000000000059400000000000408F4044
:10C45000000000000088C34000000000006AF840AF
:10C460000000000080842E4100000000D0126341D3
:10C470000000000084D797410000000065CDCD4149
:10C48000000000205FA00242000000E8764837422A
:10C49000000000A2941A6D42000040E59C30A242C8
:10C4A0000000901EC4BCD64200003426F56B0C433D
:10C4B0000080E03779C3414300A0D88557347643E4
:10C4C00000C84E676DC1AB43003D9160E458E14345
:10C4D000408CB5781DAF154450EFE2D6E41A4B44BA
:10C4E00092D54D06CFF08044F64AE1C7022DB544FF
:10C4F000B49DD9794378EA442E000000340000004E
:10C50000CEFBFFFFCB030000010000000000000095
:10C5100035000000CEFBFFFFCB0300000100000050
:10C520000000000000000000BC89D897B2D29C3CFB
:10C5300033A7A8D523F649393DA7F444FD0FA5320A
:10C540009D978CCF08BA5B25436FAC6428066811B1
:10C55000232D302B2000686C4C00656667454647EC
:10C56000004300504F534958002C2066756E637489
:10C57000696F6E3A2000617373657274696F6E2023
:10C5800022257322206661696C65643A2066696CB5
:10C590006520222573222C206C696E652025642578
:10C5A0007325730A002F646174612F6A656E6B696D
:10C5B0006E732F776F726B73706163652F474E5583
:10C5C0002D746F6F6C636861696E2F61726D2D31B0
:10C5D000322F7372632F6E65776C69622D63796792
:10C5E00077696E2F6E65776C69622F6C6962632F55
:10C5F0007374646C69622F6764746F612D6765740E
:10C600006865782E630062675F6D65737361676547
:10C61000207265636569766572730062676275662C
:10C620000061636C006C6C5F636F6E6E6563746950
:10C630006F6E006C6C5F6164765F73657400676138
:10C64000705F636F6E74657874006C6C5F76616C9C
:10C65000696461746F72006D6573685F70726F7684
:10C660005F64620062675F6D657373616765007325
:10C670006F66745F74696D65725F6D657373616712
:10C680006500666F756E646174696F6E5F636D647B
:10C69000006C6C5F6164765F73796E63006C6C5FD5
:10C6A0007363616E5F73796E63006761705F70655D
:10C6B00072696F6469635F616476006761705F705F
:10C6C0006572696F6469635F73796E63006C32636E
:10C6D00061705F636F635F6368616E6E656C006D50
:10C6E0006573685F70726F765F64625F6170706BB4
:10C6F0006579006D626564746C735F636F6E7465F9
:10C70000787400001BC6030021C6030025C6030081
:10C7100033C603003EC603004AC6030057C60300E3
:10C7200064C603006FC6030082C6030091C60300FF
:10C730009DC60300AAC60300BBC60300CDC6030006
:10C74000DFC60300F3C6030062676275665F696E49
:10C750000062676275665F6F757400626762756616
:10C760005F6E6F666C6F770062675F6D616C6C6F98
:10C77000630062675F72616E646F6D5F6165730015
:08C78000F018FD7F010000002C
:0CC7880094C70300C00A0020FA00000063
:10C7940059F3F8C21F6EA501000000000000F03F2D
:10C7A40000C4004002050204111100000000000052
:10C7B400606701000000000000C400407811002000
:10C7C40002000000CDEB0000E8030000C0EA2101F4
:10C7D400C0EA21010080000000F04902C8210020C5
:10C7E400C0EA2101809B030000000000010000005A
:10C7F4005D7D030020000000000000000000000038
:10C804000000000000000000000000006DDB0100DB
:10C8140000000000000000000000000019BC01003E
:10C8240000000000000000000000000019C4010026
:10C83400000000000000000000000000C5D201005C
:10C84400000000000000000000000000D3330300DB
:10C8540000000000D5D70100000000000000000027
:10C864000000000085D70100000000000000000067
:10C8740000000000C5D80100000000000000000016
:10C8840001E201000000000000FFFFFFFF000000C4
:10C89400DF530300E3530300E7530300EB530300A8
:10C8A400FFFFFFFF0D70030040A10300FFFFFFFF28
:10C8B4004CA10300E9730300E5730300FFFFFFFFCE
:10C8C400D5510200FFFFFFFFFFFFFFFFFFFFFFFF48
:10C8D400FFFFFFFFC1690200FFFFFFFF8776030030
:10C8E400FFFFFFFF00000000000000000300000045
:10C8F400881E0020280C002000000000881E002054
:10C90400F01E0020581F002000000000000000005E
:10C914000000000000000000000000000000000013
:10C924000000000000000000000000000000000003
:10C9340000000000000000000000000000000000F3
:10C9440000000000430000000000000000000000A0
:10C9540000000000000000000000000000000000D3
:10C964000000000043000000000000000000000080
:10C9740000000000000000000000000000000000B3
:10C984000000000043000000000000000000000060
:10C994000000000000000000000000000000000093
:10C9A4000000000043000000000000000000000040
:10C9B4000000000000000000000000000000000073
:10C9C4000000000043000000000000000000000020
:10C9D4000000000000000000000000000000000053
:10C9E4000000000043000000000000000000000000
:10C9F4000000000000000000000000000000000033
:10CA040000000000430000000000000000000000DF
:10CA14000000000000000000000000000000000012
:10CA240000000000F7860300D38603000000000026
:10CA3400DAC10300F8C403005693030056930300BD
:10CA44005693030056930300569303005693030032
:10CA5400569303005693030056930300FFFFFFFF12
:10CA6400FFFFFFFFFFFFFFFFFFFF00000100415337
:10CA740043494900000000000000000000000000DD
:10CA8400000000000000000000000000000041530E
:10CA940043494900000000000000000000000000BD
:10CAA4000000000000000000000000000000000082
:10CAB400200004000000000000000200100000003C
:10CAC4000000000000000000000000000000000062
:10CAD4000A000100000000000A000F0000004D449D
:10CAE4005F56425F4C425F50524F4A5F3100020032
:10CAF40008000000303030303030303002000300A5
:10CB0400000030303000020005000000302E302ECE
:10CB140030000200080000000000000000000000D7
:10CB2400FFFFFFFF000008070A0017000E000000C7
:10CB34000000FFFFFF0308011F04010101BF8FAFC5
:10CB44007F8700370F10100004040F05140AFF0339
:10CB540001FF0EFE01FF000030BF4223013BFDD167
:10CB6400024A5368DB00FCD4704700BF00300E401B
:08CB74004DE0000025E0000087
:040000030000F4699C
:00000001FF
