S01C000062745F736F635F656D7074795F6D645F76625F6C622E7333373C
S214000000000001204D34000049340000493400004F
S214000010691B0000493400004934000049340000E0
S21400002049340000493400004934000049340000D7
S21400003049340000493400004934000049340000C7
S21400004049340000217000004934000049340000A3
S214000050616800006D7000003570000039700000A7
S2140000602D70000049340000493400004934000077
S2140000704934000049340000493400004934000087
S2140000804934000049340000493400004934000077
S2140000904934000049340000493400004934000067
S2140000A04934000049340000493400004934000057
S2140000B0717000003170000049340000AD7000001F
S2140000C049340000F553000049340000493400006C
S2140000D04934000049340000493400004934000027
S2140000E04934000049340000493400004934000017
S2140000F04934000049340000493400004934000007
S2140001004934000049340000493400000348044BD9
S214000110834202D0034B03B118477047C400002047
S214000120C4000020000000000548064B1B1AD90F2B
S21400013001EBA301491002D0034B03B118477047E7
S214000140C4000020C40000200000000010B5064CCB
S214000150237843B9FFF7DAFF044B13B10448AFF333
S21400016000800123237010BDC8000020000000009E
S21400017088B6000008B5054B1BB105490548AFF326
S2140001800080BDE80840FFF7CFBF00BF00000000BA
S214000190CC00002088B60000A3F5803A704700BF68
S2140001A0174B002B08BF134B9D46FFF7F5FF0021AA
S2140001B08B460F461348144A121A08F0F9FF0E4BE6
S2140001C0002B00D098470D4B002B00D098470020FE
S2140001D0002104000D000D48002802D00C48AFF3A3
S2140001E0008008F0B3FF2000290002F011FA08F0A2
S2140001F09BFF00BF00000800000000000000000099
S21400020000000120C800002048190020000000005F
S21400021000000000BFF34F8F0549064BCA6802F482
S214000220E0621343CB60BFF34F8F00BFFDE700BF14
S21400023000ED00E00400FA0510B50246F8B1114BD7
S2140002401968888890421AD39888904281BF0968B6
S21400025099600120988099889868002420B904B194
S21400026098604FF6FF7203E08A4203D10CB19860A3
S2140002709A8010BD0131006889B20124EEE70020A3
S214000280F7E700BF8C100020114A916A01F1704315
S21400029003F5F813B3F5006F0CD2D2F82838A3F1A3
S2140002A07E62A2F58432B2F5104F03D20968094A7D
S2140002B0914203D000230370836070471968064A92
S2140002C09142F7D1012202709A6842609B69F3E777
S2140002D00000E10FAD1007B007B0CD5E1FB50C46AD
S2140002E040B901A8FFF7D0FF044B029A1A602360BA
S2140002F00423A380002004B010BD00BF78020020B5
S214000300064BD3F82828A2F17E63A3F58433B3F511
S214000310104F01D2536A1847002070470000E10FC3
S2140003200D4B10B4D3F82848A4F17E63A3F58433AC
S214000330B3F5104F0BD2246BA4F17E63A3F5843380
S214000340B3F5104F03D2A36B5DF8044B184740F289
S21400035001105DF8044B70470000E10F0B4BD3F81B
S2140003602828A2F17E63A3F58433B3F5104F09D293
S214000370126BA2F17E63A3F58433B3F5104F01D25E
S214000380D36B184740F20110704700BF0000E10F22
S2140003907FB50E4A03466D4602F110061068516896
S2140003A02C4603C40832B2422546F7D15A1E04A989
S2140003B00F3311F8014D12F8010F844204D19A420E
S2140003C0F7D1012004B070BD0020FBE7CC930000FD
S2140003D0F8B5184E306848BB174B184C184FE41A3F
S2140003E0184B1C4424F4FF6424F00704D7F8F830B4
S2140003F09BB2B4EB832F18D2656BC5B1D7F8F83033
S2140004009BB2B5EB832F12D2D7F8F82005F1500334
S21400041092B2B3EB822F0AD82846FFF7B9FF30B165
S214000420EB6933F0080302D034603068F8BD04F599
S2140004300064DBE77002002010000020C4000020EB
S2140004400081E00FDFBE000010B50C4648B9FFF78C
S214000450BFFF054B10B1426B126A1A60236004237B
S214000460A380002010BD00BF74020020084B40F29D
S21400047001121A604FF0FF329A6001225A6001445E
S21400048010F8012B9A618842FAD1D869C0437047A8
S21400049000C00140034B044A9979117500221A6086
S2140004A0704700BF400B0020D80A002030B500225D
S2140004B08BB01346D91003F00704415C2141CC07EA
S2140004C041BF02F128016944013201F8283C01339A
S2140004D0252BEFD10D4C0023D91003F00705415C06
S2140004E02941C9075FBFB3FBF2F102FB1131283186
S2140004F0694448BFD9B203F1010358BF11F8281C5C
S21400050004F8011F252BE7D10BB030BD010B0020EE
S21400051008B50348FFF7CAFF002340F8063C08BDAD
S214000520460B0020084A10B5136840F2E2446043C8
S21400053000F5807004FB013303EB5003136053682F
S2140005400344536010BD00BFD80A0020D0B50C4C41
S214000550E38C0A20584308F04BFB0646A08C0F4657
S21400056008F046FB074B002208F0ACFB02460B46A1
S2140005703046394608F0D0FC08F0B6FD2083D0BDE2
S214000580D80A00200000F43F70B5094CB4F80710F4
S214000590A079B4F80960B4F80D50FFF7C3FF054B17
S2140005A09E84DD84FFF7D2FF0023236070BD00BF6A
S2140005B0400B0020D80A0020837DDB0701D5808A07
S2140005C07047D0E901239B1A44BF828A9B1898B2D1
S2140005D070470000084BD3F8F020D3F8F4300270D0
S2140005E0110A120C82701A0AC2701A0C1B0E417085
S2140005F002714371704700BF0081E00F034BD86B58
S21400060080F04000C0F38010704700BF00300E40FE
S21400061008B5FFF7F3FF20B1024AD2F8C830002B26
S214000620FBD108BD0000C64308B5FFF7F1FF024B3B
S2140006305868C0F3014008BD00300E400C4B98428D
S21400064005D90C4B984210D80122012301E0002264
S214000650134609490B640949D1F8003123F0807329
S21400066043EA0263C1F8003170470222EDE700BF9B
S2140006700048E8010090D0030000C84300400E4048
S2140006800F4B5B680F4B30B500221C46C9B21D7974
S2140006908D4202D11D6885420DD20132052A03F132
S2140006A00803F4D10321064A536823F0407343EA53
S2140006B00163536030BD04EBC2046179F3E700BF09
S2140006C000000E40A094000038B5074C0748256C83
S2140006D041F6713323640021ADB2FFF7D1FF0DB1AF
S2140006E00023236438BD00BF00000E4000F049021E
S2140006F038B5064C256C41F671332364ADB2FFF76E
S214000700BFFF0DB10023236438BD00BF00000E40BC
S21400071042EA0322B2F5007F10B5194C29D00AD858
S214000720B2F5807F22D040F201139A4215D062B90A
S214000730D4F81C320BE0B2F5407F1DD040F20133F6
S2140007409A4210D0D4F8283201E0D4F82432C3F309
S2140007500722DBB203600A6010BDD4F824321A0EFA
S214000760C3F30743F6E7D4F82832F8E7D4F81C3288
S214000770F5E7D4F82032EAE7D4F82032EFE700BFF6
S2140007800081E00F2F4B1A6FD96C11F0010F02F0A9
S214000790060242D0002A40D013284FD91438132816
S2140007A08CBF102308232749013BCA6C180322F488
S2140007B07F4240EA03231343CB64234BCA6C1B8857
S2140007C0C2F303222833013202EB820003EB530309
S2140007D0B3FBF0F3C86C013B072B28BF072320F0C0
S2140007E0EE6040EA036343F48013CB64174BB3F91F
S2140007F00030002B10DB2833500800EB420203EBDE
S2140008005303B3FBF2F30A6D072B28BF072322F02E
S214000810700242EA03130B657047D96C01F00101C0
S214000820114304D1092809D90A380928B8E7DB6C2E
S21400083013F00103B7D01AB92728B1E70423B2E7AB
S2140008400023B0E700300E405A0B0020580B002063
S21400085070B51D4DD5F82828A2F17E63A3F5843324
S214000860B3F5104FE0B001D2136B23B94FF4017407
S214000870204660B070BD5B6A4FF4C07269460020C7
S214000880984704460028F3D140F20126D5F82828D8
S214000890A2F17E63A3F58433B3F5104FE6D2126B54
S2140008A0A2F17E63A3F58433B3F5104FDED2936ACC
S2140008B0002168469847B042E8D040F203239842A9
S2140008C018BF0446D4E700BF0000E10F104A0B46ED
S2140008D0D2F82818A1F17E62A2F58432B2F5104F44
S2140008E010B40FD2096BA1F17E62A2F58432B2F584
S2140008F0104F07D20C69074A0146A44600205DF84F
S214000900044B60474FF481705DF8044B704700BF9E
S2140009100000E10FD006002037B50446684680E8A0
S214000920060003C8251D85E805002373069B0B4AB1
S2140009302361BDF81C30A38200232360136853B1E3
S21400094019461B68002BFBD10C609088013080B2E2
S214000950908003B030BD1460F7E700BF4C13002052
S21400096037B50D461446FFF767FC70B1036973B1DF
S214000970818A4FF6FE72914209D10095ADF8044087
S21400098069460120984703B030BD0120FBE70E20E2
S214000990F9E7036937B514460D46828A63B14FF608
S2140009A0FE718A4208D100200090ADF80400694626
S2140009B0984728B103B030BD2B6000202280F9E7AD
S2140009C0009B2B60BDF804302380F3E738B50D4656
S2140009D01446FFF731FC40B122462946FFF7D9FFFF
S2140009E010B92B6803B9208038BD0120FCE7000051
S2140009F007B503790193054A0368009306CA0223E4
S214000A000830FFF789FF03B05DF804FB6C94000024
S214000A10034B5A6D12B95865A3F85810704700BFBB
S214000A20D80A00200C4BD3F82838A3F17E62A2F532
S214000A308432B2F5104F10B50CD21968074A9142AD
S214000A4008D1074C2278012A04D11B6A984708B9B6
S214000A500223237010BD00BF0000E10F07B0CD5E7B
S214000A60E40000200C4BD3F82838A3F17E62A2F5F0
S214000A708432B2F5104F10B50DD21968074A91426C
S214000A8009D1074C227812F0FD0F04D1DB69984794
S214000A9008B90123237010BD0000E10F07B0CD5E3A
S214000AA0E400002008B50F4B0F4C1B784FF00055A4
S214000AB06BB1FFF7D7FF0D4B2B600123A3602368B4
S214000AC023F4E06343F480632360FFF7A3FB2B600B
S214000AD00123A360236823F4E06343F48063236068
S214000AE0FFF798FBBD06002000500E4002020FF0F4
S214000AF0054A08B5937E43F040039376034B0022E5
S214000B001A70FFF7CFFF00BFD80A0020541300204A
S214000B102DE9F04105460E461146FFF74DFD884289
S214000B2028BF084687B2B846B8F1000F09D12FB1E2
S214000B30AB7DDA0744BF23F00103AB753846BDE84A
S214000B40F081AA8A2B6869689C18641AA4B2444586
S214000B5028BF44462246304608F01CFB6B682968CE
S214000B60AA8A23440A442644934228BF0B46A8EB8D
S214000B7004041FFA84F86B60D6E7F8B51F46038AAC
S214000B8004461646EBB9C57DDDB10123013D0B7069
S214000B900222C57500F11001FFF7BAFFE37D9BB195
S214000BA0228ABA4228BF3A4631462046FFF7B0FFAF
S214000BB0238A1B1A2382E37D13B9638A1B1A638276
S214000BC0F8BD00230B70EBE7638A2382E8E72DE984
S214000BD0F041868A04460F461146FFF7EDFC361AAA
S214000BE0B6B28E4228BF0E46B046B8F1000F0BD103
S214000BF03EB1D4E901329A4202BFA37D43F001031D
S214000C00A3753046BDE8F081A28A2368A0689D18C7
S214000C102D1AADB2454528BF45462A46394608F046
S214000C20B9FAA3682168A28A2B440A442F44934247
S214000C3028BF0B46A8EB05051FFA85F8A360D4E786
S214000C40F8B5044616461F4611B3858AFFF7B4FC6E
S214000C502D1AADB2012D29D9E37D63B1658AE0680E
S214000C6005702D0A07D02268A38A013013449842E3
S214000C7028BF1046057000236382A368E360022243
S214000C8004F112012046FFF7A2FFE37D0133E3756E
S214000C903A4631462046FFF79AFF638A034463824A
S214000CA0E37D13B9238A03442382F8BD0020FCE7C2
S214000CB013B50379124A03330446019300F1440343
S214000CC0009306CA02231430FFF726FE238A0193F8
S214000CD0E368009394E80600237A04F12C00FFF7FB
S214000CE01BFE237A22792168A4F8450004F1470008
S214000CF084F8443002B0BDE8104008F04BBA00BF9C
S214000D007894000070B50C4C0C4B06460D4694E8E3
S214000D10030083E803001846FFF76AFE084BD4E991
S214000D20020102221A7283E80300DE601D82184662
S214000D30BDE87040FFF7BCBF54950000400100209E
S214000D40E80000202DE9F347DDF82880BDF82C9058
S214000D5004460E4617461D46FFF76EFA8246BAF15F
S214000D60000F01D0B44205D94FF6FF74204602B0FA
S214000D70BDE8F0879AF80830DAF804009D421AD1E8
S214000D802A46394608F0DCFAA8B9B8F1000FEDD0CB
S214000D900DF1020201A95046FFF7FBFD58B9019973
S214000DA049B1BDF802304B4505D14A46404608F0E9
S214000DB0C7FA0028DAD00134DAF800A0A4B2CEE7E9
S214000DC038B50C4611462568AD1A2A46014408F087
S214000DD0C7FA256038BD000001282DE9F34704D086
S214000DE00024204602B0BDE8F0878B88012B40F037
S214000DF03C810B681B78FBB99E4A9F4C13609F4A48
S214000E0013709F4A13609F4A13609F4A13609F4A5D
S214000E1013609F4A13709F4A13609F4A13609F4A4D
S214000E2013702378022B01D1FFF7FCFD01232370FA
S214000E309B4B00221A70D3E7032B40F003818F4BA5
S214000E408D4E1C78002C4FD13378002B00F0F280AA
S214000E508F4B1B78082B02D0402B40F08A80DFF89F
S214000E601482D8F800305BB98E4DD5F82838A3F137
S214000E707E63A3F58433B3F5104F55D3802433E057
S214000E8013F003071CBFC7F10407FFB203EB070A02
S214000E90BAF5806F00F2D2808348DFF8F8913A46C0
S214000EA01844FF2108F084F9804BD9F800501B68DD
S214000EB0C8F800A00AEB05029A4200F29480704B34
S214000EC01B681D445544DFF8C4A125F4FF65DAF815
S214000ED0000025F00705854210D9291A00F50060A4
S214000EE0FFF73CFA40B185243378022B01D1FFF797
S214000EF099FD0023337074E7CAF80050D8F8001044
S214000F00D9F80000FFF7E2FCD9F80030D8F8002046
S214000F10584913440546DB1B6348C9F80030FFF701
S214000F204FFF002DA0D0DEE7FFF792FCD8B9D5F82A
S214000F3028280190A2F17E63A3F58433B3F5104F01
S214000F40D1D2126BA2F17E63A3F58433B3F5104FB2
S214000F50C9D29369012101A898470028C3D14F4BF5
S214000F6001221A70C0E741F20803984286D186240F
S214000F70BAE7002B60D04A4B1B78002B3FF47EAFBD
S214000F80454F3B6843B9404B494918681022FFF764
S214000F90C7F90028A8D0A6E713F003021CBFC2F1C9
S214000FA00402D2B29D18B5F5806F47D84148DFF8E5
S214000FB0D480FF21184408F0FBF83F4A3F4BD8F88E
S214000FC000103D609B1A3E4A13443E4A13408B4233
S214000FD036D83D4BD3F8F8309BB29B020D44A3F5B0
S214000FE08053AB4201D283247EE7DFF8A090D9F885
S214000FF000001540854209D9291A00F50060FFF760
S214001000ADF900287FF46FAFC9F800503A68294957
S214001010D8F80000FFF784F9D8F800303A681E497F
S214001020054613442348C8F80030FFF7C9FE002DD4
S214001030A9D058E7812457E7842455E7822453E74C
S214001040872451E7042B12D1204813230221437032
S2140010500170FFF7DDFC1E4A1E4B128905329A808E
S2140010601D4A1A6042789A71BAE60D24B9E606243B
S214001070B7E600BFD00A0020D50A0020D60A002016
S214001080C4060020B4020020B0020020C0060020E3
S214001090D40A0020CC060020B8060020BD0600209A
S2140010A0BC0600200000E10FD0060020C806002085
S2140010B0A0020020B802002010000020C40000207B
S2140010C0DFBE000000F8FFFF0081E00F340B0020B9
S2140010D0D80A0020400B0020F10A00002DE9F84F46
S2140010E0DFF85091494BD9F80050DFF84C81471B88
S2140010F082464748C8F800701B1A4648034423F443
S214001100FF6323F007039F42144678D3424BD3F87D
S214001110F8309BB29B020AEB0206A3F580539E4270
S21400112070D82C44B4F5806F03D93C4B82221A70D9
S21400113063E0DFF8FCB00BEB050008F02BF8384B4B
S214001140C9F800401A6822B9332C56D9DBF8342087
S2140011501A601B689F421FD89E421DD903F11002D9
S21400116096424AD31D44A5EB0A055D442D4A2B46FC
S21400117005F1100153F8040B42F8040B8B42F9D129
S2140011802848FFF705F910B9244B8422CFE7102230
S214001190FF21284608F00CF8234D244B286804F05D
S2140011A00304361B1E4058B907EA0300C0F5006169
S2140011B03144FFF7D3F82E6040B1184B8522B6E7CE
S2140011C0864203D9311A00F50060F2E7D9F800200C
S2140011D01749D8F80000121BFFF7A2F8D9F800202C
S2140011E0D8F800301349121B054613441048C8F8B7
S2140011F00030FFF7E5FD002DDFD1BDE8F88F074B87
S214001200872294E7054B832291E700BFC4000020A5
S21400121010000020DFBE00000081E00FD60A00208C
S214001220B0020020A0020020C006002000F8FFFF49
S214001230B8020020B8060020B402002037B5124CD1
S214001240002360600093437AD0E90021206802F012
S214001250BAFC238CDB050CD563680C4D1B7A2A7808
S2140012609A4206D0012B06D0022B08D063681B7A60
S2140012702B7003B030BD206802F080FCF6E72068D3
S21400128002F082FCF2E700BF981000206002002007
S21400129013B50D4B0D4C1B8AADF804300128ADF884
S2140012A0003004BF02238DF8043001A908BF0423D0
S2140012B0206808BF8DF8003002F089FB2068694678
S2140012C002F09BFB02B010BD549500009810002061
S2140012D0034B00221A6118680122032102F00CB9A0
S2140012E09810002010B5164CA37E5B0626D4FFF798
S2140012F0EFFFA28C236840F2E24101FB0233236039
S21400130094F84F10A37A0B442521B3FBF1F001FBB0
S2140013101033A37223890133238163680A2101FBFA
S21400132002336360238B5A1E22833BB9A27E42F0AF
S2140013304002A276034A1370FFF7B4FB10BD00BF4D
S214001340D80A0020541300207FB502238DF80630FB
S214001350064B5A8B596918680332ADF804206A4662
S21400136002F0CAFB009807B05DF804FB9810002056
S21400137010B51E4C1946236986B023B3A2F10800A7
S214001380084322D101AA0321206802F0B1FB63685A
S21400139060615B7A23769DF80430DA1F534253412E
S2140013A0627E63F30002039BE361BDF8063062765B
S2140013B0638304F1180102202369984720680122FC
S2140013C0002102F09BFB06B010BD02F17F400843EF
S2140013D005D10021012006B0BDE81040184712F4E0
S2140013E0A0411ABF00210320FF20F4E79810002038
S2140013F02DE9FF41194C1A4D637A0133DBB2282BD5
S21400140028BF252320466372FFF718FF627D154923
S2140014102868D4F80C80667C4FF40073023202F021
S21400142049FB6B68104A5B7A06F001063046D75CCB
S214001430FFF72EFF00220123009203932868CDF8C1
S214001440088002AB394602F05BF810B1FFF740FFA8
S214001450D2E7064B2B6104B0BDE8F081BC1000203B
S21400146098100020D0100020CF9400002515000012
S2140014702DE9FF41254CA37E5A0640D4244A2189F3
S21400148023F0070343F00103A37613681BB1928889
S2140014908A4200D19847A37A1E48234493F82A30FC
S2140014A06375FFF7CBFED4E900561B4C1B4A6368F6
S2140014B05B7A4FEA5608D75CA5EB56060120FFF785
S2140014C0E7FE643500964FF4807300264544ADF879
S2140014D00C306A4639462068029533468DF804601B
S2140014E08DF80E6002F018F8012205463146206895
S2140014F002F004FB35B1FFF7F5FEFFF7B9FF04B0C5
S214001500BDE8F081064B2361F9E700BFD80A00204A
S214001510400B0020E40A002098100020CF94000022
S2140015208D16000002282DE9F0411DD002D80128B2
S21400153007D0FEE7032800F09E80FF2800F09B807F
S214001540F7E74E4C637C990707D5FFF7C1FEFFF718
S2140015504FFF637C6FF341036374637CDA0768D4E0
S214001560BDE8F041FFF744BF4B78DB0740F18380CE
S2140015704C68227802F00F08B8F1030F5BD0B8F180
S214001580050F78D13E498B7B03F00103B3EBD21FE6
S2140015904FD10622083104F1080007F0D1FE0646B6
S2140015A0002846D1FFF794FEFFF7CEFE354D3146B4
S2140015B007465C22284607F0FBFDAB7EA5F81880A0
S2140015C043F02003AB76627E237E43EA0223AB849D
S2140015D0627F237F43EA0223EB8494F82330C3F32D
S2140015E0040385F84F3094F82330C3F3421385F88C
S2140015F0503004F11E001B232B85FEF757FFD4F84E
S2140016000E30E27CEB60A37C2F6043EA0223227D4F
S214001610607D43EA02432B61012695F84F30AB729A
S2140016202E75E18A3144FEF77DFFFFF721FF164B4A
S2140016301E70BDE8F081124DAB7B03F00103B3EBE7
S214001640D21FF6D1062205F1080104F1080007F0C2
S21400165077FE0028EDD1094C286894F83D204FF419
S2140016600073023204F13C0102F024FA637C43F07A
S21400167002036374DDE7FFF72BFE71E7BC10002062
S21400168098100020D80A00205413002002282DE9C4
S214001690F74F0F460BD003D8012800F0D781FEE79E
S2140016A0032800F0DB81FF2800F0D881F7E74E78AA
S2140016B04A68B34D16F0010661D10026AB7EB14CE8
S2140016C013F0200F12D0696D6FF34513AB76002927
S2140016D000F0C580237895F85820627043F0030325
S2140016E0A01C237007F056FD00236B65A648A5498D
S2140016F0FEF762FFAB7E003818BF012060F341039F
S214001700C3F3C002AB76C3F300139B0043EAC203E5
S214001710227843EA001322F01C02134362782370F7
S2140017209A4C02324FF400732068D2B202F0C2F92B
S214001730AB7E7F68D90709D56FF30003AB7600232D
S2140017406B60FFF701FE2860FEF700FF002E00F03A
S214001750F9803B7803F00303022B00F05F81032B34
S21400176000F09480012B40F0ED8089487D78818AD6
S214001770FEF722FF081ABC1C80B200265BE1137835
S214001780AC7EC3F3001363F382041378AC76C4F321
S2140017900011C3F3C00C8C45E0B2C3F3800AC4F357
S2140017A0C0040CD0544588D0AB7E84F00104E4001D
S2140017B044F0200423F028031C43AC767DE703F0B6
S2140017C00303022B18D0032B04D0012BEAD14FF0D1
S2140017D0000B12E0544508D084F00104E40044F005
S2140017E0200420F028031C43AC76AB7E81F0010178
S2140017F061F30413AB7661E7B34692F80180B8F163
S214001800000F0ED1544501D10026EEE7AB7E84F0E2
S2140018100104E40044F0200423F028031C43AC76C3
S214001820F2E75B48B0F81490FEF7C6FEA9EB00009E
S21400183080B2BBF1000F03D00228B3D9023880B2C1
S214001840544509D0AB7E84F00104E40044F0200443
S21400185023F028031C43AC768045C6D92DE795F8BF
S21400186028304948A21C0DF10701FFF786F910F051
S214001870FF0018BF9DF80730227860701ABF01334A
S214001880DBB2012363F3010222702FE7BB780C2B37
S2140018900AD80C2B0AD8DFE803F03F2B58090909B1
S2140018A00909600909091800142B7FD0394A1278F3
S2140018B02AB1162B00F09680182B00F0A28036482E
S2140018C007220270437002210DE033480C234FF0CC
S2140018D0FF320370012343708270037102220023DB
S2140018E0C2704371062103B0BDE8F04FFFF790B811
S2140018F0797A3B7A294A43EA01239380134628499A
S21400190043F8061BD7F80310C2F80610B7F80720EE
S2140019109A807A7A9A7115E07A7B3B7B1F4943EA74
S21400192002238B800B461F4A43F8062BD7F803206A
S214001930C1F80620D7F807205A60B7F80B201A819E
S2140019407A7B9A7203B0BDE8F08F2A89134B053272
S2140019509A80154A1A60FA78DCE7D7F80330228CAA
S2140019600D48134003F0FF0322F0FF021343024624
S214001970092102F8011BC0F8013000235360B2E7CA
S214001980D80A002060010020A00D0020981000203A
S214001990341300205E0B0020340B0020400B002088
S2140019A01105000089050000F10A0000B7F80530AF
S2140019B0B7F803202D48DB08934228BF13462B8533
S2140019C0152300216FF004046FF02702037007232D
S2140019D0817081714470C27003714471C271037268
S2140019E0092180E73A79FB782048134003F0030387
S2140019F0022B18BF01231722027043708370032145
S214001A0071E77A79B9791A4B42EA01229A80194A23
S214001A101A60D7F80320C3F8062093E716487D78A7
S214001A20818AFEF7C9FD081A80B2022838BF022054
S214001A300238BC1C80B2854284D80F482B4622460A
S214001A40314603B0BDE8F04FFFF7FAB80B4B9B7E6C
S214001A509A073FF577AF5B073FF574AFFFF742FC99
S214001A6003B0BDE8F04FFFF703BD00BF340B002006
S214001A70400B00209504000034130020D80A0020F4
S214001A80EFF3108072B670470048704700F04902C6
S214001A900E49D1F8942002F00702042A0BD8022A35
S214001AA00FD811D00A4BD1F80001C0F30420013042
S214001AB0B3FBF0F07047074B0548052A18BF0346EE
S214001AC0F1E74FF40043EEE7034BECE700400E402F
S214001AD0C0EA210160F5900000F0490208B5FFF762
S214001AE0D7FF044BD3F80831C3F308230133B0FB08
S214001AF0F3F008BD00400E4038B502460D46FEF72E
S214001B007DFDE8B122B90F4BD3F80031FFF7C0FFD7
S214001B10FEF774FDA0B1FEF787FD88B1094BD3F838
S214001B200031FFF7B5FF084B402204461A610DB19D
S214001B30FEF76EFD20460021BDE83840FEF7D8BD12
S214001B4038BD00BF00400E4000300E40044B054A32
S214001B509A60D3F8882042F47002C3F88820704751
S214001B6000ED00E00000000008B5FEF753FB7047EC
S214001B7047F6FF739A42F0B56CD006296CD8374BFF
S214001B805B5C022B68D8364D05EBC304DE00A178FB
S214001B9015F83330012938BF0121012B13D1E07825
S214001BA00025401A854202D30844C0B2F0BD431B4C
S214001BB0A0EB5303666836F913609642CCBF03F178
S214001BC0FF301D46EEE760680028EFD0B0F9004011
S214001BD0A24204DCB0F902409442B8BF144683889F
S214001BE0FF2B04BFB0F90630B0F9087035440FBFBC
S214001BF001220022C82328276E781B1B93FBF7F3CD
S214001C0013441BB29E4201DD002B01DA731E1BB289
S214001C104FF47A7C00EBC3055F1CEA88AD6814FBC2
S214001C2002521D463BB222EAE2729E4202F15C027A
S214001C30B2FBFCF204DD00EBC307BF88BA42E9D969
S214001C4000EBC5039888904228BF1046884238BFEC
S214001C500846AAE7FF20A9E70020A7E7C8940000E7
S214001C60600B002038B5C0F30323013B04460D4645
S214001C70092B11D8DFE803F0053611103A312C1085
S214001C801D191C4BC0F3043403F1424303F58013C3
S214001C9004EBC304A400256038BDFFF71FFFFEF762
S214001CA0CDFCC4F30434144BEEE7144BC0F30434F9
S214001CB0EAE7134BC0F304344FF480320D49D1F8F1
S214001CC04401C007E0D4D1F840011042FBD1DBE765
S214001CD00C4BC0F304341022F0E70B4BC0F3043473
S214001CE00122EBE7094BC0F30434CDE7084BC0F301
S214001CF00434C9E700400E40B8400E4050410E4044
S214001D00F0400E40E8400E40E0400E40C0400E401E
S214001D10B0400E402DE9F74FDFF82C91464E99F86B
S214001D200040019107461546002C41D1434ADFF892
S214001D3014A1D2F8F83042489BB29B02A3F5805318
S214001D40CAF80030D2F8F8309BB29B02A3F50063C5
S214001D500121CAF80430FFF785FFDAF800000821F1
S214001D600430FEF783FBDAF800301B68984208BFA1
S214001D70DAF80030DAF8040008BFD3F804B04FF001
S214001D80080100F104000CBF0124A346FEF76EFB19
S214001D90DAF804301B6898423CD1DAF804305C6804
S214001DA05C4594BF002401240123347089F8003078
S214001DB096F900305A1C29D0224A52F8233003F1F3
S214001DC00C094C464FF6FF7AC4F30A030833B3F502
S214001DD0006F1BD2A688564518D094F806B0201D72
S214001DE00BF10401FEF742FB22689042D84601D16F
S214001DF0B74212D008F1030808F4FE7808F1080884
S214001E00444489EA0403B3F5006FDDD34FF0000BBA
S214001E1058460CE0013C64B2C6E72B785B45F5D328
S214001E2001985A4604F1080107F0B4F9012085F834
S214001E3000B003B0BDE8F08F100000200081E00F76
S214001E4000650A00640200206C0200202DE9F04FB5
S214001E50012891B004D00024204611B0BDE8F08FD0
S214001E608A88002A00F01282A54F97F800A0BAF1DF
S214001E70000F00F00D82A34D2C78002CECD1A24B65
S214001E8009681C78002CE6D1A04E306802EB0008EA
S214001E90B8F5806F02D982242C70DDE7DFF88492D3
S214001EA0484407F077F9BAF1020FC6F8008039D037
S214001EB0B8F1030FCFD99648FEF7E6F90178D9F8BE
S214001EC000204368012945D1190E012903D1C3F327
S214001ED007430A2B46D98F4B9A4240F0DD80836831
S214001EE0DA033DD502233B70FEF7BCFD8A4BD3F8E0
S214001EF02828A2F17E63A3F58433B3F5104F0BD2E6
S214001F00126BA2F17E63A3F58433B3F5104F03D2B0
S214001F10936809A900209847804B099A1A60804B5D
S214001F200A9A1A60DFF80C92336899F80020082A9B
S214001F3001D0402A4ED1DFF8F0817948D8F8001059
S214001F40006803F0030ACA18A2EB0A0282420BD901
S214001F508324A1E76F4CA2420CBF862484249BE70F
S214001F60862499E7882497E76C4ADFF8CCB117688F
S214001F70DBF800001F440F44A7EB0A0727F4FF67AF
S214001F8027F00707874209D9391A00F50060FEF7DF
S214001F90E5F908B185247FE7CBF800703168D8F8FA
S214001FA00000A1EB0A01FEF791FC3268D8F8003079
S214001FB05649A2EB0A02074613445A48C8F80030AE
S214001FC0FEF7FEFE002FE5D199F80030002B7FF4D7
S214001FD042AF01E0002A61D133687F2B7FF63BAF2A
S214001FE0DFF84881DFF854B1D8F80000F0B94A4B62
S214001FF0D3F82878A7F17E63A3F58433B3F5104FA2
S2140020000ED20A9009A8FEF73FF90A9B1A0E74D062
S214002010012A03D1C3F307430A2B6ED9BB6B98473B
S214002020CBF8000007F084F9C8F800003A4FD8F85B
S2140020300000D7F82828DBF80010A2F17E63A3F58D
S2140020408433B3F5104FA5D2936A98470028A1D1E0
S214002050D7F828783268D8F800A00392A7F17E63F4
S214002060A3F58433B3F5104F16D2079006A8FEF7F3
S2140020700BF9079B190E0FD00129039A03D1C3F35E
S21400208007430A2B08D905AB00937F6B254909AB9C
S2140020905046B847002853D08424FDE622490A68F3
S2140020A01A440A60214A10681B4AD2F82818A1F17F
S2140020B07E62A2F58432B2F5104F05D31349194853
S2140020C01A46FEF77DFE16E0CF6A164A1849B8474C
S2140020D032680E4907461348FEF772FE40F20323A5
S2140020E09F4203D1084A01231370B4E640F201234D
S2140020F09F423FF469AF8024CEE64FF4C0708FE76E
S214002100D50A0020D60A0020BC060020D00A0020EF
S2140021107C020020EB17A6030000E10FC406002097
S214002120C8060020D0060020CC0600209C02002016
S2140021308C020020D40A0020C0060020880200205E
S2140021409DF8243089F8003023B9059B13B140234D
S21400215089F80030FEF73CF9074658B3D0F834A0AB
S21400216099F80030002B3FF476AE00220692042247
S2140021708DF8132006A90DF1130235200393FFF7FF
S214002180C9FD069AD30719D5039B082B14D0BAF1BC
S214002190000F13D0534610220CA903F12800039316
S2140021A007F0CEF820B9039B0A9A1B6A9A4205D814
S2140021B0892471E68246D3E7364BECE797B14FF4B5
S2140021C000613846FEF7CAF800287FF4E3AE2AF42A
S2140021D0FF604FF4006120F00700FEF7BFF800280C
S2140021E07FF4D8AE99F80030082B01D0402B0FD1E1
S2140021F0294B2A4A186820F4FF6323F007034FF49C
S21400220000611360FEF7AAF800283FF424AEC1E68A
S214002210234F244BDFF89C907B60D9F82828D8F809
S2140022200000DBF80010A2F17E63A3F58433B3F55B
S214002230104FBFF4AFAE936A984700287FF4AAAE5B
S214002240D9F82828D8F800003368A2F17E61A1F5F5
S2140022508431B1F5104FBFF431AF3946D2F82C8037
S214002260114AC0473268114907460F48FEF7A8FDD5
S21400227040F203239F4203D10D4A01231370EBE57E
S21400228040F201239F423FF4E6AD34E70D24E3E538
S2140022908124E1E5F8940000C4060020C006002072
S2140022A08C020020DD100000D0060020D00A00209E
S2140022B0BC0600200000E10F00F00F0001380728E0
S2140022C050D8DFE800F00415244F34384F402B4B2D
S2140022D0D3F8943003F00703023B052B06D8DFE85B
S2140022E003F049243F0305430B2070470520704741
S2140022F0224BD3F8800000F0070002283DD00428C7
S21400230036D0012808BF032018BF012070471B4B9A
S214002310D3F8843003F00703013B032B03D8DFE830
S21400232003F0041F25270120704703207047134B36
S214002330D3F88800DFE7114B1B6F13F0010F0CBFBB
S2140023400720092070470D4BD3F85C3103F03003AB
S214002350202B0FD0302B0FD0102B08BF0720D3E731
S21400236002207047002070470C20704706207047F8
S2140023700A207047042070470820704700400E402F
S2140023800428F8B56FD8474B13F800C0464B1D5CC1
S214002390464B33F81060464B33F81040454B002947
S2140023A06DD0022860D15C6A14F0300F5CD1424CCC
S2140023B0E46B5C6AE40705D55F6A27F0300747F0F0
S2140023C010075F623D4C3B4B25441E66AD002B68F4
S2140023D0002BFCD0002A46D06444A4002368002BBF
S2140023E0FCD002283FD100293DD0324B5A6AD10793
S2140023F03CD54FF48062C3F8A82020225A665A6A59
S21400240012F0300F0CBF4FF440024FF40002D3F826
S214002410901032EA0101FAD1520201D5D3F8A03069
S214002420244D012200210220D5F89C70FFF7A8FF5A
S214002430D5F890306B6A23F0300343F010036B62DC
S214002440C7F30A07296B1E4BFA0903320F2A03EA61
S214002450010328BF0F223B4343EA02732B632E6619
S2140024602368002BFCD0F8BD0021ABE75A6AD3F8EE
S214002470902002F44002B2F5400FF8D1CEE70121D9
S2140024801C66A940D3F890000842FBD1002AEAD087
S2140024900123084903FA0CF3D1F890201A42FBD125
S2140024A0E1E700BF99940000949400008A9400002D
S2140024B08094000000400E4000300E408004F21071
S2140024C000F8FF0F10B500211048FFF715FB104865
S2140024D0FEF7B4F8012211460220FFF751FFFEF77F
S2140024E0F3F8FEF795F80B4B02225A67FFF7D0FA7F
S2140024F0FEF7A4F8FFF7F2FA0446FEF795F8014651
S2140025002046BDE81040FEF7F3B800BF00F04902D1
S2140025100148E80100400E4000B962B6704700006E
S2140025202DE9F0410D4F06460D4614460CB9BDE8A0
S214002530F081EFF3108872B623462A4631463846B5
S214002540FEF77EFB03464046FFF7E6FF002BEDD086
S214002550E41AA4B21D440026E8E700BFA00D002040
S21400256013B5002301F10804ADF80430ADF80600F9
S21400257021461A4651F8080C083170B90BB1ADF86F
S214002580042004220DEB020101200834FFF7C8FFE7
S21400259054F8101C39B902B010BD51F80C3C1A445E
S2140025A092B20123E6E734F80C2C0020EDE7000099
S2140025B07FB50130002380B2CDE90101CDE90433B7
S2140025C06946044B009304200392FFF7C9FF07B047
S2140025D05DF804FB20110020EFF3108072B6704700
S2140025E0FFF79ABF064A074BD3F88039136F23F0DC
S2140025F0070303431367044B1888FEF7C3B800BFEE
S21400260000300E400000C6435C0B002000000000B7
S2140026102DE980487A4B5B685E05A3B024D44FF062
S214002620005300221A601AA8FDF72EFEFDF7D0FE12
S21400263008B3446BFEF716FA1C9B5D0740F1BC809E
S214002640FDF7C6FEFDF75CFE0446FEF7EBF994B117
S214002650FDF7BEFE0446FDF7BBFE6A4B9860236896
S2140026609D466368984706E04FF000531A68022AB2
S214002670D5D100221A60BFF35F8F624B5A6A22F4EC
S21400268080325A62D3F8942022F00102C3F89420D4
S214002690BFF34F8FBFF36F8F5B495C4F0A685C4D8B
S2140026A0C3F898204FF00050C3F89C005948C3F870
S2140026B0A000AF4202F1010008604FD07E1E731BDF
S2140026C043EA530343EA930343EA131343EA132309
S2140026D043EA13430133B3F5807F38BF4FF480736A
S2140026E05C422C4003EB040C674500F28780072B06
S2140026F0ACEB07074FF0010C8CBF4FEAD30E4FF040
S214002700200EB7FBFEF70CFA07F7013FFFB2361BA9
S2140027102D1BB3FA83F3B5FBFEF5B6FBFEF6664457
S2140027200CFA05FC07FA06F60CF1FF3CC3F11E0393
S2140027304CEA060C5B000CF0FF0C03F03E0343EA89
S2140027400C23304D43F0407343F001130232C5F8BA
S2140027509800C5F89C40C5F8A0300A60BFF35F8FAC
S214002760284B0522C3F894205A6A42F480325A62F3
S214002770BFF34F8FBFF36F8FBFF34F8FBFF36F8FD4
S214002780254B01225A64254BD3F8FC20244B120E0D
S21400279048D14AF6E851C3F89011D3F8981141F0A1
S2140027A00401C3F89811C3F89021D3F8642142F4C9
S2140027B00052C3F8642137E014B9FEF733F95AE73C
S2140027C0164AD2F8F8309BB2B4EB832FF5D2D2F883
S2140027D0F82004F1500392B2B3EB822FEDD82046D6
S2140027E0FDF7D6FD0028E8D0636913B9FEF71AF99D
S2140027F02EE79DF86830012BF8D121E75B006FE7E4
S21400280000500E4000ED00E0540B0020BC000020FD
S214002810BC0000203900011300000E400081E00FCC
S21400282000300E40012AC0D0814A136A23F44413B4
S21400283043F488131362A2F58042136843F480734E
S21400284013607C4B02229A639A6B02F00F02022AF4
S21400285040F00481DA6C22F0405222F0010242F08D
S2140028600102DA64D3F8EC2042F44072C3F8EC209C
S214002870714A0F211180DA6E42F08072DA666F4B71
S214002880D3F8800900B10420FFF7ACFE6C4B694F0B
S214002890DFF8B881C8221A806A4BA0220F200024D5
S2140028A01A80FDF76FFF684BBB65CDE91244CDE992
S2140028B01A44D8F81832C3F307295FFA83FACDF81A
S2140028C07090CDF850A0FE6CC6F3017622463346D3
S2140028D01AA912A8FDF71CFFD7F8EC50C5F301257E
S2140028E022461BA913A82B46FDF712FF4FF41674B9
S2140028F0A9EB0A026243B2FBF4F252449145DDF8BA
S21400290068C01299DDF86CE01398C0F0A780AEEBB3
S21400291000036343B3FBF4F3C0182CBF012300236A
S2140029208645C0F09B80002B40F09880ACEB0103FE
S2140029306343B3FBF4F3C9182CBF012300238C4573
S214002940C0F08C80002B40F08980FC6D24F4FE449F
S21400295024F0020444EA0224FC65022ED8F8302251
S2140029605CD0032E5DD0012E14BFD2B2C2F3072274
S214002970120312F4702F71D12E4CE36E23F47043C1
S2140029801343E366314B022DD3F830224BD0032D90
S2140029904CD0012D14BFD2B2C2F30722120312F498
S2140029A0702F5BD1234BD3F8EC4024F470442243C1
S2140029B0C3F8EC205A6E814238BF0146E72922F45C
S2140029C0FF7228BFE72122F0010242EA41025A665E
S2140029D0DA6B42F48062DA634AF6E852596B5A635D
S2140029E09A6FD407FCD41B6C144A13F003032FD041
S2140029F00123C2F8B43A0F4B9A6FD007FCD41A6C76
S214002A0022F003021A649A6F12F00102FBD10B48FF
S214002A100129C0F8B42A08BF5A631BE0C2F3074274
S214002A20A6E7120EA4E7C2F30742B7E7120EB5E711
S214002A3000400E4000300E405C0B00200000C643F5
S214002A405A0B0020580B0020372110B70081E00FEA
S214002A50C2F8B43AC64B0122C3F89427C54CC64EFA
S214002A601120FFF729FC002102200122FFF788FC35
S214002A70636A23F001036362C04B0025C3F8A054C9
S214002A80A36A23F0070343F00603A362BC4BE3628A
S214002A90226BBC4B02F07F6213432363BA4B636323
S214002AA0FFF710FDB94B304601211B68FFF724F8ED
S214002AB0FDF7BAFD01463046FDF71AFED4F80001D0
S214002AC0C0F304200130B6FBF0F0FDF7B7FD01229D
S214002AD011460220FFF754FC636AAD4E43F04053A4
S214002AE06362D4F8C83043F00103C4F8C830A94B79
S214002AF0D3F8D830B365042404AA06A935208DF887
S214002B0010400695FFF706F906238DF80F30069B52
S214002B108DF80E4013F4803F07AC00F05182052379
S214002B202246B16D02F8011B013BFAD29DF8213016
S214002B3063F03F038DF821309DF8223043F0010307
S214002B408DF82230944B5C60944B954A9A6000272F
S214002B504FF480715961C3E900221F82914A924B5B
S214002B609248934D1F82C3E900229A60596100F093
S214002B70F8FC8F488F4C904E00F067FF0FCD0FC4C7
S214002B8095E80F0084E80F008C488D4B03603946AB
S214002B908C4B436000F08AFC73A3D3E900233060BB
S214002BA0CDE900234FF0FF334FF0FF3200F027FF50
S214002BB002224FF0FF313068774C00F022FF0DF113
S214002BC0680A94223C23CDE91A321C935146962378
S214002BD030681D93CDE91E77209700F049FD3746F3
S214002BE07949306800F020FF306800F0C4FFB4F97F
S214002BF0001057F8080B00F02CFF6468002C40F01B
S214002C00F8813846FDF7E6FCB37B64F30003B37344
S214002C106E4BDFF8F0916E4D4FF0200883F801837D
S214002C2083F8048383F8068383F8078383F8058391
S214002C3083F8088383F81D83664B5A2200211846C2
S214002C4006F0B6FAA0F10A04634B636042F2107213
S214002C50E26042F20153614A40F80A2C2381604A3E
S214002C604FF490733384012313700022C9F80020B8
S214002C701B222A800DF10D0103AA3E208DF80C3090
S214002C80FFF748F811230DF10B020DA936208DF839
S214002C900B30FFF73FF80DF10A02514639208DF848
S214002CA00A80FFF737F8002837D14E4B9DF80B20E7
S214002CB018681B791A908AF80430002A00F0A08160
S214002CC01B2A28BF1B22531D8DF80A300DA9531C42
S214002CD00DF16D008DF86B3006F05CFA12A8FDF76A
S214002CE079FC414A9DF80A3012882AF8032022A966
S214002CF09A1C51FA82F21298BDF84C1042F8200C39
S214002D0022F81C1C03F1080222A951FA82F20933A8
S214002D10002102F8201C8DF80A3020230DF109024C
S214002D2012A93A208DF80930FEF7F4FF48B92F4B68
S214002D305A8A1B7D8DF84A300323ADF848208DF85B
S214002D4009302B4B2B4800224FF00208C3E9002223
S214002D50294B036080F80480FDF74AFE2748284B7D
S214002D600360102303724FE0085500510000000076
S214002D700000C64300400E4000F049020000C84371
S214002D802000050007450BD047A0020000300E408B
S214002D90005008400081E00F58130020A00D0020CE
S214002DA0A00C0020A00B002034130020690345EC83
S214002DB078950000600B002098100020900B0020F3
S214002DC071130000800B00201200002000E100E0DC
S214002DD028110020C610002055555500D6BE898EF5
S214002DE05E0B0020DD930000E79300005495000082
S214002DF04C1300203C0E0020EA930000E40D002057
S214002E00ED9300003013002080F80480FDF750FF9B
S214002E10B148B24B0360B24B80F80480C36080F8C0
S214002E200880A0F81080CDE90038434690E80600F8
S214002E301430FDF771FD9DF80B10002900F0EB80B3
S214002E400DA8FDF75FFFA748A74B03604FF01008DB
S214002E5080F80480FDF7CCFDA448A54BA54A036086
S214002E604FF6FE7B08230372C260A0F810B080F80D
S214002E700480FDF71DFFA048A04A02600C220272E3
S214002E809F4AC260A0F810B080F80480FDF710FFDB
S214002E909C489D4A02604FF0020B9C4AC260082381
S214002EA0038280F8048080F808B0FDF701FF984898
S214002EB0984B0360984BC3600123038280F804801C
S214002EC080F808B0FDF7F4FE9448954B0360954BE8
S214002ED0C3604FF6FE73038280F8048080F808B063
S214002EE0FDF7E6FE9048914B0360914BC3604FF6AA
S214002EF0FE73038280F8048080F808B0FDF7D8FEE1
S214002F008C4B8D4A1A604FF6FF729A809DF80A2005
S214002F10202A05D8931D89486375514606F03AF96C
S214002F209DF80920202A06D8931D854884F83D3050
S214002F3012A906F02FF9FEF7CBF9227C617CB2FAD3
S214002F4082F35B0963F30001237D617462F303037C
S214002F50B27B02F0010262F386132375637D0BB920
S214002F6006236375774BB988B068C4F81600998055
S214002F7094F83C30042161F3030362F3861384F86B
S214002F803C3094F83D3013B9062384F83D306E4B40
S214002F90B068BA88C4F83E009A80FEF729FA6B4EED
S214002FA06B4B1B782BB1DFF8B8814046FDF704FB6E
S214002FB0A0BB684A136923F00403136130BFEFE730
S214002FC00DF10F0221462C20FEF7A4FE00283FF448
S214002FD0BBAD0DF10E0205A93C20FEF79BFE18B115
S214002FE09DF8140000F001009DF8223060F3000305
S214002FF0A6E52068B060A288A379BB71BA8007E610
S21400300008238DF80A30544B1A889B78ADF86D204B
S2140030108DF86F3062E65048032112E7EFF3108414
S21400302072B600231A460DF111014046FDF7A5FDC4
S2140030302046FFF771FA9DF8113013B10023C9F846
S2140030400030D9F80020EFF3108472B6C2F5017391
S2140030509BB232440DF111014046FDF78EFD03464A
S2140030602046FFF759FAD9F800201A44032AC9F86F
S21400307000209AD93488231D9A4296D307D87088A0
S21400308004284FF0000306D0062800F0AB8100238A
S214003090C9F8003089E732796B8004F1FF3A122ACA
S2140030A01FFA8AFA5ED8012A5FD9931E2B4F102B7F
S2140030B05BD8DFE813F05C005A0072005A008B0001
S2140030C05A0022015A00BF005A005A005A005A00FD
S2140030D05A004F015A00EF00B80D0020F093000090
S2140030E06A9500006C100020F39300001410002076
S2140030F004940000D90D0000BC0F002015940000B9
S2140031004D1E0000640F0020269400004995000024
S2140031100C0F00203794000048950000B40E0020E5
S21400312048940000DD0200005C0E00205994000068
S214003130490400008C1000204C130020D8100020FA
S21400314000110020D2100020FA1000202C110020C0
S2140031505413002000ED00E0E3930000201100204F
S21400316034130020522A00F0B580062289E0BAF116
S214003170020F40F03581B6F805400022B4F5007F16
S21400318028BF4FF400740323114650463B70A7F83F
S2140031900140FFF70DFA2C8079E7BAF1040F70D1E1
S2140031A0B6F80540A0B2FDF747F860B1027A7C8019
S2140031B0022A4FF005010CBF012302233970416833
S2140031C07B70032057E06C800A225AE0073CDFF849
S2140031D038B2CDF800B0A4B20194B6F80710B6F82D
S2140031E005000223ABF10202FDF7ACFD4FF6FF7AB5
S2140031F05045044604D17368C3F30F236B80E3E79E
S21400320000230130CDE90033ABF102020223514620
S21400321080B2FDF797FD50451CBF00F1FF3080B22D
S21400322007233B70A7F80140A7F8030000221146C9
S214003230042020E0BAF1020F40F0D280B6F805B0C4
S2140032401FFA8BF42046FCF7F7FF002839D0037BE3
S214003250990713D52B880DF11202013B09A92046C8
S214003260ADF81230FDF7B2FB024670BB0B23BDF87B
S214003270122009993B70FFF79BF908E75246A5F81C
S21400328002B05D4B30796988587001241C705980F3
S2140032901A71CBE7B6F805B01FFA8BFA5046FCF762
S2140032A0CBFF70B1037B1A070DD5E21E92B25349CD
S2140032B05046FDF755FB024638B913233B700146CE
S2140032C0D9E70122DBE70322D9E77368C3F30F23AC
S2140032D06B80D6E7B6F805703846FCF7ADFF0028D9
S2140032E03FF4D5AE037B5B077FF5D1AEE21E4349C4
S2140032F092B23846FDF734FBC9E6631F9BB2022B39
S21400330001D0102B6CD10022CDE90022DBB23C4A62
S214003310B6F80710B6F80500FDF714FD4FF6FF7374
S214003320984204463FF467AF2B880DF11202043B27
S21400333009A9ADF81230FDF749FB024608B16C80CA
S2140033409FE7BDF8122009997C8009233B70931CE7
S2140033507B7036E7053CA4B2022C01D0102C3FD17E
S2140033604FF0000BCDE900BBE4B2B6F80710244AD4
S214003370B6F805002346FDF7E5FC4FF6FF718842D8
S21400338082463FF438AF013023461D4ACDE900BBE4
S21400339080B2FDF7D7FC2B884FF6FF7188420446B3
S2140033A0A3F1060318BF00F1FF340DF1120209A9BC
S2140033B0504618BFA4B2ADF81230FDF707FB024620
S2140033C010B1A5F802A05CE7BDF812200999A7F88D
S2140033D002A011233B70131D7B70BC8005204AE7BA
S2140033E004224EE7CDE90B33064B099309A90223C5
S2140033F00A93FFF7B5F84AE62011002033110020A3
S2140034003511002018000020371100200D4AD2F890
S214003410E430D2F8E0109B0003F03C03C1F38111C6
S2140034200B438370D2F8E03003F03F034370D2F8CA
S214003430E830D2F8EC2003F0F003C2F30312134393
S2140034400370704700FF0FE0FEE7000008B5FEF7C8
S2140034507DFB124B12498B4212D3124B12490020AD
S2140034608B4218D3FCF79CFE186850F82240586828
S21400347040F82240013298688242F5D30C33EAE7DE
S2140034800022F8E71C6844F8220001325C68A24279
S214003490F8D30833E4E70022F8E700BF94B600004C
S2140034A0A0B60000A0B60000A0B60000F8B50D4615
S2140034B010B900242046F8BD0E4F3E68002EF8D105
S2140034C000F052F804460028F3D0386000F0A8F860
S2140034D0204600F074F838B130463E6000F0A0F8A0
S2140034E0204600F067F8E4E7002DE3D02046A84722
S2140034F0E0E700BF601300200846114600F0A2B8BF
S21400350010B504F01DFF20B9024BBDE810401B6843
S214003510184710BD2800002010B500F074FA20B936
S214003520024BBDE810401B68184710BD280000205D
S21400353070470000431E033306D8044B984228BF4A
S2140035401846642838BF6420704700BF40420F000A
S214003550431E012B03D9031F5842584170470120D0
S214003560704700F065BE0000F8B50546FEF788FA1D
S2140035700F4B1E68074626B93846FEF7CDFF344681
S21400358011E0B4688CB194F810C01CF0010F0CD197
S21400359095E80F004CF0010C84E80F0084F810C08A
S2140035A03846FEF7B9FF2046F8BD3668E3E700BFA9
S2140035B0200000204FF4A472002105F0F9BD10B5DC
S2140035C00021044600F02EFA2046BDE8104004F024
S2140035D0C1BC000038B505460C4641B10B6833B196
S2140035E01B68013303D0CB680BB18B684BB900F076
S2140035F01DFEBDE838404FF492724121002000F0D5
S21400360095BA084600F017FE0023044A85F8DC3019
S214003610C5E92343C2E9003338BD00BF6813002064
S21400362010B5044618B9054B054A136010BD03F0E3
S214003630D5FED4F89830002BF6D1F4E731350000EB
S2140036401C00002010B50C4603F006FF054B0021B9
S2140036505B68032098471CB104F09EFE0128FBD14E
S21400366010BD00BF2800002004F052B804F066B871
S21400367008B502460868FFF75DFF08604868FFF770
S21400368059FF48608868FFF755FF8860C868FFF7ED
S21400369051FF0B69C860581C03D00B48834228BFF3
S2140036A003460B614B69581C03D00748834228BF6A
S2140036B0034688694B61FFF73DFFBDE80840886117
S2140036C0104604F0A5BC00BF40420F002DE9F84F9D
S2140036D0D0F8903006460F4613B1038B8B4246D087
S2140036E0D6F88CB0BBF1000F44D0DBF80830002BC6
S2140036F040D0DBF80C1000293CD0D6F8A0A0BAF1D8
S214003700000F3AD04FF000094D46C84601E0DBF8FE
S214003710083005EBC50203EB82040135E389BB42A2
S21400372016D8238ABB42304612D3B4F91230B6F903
S21400373024109942A04603EAE37255DD96F8D010AD
S214003740FEF716FA337D834281464DD9DBF80C101E
S2140037508D42DCD3B8F1000F40D000234246194614
S2140037603046D0473783C6F8908086F8D990002038
S214003770BDE8F88F0320BDE8F88FD1465446524680
S21400378047F6FF7504EBC40803EB8808B8F80E305C
S214003790BB421DD8B8F81030BB4219D3B8F9122076
S2140037A0AA4202EAE27207D14FF0FF093783C6F851
S2140037B0908086F8D990DAE796F8D0103046FEF773
S2140037C0D7F9337D834281464246EFD9DBF80C10A9
S2140037D00134A14204D9DBF80830D3E70120C7E75B
S2140037E0002AFBD09046E1E7A046B6E72DE9F04771
S2140037F082B004468946164604F0B0FD3B4D08B13B
S21400380000236B602B68D4F88CA0D4F890700BB1B2
S21400381053454BD04FF00008C5F8089004F0BCFDA7
S214003820012836D12B68DAF800103A6813B1186808
S214003830884246D0204604F0DBFAC5E900A7D4F853
S214003840A0508DF80760002D42D000220DF107032E
S21400385011462046A847204604F0B6F80546B8F1BB
S214003860000F00D08EB1B5FA85F040F2DE32400986
S214003870332100F05BF93146204604F0C5FA1C4BB4
S21400388005461B68394620469847284602B0BDE8DC
S214003890F087012003F0E0FD164B00215B68032053
S2140038A0984704F079FD0128FBD1BBE76B68002B35
S2140038B0B0D0BB42AED1AB68994514D04FF00108EA
S2140038C0AAE7696811B109689142B6D05968B1E7AC
S2140038D0217D94F8D930994228BF194632462046B1
S2140038E004F008F8B7E70025CFE700BF681300200C
S2140038F01C00002028000020F8B505460E46FEF7FE
S214003900BFF8314607462846FFF7E0FE044620B1DA
S2140039103846FEF701FE2046F8BD04F01EFD22469E
S21400392031462846FFF762FF04463846FEF7F4FDA8
S2140039302046F8BDF8B505460E46FFF74BFED5F80F
S2140039408C307BB15B696BB101F0CCFBD5F88C3069
S2140039505B691B1A584240F26B124FF04201584105
S21400396000F0E4F8F76800224FF6FF734FF0240CDF
S214003970D0B2B84208D31C4621462846FFF7BCFF03
S21400398000F05EFC2046F8BDB1680CFB0011CC8947
S2140039909C4202D2002CEFD023460132E8E7008B8F
S2140039A070470A7838B505461046FFF7D1FD60B176
S2140039B04C782046FFF7CCFD38B12243530704D499
S2140039C02846BDE8384003F0CDBE012038BDFFF7DD
S2140039D0E8BF10B504460878FFF7BAFD58B14A7834
S2140039E01046FFF7B5FD30B1042A04D02046BDE8E6
S2140039F0104003F0EFBE012010BDFFF7EABF03F052
S214003A00ABBC03F005BE70B504460D461646FFF780
S214003A1073FF30B9324629462046BDE8704002F0B2
S214003A2051BC70BD04F0A8BC38B5044648880D46A5
S214003A3000F0FFFBD4F8A0302BB929462046BDE89D
S214003A40384003F0FDBE022038BD00F0F3BB03F0A3
S214003A50B1BF73B5044600200D4600F0EAFBD4F86B
S214003A60A06069462046FFF7F2FF5EB99DF8001099
S214003A702A462046FEF77CF80146204603F066FFFD
S214003A8002B070BD00231A4629462046B047F7E725
S214003A9038B505460C46FDF7F3FF2B6B1C40EB6A6A
S214003AA02343EB62FEF738FD211E18BF01210020DC
S214003AB0490238BD04F033B904F052B907B54FF4E3
S214003AC000730A49ADF806300DF10602FFF7F4FF61
S214003AD0BDF80630B3F5007F05D1022808BF0020E8
S214003AE003B05DF804FB0120FAE700BFC014002015
S214003AF00846114600F0C0BA04F0FEB838B50446D1
S214003B00154609B104F04AF925B12046BDE838400B
S214003B1004F046B938BD0000024B1960024B18602D
S214003B20FEE700BF24000020C016002008B550B9EC
S214003B300548064B01601A60054B1A68054B1A606B
S214003B401868FFF7E9FF08BD24000020C41600200F
S214003B5060130020C0160020437C03B108470220F3
S214003B60704710B5044604F0CFFC20460321BDE89C
S214003B70104003F04BBCFFF7F4BF00000149FFF70D
S214003B80EBBF00BFDD8400000149FFF7E5BF00BFC3
S214003B90B184000010B5437C0C4693B149680022FE
S214003BA004F0BCFC206890FAA0F0000A01F0ECFBE0
S214003BB0A17A2089002281F0010104F00DFD002089
S214003BC010BD0220FCE71FB5CDE90012ADF80830A5
S214003BD069469DF818308DF80A30FFF7DBFF05B010
S214003BE05DF804FB00207047002070472DE9F74F72
S214003BF01C469DF830300193036803F00703063334
S214003C0001259D400646174605F1FF380B46A1B133
S214003C10416804EA080BA5EB0B0A41F0005952452F
S214003C2009EB0B0114D95246184605F0B3FA7A1B75
S214003C305A444946504405F0ADFA019B2BB13C442A
S214003C4048EA050804EA0804F46003B0BDE8F08F0B
S214003C501846F0E70D4BD3F8E020D20314D50C49F4
S214003C604FF48032C3F8E820C1F8EC209A6BD1B24A
S214003C70C2F3072299679A6704229A6700229A6716
S214003C809A679A679A679A67704700BF001008405D
S214003C9000100846F8B50C4C0D4617460646FDF7CC
S214003CA0EFFE0123A362042327606660A560C4F8C4
S214003CB0E830064B4FF48072C3F88021FEF72CFCE8
S214003CC00DB10223A362F8BD0010084000E100E039
S214003CD0054B1860054B01229A6540F6FF72196382
S214003CE058635A65704700BF501700200010084000
S214003CF02DE9F04F042A83B0054639D90B78836145
S214003D004B7883618B788361CB7883610068D5F8C4
S214003D1008B06E6800F007000123063003FA00F8CA
S214003D2008F1FF3909EA0B07A2F1040AA8EB07021B
S214003D30924501F1040446F000560DD8F0192146CC
S214003D40524605F027FA0AEB0B0248EA09031A4026
S214003D50AA6003B0BDE8F08F2146F019019205F085
S214003D6019FA019AA118AAEB080230463A44E8E785
S214003D70013A032AEDD8DFE802F00B08050211F835
S214003D80013B836111F8013BAB6111F8013BAB616C
S214003D900B78AB6103B0BDE8F08F00BF37B50025E8
S214003DA000951446FFF722FF204603B030BD000002
S214003DB038B50C46104B1546014668B10122C3F8CB
S214003DC0B8200E482246FFF793FF1DB10A4B042287
S214003DD0C3F8B820002038BD64B1D3F89C20A242B6
S214003DE084BF0122C3F8B820C3F898400222C3F863
S214003DF0B820EAE70122FAE70010084090100840D1
S214003E0010B5FDF73DFE184B184901229A65C3F818
S214003E1088201A66164A5A660722C3F884200A8043
S214003E20144900220A804FF4A021C3F8E81003F1D9
S214003E30C0630446C3F8EC100F4B1A600F4BD3F860
S214003E4088305B020AD50E4B18680E4B4FF4800282
S214003E50C3F88820416BA43001F0B2FA2046BDE8D2
S214003E601040FEF759BB00BF00100840CE160020D9
S214003E70D0160020CC160020C816002000400840AF
S214003E8060130020004008440D4B07221A800D4B9B
S214003E9000221A800C4B0121C3F8B810C3F89020FA
S214003EA04FF40052C3F89400C3F8B420074BF02236
S214003EB01A6403F10073A0221A64FFF7A1BF00BFC3
S214003EC0CE160020CC160020001008400000084443
S214003ED02DE9F041044688B1394E3A4FFDF7D0FD42
S214003EE03388394A03F07801032C054603F07F0C2B
S214003EF0114453D13C6824B9FEF70EFB0320BDE8FD
S214003F00F08124F00104386820F00100A0424AD174
S214003F1000223A6022886FEA42426FEA52428C429E
S214003F20228036D1294CDFF8B8C02788ACF180084B
S214003F303A46083A92B201F10800604528BF40466A
S214003F40082A04D9B0F900E0BEF1000F36DB228063
S214003F503B440C8888781E499B1ADBB2C4F30C04D9
S214003F60CC6300F007003380CB66C1F88420FFF7EF
S214003F7071FE04280DD1174BD3F88830164B1868FD
S214003F80164B4FF48002C3F88820416BA43001F032
S214003F9017FA2846FEF7C0FA0020B0E7601E012890
S214003FA098BF0C46AFE7094862440088A21A48BF8B
S214003FB0803208389042ADDC28469DE70146B8E7D7
S214003FC0CC160020C8160020D0160020CE160020E2
S214003FD000100840004008406013002000400844DD
S214003FE0501700200E490F4B0A881B880E481344B2
S214003FF0073B03F0780303440832987892B20A80AD
S21400400000F0070009490428C1F8842004D101F50E
S21400401040514A681203FCD4054A1360704700BF3B
S214004020CE160020CC160020D01600200010084027
S214004030C816002010B5054C206828B1C30701D467
S214004040FFF746FF0023236010BD00BFC816002000
S214004050084B4FF48032C3F8EC2003F17C43C3F8DE
S214004060E420D3F88030C3F30C03782B01D8FFF795
S214004070F1BD7047001008442DE9F84304460E468B
S214004080FDF7FEFC504B514D1A882D88814650484E
S21400409002F07801032C02F07F03014417D14D4C47
S2140040A024688CB92A44073A02F07802841803443C
S2140040B0E31A48BF8033AB4210DB4846FEF72CFAC3
S2140040C000242046BDE8F88324F00104EFE7012C25
S2140040D002D0022CEBD1083D0C46E8E7002E41D07A
S2140040E08C423D4942D1D1F83C800A6B02F007026F
S2140040F0063201279740D1F88020C2F30C029A427C
S21400410047DDB4F900302588002BD6DBA378C5F34D
S2140041100C0503F007037A1EA5EB08053A43052BAA
S214004120337005EA02052CD82DB2E84340F2364239
S2140041300421C00FFFF7FAFC7580E378274A337432
S21400414012687B1E03EA0803D118B160A9B213FAFD
S21400415085F5BD4289BFFF1A0023B780F2609CBF79
S214004160B180F3604846FEF7D7F9AAE7A4F1080243
S214004170824238BF04F17802B2F80080C8F30C0817
S214004180B3E7174BDB6C003B18BF0123A5EBC30559
S214004190CAE78B6B7A1EA3EB08033A431A40114B0F
S2140041A015B25B686AB9C3F30363D91E4B424B4131
S2140041B0DB0033700B4B7280D3F89030C3F30723C9
S2140041C0BCE70823F5E700BFCC160020CE1600207B
S2140041D0D0160020C81600200010084050170020F7
S2140041E00000084000400840431C08D0044AD2F8AB
S2140041F03C311B0C1B0480B20343C2F83C317047B1
S2140042000040084038B50D6804462846FFF7ECFF26
S214004210D4F8903043B15B6933B1013504BF6FF019
S21400422001020A600A681A60002038BD04F095B8DA
S214004230704770477047A62231210120FFF776BCF1
S214004240704738B50D46044600F04CFFAC4042F2CD
S214004250107364095C436423B0FBF3F0B4FBF0F026
S21400426038BD0000034B1A689B88026083800020DC
S214004270704700BF3A0000200F4B0628D3F888315D
S21400428004D183F40013C3F340507047022805D1CD
S21400429013F4400F0CBF01200020704750B9074AA6
S2140042A0D2F8D40010F0010005D083F48003C3F3E5
S2140042B0805070470020704700400E400081E00F9D
S2140042C00C4A5288B2F5E16F94BFC8225A2210B544
S2140042D094BF7824502490428CBF172210220A7074
S2140042E0054A0346107818B19C422CBF00200120D6
S2140042F010BD00BF3A0000203300002013B5234B4A
S2140043001B780E2B04463ED00DF10701FFF7D8FFB1
S2140043101E2C8CBF1E4C1F4C9DF807304FF0010220
S2140043208CBF01210021C4F8082170B1194A4DF64E
S2140043300174C2F804411B0202F1007243F44043C8
S214004340C2F80431144AA2F8D430134A134C92F837
S214004350D83023F00103034323F0020343EA41036A
S214004360DBB282F8D83024786CB923F0040343EA31
S214004370800323F00803B2F8D440A2F8D64043EAFC
S214004380C10382F8D83002B010BD00BF3A0000204A
S2140043900040084600400844001F00215617002031
S2140043A0084B094AD3F88831DB4303F4FE1343F481
S2140043B00053B3FA83F30E33A3EB4313013B13709E
S2140043C0704700BF00400E403200002002280CD08C
S2140043D0062802D020B100207047054B1878704799
S2140043E0034B18780430C0B270470720704700BFF0
S2140043F032000020022807D0062807D0003818BF51
S21400440001204042C0B2704701207047002070472C
S21400441030B51F23B0FBF3F35D1CEDB24FF0FF3455
S214004420C3EB4313AC40C01AE4430130E4B2C0B25D
S2140044301460086030BD00002DE9F7433A4E3B4F4C
S21400444096F8009015463A4AD2F8C820B9F1020FFD
S2140044500446884607EA02071AD147EA006788F842
S2140044600000002372882B60B2F5E16F94BFC8226B
S2140044705A2227F47F57944227F008079ABF380A33
S21400448000F47F5043F6C870384303B0BDE8F083AD
S214004490284A1278904228BF144604EB83030B7018
S2140044A0F4B1013CE4B24FF030632B606A4601A9D8
S2140044B02046FFF7ADFFDDE9002347EA03671E4B02
S2140044C098F800101B7847EA823747F47F5747F082
S2140044D008073BB90029194B18BF4FF07F43C1E7C7
S2140044E0164BE2E7164B1748B9F1060F08BF03460E
S2140044F02AB90029114B18BF4FF07F43B2E7B2FA32
S21400450082F2C2F11F02D2B29B5CDBB239B15A1EF4
S214004510D2B2FD2A05D81B0643F00403A2E7074BD8
S214004520A0E74FF07F439DE73A0000203F00C0E041
S214004530001F002132000020571700200400000B47
S214004540B883E00FB083E00F2DE9F3410446C8209E
S214004550FFF7D4FE2B4B2C4E18780E2801D0FF2CDC
S21400456005D1FF243470204602B0BDE8F081022851
S2140045702DD1072C204628BF072001284FF0000326
S21400458001AA0DF1030138BF0120FFF755FF0546CC
S2140045901E4B1F4FDDF80480C3F85881C7F8C8507B
S2140045A09DF8034034702046FFF7A8FE194A4FEAEC
S2140045B0082303F4E063127843EA1863A7F8D030C0
S2140045C0002AD0D1C7F8CC50A7F8D230CBE7A0B994
S2140045D0052C32BF002701270420201A3B4601AADB
S2140045E00DF10301C0B2FFF727FF4FF48003054625
S2140045F037B1094AC2F80831CAE700273846ECE75F
S214004600064AF7E73A00002038000020004008403D
S214004610001F0021561700200040084600400844AE
S21400462008B501F037F8094B094A002818BF1A46A2
S214004630136823F47F115B0803F4FE130B43136027
S214004640044B4FF00072DA6108BD00BF004108401D
S214004650184108400040084008B501F01BF8064B1A
S2140046604FF4001228B1C3F800214FF000621A621E
S21400467008BDC3F81821F8E700400844014B186845
S214004680704700BF5C17002070B505460E46C0B2E6
S21400469001F00F01FFF7D5FDC6F303110446C5F37D
S2140046A00720FFF7CEFDC6F303210444C5F30740F9
S2140046B0FFF7C7FD204470BD436C012B38BF0123B4
S2140046C02DE9F0479A46464B464F9B69464E474D66
S2140046D003F4E073A3F5C072804645485142514149
S2140046E002685245434A0FD114788C420CD198F890
S2140046F0D0C03C78A44507D198F815C03478A445B6
S21400470002D1A888BDE8F087B3F5C07FC0F800A046
S21400471011704AD1D8F8944024B12368082B58D990
S21400472094F838400F212046FFF78BFDBAFA8AF33B
S214004730002852D0B0FA80F29B1A002BC6BFD84091
S214004740C3F10F094FF00F09504501D909F1FF39A0
S214004750234B2004C3F8BC0003F1806340F6FF72CD
S214004760C3F8B82003F100734FEA0921C3F8B81064
S214004770FFF78AFFA88000F0B5FC09F01F094FF488
S214004780FA7304FA09F45C4341F66A03B0FBF3F0EB
S2140047900A23B4FBF0F45C43174B1C6098F8D03047
S2140047A03B7098F815303370ABE798F8D030062B8E
S2140047B006D1124B1B78002B0CBF9624C824B1E7F9
S2140047C0022B08D00D4B1B78002B0CBFB424F02412
S2140047D0A8E70024A6E73224A4E74FF00F09B7E7BE
S2140047E00060084031000020300000203A00002021
S2140047F034000020591700205C17002057170020AF
S214004800FF290DD00F4B1048C3F850010B040905C3
S21400481001F0F87103F4E0230B430C49C1F8503162
S214004820FF2A0DD0074B40F2F711C3F850111301C1
S21400483003F4F87302F007021343044AC2F8503137
S21400484000207047004008440000F701004008467A
S214004850F8B5134B134E1F68134D384600F0ECFEA8
S2140048603378C4B2A34201D12B78A3B1092C14D853
S2140048700E4B012C195D05D10D4B1B78022B01D177
S21400488041F0400101F00F0238460909FFF7B8FF72
S214004890002334702B700020F8BD0024FA21F1E7C5
S2140048A06013002055170020541700203C96000087
S2140048B03A00002038B5044600F0BCFB1422002164
S2140048C02E4804F075FC2E4B25781A782D49521B7D
S2140048D018BF01220A7022681A60C820A2889A802F
S2140048E0FFF70CFD284BD3F8C820284BFF21197082
S2140048F0274B2849062D03EA0203274A1AD14FF40C
S214004900EE40C2F824014FF48A42C1F82421012265
S21400491043F08043C1F820211B4AC2F8C8301E4B22
S2140049200322C3F85821FFF793FF1C4B01221A708D
S214004930002038BD022D4FF007000ED1C2F80C0142
S2140049400620C1F80C011649C2F808114FF4404180
S21400495043F00303C2F80411DEE7C2F80C01052099
S214004960C1F80C01C020C2F8080143F08043812240
S21400497043F00403C1F80821CEE700BFC81F00219A
S2140049803A00002054170020001F002138000020A5
S2140049902800C0A0004008460040084458170020E1
S2140049A0C10040002DE9F0472D4C2E4B236000F04F
S2140049B099FB4FF4FA7307464FF47A76B0FBF6F697
S2140049C029482A4A7343190E1B02181841F10001A0
S2140049D0002303F043FEA0F580730546A36220B9CA
S2140049E066222B21FFF7A2F801254FF47A726A435C
S2140049F04FF0000A53465008310203F02FFE1C4BBE
S214004A0019601C4BB7F57A7F4FEA0568894604465D
S214004A1018604FEA152505D276222B215046FFF75F
S214004A2085F801264FF47A73A8FB030103FB0511F2
S214004A307308C01841F100010023324603F00EFE51
S214004A400D4B023419600D4B49F10009A40818609B
S214004A5044EA8974024B013C1C63BDE8F08700BF42
S214004A60005008400211010020A1070040420F003C
S214004A70701700206C1700206817002064170020AD
S214004A80044B4FF00052C3F880211A60024B0122FB
S214004A905A60704700E100E00050084038B5020157
S214004AA00A4B01259D500A4A4FF480738340536693
S214004AB00446FCF7E5FF074A1378A54023EA0503FA
S214004AC01370BDE83840FDF727BD00BF005108440D
S214004AD000500840601700202DE9F04715460446B0
S214004AE088461E46FCF7CCFF022D00F0B88007462D
S214004AF0FDF772FD6C4B6D4AD3F8189092F815A02E
S214004B00DA6D5FFA8AFA520744BFD3F818900AF1B2
S214004B10010AFDF765FD664B664A1B6811684FEA99
S214004B208A7CA3FB093213F1004301FB09CCD8F8B9
S214004B3000304CEB020C012D04BF01336344ACEB98
S214004B40030C08BFC8F80030BCF1804F0AF0030A17
S214004B50C0F09880584AD2F800C0584AD2F800E010
S214004B60514A23F04041106B4FF000480022ECFB06
S214004B7001820EFB012282424FEA937381BF01330A
S214004B800130121A03F00303A3EB0A03914588BF12
S214004B904549DFF848C184BF096B03F1FF3303F0D2
S214004BA003030CF80430A2EB0900A3B1F10742BFDF
S214004BB0434B41F61F71D966B30742BF404B41498C
S214004BC0D966710742BF384B00211967330742BFC9
S214004BD0354B00211965344B04F1100103EB041E1C
S214004BE00901CEF80C2111225A5037499A694FF024
S214004BF0010EA2EB090A0EFA04F8D3F85C900A78C4
S214004C005FFA88F848EA020282450A7026D34FF413
S214004C108072A24019EA020F20D11CF80400002876
S214004C203FD10DB3F0071A6608D5254B274941F644
S214004C301F7240F20110DA66C866DA66B10706D55A
S214004C401F4B22491F4A2248DA66C866DA66720790
S214004C5042BF204B01229A60330719D43846FDF72D
S214004C605BFC0120BDE8F0871B48240140F804E007
S214004C705A66FCF705FF14490B7823EA08030B7005
S214004C80FDF74AFC3846FDF747FC0020BDE8F087F4
S214004C90212000F03FF9044B4FF480325A6038462A
S214004CA0DDE71A663846DAE700500840C0170020ED
S214004CB064170020681700206C170020701700206B
S214004CC00050084400001F1F6017002000500846D0
S214004CD000000101004008400051084474170020FD
S214004CE01030034B0001185800F00100704700BF59
S214004CF0005008401030044B01F46001000141F000
S214004D0003011950704700BF0050084038B5FDF742
S214004D1063FC084B084A9D69547DDA6D520748BF0C
S214004D209D69E4B248BF0134FDF75AFC284604F0FA
S214004D30030138BD00500840C017002008B52220E7
S214004D4000F0E8F8024B4FF480225A6008BD00BF1E
S214004D5000500840064B1B68434303EB8171054B2C
S214004D601B68A3FB003013F1004341EB00007047C3
S214004D70681700206417002008B5FFF7C7FFBDE8D6
S214004D800840FFF7E7BF10B50446FFF7BFFF8442B1
S214004D9088BF01F1FF31204601F00301BDE8104055
S214004DA0FFF7D8BF0D4A10B5146820F040430146FF
S214004DB04FF000420020E4FB0320094A126802FB81
S214004DC00300084B1B6B98424FEA917104D90133DC
S214004DD00131C01A01F0030110BD00BF6C1700209E
S214004DE0701700200050084038B50446FFF7C4FF8F
S214004DF00546FFF7C1FF431BA342FAD338BD0000A8
S214004E003B4B082270B501210546C3F8C820394837
S214004E10394CFCF727FF394B1D702378013B012BDB
S214004E200CD8237CE07B01229A400C21302313FB14
S214004E30001303F1884303F520431A60304B002229
S214004E405A677DB92F4A4FF6FF71D16702F100729B
S214004E50F821D1675D672C4B4FF08042C3F8942051
S214004E60002070BD636853B300F03CF9626800EB45
S214004E705203B3FBF2F3013B1B0243F0F803267820
S214004E802049224A022E1CD0032E1D484FF6FF75DD
S214004E9021D0012E27D143F00203CD67D367072325
S214004EA04367237CE07B01229A400C21302313FBCE
S214004EB0001303F18C4303F520431A6011E0F82336
S214004EC0DDE743F001034FF6FF70C867D3670C4B6E
S214004ED005225A67E5E743F00503CD67D36701234C
S214004EE043670B4BB8E7CD67D3670023F8E700BFEF
S214004EF000400E4600350A007C1700207917002077
S214004F00000008400000084400400844000008462E
S214004F1000400846044BD3F89430002BBCBF034B2C
S214004F20C3F88000704700BF0040084000000840FB
S214004F304FF0006318B1034AC2F894307047024A33
S214004F40FAE700BF004008460040084400207047CB
S214004F5008B5064B06491A684FF00450920004F054
S214004F6019F9BDE8084000F04FBE00BF6896000083
S214004F706C96000007B501A8FEF748FA134B144AD2
S214004F80C3F8442148F2E672C3F838214FF40862A9
S214004F90C3F834210F4AC3F8A0200F4A4AF63F410F
S214004FA0916002F580424FF0C07191620022C3F812
S214004FB0FC200A4AC3F89C20094B7F225A6203F160
S214004FC0007323225A6203B05DF804FB00400840D9
S214004FD0C0E653517A27000F00300840806D630307
S214004FE0003008440F4B002210B5C3F88820C3F8E1
S214004FF08C20C3F890200C4A0121D1605A6812F028
S214005000706FFBD14FF00452DA67012402F5FD52AF
S214005010C3F880401A66054B1B689847044BDC6053
S21400502010BD00BF00400840004008464000002079
S21400503000400844034BFD22C3F8C8200122C3F8F1
S214005040CC20704700400E4638B5FFF7F3FF1B4BE9
S2140050501B481C4C1C490222C3F8C8201B4B1A686C
S21400506042B102EA0005A54204BF5D681560083338
S2140050708B42F4D1164B0222C3F8C820154B164AB1
S214005080D3F83C111160154AC3F8942000F0A0FB39
S214005090FFF770FF124B0322C3F8D820A3F5005386
S2140050A00122C3F894204FF46072DA604FF0407229
S2140050B0C3F8F820C3F8102138BD00BF00400E46E4
S2140050C00000FFFF00000840B081E00F0080E00F06
S2140050D000400E4400400840440000200048F00015
S2140050E00060084608B5FCF7D3FC044BD3F8103133
S2140050F0C3F308230133B0FBF3F008BD00400E40B5
S21400510070B5044618B1284D2268531C00D170BDF6
S214005110C2F30063110C35F8130011F0FE0F93B2C2
S21400512043EA0043606818D00434CAB2022A2168F1
S21400513008D9D4E90160033AC3E9001698600C3434
S2140051400C33F3E704D16268C3E900120834DBE7E6
S214005150012AD9D104341960D6E7120F072AF5D8E8
S214005160DFE802F00704090D1013181DC04303F111
S21400517080631860EAE71A6842401A60E6E703F1BF
S214005180C063F6E7FFF730FEE0E70122824003F156
S214005190C063F2E70122824003F18063EDE71A68FC
S2140051A030EA0202FBD1D1E746960000024B01220C
S2140051B0C3F89420704700BF00400846024B012207
S2140051C0C3F89420704700BF00400844024B4022BA
S2140051D0C3F89420704700BF00400844024B4022AA
S2140051E0C3F89420704700BF0040084608B50C4B33
S2140051F01B68D3F8943023B11A68022A01D9186ABA
S21400520008BDFFF76FFF074B1B6D024698B20028DC
S214005210F6D0C3F30743D2085343B3FBF0F0EFE7EF
S2140052206013002000600840064B5B68C3F303630E
S214005230984206D1044A936B23F0F00343EA011127
S2140052409163704700400840001F002110B50446D7
S214005250FFF7CCFFC4F30113022B05D0032B09D0B4
S214005260012B00D1400810BDC4F3C4240134B0FBA8
S214005270F4F0F8E78008F6E700F03003202B10B5CE
S21400528013D110F4E02FC0F302440AD010F4C01F6C
S214005290C0F3C423B3FBF4F418BF6400052C0ED887
S2140052A06408FFF7D3FF604310BDC0F382136FF0AE
S2140052B012041C4104F00104C4F10204F1E70424C2
S2140052C0EFE700002DE9F0470E46FFF755FDDFF843
S2140052D0B090DFF8B0A080460025FCF7D1FBD9F8E7
S2140052E00430C3F30363012B07460BD1711C1AD09D
S2140052F0FFF742FDA0EB08053846FDF70DF9AE4274
S214005300EBD80DE0052BF1D00B2BEFD0023B012B99
S2140053100CD9013602D0FFF72FFD3846FDF7FCF812
S2140053201648BDE8F087FDF7F7F8D6E7DAF8083054
S2140053301A04C3F389140FD4013602D0FFF71CFDFC
S2140053403846FDF7E9F824B2A4F1C8006FF4FF73FD
S2140053509842B8BF1846E4E7731C03D0FFF70CFD6D
S214005360A0EB08056FEA84546FEA94543846FDF7BC
S214005370D3F814F5007FC2D0E6E700BF00FEFFFFBB
S2140053800040084000700840024B012218619A60F5
S214005390704700BF00200840084910B5D1F87031AA
S2140053A040B11C464A68D1F870319C42F9D1C2F32C
S2140053B00362027003F00F0010BD00BF00400840FB
S2140053C0094BD3F8883001F0800103F480030B43C7
S2140053D009D1064B4FF400129A61837F1BB1044B30
S2140053E00122C3F8F82070470040084000600844D7
S2140053F00060084610B5FCF743FB084B1B680446E4
S2140054003BB1984728B1002200204FF4806100F09D
S2140054102DFD2046BDE81040FDF77EB89017002011
S2140054202DE9F0411F4CDFF89080069F0646A2FB50
S21400543003502C1960F1000E9C46A0454FF0000367
S21400544073EB0E0E07D24FF4B4720E211846FEF719
S2140054506DFB02201BE00029FBD0C6F3130601EB10
S2140054605C04B4FBFCF4A4FB0646E40C44EA4634B5
S2140054700D4E34600D4C22600D4A914209D10D4A02
S214005480A5FB025302FB00339B093B600020BDE8EE
S214005490F081C4040A46E80444EA553103F0DEF815
S2140054A03860F3E700C9E876981700209C170020BC
S2140054B000F049020A3BB2DF0046C32338B5164D5A
S2140054C02B780C4623B9154B1B6D03F03F032B704E
S2140054D0134BD3F894305B051CD5124BB0FBF3F09E
S2140054E040F24D534343A3F546430C3B584300F567
S2140054F0C91000F5556028B940F21B322B21FEF783
S21400550015FB01202B78084A5343B3FBF0F3002029
S214005510236038BD0220FCE79717002000300840C3
S2140055200040084000366E018096980070B5374CF3
S214005530374B256B374C1B682468ED024CBF1B1994
S2140055401B1BB3F1804F04D8002B3AD1324E1C46B9
S2140055500AE0B3FA83F4314EC4F10204E340304D5E
S214005560AB4201D901345B0803EB5605B5FBF6F5F3
S2140055702C4EB34234BF002601262403013D44EAE4
S21400558086242C430C60D8B1B3FBF0F1642400FBF6
S21400559011336343984288BF01F1FF314808013850
S2140055A001390728204D214C4FEA510311D900211B
S2140055B029700621C4F894101B0243EA00131360F6
S2140055C070BDB3FA83F4D4F10204134EC6D500249A
S2140055D0C5E71029EBD068B1012129700621C4F86F
S2140055E09410134909780029E6D012490224C1F81C
S2140055F09440E1E7012914BF0121002129704FF0F2
S2140056000601C4F89410ECD1D6E700BF003008407D
S2140056109C17002098170020E0673500C0CF6A006E
S2140056203FBE4025401B5F139417002000400844EF
S2140056309517002000400846084B5B6B03F00700F8
S214005640C3F3C20213F0380F18BF5043C3F38212DD
S21400565013F4E07F18BF5043704700BF0030084087
S21400566010B5044651B10B6843B15B6833B11A6894
S214005670032A03D99C6A640E204610BDFCF700FA84
S21400568001462046FFF7D8FF04460846FCF744FFCD
S214005690F2E70000034BD3F8380180F01000C0F3A7
S2140056A00010704700400840174B4FF4002210B51A
S2140056B0C3F89420154C164BB0F1804F88BF1C469B
S2140056C0144BDA6CD2071DD51B6F134A04F5F4246D
S2140056D004F59074B4FBF2F4033CE4B203F0070361
S2140056E0A34202D02046FCF77DFF0C4B1B784BB143
S2140056F00B4B4FF47022C3F8942003F1007324047C
S214005700C3F8944010BD00BF00400846E06735006F
S214005710C0CF6A0000300E4040420F0096170020AF
S214005720004008447FB50446FCF7AEF91C4B06461D
S2140057302C3358680093A37922683146FFF770FE31
S214005740054648BBA379012B14BF164916491022FB
S214005750C1F83821206815495843FFF7AFFE03AA61
S21400576002A93046FFF7E2FE0F4A43F6FF53C2F89F
S214005770A4300C4B0299C3F8A4104FF4EE611163E9
S214005780039A1A632068FFF78FFF094BA2881A62F4
S21400579003F5405300229A63284604B070BD00BF4C
S2140057A0003008400040084600400844503008409A
S2140057B00000084008B5044B01221A70034B186815
S2140057C0FFF772FF002008BD961700209C170020E8
S2140057D0024B4FF48062C3F894207047004008469E
S2140057E00D4BD3F80421D3F8B030D2B2FF2A03D041
S2140057F043F30743591C01D190221923074903EBB1
S214005800D37302EB6302022381F84630232381F828
S214005810472081F8453070470081E00F001F0021C7
S21400582040B10368012B05D90069034B002808BF67
S21400583018467047004870474C96000038B5054635
S21400584014480C46FFF7AEFA2DB1C30103EB55031F
S214005850B3FBF5F32360104A5368D80217D40F4BF6
S2140058601B68D2F8A810C3F3810311F4806203F119
S2140058700103C9B218BFDA00FF2906D00649D1F8DD
S214005880AC10490501D502EBC302626038BD0022A8
S214005890FBE700BF40420F00000008400020084021
S2140058A0084B1A68C117A2FB000310F1807002FBB8
S2140058B0013343F10003400E40EAC310803820EA6B
S2140058C0E0707047A4170020174B072270B5C3F886
S2140058D08420FFF707FC154B154A164EC408010B2B
S2140058E00546E005C01841F10001002302F0B6FEAF
S2140058F0114B18604EF66020FFF7D2FF4042C6F804
S2140059009C000E48FFF74EFA024658B1E3015008D5
S21400591018184FEA15714FF0000341F1000102F02C
S2140059209DFE706770BD00BF00400840B2E60E00E6
S21400593065CD1D00001F0021A417002040420F0067
S21400594038B14FF47A735843A0F6AC50401AFFF7BC
S214005950A7BF4CF25030FAE72DE9F8430546084653
S2140059609846FFF75DFF16460746002D00F0A98013
S21400597018F0050F5DD02C69002C00F0A480FEF70F
S2140059807DFE4FF47A735C43201A7B68A0F6AC5019
S214005990C01AFFF785FFAC8B3062002C00F09680B3
S2140059A0FEF76CFE4FF47A735C43201A7B68A0F611
S2140059B0AC50C01AFFF774FF70614A4BEC68D3F81E
S2140059C00090002C00F08580FEF758FE4FF47A73A6
S2140059D05C43241A7B68A4F6AC54E41A3B68E41AC9
S2140059E0414B1A68E117A2FB044314F1807402FBD2
S2140059F0013343F10003640E44EAC314803C3B4B7E
S214005A00B4613B4CD3F88430F36123684BB148460D
S214005A1002F01AFD28B12368D9F848003246394604
S214005A209847AC69FEF72AFE01462046FFF788FF36
S214005A30F06218F0020F29D06B684FF47A70584362
S214005A405BB13B6803F51C5310331844AB7F002B47
S214005A5046F2A81308BF00231844FFF721FF6B691E
S214005A60B062002B38D078684FF47A7202FB0300DD
S214005A70AB7FA0F50350002BA0F1100046F2A81350
S214005A8008BF0023C01AFFF70BFF706218F0040F60
S214005A9017D0A86818B34FF47A735843A0F503508C
S214005AA01038FFF7FDFEF0602B684FF47A7058430D
S214005AB023B13B6803F51C5310331844FFF7F0FE80
S214005AC03061BDE8F8834CF2503062E74CF250305B
S214005AD070E74CF2503483E747F23050D3E747F292
S214005AE03050DEE760130020A4170020001F0021BE
S214005AF0A0170020064BD86DDB69C0F3011203F037
S214005B001F03000C02FB000001331844704700BF5F
S214005B100060084038B505460C4621B38B7913B3B0
S214005B20052B0FD0062B0FD0032B01D10223A37118
S214005B30A379013B062B0ED8DFE803F00F08080F09
S214005B400F2323000423F2E70723F0E7294600206B
S214005B50FFF7D0FF45B90023A3710020A37913B146
S214005B6023680344236038BDB0F5803FF3D86B0943
S214005B704FF2244202FB00302D09B0FBF5F0404204
S214005B80ECE7A288002DE6D0B2F5005FE3D8044922
S214005B906B0901FB02332D09B3FBF5F0DEE700BF0E
S214005BA020A1070010B508461C46FFF7ECF8094B85
S214005BB00246D3F8F800FFF733FE0368A018002B60
S214005BC0054AA8BF4FF4FA721A44044B92FBF3F24C
S214005BD0104410BD001F00210CFEFFFF18FCFFFF45
S214005BE0074BD3F8D8304FF604014FF605029BB2A8
S214005BF08B4208BF1346034A01209365704700BFD7
S214005C000081E00F0050084070B5194C0FCC86B0EC
S214005C1001AD0FC5C822236816482B60002103F08B
S214005C20C7FA7C220021144803F0C2FA134B144A28
S214005C30C3F8F020FFF7D4FD124B1B782BB101AD53
S214005C400FCD0B4E0FC62B6823600F4B0F4AC3F8C1
S214005C50DC2F0F4AC3F8E02F0E4AC3F8E42F02F1F8
S214005C60957202F27112C3F8E82F06B070BD00BF3D
S214005C70C81F0021381F0021BC1E0021001F002164
S214005C803F00370058170020001000210200620273
S214005C9009C805780708DC060A4B197801F0FF02E8
S214005CA029B10021197008499202C1F8A02059783C
S214005CB001F0FF0229B1002159709302024AC2F88E
S214005CC0A4307047AC17002000000846074BD3F8F6
S214005CD0E40E074BD3F88C301A0103D4054B1B6E29
S214005CE01B0401D500F58070704700BF001000212E
S214005CF0004008400000084008B5FBF7C1FE0F4B07
S214005D001A78B2B90E4A126812F4843F11D10D4ABD
S214005D101021C2F894101B786BB9094B1B68DB0581
S214005D2009D4084B2022C3F89420BDE80840FCF7AD
S214005D30F3BB054AECE7044BF4E700BFB0170020BE
S214005D40B8170020004008440040084610B5FBF78E
S214005D5097FE0E2104460320FFF766FA044B40F236
S214005D60012220465A62BDE81040FCF7D5BB00BFB2
S214005D7000000840044B00221A70044B197811B139
S214005D801A70FFF7B9BF7047AF170020B017002092
S214005D9008B5FBF775FE244B4FF08052C3F8802001
S214005DA0BFF34F8FBFF36F8F4FF48072C3F880201E
S214005DB0BFF34F8FBFF36F8F0222C3F88020BFF36D
S214005DC04F8FBFF36F8F1022C3F88020BFF34F8F23
S214005DD0BFF36F8F2022C3F88020BFF34F8FBFF32F
S214005DE06F8F4FF00052C3F88020BFF34F8FBFF382
S214005DF06F8F8022C3F88020BFF34F8FBFF36F8F63
S214005E004022C3F88020BFF34F8FBFF36F8F4FF051
S214005E100042C3F88020BFF34F8FBFF36F8FBDE8FB
S214005E200840FCF779BB00BF00E100E008B5FBF7CF
S214005E3027FE0D4B4FF080521A604FF480721A60A6
S214005E4002221A60002283F8012310221A60202200
S214005E501A604FF000521A6080221A6040221A60C0
S214005E60BDE80840FCF758BB00E100E070B5084C00
S214005E7001232370074B1E68074BD3E900533240BB
S214005E801940284001F0F0F90023237070BD00BFD0
S214005E90AE170020B4170020B81700202DE9F047F1
S214005EA0DDF820A003EA0108099B06460D4602EA33
S214005EB0000703EA0A09BAF1000F40F04981031F00
S214005EC00B4300F00F81052871F1000380F0E3809A
S214005ED050EA010300F05C81431E0B4300F01D8175
S214005EE0FFF756FFAB4AD2E9004323EA050324EA4C
S214005EF006043C4343EA0807A74BA84D1E68DFF894
S214005F00EC8226EA0A0646EA09061E60C2E900474F
S214005F10FFF7F2FE14F02A4F14BF48F202034FF4C4
S214005F200043B0079E48C26E48BF43F4005383EA5E
S214005F30020122EA0302EA669A4A81660B40D366A9
S214005F40C4F380421203210348BF42F48072E30682
S214005F5048BF42F40052A50648BF42F400726006ED
S214005F609148924DD0F80C3248BF42F48062210628
S214005F7048BF42F4006282EA030123EA0203C5F83E
S214005F800C328B4BC0F808120A40C7F34025AD040C
S214005F90C3F80C22E20448BF45F48035A30348BF8B
S214005FA045F48015A00748BF45F4001514F4001FFB
S214005FB006D0D8F8000002F03DFB08B945F40025ED
S214005FC0E1027C497C4848BF45F40035FA0648BFE4
S214005FD045F480050A6A730748BF45F0040585EA5C
S214005FE0020323F001031A4002621D40CB61734B8B
S214005FF073481D62734B744A16F0010F18BF1A4699
S214006000836E7D0748BF42F40012704D82EA03019A
S21400601023EA0203AB666E4B41660A4000F5005069
S2140060209A66C16B04F0010305F5005581EA030288
S21400603021EA0301E96382631A40664BDA63D8F803
S2140060400020200248BF644B92F8E92058BF634BFB
S214006050610748BF43F4806322B114F4C06F18BFD1
S21400606043F480735E485F4CD0F8EC10320748BFAC
S21400607043F0004383EA010222F4A0221140C4F850
S214006080EC101340C0F8E820574ABDE8F047C2F8C5
S214006090EC30FFF7CBBEA0F580630B4306D020F4B0
S2140060A08063A3F500730B437FF41AAFFBF7E8FC9D
S2140060B03849D1E9003223EA060322EA050242EA19
S2140060C008023B43C1E90032484A126892F8E920C8
S2140060D00AB313F4C06F1ED0434B4FF48072C3F85C
S2140060E0EC2014E0FBF7CCFC2A4AD2E9003123F07E
S2140060F004033B4341EA080157EA0807C2E90031B6
S21400610014BF394A374A4FF48063C2F8EC30BDE812
S214006110F047FCF701BA334BDFE7FBF7B1FC1D4A4B
S214006120D2E9003123F001033B4341EA0801C2E90A
S21400613000312F4A57EA08074FF0010315BF936353
S2140061402C4902F1C062CB6314BFD3639363DEE7CE
S21400615050EA01037FF4C4AEBAF1010F7FF4C0AE7B
S214006160FBF78EFC0C4A136823F0010343EA09038D
S2140061701360134A4FF48063B9F1000F04D05366DE
S21400618002F1C0629366C2E710498B665366BEE7AB
S214006190BDE8F087B8170020B417002000000844B8
S2140061A00000084000000846006008400060084400
S2140061B0006008460040084000400844004008468A
S2140061C000500840041C50000418500000500844BA
S2140061D000500846007008460D0A0A09090A0A090E
S2140061E00010084000100844001008466013002005
S2140061F00070084000700844024B5868C0F3C000A6
S214006200704700BFB8170020024B186800F0010066
S214006210704700BFB8170020024B5868C0F3C03064
S214006220704700BFB817002010B50446FEF70CFFF5
S214006230FFF7AEFD04F14C00FDF726FEFEF7D2FE9A
S214006240FEF7B0FBFEF71CFCFFF73EFB1049114AB9
S214006250D1F8F810072304F1A400FFF77DFB4FF4F4
S21400626040010020FEF746FD4FF400110120FEF726
S21400627041FDFFF7B5FC20B940F2E7221421FDF7F7
S21400628055FCFFF797FABDE810400120FEF7B8BDB1
S214006290001F00216C1F0021084B8022C3F88820B5
S2140062A003F17E430822C3F88820054AD2F8BC3E94
S2140062B023F02003C2F8BC3E704700BF00400846EB
S2140062C000100021F0B583B00646144602F05CF8D4
S2140062D0002800F09B80514BDD6815F0060540F065
S2140062E09580FBF7CDFB23790095022B07463ED120
S2140062F0237B022B35D00320FEF7F2FC18B9484B5F
S2140063005B685B047FD5A37B257B4649A268019228
S214006310003B18BF0123012D0B705DD0424A434C51
S214006320002313702278002A61D13C4E0420FEF729
S214006330B5FBF36E23F0F85323F4F81343F05063E1
S21400634043F48033F3662A46022301A90420FEF7AD
S214006350C3FB002852D0364B012130222170C3F8EF
S21400636094203846FCF7D8F8002003B0F0BD032090
S214006370FEF7B6FC002846D12279D6F8AC30012AC2
S214006380226838D0D51A254B2A4A0095DA660022AC
S2140063901A67627B284B002A0CBF012200221A7063
S2140063A0264B264AD3F8BC3E0CBF43F0200323F00E
S2140063B02003C2F8BC3E0320FEF770FB174B204AB2
S2140063C0DA662279012369460320FEF785FBF8B1D9
S2140063D01C4B01221A708BE72379022B9ED0009B60
S2140063E0D6F8AC100B4413440025019396E72370AF
S2140063F0FFF782FC99E79A42C5D3C3E70320FEF76E
S2140064004DFB0C4BF3663846FCF786F80320ACE7EA
S2140064103846FCF781F80120A7E700BF0050084087
S21400642000400840B2170020AF170020B017002029
S2140064300040084600000101B117002000100021AE
S214006440010C0100B31700202DE9F3410D46074665
S214006450FBF716FB1B4BDFF8788000241C70FFF759
S2140064601BFF194BC8F86C30C8F8704006466879B0
S214006470431E5842584101F0AFFC40F60143C8F8AD
S21400648070302A792968D7F8B430012A01D19942A8
S21400649000D3CC1A04230DEB030103200194FEF76E
S2140064A01BFB50B9094B88223046C3F88820FCF7FE
S2140064B033F8012002B0BDE8F0813046FCF72CF836
S2140064C00020F7E7B3170020000001010040084451
S2140064D000500840F8B5194C05462078B0FA80F010
S2140064E040F206423E214009FDF720FB55B9607890
S2140064F0B0FA80F0BDE8F84040F206423E2140097E
S214006500FDF714BB0E4F0F4DD7F8A0304FF4406682
S214006510C3F381232370C5F8A0606078B0FA80F0DA
S21400652040F206423E214009FDF700FBD7F8A430B2
S214006530C3F381236370C5F8A460F8BDAC170020D0
S2140065400000084000000844F8B50B4C0B4DD4F88A
S21400655088300B4F0423C5F88830D4F888305B03A6
S21400656000D4F8BD0426C7F888600220FEF73CFC7D
S214006570C5F88860F1E700BF0040084000400846C4
S214006580004008441C4B70B5D3F888601B4D03F1DF
S2140065908063A822C3F8882010221A60184A194B74
S2140065A093666B66FFF778FB174B1B7813B90320CF
S2140065B0FEF774FA00242C67FFF7C6FF134A144B45
S2140065C0D2F8E41E0B40C2F8E43E124B0422C3F895
S2140065D08820114BB206C3F8C44008D503F5807373
S2140065E09B6CB3F5817F22BF034B80229A60BDE887
S2140065F0704001F06DBD00BF0040084000500840EC
S2140066000050084410000002B317002000100021BC
S214006610DF0000FF00400844001E002110B549B905
S21400662018B3144A53681B0E13F00E0F1DD11368CF
S2140066309A061AD4FFF78AFB0E4C0020FEF7ACFE33
S214006640032801D0092806D1D4F88C30DB03F4D413
S214006650636F0C2BF1D9FFF777FF074B0122DA6047
S21400666003F17E430422C3F88820044B4FF4C06233
S2140066705A6210BD004008400040084600600844CA
S21400668008B503210920FEF7CFFD024B20229A60B1
S21400669008BD00BF0040084038B50546FBF7F0F9D6
S2140066A00446FDF7ADFB35B1FFF764FB2046BDE8B9
S2140066B03840FBF731BF084B1B78002BF6D0074B52
S2140066C01D78002DF2D1FFF755FB2A464FF4804087
S2140066D00021FFF7CBFBE9E7AF170020AE1700203D
S2140066E02DE9F84F524B0546D3F888300E4614462F
S2140066F0002A40F0998013F0A00F14BF4FF0010954
S2140067004FF00009DFF844814A4F01F0E1FCA02376
S214006710C8F888300320FEF7C1F90420FEF7BEF95A
S2140067204FF0000AFFF726FB434BFB66C7F870A046
S214006730FFF70AFF414BD3F8BC2E42F02002C3F805
S214006740BC2EFF22C8F80020394A4FF480719160B1
S214006750D3F8E42E3A494FF0040B1140C3F8E41E78
S214006760C8F888B0C3F8C4AEFB6813F0060F04D0B0
S214006770FEF7E4FA5846FEF791F9B9F1000F08D093
S214006780304B4FF40062C3F888202F4B4FF4004282
S2140067905A6665B12C4B5B6C190701D4FFF7D6FA25
S2140067A0FFF76EFF0420FEF779F9FFF775FA204B26
S2140067B0DA68D20736D55A6812F0706FFBD1234DCF
S2140067C0234B244AC5F88830936B23F0F003936379
S2140067D016B12046FFF760FF0123EB6014B31A4B97
S2140067E0DA6E9A66124A136A23F00103D3611A4BD3
S2140067F0D3F80C22C3F80822A3F54053DA6F9A6741
S214006800A3F50053D3F8EC20C3F8E82003F5C04303
S214006810DA6B9A63A3F50053104A5A664FF608439C
S214006820C5F88830BDE8F88F4FF000096AE700BF6A
S2140068300040084000500840000001010010002100
S214006840DF0000FF00400846000008400040084403
S21400685010003000001F0021006008405000F002C9
S2140068609A4B196EDA6E2DE9F04F01EA0209C3F869
S214006870689003F5805385B0D3F8E060D3F8EC2039
S2140068801640C3F8E86003F5A043D3F80012D3F827
S2140068900C2201EA020AC3F808A2A3F500535969BC
S2140068A01A6A01EA02088A4A08EA0202DA61894B91
S2140068B0D3F80022910006D4D3F800319A00C3F32F
S2140068C0407740F1E180FBF7DBF8834BDA68DF6D59
S2140068D012F0060F9A6E07EA020727F4800222F4E7
S2140068E0006214BF4FF0010B4FF0000B5A667B0797
S2140068F004D57A4A537D0133DBB25375FBF70CFEA1
S214006900B9F1000F00F0DF8019F4004427D0FBF740
S214006910B7F80146FFF7DAF96F4D0446AA69AB6986
S2140069209A42FCD0AA699342FCD0FFF7CFF9A04266
S21400693040F0AC800846FBF7EFFD694B1C60694BE6
S214006940D3F8885015F4E05240F0A28024F07F443B
S21400695024F0DF040CB9FFF715FE4FF0807419F031
S214006960020F4FF0000516D05E4B5F49D3F8883013
S21400697003F46042C1F88820002A00F09E801D04BF
S21400698000F19E8013F4005F0CBF4FF000534FF0F1
S21400699000631C430025C9F340394FEA4909534BAD
S2140069A03340002B4AD016F4206F0AD040F60F0270
S2140069B006210020FDF7BAF80020FFF76DFE26F44A
S2140069C08026F00506D5484BFF221A6044F4C064C2
S2140069D0FFF7BCF916F0090F0AD040F6240208218A
S2140069E00020FDF7A3F8FFF74BFE414B01229A6209
S2140069F016F0106F0CD040F62D0209210020FDF78E
S214006A0095F8FFF73DFE002211461046FDF7D0F937
S214006A1016F4202F0AD040F6350207210020FDF795
S214006A2085F80020FFF738FE26F48026F10301D50E
S214006A30FDF70EFB002EB8BF49F0080972070DD50A
S214006A402B4B5B6A13F4005F14BF2A4A2A4A4FF4A2
S214006A5000531ABF536244F400045362730548BFE0
S214006A6044F0040416F4802600F0AA80FDF7BAFA73
S214006A700138062842D8DFE810F021012401210160
S214006A8027012A012D012D01BB4639E7044645E7BB
S214006A900192FFF777FD144B019AC3F8882015F48E
S214006AA0805307D115F4806F0CBF4FF080544FF021
S214006AB0806454E74FF0804451E74FF0007368E776
S214006AC04FF0004365E74C464D4668E70000084037
S214006AD00000F7FF00E100E000500840C01700206B
S214006AE0A81700200040084000400844090B0B8906
S214006AF000100840001008440010084640F66602E1
S214006B0003210020FDF712F87C4A136ED2F88000AD
S214006B1003F007030633012101FA03F3C0F30C0068
S214006B201B1A9BB2072B13D9754BD3F88830580223
S214006B300ED47448136B126DC06C58B103F0070383
S214006B4006339940C2F30C03C91A89B2072901D843
S214006B5044F400746C4B1B78002B31D0674BD3F891
S214006B60E03013F4A02F2BD1684B694A1B7893B9F9
S214006B70FB0410D4137873B1E308664943EA4573FF
S214006B8083F00103D1F8E41E03F001035B0021FA51
S214006B9003F3980714D10420FDF780FF5E4B5F498E
S214006BA0D966FFF7E7F85A4A13782BB95C4B5D4A6B
S214006BB01B682340134201D144F4804427F48057D5
S214006BC0BAF1000F1DD01AF4805F18BF44F4802479
S214006BD01AF4807F18BF44F400241AF4005F18BF2C
S214006BE044F010041AF4007F18BF44F020041AF48E
S214006BF0806F18BF44F040041AF4006F18BF44F0CA
S214006C008004B8F1000F3BD018F4802F18BF45F46D
S214006C10007518F4803F18BF44F4805418F4801FA1
S214006C2018BF44F4003418F4001F18BF44F00204E0
S214006C3018F4003F18BF44F4801418F4800F18BFEF
S214006C4045F0100518F4002F1AD0324BD3F8BC3E8E
S214006C5013F0C00F14D02A4B5A68C2F30362032AFB
S214006C6001D0072A07D1D3F88C20D10603D4D3F855
S214006C709020120731D54FF40022DA6128F400285C
S214006C80002F00F00D81380540F18180264ADFF89C
S214006C9088A0D378002B4DD0013B4FF40061DBB2C7
S214006CA0CAF86410D37033B9204B1B78C3B1204B9D
S214006CB040F60142DA660023002266E044F480349F
S214006CC022E744F400641FE744F480641CE744F4BD
S214006CD0807419E744F0080416E744F40014CFE77C
S214006CE0DAF8703013F4A05F15BF4FF4807340F6E7
S214006CF00143CAF85030CAF87030DCE7001008408C
S214006D000040084000000840B0170020AF170020E1
S214006D10B1170020001000210050084000000101BB
S214006D20B8170020088D010074170020B317002044
S214006D30005008460320FDF7B1FEDAF80C30A848EC
S214006D40A84913F0060F02BFA74B41F61F72DA667A
S214006D504FF40063CAF86430DAF80C3013F0060318
S214006D6008BFCAF87030C38A13F4006260D023F4F8
S214006D700063C3820B7803F0FF0A002B5CD1FDF79B
S214006D80DDFFFFF7FFFB534620221C431543B901E6
S214006D900BD52E20FEF7BEF8934A4FF0007393668D
S214006DA002F17C4245F008055366FA0608D52B200A
S214006DB0FEF7B0F88C4A1023936602F17C425366C5
S214006DC017F4E00F05D1FB045ED5BBF1000F00F011
S214006DD0AC80B80210D52920FEF79CF8FFF70CFA15
S214006DE040B18249824A834B53668B668249496822
S214006DF0490424D445F0040517F4800BDFF8F0A10D
S214006E0029D00420FDF74AFE2720FEF783F8FFF777
S214006E10B9FB4FF48003CAF86430784BD3F8E42EFD
S214006E2050067CD4764B02221A6045F0020528E014
S214006E300B784FF40053A8E74FF400433CE76A4949
S214006E4020208B665366FEF765F82D2045F00C056E
S214006E50FEF760F8D0E7FA024CD50420FDF71EFED8
S214006E602820FEF757F8DAF87030002B3FD1FFF7EE
S214006E7089FB5D4A5F4B936602F17C4245F0010553
S214006E8053665B4B00221A657B0509D55D4A9378ED
S214006E90002B00F09880013B9370002349EA030919
S214006EA04A4620462946FEF7E1FF0EB1FDF7C2F836
S214006EB018F4002F00F08C804F4B4FF40022DA615C
S214006EC018F0206F00F0888018F0007F01D0FDF7E2
S214006ED0A7FB18F0006F01D0FDF7BEFB00220020D4
S214006EE04FF4006105B0BDE8F04FFEF7BFBFCAF82B
S214006EF070B0BEE7FB04C4D50420FDF7CFFD424BBF
S214006F00CAF86C30FDF71AFFDAF85C3013F4A00FFD
S214006F10B7D12A20FDF7FEFFFFF734FB7DE7D3F855
S214006F20BC3E990681D4394B7DE7364A13794BB17E
S214006F30013BDBB2137113B92C4B354ADA660023DA
S214006F401C43A1E70420FDF7A9FD0320FDF7A6FDDD
S214006F50274B2D4ADA66FAF793FD82460DF10F00AD
S214006F60FEF71AFA2B4B1B7883460BB1FEF7EEFEA4
S214006F70BBF1030F0ED1DFF880B00020FEF70CFA4D
S214006F80032807D1DBF88C30DA03F6D4DBF874304C
S214006F900C2BF2D99DF80F30032B06D11E4B012285
S214006FA050461A70FBF7B8FAC9E71C4BD3F8E03026
S214006FB013F4A02FF2D1FEF7DDFE5046FBF7ACFA35
S214006FC04FF48043BCE70220FDF768FD012365E728
S214006FD0B8F1000F7FF474AF05B0BDE8F08F00BFC6
S214006FE0C0170020B3170020005008440050084681
S214006FF00050084010000002004008400010002129
S21400700000400844741700200000010100400846B4
S2140070100000010DB2170020AF1700200010084036
S214007020014B1B68184700BF54000020FFF718BC30
S214007030FFF716BCFFF714BC0B4B10B55C691A6A59
S2140070401440A2B2DA61E20704D55868C0F30360C0
S214007050FAF78DFD630706D5BDE810400422002030
S2140070600021FEF703BF10BD00400840FFF7F8BB45
S2140070700C4A08B5136BD16B0B409363DB070FD537
S214007080094B187840F6AC22122100F00100FCF7FC
S2140070904DFDBDE80840002201200021FEF7E6BEB7
S2140070A008BD00BF00700840B8170020044BDA6F18
S2140070B0D207FCD41A6FD96F0A409A67704700BF90
S2140070C00030084070B50D461446FAF7D9FC064B5A
S2140070D0D3F8BC6E74402C407440C3F8BC4EFBF72B
S2140070E01BFA05EA060070BD00100021034BD3F81A
S2140070F0BC3E99430CBF01200020704700100021C1
S2140071007047436B03F06003402B0DD0602B03D019
S214007110203B58425841704749B10B68012B06D9AD
S214007120486940F00100704740F2011070470020A7
S2140071307047000009490A4AD1F8EC0010B504234C
S2140071400124C2F8EC308C624FF4005151624107C2
S21400715044BF02F10072C2F8EC3010BD00100840C7
S2140071600010084437B5204D0C4641B90A460721A1
S214007170FFF7A8FF1D4B2C635C6003B030BD0722F1
S2140071801146FFF79FFF1A4B07225A60237985F8AE
S214007190303063790193012101A801F04DFA019B7B
S2140071A0C2B2D34000F00F0040EA031085F8310069
S2140071B0A27985F83220E27985F833202068686362
S2140071C083B1028801218B4205D82379013B134401
S2140071D0084A9361D1E730F81150AA4228BF2A46E0
S2140071E00131F0E71A46F0E7001F0021301F0021AA
S2140071F00000084400000840431C07D0044B6FF012
S214007200FF029A6103F1007310409861704700BF57
S21400721000700844034670B10268022A0BD9426A1D
S21400722012F47F4FC2F3072006D01B6AD2B25A432D
S214007230B2FBF0F0704700207047000000F0180323
S214007240182B0AD003070AD410F0100040F20113DE
S21400725018BF1846034BD86470470020FAE7012091
S214007260F8E700BF001F0021344B2DE9F7431E68E6
S21400727001F4007900F00103174653EA09020546B7
S2140072800C462ED04FF0000803B300230022012046
S2140072900021CDE90088FEF701FE41463046FEF7A4
S2140072A011F8414670830120FCF7CCF9716B06F1AA
S2140072B0A400FEF785F822490868FFF79DFF4FF007
S2140072C0FF330B60337C43F004033374B9F1000FD3
S2140072D007D001213046FCF7DBFB24F4007405439D
S2140072E00C43D6E93E232A40234052EA030103D04A
S2140072F01449304609688847FB070FD51249134AD8
S2140073000868136800211160114A0121117003B149
S2140073109847104B00215B680220984717F00E0F25
S21400732008D040F2F3123B21002003B0BDE8F04342
S214007330FCF7FCBB03B0BDE8F08300BF6013002081
S2140073405C00002060000020E8170020EC170020FA
S214007350F017002028000020F7B50446D4E93EC701
S2140073601046DDE908268CEA020587EA0601054094
S214007370194085EA0C057940C4E93E5123F40041E2
S21400738006EA010320F00100002543F400730240E2
S21400739043F00203CDE90055FEF780FD237C9A07F3
S2140073A017D5D4F8FC309B0513D54FF4881120462A
S2140073B0FCF76EFB237C65F341032374D4E93E237C
S2140073C002400B4052EA030103D0034920460968F5
S2140073D08847002003B0F0BD6000002038B1036885
S2140073E0044A002B08BF1346034A13607047014B3C
S2140073F0FAE700BF0171000060000020024B986BA6
S21400740000F00F00704700BF001F00210F2938B59D
S21400741005460C460ED800F0BFFF01280CD1074ADF
S214007420936B23F00F0323439363284601F00FF872
S214007430002038BD0120FCE70220FAE7001F0021EB
S214007440014BD86B704700BF001F0021014B002086
S214007450D9637047001F002103282DE9F7434CD855
S214007460274B13F80080274B1E5C274B13F8009021
S214007470FAF706FB0746FEF7C7FE054640B10023AF
S214007480CDE900330022002301200021FEF706FD8F
S214007490FEF7C2FE48B10023CDE9003300220023E8
S2140074A000204FF40041FEF7F9FC26B3174B5C6C46
S2140074B004F00804164B31465C644046FFF7AEF80D
S2140074C04A4631464046FFF70BF9124B5C6465B1FD
S2140074D0114B1868416BA430FDF772FF0F4908681E
S2140074E0FFF78AFE4FF0FF330B60384603B0BDE867
S2140074F0F043FBF711B83446DCE703B0BDE8F08391
S2140075005C96000058960000549600000000084064
S2140075100000084400000846601300205C000020BD
S214007520104AD2F8883013F0A00F16D1D2F88C008B
S21400753010F0040013D10C4BD3F8E43E23F07F4345
S21400754023F0FF035BB15368C3F30362092A07D035
S214007550B2F10C0018BF01207047002070470120D0
S214007560704700BF004008400010002170B50D466F
S214007570064620B9194B1B68A3B1032011E000F0A2
S2140075800BFF012828D1164B93F90040C4F11C04C8
S214007590641BC4F11C03002BB8BF5B42232B0CDD1D
S2140075A0012070BD81EAE173A3EBE173DBB2232B0C
S2140075B0F6D80B4B19700020F3E7B574FAF760FAAB
S2140075C0084A5369E40223F4FF2304F4FF241C430F
S2140075D05461FAF7A1FFEEE70220E2E7601300200D
S2140075E0E01700200070084090F8C23053B9074BEF
S2140075F0DA69920208D49B6F13F4706F14BF0120EF
S2140076000020704700207047012070470060084047
S214007610F8B5436B02EA010523EA01032B434363F3
S214007620344A01F00B030C4623EA0501516402F1CB
S21400763000722B4061070646536411D50121FFF7FF
S214007640D3FF68B1FEF780FF15F0040F14BF2A4A77
S2140076502A4A4FF40073D361294B0422C3F88820CA
S214007660E20606D515F0100F264B14BF00221B228B
S214007670DA6423061DD52F0616D51F4B4FF40012CD
S2140076809A6103F17E430122C3F8F820FAF7F8F96D
S2140076900E2107460320FDF7C7FD1A4B40F20122D4
S2140076A05A623846FAF738FF294606F1A400FDF775
S2140076B087FEE00503D5E90516D5FDF77FFDA20593
S2140076C003D5AB0513D5FDF789FD14F0600F09D07F
S2140076D0D6F894103046FFF714FD0B4B98640B4B0E
S2140076E080229A600020F8BDFDF760FDE7E7FDF711
S2140076F06DFDEAE7000008440060084600600844A4
S2140077000040084400000840001F002100400840D8
S214007710014B9869FDF79ABD00600840D0F8943098
S2140077204BB11A68022A06D993F8250028B11B6ABD
S214007730B3FBF0F07047FBF797BF7047014B9869B3
S214007740FDF79ABD0060084008B50146D0F89400E1
S214007750FFF760FD20B9BDE808400846FBF786BF86
S21400776008BD000070B50E46FAF78AF9054600F027
S21400777037FE044620B12846FAF7CEFE204670BDF6
S214007780FEF7E2FE114B3278D3F8E43E022A23F0ED
S214007790F00316D0101F42424241520043EA021341
S2140077A07278022A0FD0111F4A424A41520043EA19
S2140077B08213064AC2F8E43E054B0422C3F888202A
S2140077C0D9E70122EAE70122F1E700BF0010002115
S2140077D00040084470B50E46FAF752F9054600F028
S2140077E017FE044620B12846FAF796FE204670BDDE
S2140077F0FEF7AAFE104B3278D3F8E43E022A23F0B6
S2140078000F0315D0101F42424241520013437278B4
S214007810022A0FD0111F4A424A41520043EA82030D
S214007820054AC2F8E43E054B0422C3F88820DAE78E
S2140078300122EBE70122F1E7001000210040084496
S214007840F8B50E7890F8D070044630460D46FCF732
S21400785013FD002844D094F8D030B34208D1AA884B
S214007860636C9A4204D16A88B4F8D2309A4235D012
S21400787084F8D060AB88A4F8D4306B88A4F8D230F3
S214007880AB886364FF2363753046FCF7B3FD04F1F1
S214007890D00520752846FDF70DF810BB2846FCF7E6
S2140078A0E1FCF0B9D4F8903053B194F8D010B94256
S2140078B006D0B3F912202046FAF75AF984F8D90010
S2140078C02046FCF7F9FE0949A4F8D400084AD1F886
S2140078D0F810012304F1A400FEF73EF80020F8BDDE
S2140078E001200E2384F8D030F9E700BF001F0021E6
S2140078F06C1F002170B5054690F8D0000E280C4687
S2140079001DD0FF291DD01AB10F4B4FF0FF321A6061
S214007910FCF770FD064695F8D000FCF757FD84424C
S21400792028BF0446E4B2B44238BF3446E0B26875B5
S214007930FCF70AFEA0F1FF035842584170BD022032
S214007940FCE70120FAE700BF3400002010B590F8ED
S214007950D0300E2B04462BD00175D0F8900020B303
S214007960D4F8A0304BB994F8D9308B420BD32046CC
S2140079700022BDE81040FFF7BDBFB4F92420B0F9DF
S21400798012309A42F3DD94F8D91000222046FFF711
S214007990B1FF60B9C4F890002046FCF700F8014635
S2140079A02046BDE81040FBF7A7BFFF23637510BD58
S2140079B00220FCE70346D0F8D0000860B3F8D430C5
S2140079C08B80002070470000C36B012B01D1002084
S2140079D0704770B5364BD0F89060D3F8F830C0F8E2
S2140079E0943086B03146058B0446FDF739FEB389E0
S2140079F08DF80600D6E90121EB1A9BB201FB0322A3
S214007A0068460021ADF804300092FDF78BFE38B9C9
S214007A10284B228BDA63FCF71BFF20B106B070BD43
S214007A20022006B070BD227C60F341022274FDF78E
S214007A308DFAD4F890305969431EDBB2096802917A
S214007A40FD2B02460BD9CD1C09D91B4B01311B68F7
S214007A500CD0D81C07D802A92046029301E002A940
S214007A602046FCF7CFFB002006B070BDD91C04D81A
S214007A7002A920460293FCF7C5FBD4F8FC309B0510
S214007A8004D4237C43F002032374ECE74FF48031E4
S214007A902046FBF7FDFFD4E93E2302400B4052EAA6
S214007AA00301E0D00549204609688847DBE700BFA8
S214007AB0001F002100300840440000206000002025
S214007AC04FF48071FFF712BB38B590F8DC400546DE
S214007AD0ACB1F9F7D5FF0A4B1F22DA61013C03F17E
S214007AE000731440DC6103F17A43D5F8E0201A668F
S214007AF0D5F8E4205A66BDE83840FAF70DBD38BD23
S214007B00006008442DE9F74F06461546084619B9A1
S214007B10012003B0BDE8F08F002AF9D0032904D86D
S214007B200021FCF7A9FA0028F2D0827804880379AD
S214007B3090F805B0C788B0F90000002802F00701E9
S214007B40C0F2D180A1F1070CDCF1000040EB0C0084
S214007B50052928738CBFC2F300100020C2F3801CD6
S214007B606873900985F810C000F00200C2F3C00CDC
S214007B7040EA0C00C2F340126874AA74AF820BB9D4
S214007B8096F8CA30013BDBB2EB74736BD80600F193
S214007B9096800639012900F29280544BDB6C544BD8
S214007BA05A6B1B6B03F0070306334FF0010909FA03
S214007BB003F909F1FF39083C42F0005804EA0904C9
S214007BC0002318F804A0AB60013404EA0904631D1E
S214007BD003EA09035A1C02EA090218F8037018F8A7
S214007BE00220BAF1800F47EA0227727C18BFAAF17A
S214007BF0320A3BB214BF4FFA8AFA6FF07F0AC7F315
S214007C000B079AB30020D6F89C300BB15146984724
S214007C10631C03EA0903E87385F80EA018F803103E
S214007C20013303EA090318F80320013303EA0903C2
S214007C3041EA022118F80320013303EA090341EA66
S214007C40024118F803006A7C002341EA00613046CE
S214007C50FDF7A8FF2860737C042B03D1022FDCBF3E
S214007C60013028600423AB71002052E7D90422D5E6
S214007C70D6F894209AB11368022B10D992F82400F3
S214007C80FB0008B1B3FBF0F39B45BBD8002BB9D083
S214007C90CBEB0B20B0FBF3F0C043C0B2B3E73046EB
S214007CA0FFF752FD01903046FFF738FD019BB3FB0E
S214007CB0F0F0C0B2E4E718F804004000EDE7002357
S214007CC0EB730C4BDA68C2F30723120448BF63F069
S214007CD0FF035AB212F1800F1CBF323B5AB2002388
S214007CE0AA732B60BFE7022013E700BF000008401E
S214007CF00010084000700840F8B59779064614460C
S214007D00FFF700FF054640B9A37933B1A7713046A7
S214007D10FFF71AFD2146FDF7FDFE2846F8BD3F2B6E
S214007D20084610B5114619D9B3FA83F3C3F1190200
S214007D30D2B2062A01D8192B0ED0062A28BF062250
S214007D40931DDBB201249C40A4B2A14228BF214669
S214007D50FBF7A0FF204610BD0022F1E70024F9E75C
S214007D6013883F2B10B5084616D9B3FA83F3C3F130
S214007D701901C9B2062901D8192B0BD0062928BF2C
S214007D8006218C1DE4B20123A3401380FBF7A0FF5D
S214007D90002010BD0021F4E70120FAE7FFF7CAB97A
S214007DA070B50A4B0A4DD3F8EC604FF48064C5F802
S214007DB0EC400020FEF770FC4FF400536B65730533
S214007DC044BF044BC3F8EC4070BD00BF0010084031
S214007DD00010084400100846082318B1024AC2F8EA
S214007DE088307047014AFAE70040084600400844D9
S214007DF010B5084614460121FDF782F920460121F8
S214007E00BDE81040FDF77CB9F8B504460E4641B90A
S214007E10037C5A0641BF4FF6FF7261F386138283D6
S214007E2003743C4BD4F894701B680BB120469847FB
S214007E30394BA18BD3F8842012F4E05F04BF2022D4
S214007E40C3F810224FF6FF73994204D0334B1B68D9
S214007E500BB120469847324DD4F894102A689142C8
S214007E6007D02046FFF74DF92E4B98642E4B802006
S214007E709860974245D02D4B1B684BB11FB13A68AE
S214007E80002A40D0BF68394620469847D4F8941058
S214007E900846FFF7BFF930B32549FDF7CFFC0727A3
S214007EA02046FCF709FC16B3224B94F9122093F9EE
S214007EB000302149D4F89400C3F11C039B1A4A6988
S214007EC0DB0222F4FF2203F4FF2313431B4A4B6119
S214007ED01B4B286006211167204601221A7000F00D
S214007EE0B6FA0020F8BD2046FBF7C0FBD4E70D4BE2
S214007EF00F4AD3F8F81004F1A4003B46FDF72CFD1A
S214007F00D2E70127CCE71746394620469847D4F8EB
S214007F109410BDE7F417002000600840E417002026
S214007F20D8170020001F002100400840DC17002062
S214007F306C1F0021E0170020007008400000084475
S214007F40E117002002484822002101F031B900BFA5
S214007F50E81E0021002373B583746423C0E92C3324
S214007F60C0E92E334FF0FF35C0F8AC30A0F8C03073
S214007F700E264FF6FF73C0E9075580F8D0604564BB
S214007F808582837504461120FAF796F9042834D1C1
S214007F901B4B5B6813F4403F2FD12046FEF744F995
S214007FA02046FFF7CFFF94F912102046FFF7DEFABF
S214007FB0144A6023536402F5805240F6FF71516202
S214007FC05165114A5364114B4022C3F88820626BF6
S214007FD029462046FFF71CFB002240F202231046EB
S214007FE01946CDE90066FDF759FFFCF7D9F920469A
S214007FF002B0BDE87040FBF761BD022002B070BD64
S21400800000300E40000008400000084600400844CB
S21400801070B50C68B0F8D4208D680346013404BFF0
S214008020D3F8AC400C604C68013404BFD3F8B840B9
S2140080304C606E1C00F1A40038D1D3F8B440CE6872
S2140080408C60751C38D1D3F8B0500E69CD600136FF
S21400805004BFD3F8A4600E614E69013604BFD3F89E
S214008060A8604E618E69013604BFD3F8BC608E618D
S2140080708E693EB34132B24238BF32460E688A61DC
S214008080C3F8B4404C68C3E92E420A69C3F8A4207A
S2140080904A690D49C3F8A820C3E92B650B4AD1F8F5
S2140080A0F8100723FDF758FC002070BD02F14104CC
S2140080B0AC4238BF2C46C2E702F16405B54238BF71
S2140080C03546C2E76422D9E7001F00216C1F002155
S2140080D038B5F9F7D5FC0B4A13884FF6FF718B427B
S2140080E003D1FAF719FA032038BD074C074DE565AA
S2140080F004F100741B04E3651180FAF70DFA002002
S214008100F2E700BF58000020006008440000FFFFB0
S2140081102DE9F34105460F461446FFF701FA80B1F4
S214008120DFF81882D8F80C30DE0740F1EA80F9F75D
S214008130A7FC06460320FCF7D3FD38B13046FAF715
S214008140EBF90226304602B0BDE8F081D8F80C30D4
S21400815013F0060FF2D13046FAF7DEF96A4B4FF409
S21400816000612846D3F8E48ED3F8C46EFEF7BEFF4F
S21400817040B1664B4FF400720121C3F888200846D0
S214008180FBF760FA39462846FBF7B6FB5E4BC3F8AA
S214008190C46EC3F8E48E06460028D3D12B7CD806DE
S2140081A001D4002C66D0C4F34000FEF793F914F413
S2140081B0807F14BF564A554A4FF002031BBFC2F8D1
S2140081C08830544AC2F8883000211CBFD1609362C0
S2140081D04D4BD3F8BC7EFEF7B7F94F4A14F0040FA8
S2140081E007EA02034FF480616BD04C489342C161AA
S2140081F006D14B4A92F8D03043F0020382F8D030D2
S214008200424B042214F0400FC3F8882014BF454A9E
S214008210454A40232046C2F88030FFF70FF828462C
S214008220FFF74EFC40B114F0010F14BF384A374A2E
S2140082304FF48073C2F88830A1064CD56B8C4FF68D
S214008240FF7293420FD0394A3949D26D100CC2F3EF
S2140082500112088001323749B3FBF2F32F4A364841
S214008260C8651B04D3652B7C003C18BF012464F34F
S21400827004132B74284600F0E7F8F0B12846FFF701
S2140082801FFCD0B14FF400312846FEF72FFF431CE9
S2140082909BB203221F4801A9FBF780FD9DF804202E
S2140082A002F00703052B9DF805301DD1120715D4E3
S2140082B043F480731A4AC2F8CC300020FBF7B9FFAB
S2140082C040E71C489342C1619AD1154A92F8D030D3
S2140082D023F0020392E7FFF7FBFEC4E713F0040F58
S2140082E009D19DF80630E3E703F03002202A05D1D5
S2140082F013F0010FF4E74FF48073DBE79DF80630C8
S214008300D8E703261EE700BF0010002100400844FF
S2140083100040084600100840800000400060084604
S214008320001E0021007008460070084400600840E7
S21400833058000020006008440000FFFF005008407E
S21400834038B504461D46FFF7E3FE28B92946204601
S214008350BDE83840FEF778B838BD7047054BD3F80F
S214008360880003F180634FF40022C3F88820C0F32E
S214008370C040704700400840014B024A1A607047F0
S214008380DC17002065710000024BD86800F0010081
S214008390704700BF005008400F4B5B68C3F3036391
S2140083A0013B0B2B0FD8DFE803F006060C0606068B
S2140083B006080A08080802207047042070470520AF
S2140083C0704703207047054BDB6813F0060F0CBFA1
S2140083D001200420704700BF0040084000500840BD
S2140083E00A4A5368C3F303630B2B08D06FF490500C
S2140083F0184100F0010080F0010040007047D2F8FC
S214008400880010F48030ECD1704700BF0040084070
S2140084100C4A5368C3F30363062B07D8042BD8B261
S2140084200CD8C31E5842584140007047072B07D14E
S214008430D2F8440110F00050EBD17047022070478C
S21400844000207047004008408021FEF74FBE38B538
S2140084500546FEF7F5FF04462846FEF7CFFF072839
S21400846011D1D5F89030DB6924F47F4121F0080162
S21400847003B15B7841EA032141F020012846BDE8BC
S2140084803840FEF7E3BF24F02001F7E708B5437C49
S214008490033BDBB2072B96BF044A0021D15CFEF7F4
S2140084A0D5FFBDE808400120FCF742BD60960000FD
S2140084B0012310B580F8C2302823C0F8A830042362
S2140084C04374054B04461968FBF734FA2046FFF759
S2140084D0DDFF002010BD00BF0CB10000012310B569
S2140084E080F8C2302823C0F8A83002234374054B16
S2140084F004461968FBF71EFA2046FFF7C7FF002060
S21400850010BD00BF10B1000010B50446FFF7E6FF2F
S2140085102046BDE81040FFF7B9BF0000F8B5D0F818
S214008520E0308B4204460D46164601F0010703D1A3
S21400853090F8DC30202B19D04FB3002E14BFAA239E
S214008540552393FAA3F31B0B03F4702395FAA5F2B5
S21400855043EA12432364202384F8DC300023C4F863
S214008560E050C4F8E4302046FFF7AEFA164A174942
S2140085700F23D365164BDFB15EB90120D865C2F86C
S214008580FC10226CC2F31302C3F8FC20F8BDAA2329
S214008590D7E70220D865C2F8FC10226CC2F313029B
S2140085A0C3F8FC200B4BE5640222C3F8B820EDE7C5
S2140085B00220D865C2F8FC10226CC2F31302C3F87E
S2140085C0FC20002EE2D0EDE700600844FFFF0F001D
S2140085D00060084600100840134A072310B553638E
S2140085E0124C134B89B14421E16240F04000012156
S2140085F0206359634FF48043C2F8A030C2F8A43019
S214008600C2F8A830C2F8AC3010BD4FF48042E16228
S21400861021635963C3F8A020C3F8A420C3F8A82098
S214008620C3F8AC20F0E700BF000008440000084094
S214008630000008460020704700228A4202D14FF010
S214008640FF30704750F8223093FAA3F30BB901328B
S214008650F3E7B3FA83F000EB4210704753B94AB918
S214008660002908BF00281CBF4FF0FF314FF0FF3035
S21400867000F06AB9ADF1080C6DE904CE00F006F81A
S214008680DDF804E0DDE9022304B070472DE9F04789
S214008690089D0C46002B4ED194468C458646B2FA71
S2140086A082F262D94AB1C2F12003914020FA03F364
S2140086B00CFA02FC194300FA02FE4FEA1C471FFAA6
S2140086C08CF6B1FBF7F44FEA1E4307FB141143EA9E
S2140086D0014304FB06F199420AD91CEB030304F19B
S2140086E0FF3080F01381994240F21081023C6344CF
S2140086F0591A1FFA8EF3B1FBF7F007FB101143EA85
S214008700014300FB06F69E420AD91CEB030300F168
S214008710FF3180F0FD809E4240F2FA8063440238CA
S2140087209B1B40EA044000211DB1D3400022C5E94E
S2140087300032BDE8F0878B4205D90DB1C5E90001CE
S21400874000210846F5E7B3FA83F1002946D1A34293
S21400875002D39042C0F0F180861A64EB0303012036
S214008760002DE6D0C5E90063E3E7002A40F09180DB
S214008770A1EB0C044FEA1C481FFA8CF70121B4FB4E
S214008780F8F64FEA1E4308FB164443EA044307FB89
S21400879006F0984208D91CEB030306F1FF3402D218
S2140087A0984200F2CE8026461C1A1FFA8EF3B4FBBF
S2140087B0F8F008FB104443EA044300FB07F79F4227
S2140087C008D91CEB030300F1FF3402D29F4200F2EB
S2140087D0B1802046DB1B40EA0640A5E7C1F1200633
S2140087E08B4022FA06F71F4320FA06FC04FA01F330
S2140087F043EA0C03F44000FA01F8380C4FEA134938
S214008800B4FBF0FE1FFA87FC00FB1E4449EA044452
S2140088100EFB0CF9A14502FA01F20AD93C190EF139
S214008820FF3A80F08580A14540F28280AEF1020ECC
S2140088303C44A4EB09041FFA83F9B4FBF0F300FBF5
S214008840134449EA044403FB0CFCA44507D93C192D
S21400885003F1FF3068D2A44566D9023B3C4443EAA4
S2140088600E40A0FB0293A4EB0C049C42CE469C4612
S21400887052D34FD055B1B8EB0E0364EB0C0404FA98
S21400888006F6CB40CC401E43C5E900640021BDE897
S214008890F087C2F1200320FA03F10CFA02FC24FA56
S2140088A003F394400C434FEA1C4800FA02FE1FFAFA
S2140088B08CF7B3FBF8F008FB1031230C43EA0143B6
S2140088C000FB07F1994208D91CEB030300F1FF36C1
S2140088D02CD299422AD9023863445B1AA4B2B3FB5D
S2140088E0F8F108FB113344EA034401FB07F3A34203
S2140088F008D91CEB040401F1FF3613D2A34211D9A8
S21400890002396444E41A41EA004138E70446EFE6D7
S214008910084605E7C845ADD2B9EB020E63EB070C77
S2140089200138A7E73146EDE7034698E73046D4E737
S214008930D6467EE7634402384CE70646234608469A
S2140089400EE7023E63442FE7704700BF81F0004108
S21400895002E000BF83F0004330B54FEA41044FEA1F
S214008960430594EA050F08BF90EA020F1FBF54EABA
S214008970000C55EA020C7FEA645C7FEA655C00F056
S214008980E2804FEA5454D4EB5555B8BF6D420CDD27
S2140089902C4480EA020281EA030382EA000083EAAA
S2140089A0010180EA020281EA0303362D88BF30BD4A
S2140089B011F0004F4FEA01314FF4801C4CEA1131A0
S2140089C002D0404261EB410113F0004F4FEA0333FF
S2140089D04CEA133302D0524263EB430394EA050F8A
S2140089E000F0A780A4F10104D5F1200E0DDB02FAF9
S2140089F00EFC22FA05F2801841F1000103FA0EF28D
S214008A00801843FA05F359410EE0A5F120050EF152
S214008A10200E012A03FA0EFC28BF4CF0020C43FA83
S214008A2005F3C01851EBE37101F0004507D54FF090
S214008A30000EDCF1000C7EEB00006EEB0101B1F5E0
S214008A40801F1BD3B1F5001F0CD349085FEA300026
S214008A504FEA3C0C04F101044FEA445212F5800F31
S214008A6080F09A80BCF1004F08BF5FEA500C50F1CE
S214008A70000041EB045141EA050130BD5FEA4C0CB1
S214008A80404141EB0101013C28BFB1F5801FE9D20E
S214008A9091F0000F04BF01460020B1FA81F308BF31
S214008AA02033A3F10B03B3F120020CDA0C3208DDFD
S214008AB002F1140CC2F10C0201FA0CF021FA02F1D8
S214008AC00CE002F11402D8BFC2F1200C01FA02F148
S214008AD020FA0CFCDCBF41EA0C019040E41AA2BF6D
S214008AE001EB0451294330BD6FEA04041F3C1CDA35
S214008AF00C340EDC04F11404C4F1200220FA04F055
S214008B0001FA02F340EA030021FA04F345EA0301FE
S214008B1030BDC4F10C04C4F1200220FA02F001FAC0
S214008B2004F340EA0300294630BD21FA04F0294642
S214008B3030BD94F0000F83F4801306BF81F48011DB
S214008B400134013D4EE77FEA645C18BF7FEA655C4E
S214008B5029D094EA050F08BF90EA020F05D054EA20
S214008B60000C04BF1946104630BD91EA030F1EBF25
S214008B700021002030BD5FEA545C05D14000494129
S214008B8028BF41F0004130BD14F580043CBF01F51C
S214008B90801130BD01F0004545F0FE4141F4700102
S214008BA04FF0000030BD7FEA645C1ABF19461046DD
S214008BB07FEA655C1CBF0B46024650EA013406BFDE
S214008BC052EA033591EA030F41F4002130BD00BF9D
S214008BD090F0000F04BF0021704730B54FF480645A
S214008BE004F132044FF000054FF0000150E700BFDB
S214008BF090F0000F04BF0021704730B54FF480643A
S214008C0004F1320410F0004548BF40424FF0000126
S214008C103EE700BF42004FEAE2014FEA31014FEA69
S214008C2002701FBF12F07F4393F07F4F81F06051B8
S214008C30704732F07F4208BF704793F07F4F04BF03
S214008C4041F40021704730B54FF4607401F00045E0
S214008C5021F000411CE700BF50EA010208BF704740
S214008C6030B54FF000050AE050EA010208BF704731
S214008C7030B511F0004502D5404261EB41014FF49A
S214008C80806404F132045FEA915C3FF4D8AE4FF0A2
S214008C9003025FEADC0C18BF03325FEADC0C18BF85
S214008CA0033202EBDC02C2F1200300FA03FC20FAD6
S214008CB002F001FA03FE40EA0E0021FA02F1144423
S214008CC0BDE600BF70B54FF0FF0C4CF4E06C1CEA3C
S214008CD011541DBF1CEA135594EA0C0F95EA0C0FAD
S214008CE000F0DEF82C4481EA030621EA4C5123EA20
S214008CF04C5350EA013518BF52EA033541F480114F
S214008D0043F4801338D0A0FB02CE4FF00005E1FB01
S214008D1002E506F00042E0FB03E54FF00006E1FB4B
S214008D2003569CF0000F18BF4EF0010EA4F1FF048E
S214008D30B6F5007F64F5407404D25FEA4E0E6D41CE
S214008D4046EB060642EAC62141EA55514FEAC520DF
S214008D5040EA5E504FEACE2EB4F1FD0C88BFBCF55B
S214008D60E06F1ED8BEF1004F08BF5FEA500E50F10C
S214008D70000041EB045170BD06F0004646EA0101D2
S214008D8040EA020081EA0301B4EB5C04C2BFD4EB04
S214008D900C0541EA045170BD41F480114FF0000EFD
S214008DA0013C00F3AB8014F1360FDEBF002001F06B
S214008DB0004170BDC4F10004203C35DA0C341BDCE5
S214008DC004F11404C4F1200500FA05F320FA04F0B7
S214008DD001FA05F240EA020001F0004221F00041EB
S214008DE010EBD37021FA04F642EB06015EEA430E5E
S214008DF008BF20EAD37070BDC4F10C04C4F120058E
S214008E0000FA04F320FA05F001FA04F240EA020040
S214008E1001F0004110EBD37041F100015EEA430E11
S214008E2008BF20EAD37070BDC4F1200500FA05F231
S214008E304EEA020E20FA04F301FA05F243EA0203B0
S214008E4021FA04F001F0004121FA04F220EA0200BF
S214008E5000EBD3705EEA430E08BF20EAD37070BD05
S214008E6094F0000F0FD101F00046400041EB0101E5
S214008E7011F4801F08BF013CF7D041EA060195F0C7
S214008E80000F18BF704703F00046520043EB030381
S214008E9013F4801F08BF013DF7D043EA060370476E
S214008EA094EA0C0F0CEA135518BF95EA0C0F0CD079
S214008EB050EA410618BF52EA4306D1D181EA0301BF
S214008EC001F000414FF0000070BD50EA410606BFB9
S214008ED01046194652EA430619D094EA0C0F02D1FE
S214008EE050EA013613D195EA0C0F05D152EA033643
S214008EF01CBF104619460AD181EA030101F0004161
S214008F0041F0FE4141F470014FF0000070BD41F0A9
S214008F10FE4141F4780170BD70B54FF0FF0C4CF483
S214008F20E06C1CEA11541DBF1CEA135594EA0C0FA2
S214008F3095EA0C0F00F0A7F8A4EB050481EA030EEF
S214008F4052EA03354FEA013100F088804FEA0333D6
S214008F504FF0805545EA131343EA12634FEA0222A4
S214008F6045EA111545EA10654FEA00260EF0004165
S214008F709D4208BF964244F1FD0404F5407402D2B7
S214008F805B084FEA3202B61A65EB03055B084FEA48
S214008F9032024FF480104FF4002CB6EB020E75EB45
S214008FA0030E22BFB61A754640EA0C005B084FEA6D
S214008FB03202B6EB020E75EB030E22BFB61A7546EA
S214008FC040EA5C005B084FEA3202B6EB020E75EB35
S214008FD0030E22BFB61A754640EA9C005B084FEAAD
S214008FE03202B6EB020E75EB030E22BFB61A7546BA
S214008FF040EADC0055EA060E18D04FEA051545EAA9
S21400900016754FEA06164FEAC30343EA52734FEA51
S214009010C2025FEA1C1CC0D111F4801F0BD141EACA
S21400902000014FF000004FF0004CB6E711F4801F2F
S21400903004BF01430020B4F1FD0C88BFBCF5E06F0F
S2140090403FF6AFAEB5EB030C04BFB6EB020C5FEA1F
S214009050500C50F1000041EB045170BD0EF0004E74
S2140090604EEA113114EB5C04C2BFD4EB0C0541EAA6
S214009070045170BD41F480114FF0000E013C90E6A3
S21400908045EA060E8DE60CEA135594EA0C0F08BF67
S21400909095EA0C0F3FF43BAF94EA0C0F0AD150EA66
S2140090A001347FF434AF95EA0C0F7FF425AF1046F9
S2140090B019462CE795EA0C0F06D152EA03353FF421
S2140090C0FDAE1046194622E750EA410618BF52EA9E
S2140090D043067FF4C5AE50EA41047FF40DAF52EA72
S2140090E043057FF4EBAE12E74A0011D212F50012E8
S2140090F011D20DD56FF47873B3EB62520ED44FEAEB
S214009100C12343F0004343EA505323FA02F070476A
S2140091104FF00000704750EA013002D14FF0FF30A8
S21400912070474FF00000704708B5064B044613B171
S2140091300021AFF30080044B1B6803B1984720461C
S21400914000F036F9000000003019002070B50D4D13
S2140091500D4C641BA4100026A64209D10B4D0C4CE6
S21400916000F028F9641BA4100026A64205D170BDA5
S21400917055F8043B98470136EEE755F8043B984708
S2140091800136F2E7BC000020BC000020BC00002036
S214009190C00000200A44914200F1FF3300D170471E
S2140091A010B511F8014B03F8014F9142F9D110BDEB
S2140091B002440346934200D1704703F8011BF9E7C7
S2140091C07047704770B50F4E0C463168054611B9AA
S2140091D000F09EF830602146284600F099F8431CBF
S2140091E003D14FF0FF34204670BDC41C24F00304A6
S2140091F0A042F8D0211A284600F08AF80130F2D1B1
S214009200EFE700BF3C1900202DE9F041CD1C25F00A
S214009210030508350C2D38BF0C25002D064601DB4E
S214009220A94204D90C2333600020BDE8F081314FF9
S21400923000F062F83B681C4644BB29463046FFF700
S214009240C1FF431C044650D13C682146002941D149
S214009250002C44D02368304604EB030800F058F88E
S21400926080453CD121686D1A29463046FFF7AAFF93
S214009270013034D023682B4423603B68002B36D063
S2140092805A68A24229D100225A600EE02268521B78
S2140092901DD40B2A16D96119A342256018BF596040
S2140092A0636808BF396062514B60304600F02AF8A8
S2140092B004F10B00231D20F00700C21AB5D01B1ABC
S2140092C0A350B2E7A3426268DED13A60EDE72346D8
S2140092D06468B1E70C464968B8E71346CEE70C2346
S2140092E03360304600F00EF89EE70560DDE75B6011
S2140092F0FFDE00BF401900200148FFF761BF00BF36
S214009300341900200148FFF75CBF00BF3419002065
S21400931038B5064D0023044608462B6000F03AF8A0
S214009320431C02D12B6803B1236038BD38190020D6
S214009330024B01461868FFF767BF00BF6C000020AD
S21400934010B501390244904201D1002005E00378AF
S21400935011F8014FA34201D0181B10BD0130F2E7EF
S214009360884210B501EB020402D98442234607D88E
S214009370431EA14208D011F8012B03F8012FF8E78D
S214009380024401468A4200D110BD13F8014D02F88E
S214009390014DF7E7044A05491368002B08BF0B4642
S2140093A018441060184670474419002048190020D9
S2140093B0FEE700BFF8B500BFF8BC08BC9E46704785
S2140093C0F8B500BFF8BC08BC9E467047B814B6F1A6
S2140093D0E0CFF3ADB7DD25C9FA79B7130002010671
S2140093E00409004F544100081B00011800052A001C
S2140093F0022900F01921B4478FA4BFA14F63FDEEE8
S214009400D6141D00636032E0375EA488534E6DFBB1
S2140094106435BFF70053A1811F582CD0A54540FCEA
S21400942034F3274298009F3EE22E0ECFFFBF1E4524
S214009430CA8C68234A4F0016531EC44CBAAD9D32E0
S2140094404B6808CF7BC04C00FE5A24E12BAAA5B27D
S214009450E94617E90A5CF02500F8927AAC96CDA9A1
S214009460BFF249C14A11CC770D0000006D9500008F
S21400947002000000032800007494000002000000B0
S21400948000028000080002002000000140000400E6
S2140094900100100008060200040907030105000089
S2140094A040787D0100000000005A620200010000C2
S2140094B0C0CF6A0002000000809FD50002010000B5
S2140094C0002D310102020000000301030303020124
S2140094D002030405060708090A0B0D0E0F101112E9
S2140094E0131415161718191A1B1C1D1E1F202122CF
S2140094F023242526000C270013B779FAC925DDB7E3
S214009500ADF3CFE0F1B614B8010200000000000091
S2140095100000000008000000000004070000000033
S2140095200000000000000000000000000000000036
S2140095300000000000000000000000000000000026
S21400954000000000000000000307000400000025E3
S21400955000000000739500000200000070950000F7
S214009560020000000101020A0000000000002800BE
S214009570002A000018000000000800FCEC9500001F
S2140095800100010798950000000800F8A895000063
S214009590000000000000000083FFBFFFE2FFF1FFB5
S2140095A0F9FFFEFF000000009600FCFEF8006D23A9
S2140095B0441FEEFFC700F20E8E37FAFF5C00A403CE
S2140095C024A7FFFF3200D601AD3400001F00300193
S2140095D0004D00001200C000CA4A00000B006E00DA
S2140095E0F73C000005001F002F2000008C00FCFE4A
S2140095F0FFFF000000000000FC00D2104C06FAFF3F
S21400960075009B05F132FFFF3E0062020B3500003D
S21400961025004B01885F00001700E0005E5D00003B
S2140096200E008C006A4F000007002500832800000B
S214009630000000004801000078130020FA04FA0039
S2140096400033330A0A0A0840002100000000000028
S21400965000000000000000010000010100010101FF
S2140096600101020300000001A806000048704C0D2E
S2140096704470D80C307064123C70AE163870340DDE
S21400968034705A0D30700A0F2C700A0F2870DC10D8
S2140096902470F41020703E0D1C7080111870F211AA
S2140096A014703A0DB110076001D80A7108B87F78B7
S2140096B0020C7E78641000C6A01F00218CB870785B
S2140096C001B007680F305CB30F330111C04806982D
S2140096D04A022FB006D80C7109DD087100B853A8ED
S2140096E009BB1110076801682148076004100112C1
S2140096F0FF322150076051480760008806984413DF
S21400970000C4401F002103DD087214BA281400A00C
S21400971000BA03DF107109DF0672029860058CB884
S214009720507800A04413281441158110076002D811
S2140097301471108806982E1800C00C700840069801
S2140097407C1A0091069860020060B83020D8067136
S21400975090BC637C784D5412F03240DE0472404870
S21400976004DB08720DDD0C72044BEF3014480698CB
S214009770FC0600C4E0100840441207620132214093
S214009780084C287C811140D91C72B1123032CF4A65
S214009790013AB1DA107208D8067104D80871B04CD4
S2140097A0237C4070684C4412FF328722047580B8D0
S2140097B0D84C81D8327140D90472237C084B069865
S2140097C0FC0604BA88B9767900C118600840357975
S2140097D0E049007906B904A901D86E72227CBC4C17
S2140097E0307C0298320208D83C7100C14C00084018
S2140097F0141110D93071104C00C114000840141117
S2140098001814076100C5206008405415FF35047120
S21400981010491814A84C44120762013206710298C7
S2140098201201B84C08D80C7107BA24D8047106BACD
S214009830187004D80C7101BA40D80E7102BA0A70BA
S21400984005BA20D8047203BA227C604C4411404CFE
S21400985018140761181491113831114291110769D3
S21400986010D90472EF3200C10060084014111031A4
S214009870016911422814A111076118140698621A8A
S214009880181400C10060084014110769FF3118144D
S21400989000C13C30084014111814076118143088B1
S2140098A002480698C005009308DB047101F800A082
S2140098B05CB00F3000A01088B111076980D90A711A
S2140098C000C1800008400811009100A000C40001FB
S2140098D00840441000A000C020300E4004110410C0
S2140098E01050F47200A054155045127106980607E1
S2140098F00698960618B8707800B84178069840031F
S21400990090BA5B7A5C7A5D7A00C2185008402412DE
S21400991000C1501F0021281106983818208800889A
S21400992000C5441F002154155112FF350762FF324F
S21400993006986A0201595129047511590090212987
S2140099402075069886040698A2040698FA020092E5
S21400995003D80C728111076102D90472FF0FBA7026
S21400996018B8727800F804D842710088308800C0B1
S214009970FC1F0021041000C1501F00211412012AF0
S214009980215A00C3185008403413312A1A7500C0F3
S2140099900060084004100730FE200C76381108B826
S2140099A07F78020C7E780093009000A000C0F41F21
S2140099B00021041000BB1DB400A000C1DC1F002164
S2140099C014111088FF3100C5FFFF00003112076236
S2140099D00762513A513B0E720698720C11590112E9
S2140099E001131E703114008831100698720C11593C
S2140099F0415C41280698740C513801130090012BE5
S214009A0000902088076001140760FF30215D411236
S214009A1007620762312D0876FF34415C4128015DFC
S214009A2031100698740CFF303088011300C0E01F18
S214009A3000210410512B0C76076801150768FF35C6
S214009A406070315BFF32212B0C75076001150760D3
S214009A50FF354E7000C5E41F0021541507650765E5
S214009A605112FF35FF30012B087521100760327048
S214009A7021100768FF30012B0A7521100760076068
S214009A80207000C2E81F0021241221100760076022
S214009A90FF30012B0875211007680670211007603B
S214009AA0FF300093009200C10060084014142C4957
S214009AB00734FE242A761415F0BC076C513C076860
S214009AC003680154107100C4FF0FFFFF513C0144AE
S214009AD04811311200C5E81F00215415FF350762F2
S214009AE007622143544914122155FF35515228115B
S214009AF000A001D81871008800C004700840041047
S214009B008020FF30067106984E03009000A002D811
S214009B10047200A00088069896061DB428B9112C79
S214009B20408800C3EC1F0021341440445A7144138B
S214009B3006982005411500C0006008400410073054
S214009B40FD20447500C20870084024100760FF30EE
S214009B5080DC34710698AE0C01591C4A241007604C
S214009B600260FF300698AE0C0158B220012954134B
S214009B7031100698AE0C11280A7504255415504568
S214009B80EE72069820050094009000A07FB906614A
S214009B9000C01C60084006984A1304155153113B38
S214009BA03155581002984413EBBD00C0401F0021E9
S214009BB00411113D10D91271FF33076B00C190409C
S214009BC00846381118B97479581000A00698600233
S214009BD08024E4240D300472044800C11C5108405F
S214009BE0141100C3DC1E0021911504351A721813D7
S214009BF088BB08D804716C7B04D804716A7B8CBB64
S214009C002F7C5B7B16703C4B181388BB08D80471FE
S214009C106F7B04D804716D7B217C0C300160069844
S214009C2082060698680B0698320700B8B1110769D5
S214009C3040D906720298660601BC00C20060084061
S214009C4000DC0A7124150165604A0A701C4A241556
S214009C5007657C4A043508D920712024512A24122D
S214009C6000C180000840320C2811076228110762E4
S214009C70281107622811500C00C1381F0021141249
S214009C8000DC1A7120D8067101B80C70F0DA0C727C
S214009C900CDB087102B806988A0648240449141199
S214009CA000C380000840FFB801201141087101413F
S214009CB018130824014200C1200008401411014175
S214009CC0036D514191152035016D5141181328132C
S214009CD0481300C37C000840341003D80C710730CA
S214009CE005DC0671084B227B8CB8507800B800C1A2
S214009CF0381F0021141203682150F0300152281139
S214009D0000A04024066400C0FFFF0100013C1DB017
S214009D1002200158402806751EAC01EC00A02088E1
S214009D2000C01850084004121DB42113041230520B
S214009D30F871066C402400C3741F002134101411FF
S214009D400698C00C0669009211592129067600BBB8
S214009D5011590698960C80B80158013A0662313BB4
S214009D600472215A412A00A000C200010840317A3C
S214009D7000A0308880B9076900C30000C0FF31101A
S214009D80312800BC002D0C7511541EAC01EC312D91
S214009D90F470066C51134155312C009300A000C09E
S214009DA028400E400413315107610C3107691153E6
S214009DB0381000A006984A0800C0F41F00210411BD
S214009DC006983207217A237A00C30000100006980E
S214009DD0720700C0581F00211DB1181000A000C057
S214009DE0541F00211DB1181000C09C1F0021041034
S214009DF0002D067500B826A80698060700C09C1F0A
S214009E0000210410012C06750698960628B010B995
S214009E10115911380EB9114028A880B800C1443035
S214009E200840081100C1F01F00211410303B0671D5
S214009E300760076000C40830084044111150FF3026
S214009E40015118146FB8076826A8217A050C21104E
S214009E502048267800C063EF0000314026A8050C95
S214009E6020ECB11140D90872247A20EC217A1848E7
S214009E7026A828B00AB901510F31115028A8050CA0
S214009E80207A20EC0F0C98B84678417806986A023B
S214009E9000C2441F002124100151FF311150081246
S214009EA000A006984A0800B826A800C05C1F00213B
S214009EB01DB1181000A030B840780DB101D9FC7261
S214009EC0427800C074300E4004114CBA407A181024
S214009ED0144804115C7A1810A4BB707B4E7B4F7B31
S214009EE000C20430084000A006984A08217A227A68
S214009EF000BB0698720700C0681F00211DB118102D
S214009F00A4BB00C040300E40041103310149287242
S214009F10B112076207623048041121510F311872DE
S214009F206E7B6F7B104804114CBA7C7A181014486C
S214009F300411607A1810B11002D81071707B30B816
S214009F40627860780DB001D8FC7100C0F8600840F7
S214009F50041101D90C7100C01800084002B918108D
S214009F6008B86E780EB84EB110D90C723EA8140C14
S214009F700FB83EA8107044A8140C01B800C1B03049
S214009F800E40081100C077801F003DB201423DAA76
S214009F9000C0FFFFFFFC013A3DAA140C00C077E0AA
S214009FA01F0001423DAAFFB845207D7808B87E789C
S214009FB000C124600840141107610631087100B919
S214009FC006985A1006984A13B11101D90E710698D0
S214009FD0881A02D906720698AE0B069844135114D6
S214009FE006989606F4B845780A0C00C0641F00214F
S214009FF01DB1181002983410FFB845205D7803B8DC
S21400A000076044A83EA800C1B0300E40081110B842
S21400A01007683DB101393DA908B86F7800A046A889
S21400A02000C0FFFF0000013B076356AB94BA437ABB
S21400A03001D91471013C47B300C0FE20FFFF013B6D
S21400A040314447AC637AFFB82120407802D90471C6
S21400A050607800A0C8BC066C415C512C067506985A
S21400A060960606986E0DB110076805D8347140BA8A
S21400A07006981A1308B86578911004D8187188B82D
S21400A0806E78577800C064000840217806988210E1
S21400A09001400A728CB84278069856130298400B14
S21400A0A008B86C7820B859785B7800C0F44008404F
S21400A0B07878797800C1C81F0021141040A8184984
S21400A0C014130449408814140C4914118112076AA9
S21400A0D0006A01DA187188B8577800C0CC1F0021D2
S21400A0E00410016107630763076407640698B209F2
S21400A0F000944EB010D842724DB161B80158113874
S21400A10040B102D90A72604804BB41540870204826
S21400A11002BB02BC4DA8F8B87078190C3EB141419C
S21400A1203EA9F4B973797378717800C4F840084092
S21400A13000C200410840227000C20000010044AA8C
S21400A140230C00C200000B0044AA00C410410840C3
S21400A15000C21841084004BB587C050C597C0C24EE
S21400A1600F0C2FAB050CB11008D81471647A657A01
S21400A1701CB879787B7820B879787B78607CF42472
S21400A18041130698FC065114404406750698960638
S21400A190727BFFB84D20050C687840EC00C0601F4D
S21400A1A000211DB11810911004D8147100C0BC1EF7
S21400A1B00021041080D806711CB8737800F818B80F
S21400A1C000C1D81E002100C21850084024122811D1
S21400A1D0767800F800C0B86008400411076107618F
S21400A1E080D9047240EC00C4F84008404EB010D845
S21400A1F00471182441130C23527C407B11512FA963
S21400A200050C797C0A0C00C0000001020814787C5A
S21400A210050C507C08B86D7800A000C02870084077
S21400A2200411108800C1001800401810444804119A
S21400A230108878480411108800884CBA757A18106F
S21400A2403DB11088F4B84278442072782848737874
S21400A250F8B873784FB200C4FFFF8080413A4FAA27
S21400A26001BC01644113076300C06C70084003B969
S21400A27018100110011001B918100110011001107A
S21400A280011068480411076101B80160003A0471C2
S21400A290044904D9047241520760003A047108491F
S21400A2A008D9047231520460003B0E7200630064E9
S21400A2B0314241424FAAB2704FAAF8B853781820DC
S21400A2C053782848527800913DA9009000911810C4
S21400A2D000917848181000914448181000A01159B1
S21400A2E010D906710760076008D90471076004D9A1
S21400A2F00471036002D90471016001D90471006021
S21400A30000A000BA01D806710148112A0069006051
S21400A31001D8F6720138F67200A08020FF30FF48A0
S21400A320812000A000C2185008402412115921298B
S21400A330127300210E7100C2305008402412012111
S21400A340212900A006984A0888B8577800C57C1FBF
S21400A35000215088044D88BC00C0C81E0021811111
S21400A36001D91E71407C00950115044D50881C4D86
S21400A370FFBB076B315B04110698B80C3129F875E2
S21400A3800698761954150698881A01D90872069800
S21400A3907C0806700698DE0888BB547B009500F89B
S21400A3A006988C090E700698680B06988C09069815
S21400A3B06011069836089112211900C024600840E2
S21400A3C00A78097800F810B901BA069810130698AA
S21400A3D0341000C57C1F002100F89112033288B9A2
S21400A3E000C3BC1E0021341300C4A81008408CB85B
S21400A3F04278707903DE067144786E707179A11028
S21400A40020D806710298160F80DB507102D84C7265
S21400A41005B830880763076302DB2A7100C3AC0007
S21400A42008403413066380DB0472804800C31020A3
S21400A43008403413315B04724048312831280260EA
S21400A4400814076800930814A11010300248081476
S21400A45000B808149110076008148CB86278A11030
S21400A46000DC0676517900BA80DB587100C0000027
S21400A4700200003B4E7150884110344803DE0471E0
S21400A4809048041508200411F82058101C20217844
S21400A4900698AE0E00C0A40008400E7810D91C71B5
S21400A4A051451A7100C53400084407B8081500C5A0
S21400A4B03400084604B8081504702E7806987416FA
S21400A4C00095911120310269911004D80E7200C1D6
S21400A4D04C1F0021141101D90A71208806985A10C1
S21400A4E0009200C1180008400533054B1872184C3E
S21400A4F003DE0471904C441400C3FF1F0000413B70
S21400A500FF233811B849076A0698A20E044908794D
S21400A510097914102140081100A000C55400084015
S21400A520541551455071108800C13400084407B8CE
S21400A530081101B83088076B40DB247100C0370C67
S21400A54000000811364800C5D01E0021541102D95B
S21400A5500E72104801D9087100C01104000000C135
S21400A56034000846081100C1340008401415303580
S21400A5700093009100A000BD0698440210B903DCC9
S21400A580047100B901BA0698101302D9067100408A
S21400A5904E7201B107690F3106988210FFD82872F3
S21400A5A0811008D8187106DD0A710698440203DC8B
S21400A5B00C720698C810069856130C7006DD1071BB
S21400A5C00698CE10487020B802A806DD10720698CD
S21400A5D08C090698360801F840B802A800F800C0B2
S21400A5E0BC1E00210413076301DB227191100111C8
S21400A5F0076911388CB910D8087144790298160F7B
S21400A60002DBFA72A11328DBF47203BD0698281049
S21400A61006988C098CBA7F7A0698FC0600C5801FBF
S21400A62000210698440200BA03DC3272044DA110E1
S21400A63002D804710C4D00C01400084004100268D3
S21400A64000C3701F002134111128FC233411069812
S21400A650960C00C10C5108400698B2065415212DE0
S21400A66000C0F8600840041101D9227100C03C1FE8
S21400A67000210410033001DC147200C014000840EE
S21400A6800411FD21087602BA076A212D06984807AC
S21400A6900298E8099110015503355150011900A0A0
S21400A6A000C1481F0021141001D8427101480760FC
S21400A6B0FE200E75811020D8087100C14C1F0021A5
S21400A6C0141101D9287100C02460084004122151D9
S21400A6D007610F3107691152281000C0006008405A
S21400A6E004119112215120311152211900A0811319
S21400A6F080DB067201B800A000C30C50084034107E
S21400A700063030727C4B34122C4B341007600760D6
S21400A71040302072811080D8DC713410014A076204
S21400A7200360803021508C480A717F2355233410F3
S21400A730013000A000BD0698281088B847784578F4
S21400A740437800B8447800A006988C090698C8108C
S21400A75000C58C1F00215415069848070298E80982
S21400A76000C374000840027B06984A1350BA069845
S21400A7701A1306988210FFD84A71911004D84872AE
S21400A780811007601CD8407220D938721112FF322F
S21400A7902151347180218021111400C0E41E002153
S21400A7A00413FFBA3151113A215111538CB93810A4
S21400A7B07B7940440E7200B900C2C41E00211812F4
S21400A7C0067008B860780698441300F800B900C20E
S21400A7D09C1008401812244A0AB9181288BA507AEF
S21400A7E0517A577A8CB942795F7900A0069844026C
S21400A7F007DC1072911000200A7506986011029806
S21400A800660D0698360801B9911004D8047100B98F
S21400A81010BA0698101300BA00402A7100C0BC1E79
S21400A82000210411076101D9127104D9E272811066
S21400A830076001D8DA718CB8647800C11C510840F2
S21400A8400698B2060698601100C5901F00215415A0
S21400A850212D06987C0800C5941F002100F800BC36
S21400A860811108D9167280D9207201B910BA0698DB
S21400A870101300400E7101BC10700698C8100698A0
S21400A880561320B802A800F806986011811102310C
S21400A890127100B900C20C1008401812244A02B9FE
S21400A8A018120698C81000C5981F0021541506985F
S21400A8B0001A0298E80904110121147188BA737A03
S21400A8C0042004122811042004110121F47200A0AF
S21400A8D00698FC0601F8911010D8347106984003CB
S21400A8E0069886040698A20400C51C510840541118
S21400A8F00698B80C00C5D41E002154155129E275DF
S21400A90018B875788CB8447801B802A800F8B11069
S21400A910076810D82E7100C04810084000C3000019
S21400A92008403114884C44113411076101D9FA717A
S21400A93044122810076228100762281007622810A1
S21400A940E87000C1BC1E0021141080D82C7100C114
S21400A9505400084014111141207100C1000002404B
S21400A9601038167100C03400084407B9181000C02B
S21400A9703400084601B9181002987A020698600258
S21400A98011380472016A00BB00C1E41E00211411D4
S21400A99020390C72911210DA0672417B00A00698DC
S21400A9A04A1300C2BC1E0021241220DA0472617B06
S21400A9B088BA527A00A088BA727A811204DAFC72D7
S21400A9C000A088B86B78577800C0640008402F78DD
S21400A9D000A006986E100763076390B9637900B904
S21400A9E002DB36713112076240DA2E7200C2540062
S21400A9F0084024100140227202EC00C909B801D9AF
S21400AA00507200C2AC0008400E7A10D904722E7A3A
S21400AA1006987416E031076102EC00CD114502EC91
S21400AA2000CC01DB087100BB0298CA1703B84111BD
S21400AA300731FA211C760621911210DA087102DD20
S21400AA4010721E7020B80698720C3038147208B84F
S21400AA500698820600C0240008402978207800F86E
S21400AA60046020D8067102982C1502EC00CA05B8BE
S21400AA7023DA187104DBDA7120DAD67110DAD272B2
S21400AA8090B8617800B801DA067202EC00C891113D
S21400AA9010D9267100C1CC1E002114111150FF30B0
S21400AAA00C720661A110115002300A7180DB0A7226
S21400AAB00AB89E708CB97C790768911111402111F3
S21400AAC0C0311140011990B8411108D90471667857
S21400AAD020D904726578A11002D80672C0DA1E71F9
S21400AAE090B8273123DD087210DB1072607825DD00
S21400AAF00A7121DD087208DB0471627803B841111F
S21400AB0007310872A1152035AA7102DD3272A11133
S21400AB1020D9A07102D92872CCDA9872411140D996
S21400AB20927206B802DB1071046500C1102008405E
S21400AB301411112D112D054D5C720298BA132111B6
S21400AB404049C0D94E71A03141154035016551418B
S21400AB500361076308DA1E7204DA38721049A11519
S21400AB600235067110DB0E7201340A7108DB24719F
S21400AB7090B86778CC3211101A300ADC0872CCDE36
S21400AB800471FD3100C00D0F0C0D0698740C01D831
S21400AB90607207B80298E41300BA411108D90C7124
S21400ABA002EC00CA05B830DAEC720734F031026104
S21400ABB001DA0471014900C0F300A3E30698740C9F
S21400ABC001D8D07100C0981440680698740C4030C4
S21400ABD0014440DA0471204C04320162204A11100C
S21400ABE006300068014218310269114202980214C8
S21400ABF0204A00C0051708500698740C1130014210
S21400AC002088FFBB0DDA507100C1DE1B250180BC19
S21400AC1004DA107208DA0A7200C120841000E024F8
S21400AC20A02407634143016401DA06711E49024B02
S21400AC3000C02C1F002107633810BC2002DA1271F6
S21400AC4001B91159A11380DB087100C100FCFF0196
S21400AC5018100298561700C4BC1E0021441080D855
S21400AC607C710092D0DA06710DDA0C7190BD437DCE
S21400AC70EFBD06983E0503620DDA8672A11105D96E
S21400AC805C7100C23810084024120C24281401D924
S21400AC90067202D9327140D91E7102EC00CA211028
S21400ACA018320471FA2220D804720822FE2208758F
S21400ACB002EC00C8F87001D90E7102EC00C802D987
S21400ACC0067204DC187200C0BC1E00210410026864
S21400ACD001D8067190B8647818B873780298CA17C5
S21400ACE000C50020084000C00417000008D9047200
S21400ACF00A480815104D00B808D90472FF20081538
S21400AD00084D00C00884000008D9087200C02083DF
S21400AD10B8ED0815104D207D00A000B8011A00C03F
S21400AD2074000840027891101030011905BA069890
S21400AD301A1302D9067101B802A800C0BC1E002171
S21400AD40041380DB0671029866138CBA7C7A01DBEA
S21400AD506C7100C2301F002124111114FF3402EC64
S21400AD6000C8FF24FA7607610698820C0361113842
S21400AD700F3003611114011141100698820C01D89E
S21400AD80087203B80298E413044A02DB2471241004
S21400AD90112811280412023006710762076200C0EB
S21400ADA0FFFF0000213800C218000840FF200812EC
S21400ADB0411007600698820C01D87C7120BC1033C5
S21400ADC0767100BB00C12C1F00211415C021112C68
S21400ADD05112076A0F320E71408851140698FA17FE
S21400ADE04143009451120765036A0F320E714111F8
S21400ADF051140698FA17036C41430765513B00C18E
S21400AE00E81E00211411111231100F30127100BA11
S21400AE10046101D80471114200600FD8F472311039
S21400AE2002601E30047201B8003A087204B8029834
S21400AE30E4130298EA1500C0381F002104110F31F0
S21400AE4003DD1A7200C000600840041007D80E72B6
S21400AE5000C01040084004B9181000F806986E109C
S21400AE6006983C0500F830885088FF34087102ECDC
S21400AE70FF24F87002EC00CD141001BB5150FFD82F
S21400AE80047131440760006B10DBF2710421FF226D
S21400AE90E4720F4C0095009300A000C1C01E002174
S21400AEA0141100A030880698381A8111076102D95B
S21400AEB006720298141988BB557B076120D9067163
S21400AEC0029804190088A110076806982E18082111
S21400AED01415FC2590BB5C7B5D7B00C100600840C0
S21400AEE014110731FE21307608D82A725113FC233C
S21400AEF0341304DB2071076BFF33315B00C108702D
S21400AF0008401411076180490C71FF3130295475CF
S21400AF1090BB7B7B10707B7B7C7B00DD04717D7B34
S21400AF2001BB3815EC25541300DF5471042505DFEA
S21400AF3054715415211120880698B80C0092512996
S21400AF403E7500C100600840141102DB0C71073129
S21400AF50315B31292A760C7004DF0872006180D9D3
S21400AF601E7206982E1800C00870084006987C1AB4
S21400AF7006982E181411FFD9607202985A1900907C
S21400AF80009300A05415A111076910D9A6720825D0
S21400AF9008D8A071082510D89A7120882111069823
S21400AFA0B80CFC255412112AF82554110C2520D86B
S21400AFB00871F025541110252029047621591815FA
S21400AFC000920298C61818B97179811010D80A71C3
S21400AFD088B8447800B8417888B9747908B9677930
S21400AFE000F88110A0D8087188B9497900A00760D8
S21400AFF002D8FA7106982E18108806984A13076227
S21400B000076210DA087108211415F025541100C2E1
S21400B0100020FEFF202912750698881A01D90A72A8
S21400B02006988C090698360800941CBB41100C2024
S21400B03006984A1241110821141006984A1231281F
S21400B040441111120761FF31FF32012210521072B3
S21400B0500769181404244413042438140C70076970
S21400B060214118140824081402984413404414710B
S21400B07000C1C41E002114155113036B0FDB0C72A4
S21400B080066D06980607411500A00698360806982D
S21400B0904A1308BB51140698C0194415FC255415CC
S21400B0A00298480788B900C3BC1E00213413076302
S21400B0B008DB1A718113A0DB067149791070697973
S21400B0C0076302DB087208B9677900F800A08111EF
S21400B0D0076102D9107188B9757906982E1814116F
S21400B0E0FF3100A0FFB900A0041008211411F421BC
S21400B0F0081100A081110761076110310E710698D2
S21400B1002E1808211411F821141100A014B1000003
S21400B1102CB100007CB400000000000044B1000028
S21400B1200600000000000000000000007CB40000E4
S21400B130000000001CB20000040000000000000038
S21400B14000000000ACB20000809C2B8F80841E00A4
S21400B150000000002200FF7F6400002000000000C6
S21400B1600000000000000000ACB20000809C2B8FA6
S21400B17080841E00000023002300B6006400002028
S21400B180000000000000000000000000ACB200005C
S21400B190809C2B8F80841E000000240024009D00CD
S21400B1A06400002000000000000000000000000016
S21400B1B0ACB20000809C2B8F80841E00000025000F
S21400B1C025007D0064000020000000000000000054
S21400B1D000000000ACB20000809C2B8F80841E0014
S21400B1E00000260026005300640000200000000037
S21400B1F00000000000000000ACB20000809C2B8F16
S21400B20080841E00000027002700FF7F64000020C7
S21400B21000000000000000000000000094B30000E2
S21400B220809C2B8F80841E00000000002400FF7F7F
S21400B2306400002000000000000000000000000085
S21400B24094B30000809C2B8F80841E000000250095
S21400B2502500B4006400002000000000000000008C
S21400B2600000000094B30000809C2B8F80841E009A
S21400B2700000260026009900640000200000000060
S21400B280000000000000000094B30000809C2B8F9C
S21400B29080841E00000027002700FF7F6400002037
S21400B2A0000000000000000000000000F81F010180
S21400B2B0C4B50000380002000000000000000000D6
S21400B2C03030010011491000B840010000C0E30012
S21400B2D040410100EA00880018600400000000C633
S21400B2E01FC000000050000000D032005060040074
S21400B2F0FC006900410C000000000000110008007E
S21400B300786003000804000000000000BE031A0076
S21400B3108C60070001040C1A2F4653616862584976
S21400B32035201407C491A063564433232252922436
S21400B330E46007008108A1CB00000000198407051F
S21400B3409411CB4899200600016120008294EA8778
S21400B3500461030065B611001E37000089BB0000BB
S21400B36020610100FFDF00001470011000F80700E4
S21400B37014700130F802000018700200000300008C
S21400B3806000278470700200C30000000F9C03005A
S21400B390FFFFFFFFF81F010110B600003800020093
S21400B3A0000000000000000030300100E33810000C
S21400B3B0B840010000C08300404101006D008800D5
S21400B3C018600400000000C61FC001000050000006
S21400B3D0008000005060040018000500410C0000CA
S21400B3E00800000091000400786003008C000C0048
S21400B3F00000000014001A008C60070001040B19FE
S21400B4002C404C59605B534736251B114AF338963F
S21400B4106745231211090000E46007008F0846CB39
S21400B4200000000023086404D007CB4891200600E3
S21400B430F9541C008294EA870461030051551100F8
S21400B440B01B000089BB000020610100FFDF000088
S21400B4501470011000F8070014700130F8000000A6
S21400B46018700200000300006000A58370700200E0
S21400B470054100000F9C0300FFFFFFFFDC1F0401D7
S21400B48000000000000000000000000000000000B7
S21400B490F01F02013F00370000000000FC1F010102
S21400B4A0000000000400020001810100000100000D
S21400B4B01800020000000000010000002800040040
S21400B4C00000000000000000000000000000000077
S21400B4D040000100A0070000480001000000000036
S21400B4E0540002000000000000000000A00004005D
S21400B4F0FF4C0000FF4C0000FF4D0000FF4D000019
S21400B500002001000807000010200100AAAAAA00D7
S21400B510182001000060DA000830010013AC0001BA
S21400B520343001000100000040300100000000003F
S21400B530A04001007A27000FF44001002010000010
S21400B5403441020080080000E68700004441010004
S21400B550C0E6524D604104000000000000000000FC
S21400B5600600000006000000146001001000000045
S21400B5702860030000000003000000000000000038
S21400B58060600200294176710000000084600200BD
S21400B5900000000000000000207004000000000012
S21400B5A08200000000008001D50000004870020004
S21400B5B03C3D0000BC1900007870010006E0490020
S21400B5C0FFFFFFFF0D000000388EE30000000000C4
S21400B5D06CB600005CB6000000000000E070720070
S21400B5E080DE800280841E000101000011490002F6
S21400B5F00000000000000000000000000000000046
S21400B6000000000041841E00000000000000000052
S21400B6100D0000001CC77100000000006CB60000A2
S21400B62064B600000000000018CC660080DE8002D1
S21400B63040420F0001010000E33800020000000055
S21400B64000000000000000000000000000000000F5
S21400B6505B420F00000000000000000008520000DF
S21400B660B20C0000A5A00000C4090000193F0106A6
S21400B670041001000001010600102700000C000065
S21400B6800000000000000000000000000C4BFF7FE0
S21400B69001000000A0B60000100000202D000000F1
S21400B6A0FF000000E40C0A0005050000313500002C
S21400B6B030960000FFFFFFFFE93B0000E53B00007F
S21400B6C0FF0EFE01FFFFFFFFFF000E000000000060
S21400B6D0514F0000FFFFFFFFFFFFFFFFFFFFFFFFD1
S21400B6E0FFFFFFFF61680000FFFF0000FFFFFFFF96
S21400B6F001710000FFFFFFFF000000007000002047
S21400B70000000000F817002060180020C81800206D
S21400B7100000000000000000000000000000000024
S21400B7200000000000000000000000000000000014
S21400B7300000000000000000000000000000000004
S21400B740000000000000000000000000750100007E
S21400B7504D010000FFFFFFFFFFFFFFFFFFFFFFFFA2
S21400B760FFFFFFFFFFFFFFFFFFFFFFFFFFFFFFFFE4
S21400B770FFFFFFFFFFFFFFFFFFFFFFFFFFFFFFFFD4
S21400B780FFFFFFFFFFFFFFFFFFFFFFFFFFFFFFFFC4
S21400B790FFFFFFFFFFFFFFFFFFFFFFFFFFFFFFFFB4
S21400B7A0FFFFFFFFFFFFFFFFFFFFFFFFFFFFFFFFA4
S21400B7B0FFFFFFFFFFFFFFFFFFFFFFFFFFFFFFFF94
S21400B800C00A0020A9F900000FDB02000FDB0200CF
S21400B81087EA02000FDB02000FDB02000FDB0200EC
S21400B8200FDB02000FDB02000FDB02000FDB020063
S21400B8300FDB020074A20300D9D302000FDB020064
S21400B8400FDB0200C17602000FDB02000FDB0200F6
S21400B850016F0200177F0300137F0300E1760200EA
S21400B8600B7F03009D0101000FDB02000FDB0200CF
S21400B870C1EE000089D402000FDB02000FDB0200DD
S21400B8800FDB02000FDB02000FDB02000FDB020003
S21400B8900FDB02000FDB02000FDB02000FDB0200F3
S21400B8A00FDB02000FDB02000FDB02000FDB0200E3
S21400B8B0157702000F7F0300C14B0100517702008D
S21400B8C00FDB0200415B02000FDB02000FDB020011
S21400B8D00FDB02000FDB02000FDB02000FDB0200B3
S21400B8E00FDB02000FDB02000FDB02000FDB0200A3
S21400B8F00FDB02000FDB02000FDB02000FDB020093
S21400B9000FDB02000FDB02000FDB0200000000006E
S21400B910013800D0FCE7704700000000000000007F
S21400B92001F0FF01102A2BDB10F0070F08D010F8EB
S21400B930013B013A8B422DD010F0070F42B3F6D1EF
S21400B940F0B441EA012141EA014122F007047FF008
S21400B95000070023F0E80256083C85EA010586EA5F
S21400B960010685FA47F5A3FA87F586FA47F6A5FA9B
S21400B97087F68EB9EED1F0BC01F0FF0102F00702A7
S21400B98032B110F8013B013A83EA010313B1F8D152
S21400B9900020704701387047002D06BF3546033833
S21400B9A0073815F0010F07D1013015F4807F02BF6C
S21400B9B0013015F4C03F0130F0BC0138704700BFBD
S21400B9C070B5414C00238AB0E363054618B1008881
S21400B9D023600FF0F1FD3D4E3D482BF06BFF3D4BD5
S21400B9E0336030463C4B736027F0F3F90021304655
S21400B9F017F088FE32A3D3E90023A062C4E9062329
S21400BA0027F0F2F9D4E9062319431043C4E90601E6
S21400BA10CDE900014FF0FF334FF0FF32A06A2BF064
S21400BA20C5FF02224FF0FF31A06A2BF0C1FF0120B4
S21400BA300FF05CFA2949A06A4FF4007300222CF03C
S21400BA4008F8B0F5007F38D10023CDE90733099315
S21400BA5094223C23CDE903320593A06A962303A9DA
S21400BA60069317F06DFF35B3287C0FF045FE0546AC
S21400BA70F0B9A06A2CF0CAF80FF0ECFD0FF018FA37
S21400BA8020B14FF4807000210CF09CF90FF020FAE2
S21400BA9020B14FF4006000210CF094F927F06FFA03
S21400BAA0012017F083FE0E4A0E49A06A27F08FF990
S21400BAB028460AB070BDFF20D7E70725F8E700BF85
S21400BAC00DD5015520000000080F00203C1900206D
S21400BAD0690345EC71AD01004C1900203C170020AD
S21400BAE0772D0300B72D03002DE9F04FC76997B0F7
S21400BAF014461D46CDE90445239E83467FB9102093
S21400BB001EF018FA0246CBF81C0020B9A64BEF210F
S21400BB10A64820F067F9C0E901770760C760DBF840
S21400BB201C30196859B15A684A60012393408B60EB
S21400BB3058461FF0ADFADBF81C3000221A602B1EA8
S21400BB40B9BF23F00043059300233360059F984B4D
S21400BB50BCBF01223260BB4319D1229A42F20F7356
S21400BB601360C7F31303234300F0DE85249B53B909
S21400BB70904B21E0904B08930833249A1360089862
S21400BB8017B0BDE8F08F8B4B08930333F5E79DEDB8
S21400BB90047B002251EC170B00238DED0C7B21F06B
S21400BBA03DFB804650B1229A01231360249B13B1BB
S21400BBB0249A824B1360824B0893E0E714AB019300
S21400BBC015AB00935846DDE90C231FF097FDC7F32D
S21400BBD00A560390002E79D00D9BCDF84C80C3F307
S21400BBE01303DDE90C0143F07F5343F44013A6F240
S21400BBF0FF3619460022734B1DF0F8FB64A3D3E909
S21400BC0000231DF0ABFD64A3D3E900231DF0F0FB79
S21400BC10044630460D461DF037FD61A3D3E90023E8
S21400BC201DF09CFD02460B46204629461DF0E0FB13
S21400BC3004460D461DF0A4FF0022074600232046BA
S21400BC40294621F0F5FA40B138461DF01DFD224682
S21400BC502B4621F0E3FA00B9013F162F53D85A4B72
S21400BC6003EBC703D3E90023DDE90C0121F0E0FA7A
S21400BC7000284AD0013F00231293149B9B1B5A1E98
S21400BC8045BFC3F101030993002300230A9254BF62
S21400BC9009930A93002F3ADB0A9B0F973B440A93BB
S21400BCA000230B93209B092B67D8052BC4BF043BAE
S21400BCB02093209BA3F10203CCBF00240124032B76
S21400BCC000F28680DFE803F02B383657DDE9146390
S21400BCD01E4406F23243202BC1BFC3F140039F40EF
S21400BCE006F2124324FA03F3D6BFC3F1200347EA51
S21400BCF0030004FA03F01DF0B7FC0122A1F1F8736B
S21400BD00013E139275E70123B6E71290B5E7099B4B
S21400BD10DB1B09937B420B9300230F93C2E70023A0
S21400BD200E93219B002B56DC0123069399461A4658
S21400BD3021920CE00123F3E700230E93219BFB18CE
S21400BD4003F1010906934B46012BB8BF0123DBF82C
S21400BD501C000021042202F114059D423FD94160D7
S21400BD6058461FF055F9089000283BD1174B02465D
S21400BD7040F2AF11CCE60123DFE701240023209335
S21400BD800E944FF0FF330693994600221223CFE716
S21400BD9061436F63A787D23FB3C8608B288AC63FCC
S21400BDA0FB799F501344D33F3DCD030054CD030091
S21400BDB00000F07F39CD030030CD030008CD03002E
S21400BDC007CD03000000F83F50CE0300ADCD0300C2
S21400BDD001230E93D5E7219B06939946B7E70131D9
S21400BDE05200B8E7DBF81C30089A1A60B9F10E0F5B
S21400BDF06FD8002C6DD0002F36DDA14B07F00F0258
S21400BE0003EBC20393ED007BF8058DED107B4FEA44
S21400BE10271417D59B4BDDE90C01D3E908231DF049
S21400BE20C7FDCDE9040104F00F044FF00308954D5B
S21400BE305CB9DDE91023DDE904011DF0B9FDCDE9AB
S21400BE4004012BE04FF00208F1E7E10709D5DDE930
S21400BE501001D5E900231DF081FCCDE9100108F1A1
S21400BE60010864100835E3E700F007817C42844B44
S21400BE70844D04F00F0203EBC203D3E90023DDE98F
S21400BE800C011DF06BFCCDE90401241100234FF0DA
S21400BE900208002C40F0E580002BD0D1129BDDE993
S21400BEA00445002B00F04B81774B002220462946A4
S21400BEB021F0BEF9002800F04281B9F1000F00F031
S21400BEC03E81069B002B00F3E380DDE90C34CDE9D0
S21400BED00434159B002B02DB0E2F40F341820E9A92
S21400BEE0002A40F066820B9CDDF824800025B8F11D
S21400BEF0000F0DD00A9B002B0ADD4345099AA8BF08
S21400BF004346D21A09920A9AA8EB0308D31A0A9350
S21400BF100B9B0BB30E9B002B00F0A582002C00F0B1
S21400BF20A0822946224658461FF024FA039A014664
S21400BF30054658461FF074F90399064658461FF002
S21400BF40A7F80B9B1B1B0B9300F090820B9A3146B5
S21400BF5058461FF00FFA0390012158461FF04AF981
S21400BF600F9B0446002B00F083821A460146584673
S21400BF701FF000FA209B012B044603DC049B002BD9
S21400BF8000F07B820026236904EB830318692CF0FB
S21400BF90D8FB0F96C0F120000A9B184410F01F0033
S21400BFA000F09082C0F12003042B40F38082099BAE
S21400BFB0C0F11C00034409930A9B034480440A937F
S21400BFC0099B002B05DD03991A4658461FF02CFAEC
S21400BFD003900A9B002B05DD21461A4658461FF0A3
S21400BFE023FA0446129B002B00F075820398214624
S21400BFF02CF0F6FB002880F26E82002303990A22BA
S21400C00058461FF067F80E9B03907E1E002B00F02C
S21400C0105B82002329460A2258461FF05BF8069BDF
S21400C020002B054603DC209B022B00F35D82B8F153
S21400C030000F05DD2946424658461FF0F5F905462D
S21400C0400F9B002B00F0CF82696858461EF0E0FF79
S21400C0500746002840F07E820C4B024640F2EF2155
S21400C06056E5E20706D5D5E900231DF077FB08F173
S21400C07001080123641008350BE74FF002080DE7AE
S21400C08050CE030028CE03000000F03FADCD0300E5
S21400C0902046AD4B002229461DF060FBCDE9040189
S21400C0A0069C7E1E08F1010840461DF0EDFADDE90B
S21400C0B004231DF053FBA54B00221DF099F9A1F1B6
S21400C0C05073CDE910011193002C3BD1DDE904013A
S21400C0D09F4B00221DF08AF902460B46CDE9042349
S21400C0E0DDE9102321F0C2F8002840F05781DDE991
S21400C0F0102101F10043DDE9040121F099F8002840
S21400C1003FF4E3AE00242546219BDDF820A0DE4365
S21400C1104FF00008214658461EF0BAFF002D00F0EA
S21400C120A980B8F1000F05D0A84503D0414658466F
S21400C1301EF0AEFF294658461EF0AAFF9AE03E467D
S21400C1404C46B1E7834B03EBC40353E90201089B5B
S21400C1501C440E9B002B4AD002460B4600207E490C
S21400C1601DF026FCDDE910231DF040F9CDE9100195
S21400C170DDF820A0DDE904011DF002FD05461DF0F6
S21400C18083FA02460B46DDE904011DF02FF930352F
S21400C190CDE9040102460B460AF8015BDDE9100111
S21400C1A021F064F8002865D1DDE904236B490020FE
S21400C1B01DF01CF902460B46DDE9100121F056F889
S21400C1C0002840F00D81A24500F0EA80DDE910016C
S21400C1D05D4B00221DF0C2FA5B4BCDE91001002238
S21400C1E0DDE904011DF0BAFACDE90401C2E7DDE994
S21400C1F010231DF0B3FACDE91001DDF820A0A0460B
S21400C200DDE904011DF0BCFC05461DF03DFA0246C2
S21400C2100B46DDE904011DF0E9F830350AF8015B4C
S21400C22002460B46A245CDE904234FF0000223D177
S21400C230494BDDE910011DF0DBF802460B46DDE94F
S21400C240040121F013F8002840F0CA80DDE910232D
S21400C250414900201DF0CAF802460B46DDE90401FC
S21400C26020F0E6FF70B1C24608F1FF381AF8013C2C
S21400C270302BF8D0374655E0334B1DF06FFACDE93A
S21400C2800401BDE7DDE90C34CDE90434159B002B31
S21400C290FFF629AE0E2F3FF726AE2E4B03EBC70355
S21400C2A093ED007B219B002B8DED067B02DAB9F126
S21400C2B0000F64D0DDE90445DDF820A0DDE90623A3
S21400C2C0204629461DF074FB1DF05AFC06461DF05C
S21400C2D0DBF9DDE906231DF041FA02460B4620464F
S21400C2E0294606F130041DF081F80AF8014B089C37
S21400C2F0AAEB0404A14502460B4640F082801DF0DE
S21400C30077F8DDE9062304460D4620F0AFFF002847
S21400C31065D1DDE906232046294620F07FFF08B1D7
S21400C320F3075CD4039958461EF0B2FE00238AF841
S21400C3300030229B01371F60249B002B3FF41FAC6C
S21400C340C3F800A01BE400BF0000244000001C400F
S21400C3500000144050CE03000000E03F0000F03F15
S21400C360A24B03EBC70393ED007B219B002B8DEDC7
S21400C370067B9FDAB9F1000F9CDC7FF4C3AE9C4BC2
S21400C3800022DDE906011DF0E9F9DDE9042320F0CD
S21400C39063FF044600287FF4B5AE3E462546B4E06B
S21400C3A0DDE90C34CDE90434159B002B01DB0E2FA0
S21400C3B0D6DD209A012A36DC139A82B303F2334381
S21400C3C00B9CDDF82480099A1A4409920A9A0121E6
S21400C3D01A4458460A921EF00DFF054687E53E466B
S21400C3E053469A4613F8012D392A06D1089A9A42DE
S21400C3F0F7D10899302201360A701A7801321A707D
S21400C40038E77C4B00221DF0A9F9002200230446E1
S21400C4100D4620F003FF00283FF450AF82E7149B40
S21400C420C3F13603CCE70B9B09F1FF34A34208DBCC
S21400C430B9F1000FA3EB04040EDBDDF824804B46B5
S21400C440C1E70B9B0F9A0B94E31A1A44DDF824807D
S21400C4500F924B460024B6E7099BA3EB090800237E
S21400C460B1E7039E72E50B9A039971E5039673E5AF
S21400C470209B012B17DC049BABB9059BC3F313036E
S21400C4809BB9059B23F00046360D360536B1099B51
S21400C490013309930A9B01330A9301260F9B002B55
S21400C4A07FF471AD0F96012076E50026F6E73FF49F
S21400C4B087AD099A1C331A4409920A9A1A4498447A
S21400C4C00A927DE50346F4E7069B002B2BDC209BB7
S21400C4D0022B09DC27E0B9F1000F1DDC209B022BA4
S21400C4E01ADDCDF818903E46069B002B7FF40CAE66
S21400C4F02146052258461EF0EDFD014604460398E7
S21400C5002CF06EF900287FF7FFADDDF820A0312370
S21400C5100AF8013B0136FBE50E9BCDF818903E4627
S21400C520002B7FF484AD089F039821462CF081F8F9
S21400C53000F1300907F8019B089B069AFB1A9A42FD
S21400C54040F3CB80039900230A2258461EF0C2FD12
S21400C5500390E9E72A690232920005F10C010C30DB
S21400C5602CF051F80122394658461EF05DFF089B14
S21400C570089A03F1010A069B13440A93049B03F0EE
S21400C5800103A8460B9305460AF1FF33214603989C
S21400C59006932CF04EF84146099000F130090398B6
S21400C5A02CF01EF92A462146074658461EF0A8FFDC
S21400C5B0C268014602B358461EF06AFD002F3ADAFA
S21400C5C00399012258461EF02FFF214603902CF0B7
S21400C5D007F9002803DC29D119F0010F26D0B9F19C
S21400C5E0390F1DD132E02846C1E700BF50CE030008
S21400C5F000001440000024400E9003982CF0F0F841
S21400C6000E990C9058461EF043FD0C9A5ABB209B80
S21400C61053B90B9B43B9B9F1390F17D0002F05DD7D
S21400C620099B03F1310901E0002F2ADADDF818A092
S21400C6300AF8019B6EE5209B3B4304D1049B03F064
S21400C6400103002BBCD0B9F1390F36D1069F392330
S21400C65007F8013BBA46013F1AF8013C392B5BD07C
S21400C66001333B7056E5002F06DB209B3B4306D18B
S21400C670049B03F0010313B9002AA1DCD6E7002AC5
S21400C680E1DC0A9B0AF8019C534557462FD00399D4
S21400C69000230A2258461EF01DFDA84503904FF0C1
S21400C6A000034FF00A02414658460BD11EF012FD19
S21400C6B0804605460AF1010A66E7DDF818A009F18A
S21400C6C00109B5E71EF006FD2946804600230A222A
S21400C6D058461EF0FFFC0546ECE7069B002BC8BF3D
S21400C6E01F46089BD8BF01271F444FF00008039938
S21400C6F0012258461EF098FE214603902CF070F852
S21400C7000028A7DC02D119F0010FA3D1BA4617F80A
S21400C710013D302BFAD0FDE4089BBB429AD1089A23
S21400C720312301361370F5E4249B002B7FF422AAF4
S21400C730014BFFF741BA00BF30CD030000000000F8
S21400C7402DE9F04F9DB082460F92002218920C46BB
S21400C7504FF000084FF000090A46179211782B296F
S21400C7603BD02CD80D2926D8082926D800292FD02A
S21400C77000220D92179D2A78302A7BD16A7802F023
S21400C780DF02582A6CD102930D9B019318AB0093DD
S21400C790884A19AB17A950461FF042FB10F00F0647
S21400C7A004463ED0062E1AD10F9B0BB101351D60F4
S21400C7B04046494640E02029DAD10132CDE72D290E
S21400C7C0D6D101210D91511C17915278002AD1D152
S21400C7D00F9B002BECD01C60EAE70021F2E7189ACA
S21400C7E03AB135211AA82CF046F8189950461EF092
S21400C7F04FFC013E199A042E06D8DFE806F0200307
S21400C800292C2000DDE91A89E10548BF49F00049D6
S21400C81029F000431B0D1B051BB91FF0D7FA222376
S21400C82003600F9B13B10F9A179B13600D9B002B91
S21400C830BED0404609F100411DB0BDE8F08FDDE9ED
S21400C8401A8302F2334223F4801343EA0259DBE7E9
S21400C850DFF86891D8E76FF000494FF0FF38D3E76C
S21400C860179B5A1C17925B78302BF9D0002BD8D028
S21400C870012300E000230027CDE905770493179BEA
S21400C8800A930A2217980578A5F13003D9B2092928
S21400C89024D9494901222CF02DFA00282DD0002059
S21400C8A02A46059D83460346652A01D0452A13D1AC
S21400C8B01DB9049A02438BD00025179C621C179260
S21400C8C062782B2A6DD02D2A71D04FF0000CA2F181
S21400C8D03001092978D91794002696E00599082989
S21400C8E0DDBF069902FB0133069302FB0737059B63
S21400C8F00130013305931790C4E7179B5A1C179213
S21400C9005A78059BABB383461D46A2F13003092B2C
S21400C91012D90123C8E7179B5A1C17925A78013080
S21400C920302AF8D0A2F13103082B00F2ED84179BD1
S21400C9300A93834600200546303A00F1010312D0E0
S21400C9409B4400EB050C2B460A219C4513D12B1863
S21400C950082B05F10105054419DC06990A2303FB9B
S21400C960012306930023179A511C179152781846F4
S21400C970CBE70598D4E7082B03F1010303DC069EFA
S21400C9804E430696E1E7102BD8BF4F43DDE70F2B4B
S21400C990DCBF0A2303FB0727E4E74FF0000B012365
S21400C9A087E74FF0000CA21C1792A2788FE74FF093
S21400C9B0010CF8E730CF030018CF03000000F07F2B
S21400C9C0179A511C17915278302AF9D0A2F13101EA
S21400C9D0082981D8303A0792179A0C92179A561C53
S21400C9E017965278A2F1300EBEF1090F38D90C997D
S21400C9F0761A082E44F61F6603DC07998E42A8BFF7
S21400CA000E46BCF1000F00D07642002D4FD104999F
S21400CA1008437FF406AF002B7FF4DAAE692A29D0EC
S21400CA2026DC492A26D04E2A7FF4D2AE9A4917A889
S21400CA302CF0EAF900283FF4CBAE179B1B78282B86
S21400CA402FD196491AAA17A82CF0F2F9052828D152
S21400CA501B9BDDF8688043F0FF4949F4E009E0E6F7
S21400CA60079E0A2101FB0621A1F130020792B5E7D5
S21400CA706E2AD9E78A4917A82CF0C6F900283FF491
S21400CA80A7AE179B8749013B17A817932CF0BCF954
S21400CA9010B9179B01331793DFF818924FF0000870
S21400CAA0BFE681481FF098F980468946B9E6A6EBAE
S21400CAB00B030C93059B0698002B08BF2B46102DE6
S21400CAC005932C46A8BF10241CF0CEFD092D8046E9
S21400CAD0894611DC0C9B002B3FF4A3AE0C9B76DD45
S21400CAE0162B43DC714901EBC301D1E90001424634
S21400CAF04B461CF033FED7E76C4B03EBC40353E9FD
S21400CB0012231CF02BFE8046384689461CF0ACFDEE
S21400CB1002460B46404649461CF06AFC0F2D8046EE
S21400CB208946D7DD0C9B2C1B1C44002C25DC00F012
S21400CB30A280644214F00F020AD05C4B03EBC203DF
S21400CB4040464946D3E900231CF032FF804689461A
S21400CB50241100F090801F2C40F3B28022234FF067
S21400CB6000084FF00009CAF800305AE60C9AC5F1E2
S21400CB702503934219DA2C1B144414F00F030AD031
S21400CB804A4901EBC30142464B46D1E900011CF07D
S21400CB90E5FD8046894634F00F046CD0B4F59A7FE4
S21400CBA041DD2223CAF8003076E7404CC5F10F0578
S21400CBB004EBC50142464B46D1E900011CF0CEFD10
S21400CBC00C9B5D1B04EBC504D4E9002391E71633E8
S21400CBD0A8DB364BABEB060203EBC203D3E900231C
S21400CBE0404649461CF0E4FE5EE7002306932223F7
S21400CBF0DFF8C090CAF800304FF000081899504689
S21400CC001EF046FA069950461EF042FA059950461E
S21400CC101EF03EFA109950461EF03AFA0799504612
S21400CC201EF036FAFDE50023214F049324114046FA
S21400CC304946012C22DC0BB180468946049B1C49E0
S21400CC40A9F1547901EBC30142464B46D1E90001F4
S21400CC501CF084FD174B0A460B4017498B42804652
S21400CC609FD8A1F580118B4286BFDFF850904FF019
S21400CC70FF3802F15479002304934CE0E20704D510
S21400CC80D7E900231CF06AFD0123049A01320492BE
S21400CC9064100837CDE700BF04CD03001CCF0300A7
S21400CCA0FCCC030033CD0300839C030050CE03006E
S21400CCB028CE03000000F07F0000A07CFFFFEF7F7F
S21400CCC014F0100318BF6A23AB4F0493404649463E
S21400CCD00023E20704D5D7E900231CF03FFD01231B
S21400CCE0641007F10807F4D10BB180468946049B0F
S21400CCF043B1C9F30A52C2F16B03002B494650DC1C
S21400CD006A230493002200234046494620F086FA10
S21400CD1000287FF423AF069B0093059A0A992B46BA
S21400CD2050461EF01DFA109000283FF43AAF0C9BB8
S21400CD30ABEB060B002BB4BF5B46002311930C9B9A
S21400CD4023EAE3731593002307930593109B50463D
S21400CD5059681EF05DF9069000283FF448AF109B16
S21400CD601A69023203F10C0192000C302BF04BFCD6
S21400CD701AAB019319AB009342464B465046CDE999
S21400CD800A891EF0BBFC189000283FF430AF012142
S21400CD9050461EF02FFA05900346D0B9002305939F
S21400CDA025E71F2B0EDD342BDEBF4FF0FF33C2F11D
S21400CDB04B0293404FF00008CCBF4FF05C7903EA7B
S21400CDC001099DE74FF0FF3202FA03F303EA080871
S21400CDD096E7199C1A9A002CABBF119B159B159EC3
S21400CDE0119FACBFE7181E1B049BE41A1444634B48
S21400CDF0013C9C42C2F1360280F2B2801B1B1F2B04
S21400CE00C2BFC4F17F4404F57F0404F57B444FF0B1
S21400CE100105C8BFE234A2EB0302DABF9D4000243E
S21400CE2005FA04F407EB020B049B5F4516441E4408
S21400CE303B46A8BF5B46B342A8BF3346002BC2BFE3
S21400CE40ABEB030BF61AFF1A119B002B16DD0599A8
S21400CE501A4650461EF08EFA059000289ED00146CF
S21400CE60189A50461EF0DCF90E9000283FF4BFAE2C
S21400CE70189950461EF00CF90E9B1893BBF1000F44
S21400CE8071DC0C9B002B08DD159A069950461EF0A7
S21400CE9071FA069000283FF4A8AE002E08DD069929
S21400CEA0324650461EF0C0FA069000283FF49DAE6B
S21400CEB0002F08DD05993A4650461EF0B5FA059053
S21400CEC000283FF494AE069A189950461EF018FBB8
S21400CED0079000283FF48BAEC3680E930023059995
S21400CEE0C3602BF07DFC00284ADA0E9B53EA080349
S21400CEF040F0BC80C9F31303002B40F0B78029F044
S21400CF0000431B0D1B05B3F1D66F40F2AF80079BA5
S21400CF105B6923B9079B1B69012B40F3A780079920
S21400CF20012250461EF080FA059907902BF058FC17
S21400CF30002840F39B8029F00043049A1B0D1B0534
S21400CF40002A79D0B3F1D66F6DD8B3F15C7F45D89F
S21400CF504FF000084FF000092223CAF800304DE6D3
S21400CF60002401255EE718995A4650461EF05CFAE2
S21400CF701890002885D13AE648CF030002FCFFFF50
S21400CF80CB4640F0A4800E9AC9F31303002A41D082
S21400CF909B4A934259D1049B42467BB9B8F1FF3F66
S21400CFA040F08A80974B99453FF421AE964BDDF8CA
S21400CFB0108009EA030303F580191FE6924B09EA7D
S21400CFC00303B3F1D46F17D918F101011CD18D4AB0
S21400CFD091453FF40CAE03F5801980468B4B4046D6
S21400CFE0494600221CF0BAFB874B0B408046894618
S21400CFF0002B7FF403AEAFE71E0DC6F16B064FF0B5
S21400D000FF31B1408845E6D0002C5ED014EA0B0F05
S21400D010E4D01EE0002B4AD1B8F1000F8BD064B3E9
S21400D02014EA0B0F2BE0A3F580136FEA13596FEA8F
S21400D03009594FF0FF38D1E7A3F580136FEA13596B
S21400D0406FEA09594FF0FF38D8E59CB114EA090F8A
S21400D0500CD0049A404649462BF059FC02460B4633
S21400D060DDE90A011CF0C4F980468946049B002BC2
S21400D070B4D1C3E515EA080FEAE718EA050FF5D0BC
S21400D080049A404649462BF042FC02460B46DDE930
S21400D0900A011CF0ABF90022002304460D4620F0DE
S21400D0A0BDF800287FF454AFA046A946DEE7002C62
S21400D0B0B6D115EA080FE2E724B114EA090F3FF4E7
S21400D0C09DADC6E718EA050FF9E72A42A0E70599DD
S21400D0D007982BF0A0FB00224FF0804304460D4635
S21400D0E020F0B0F800286BD00E9B002B76D1B8F15C
S21400D0F0000F54D1C9F31303002B57D1444B002221
S21400D1002046294620F094F8002856D12046294685
S21400D110404B00221CF022FB04460D4605F100435E
S21400D12008940993384B0BEA03031493149A3A4B6A
S21400D1309A42DDE9086740F0A880ABF15479404692
S21400D14049461EF071FADDE908231CF007FB42464B
S21400D1504B461CF04DF90B462B49304A194091427C
S21400D16080465DD90B9A274B9A4203D10A9B01331E
S21400D1703FF43DADDFF88C904FF0FF3818995046DD
S21400D1801DF086FF069950461DF082FF0599504611
S21400D1901DF07EFF079950461DF07AFFD6E5B8F1E0
S21400D1A0010F03D1B9F1000F3FF4D2AE9FED107B13
S21400D1B0174D8DED087B0024B4E7164D0024ADE72F
S21400D1C0144B2046294600221CF0C8FA0E9B044643
S21400D1D00D46002BA2D0CDE90845A3E79FED067BC0
S21400D1E08DED087B55EC174B9CE700BFAFF3008036
S21400D1F0000000000000F0BF000000000000F03F4C
S21400D200FFFF0F00FFFFEF7F0000F07F00005039A8
S21400D2100000F03F0000E03F0000E07FFFFF9F7C43
S21400D22003F15479049B4E46002BA7D129F0004306
S21400D230149A1B0D1B059A42A0D12046294620F0C1
S21400D24085F81CF05DFA0B460246294620461CF07F
S21400D250CDF8C9F313060E9B46EA08061E4304469D
S21400D2600D464BD02EA3D3E900231FF0E1FF002884
S21400D2707FF4C4AC2CA3D3E90023204629461FF034
S21400D280F5FF00283FF47AAFB8E4049B13B3149B71
S21400D290B3F1D46F1ED826A3D3E90023204629462F
S21400D2A01FF0D0FF90B1294620461CF091FC0128C3
S21400D2B038BF01201CF0D8F90E9B04460D46D3B9A2
S21400D2C001F1004312901393DDE91267149A07F1F7
S21400D2D0D6639F1ADDE90A011EF0A6F902460B4640
S21400D2E0304639461CF03AFADDE90A231CF080F88D
S21400D2F08046894696E7CDE91245E5E70EA3D3E9D1
S21400D30000231FF095FFBCE7652A3FF446AB452A8D
S21400D3103FF443AB0123FFF77ABB00BFAFF30080B7
S21400D3209535A094FFFFDF3F35E5AF350000E03FC1
S21400D3300000C0FFFFFFDF419535A094FFFFCF3F01
S21400D3402DE9F04F23F00049064659EA020093B053
S21400D35014461D460F4610D1B319264987F40022FD
S21400D36052419842914120D222462B4630463946B9
S21400D3701CF03EF813B0BDE8F08F11461E4A27F0A9
S21400D380004B93459A46B846334613D908F14048B1
S21400D39008F5801858EA0308E6D12319154985F4DC
S21400D3A00022524198459141DED31449002013B023
S21400D3B0BDE8F08F15D09145E8D8DE4600F0AE8384
S21400D3C0B8F1000F1CDB002940F0BD830B488145F7
S21400D3D040F02B84BAF1000FC0F2FA84304639468A
S21400D3E0C8E7002EC0D1D945BED800F05684DE4628
S21400D3F0E6E700BF0000F0FF0000F07F0000F03F0F
S21400D400D748814500F2EC83D64881450FD94FEACC
S21400D4102950A0F2FF30142840F3C184C0F1340034
S21400D42021FA00FC0CFA00F0884200F02E83002956
S21400D43040F03D83BAF1804F00F0328300913046D1
S21400D4403946CDF810E002931EF0E2FF029BDDF8AD
S21400D45010E0002B00F03883009A4FEAD873013BA7
S21400D4600A93134300F08283BF4B994500F2CC83A6
S21400D470BE4B08EA0303002B40F01384BC4B00228B
S21400D4801CF06CF96FF034068E464FEA2E53A3F26A
S21400D490FF339F19B74B0B97CEF3130242F07F561C
S21400D4A09A4246F4401640F35884B34B9A4240F3EF
S21400D4B0A2849FED977B8DED087B9FED977B8DED8E
S21400D4C0067B9FED937B8DED107B01370B97A6F5C2
S21400D4D080160027DDE90623314682461BF086FFCC
S21400D4E0B346DDE906238046894650463146CDE9F7
S21400D4F00CAB1BF07DFF02460B4600209F491CF03C
S21400D50057FA8C46834663465A4640464946CDE916
S21400D5100EBC1CF023F90A460146CDE90212CDE9FD
S21400D5200412002102917610DDE902AB46F00056A7
S21400D53006F500230020D91906460F4602460B467C
S21400D540504659461CF00AF902460B4640464946E4
S21400D5501BF04CFFDDE906238046894630463946F7
S21400D5601BF044FF02460B46DDE90C011BF03EFFB4
S21400D57052465B461CF0F2F802460B4640464946C9
S21400D5801BF034FFDDE90E231CF0E8F8DDE9046744
S21400D590CDE9060132463B46304639461CF0DEF8F9
S21400D5A05FA3D3E9002306460F461CF0D7F85EA318
S21400D5B0D3E900231BF01CFF32463B461CF0CEF896
S21400D5C05BA3D3E900231BF013FF32463B461CF057
S21400D5D0C5F859A3D3E900231BF00AFF32463B46A1
S21400D5E01CF0BCF856A3D3E900231BF001FF32461B
S21400D5F03B461CF0B3F854A3D3E900231BF0F8FE17
S21400D6003246804689463B46304639461CF0A6F8E8
S21400D61002460B46404649461CF0A0F852460646CF
S21400D6200F465B46DDE904011BF0E2FEDDE906235A
S21400D6301CF094F832463B461BF0DAFE5246804613
S21400D64089465B46504659461CF088F802460B460B
S21400D650CDE90C234A4B00221BF0CAFE42464B463D
S21400D6601BF0C6FE00260F4632463B46504659463D
S21400D6701CF074F8424B82468B46002230463946F0
S21400D6801BF0B4FEDDE90C231BF0B0FE02460B4691
S21400D690404649461BF0AAFEDDE904231CF05EF86E
S21400D6A032463B4606460F46DDE906011CF056F8B4
S21400D6B002460B46304639461BF09AFE804689469F
S21400D6C042464B46504659461BF092FE002620A383
S21400D6D0D3E9002330460F461CF040F85246CDE909
S21400D6E004015B46304639461BF080FE02460B4678
S21400D6F0404649461BF07AFE17A3D3E900231CF0E8
S21400D7002DF802460B463046394616463AE000BF2C
S21400D7100000000000000000000000000000F03FD5
S21400D720EF4E454A287ECA3F65DBC9934A86CD3F01
S21400D73001411DA96074D13F4D268F515555D53FE7
S21400D740FFAB6FDBB66DDB3F033333333333E33F7F
S21400D750000000E009C7EE3FFD033ADC09C7EE3FD4
S21400D760FFFF3F43FFFFEF3F0000E0410000F07F78
S21400D770000040438E98030079B60B000000F03F8F
S21400D780000008401F460FF25043D3E900231BF069
S21400D790E5FF02460B46304639461BF029FEDDE91A
S21400D7A010231BF025FE80460B9889461BF06CFF65
S21400D7B0424682468B464B46DDE904011BF018FEC6
S21400D7C0DDE908231BF014FE52465B461BF010FEF4
S21400D7D0002652465B4630460F461BF007FEDDE944
S21400D7E008231BF003FEDDE904231BF0FFFD0246C1
S21400D7F00B46404649461BF0F9FD009B0A9A013B42
S21400D800134382468B4600F043829FEDDB7B8DED13
S21400D810047B0023CDE900450093DDE9008920461E
S21400D820424629464B461BF0E1FD32463B461BF07E
S21400D83095FF22462B4604460D46504659461BF099
S21400D8408DFF02460B46204629461BF0D1FD424678
S21400D85004460D464B4630463946CDE902451BF098
S21400D8607DFF06460F46204629463B4632461BF0BD
S21400D870BFFDD54B994204460D46884640F3E481E9
S21400D88001F13F4303F5E003034340F0C882BCA325
S21400D890D3E90023DDE902011BF0AAFD02460B4690
S21400D8A02046294614461D4632463B461BF09EFD42
S21400D8B002460B46204629461FF0D8FC002840F0BA
S21400D8C0AE824FF400734344C3F30A52BF4CA2F235
S21400D8D0FF321441C3F3130AC2F11402002004EA13
S21400D8E003014AF4801A4AFA02FA0B460246B8F1D5
S21400D8F0000F30463946B8BFCAF1000A1BF076FD65
S21400D90002460B4606460F46DDE902011BF070FD97
S21400D9104FEA0A5B0D4600249BA3D3E9002320466A
S21400D92029461BF01BFF3246804689463B4620466A
S21400D93029461BF05BFD02460B46DDE902011BF0A3
S21400D94055FD93A3D3E900231BF008FF02460B46C0
S21400D9502046294614461D468FA3D3E900231BF014
S21400D960FDFE02460B46204629461BF041FD0646B4
S21400D9700F4632463B46404649461BF039FD424676
S21400D9804B4604460D461BF031FD02460B4630461C
S21400D99039461BF02BFD2246804689462B462046FC
S21400D9A029461BF0DBFE7EA3D3E9002306460F467E
S21400D9B01BF0D4FE7CA3D3E900231BF017FD3246F0
S21400D9C03B461BF0CBFE7AA3D3E900231BF010FDE9
S21400D9D032463B461BF0C2FE77A3D3E900231BF07A
S21400D9E005FD32463B461BF0B9FE75A3D3E900237E
S21400D9F01BF0FEFC32463B461BF0B0FE02460B46D2
S21400DA00204629461BF0F2FC06460F4632463B46A9
S21400DA10204629461BF0A2FE02460B4630463946F3
S21400DA2016461F4600224FF080431BF0DFFC0246DE
S21400DA300B46304639461BF0BBFF424606460F46AD
S21400DA404B46204629461BF089FE42464B461BF0B5
S21400DA50CFFC02460B46304639461BF0C7FC224632
S21400DA602B461BF0C3FC02460B46002058491BF011
S21400DA70BDFC0C465C44B4F5801FC0F2CC81214648
S21400DA80DDE904231BF06AFE74E40CF0010CCCF113
S21400DA9002020092002958D1BAF1804F7FF4CFAC31
S21400DAA032463B46304639461BF058FE62E4304666
S21400DAB03946CDF808E000931EF0AAFC009BDDF87E
S21400DAC008E0002B52D10093414B28F0404C9C4577
S21400DAD003D0BBF1000F7FF4BFACBAF1000F05DA3C
S21400DAE002460B4600203A491BF062FFB8F1000FD1
S21400DAF0BFF640AC009B0BF1404B0BF5801B5BEA7E
S21400DB00030B40F06F8102460B46104619461BF089
S21400DB106DFC02460B461BF04BFF2BE4002C7FF4FB
S21400DB2035AC0BF1404202F5801232433FF43DAC77
S21400DB30284B9B4540F22681BAF1000FC0F279814E
S21400DB402046294616E40022009230463946CDF893
S21400DB5010E002931EF05CFC029BDDF810E0002B48
S21400DB60B2D04FEAD873013B0A937DE432463B4677
S21400DB70CBE700BFAFF30080000000000000F03FDE
S21400DB80FE822B654715973C00000000432EE63FBB
S21400DB90EF39FAFE422EE63F396CA80C615C20BED7
S21400DBA0D0A4BE726937663EF16BD2C541BDBB3E9E
S21400DBB02CDE25AF6A56113F93BDBE166CC1663F7C
S21400DBC03E5555555555C53FFFFF8F400000F0FFA9
S21400DBD00000F03FFFFFEF3FF5015B14E02F3EBE75
S21400DBE0002900F02A8130463946CDF808E0009337
S21400DBF01EF00EFC009BDDF808E0002B00F0F08025
S21400DC000223009300230A93AF4B9945AF4B4BD9A1
S21400DC109B4540F2B180BAF1000F40F3B18000207E
S21400DC2013B0BDE8F04F1EF01DBCBAF1804F3FF4B4
S21400DC3037AFA74882457FF401AC3046394613B06B
S21400DC40BDE8F04F1EF014BCDFF894C221F000438C
S21400DC50634540F2B5809F4B0B4403430AD13246DE
S21400DC603B461BF0C3FBDDE902231FF0F5FA002854
S21400DC703FF427AEDDE90401002200231FF0D8FAA6
S21400DC80003818BF012013B0BDE8F04F1EF0E4BB0B
S21400DC909FED797B8DED047BBBE5002C7FF464ABB8
S21400DCA046E70026FFF7F1BB9B4565D38A4B9B45AD
S21400DCB0B1D8894B00221BF099FB71A3D3E900234E
S21400DCC006460F461BF04AFD6FA3D3E900238246A3
S21400DCD08B46304639461BF041FD804BCDE90201AC
S21400DCE00022304639461BF039FD02460B4668A135
S21400DCF0D1E900011BF07AFB32463B461BF02EFDB5
S21400DD0002460B46002072491BF070FB32468046E6
S21400DD1089463B46304639461BF020FD02460B46F8
S21400DD20404649461BF01AFD5BA3D3E900231BF0CF
S21400DD3015FD02460B46DDE902011BF057FB804647
S21400DD40894642464B46504659461BF051FB002634
S21400DD5052465B460F46304647E59FED517B8DEDBC
S21400DD60087B9FED517B8DED067B9DED087B0027A4
S21400DD708DED107BFFF7AEBBBAF1000FFFF64FAF8D
S21400DD80002080E7BAF1000F4FF000004FF00001CE
S21400DD90BFF6F0AA204605F10041FFF7EBBA0029CE
S21400DDA07FF485AEC0F1140049FA00FC0CFA00F0CE
S21400DDB048454AD0484881453FF40CABFFF73ABB8C
S21400DDC0434A934250D8DDE9002393469246A2E5A3
S21400DDD032463B46404900201BF0EAFDFFF7CABA30
S21400DDE0022370E6009B012B7FF4C4AA01F10043D6
S21400DDF01946FFF7BFBA9FED2E7B8DED087B9FED92
S21400DE002E7B8DED107B9FED2E7B4FF480278DEDC6
S21400DE10067BFFF75FBB524600F066F830E6DDE9AA
S21400DE200401002200231FF003FA003818BF012067
S21400DE30F6E600200021FFF79DBABAF1804F3FF4C6
S21400DE402FAE02220092FFF7FABA234989453FF423
S21400DE50C1AABAF1804F3FF423AE0CF0010CCCF10E
S21400DE6002020092FFF7EBBA1B15A3F2FE334FF443
S21400DE70801242FA03F326E5000000000000F0BF1F
S21400DE80000000604715F73F44DF5DF80BAE543ED8
S21400DE90555555555555D53FFE822B654715F73FC9
S21400DEA00000000000000000000000000000F03F3E
S21400DEB00000004003B8E23F06D0CF43EBFD4C3EE7
S21400DEC0000000000000F83F0000F043FFFFEF3FB7
S21400DED00000E03F00346F3F0000F03F0000D03FFE
S21400DEE0FFCB90400000000070B51646C1F30A5202
S21400DEF004460D460B465ABB21F00043034326D08A
S21400DF00354B00221BF02AFC344B9E4204460D463D
S21400DF104ADBC1F30A520B46363A4CF250318E4277
S21400DF201EDC164440F2FE72964219DC002E2BDCF4
S21400DF3016F1350F30DB23F0FF4323F4E0033636CB
S21400DF4043EA06512046264B00221BF007FC70BD14
S21400DF5040F2FF7C6245E0D102461BF049FA70BDF4
S21400DF60002D15A1D1E9000105DB13A3D3E9002399
S21400DF701BF0F4FB70BD10A3D3E9002310A1D1E978
S21400DF8000011BF0EBFBF5E723F0FF4323F4E0036F
S21400DF90204643EA065170BD002D0BA1D1E90001D1
S21400DFA002DA0BA1D1E9000107A3D3E900231BF095
S21400DFB0D5FB70BDAFF300809C7500883CE4377ECF
S21400DFC09C7500883CE437FE59F3F8C21F6EA50125
S21400DFD059F3F8C21F6EA58100005043B03CFFFF06
S21400DFE00000903C0348044B834202D0034B03B12D
S21400DFF018477047E40E0020E40E002000000000E2
S21400E0000548064B1B1AD90F01EBA301491002D095
S21400E010034B03B118477047E40E0020E40E0020BF
S21400E0200000000010B5064C237843B9FFF7DAFF6E
S21400E030044B13B10448AFF300800123237010BDD6
S21400E040EA20002000000000A0D1030008B5054B20
S21400E0501BB105490548AFF30080BDE80840FFF74F
S21400E060CFBF00BF0000000028110020A0D1030091
S21400E070A3F5803A704700BF174B002B08BF134B21
S21400E0809D46FFF7F5FF00218B460F461348144ABE
S21400E090121A2AF0ADFA0E4B002B00D098470D4B03
S21400E0A0002B00D098470020002104000D000D48EA
S21400E0B0002802D00C48AFF300801CF037FF200089
S21400E0C029001FF07DF91BF023FF00BF00000800A9
S21400E0D00000000000000000C00A0020E40E00203F
S21400E0E030240020000000000000000010B50320CF
S21400E0F001F0FCF878B1084C0849206820F0EAFAEC
S21400E1001FF00DFA1FF00CFA2068054A0549BDE815
S21400E110104020F0DFBA10BD38120020A09A03008D
S21400E1209D9B0300C1CF030070B50368A04A23F48B
S21400E1307F4323F007039342ADF5067D044600F0C7
S21400E140E78119D8A2F18272934200F05B810AD867
S21400E150984A93423ED002F5A022934200F0E38014
S21400E1600DF5067D70BD944A9342F9D10DF5067DF6
S21400E170BDE8704000F018BB904A934200F0C281A0
S21400E1808F4A934200F0D0818E4A9342E8D143688A
S21400E1909A070DD502A800F009FC4FF4827202A976
S21400E1A045A82AF030FA0122114645A800F008FAE0
S21400E1B06368DB07D4D502A800F0ECFB02A94FF495
S21400E1C0827245A82AF01FFA0022012145A800F015
S21400E1D0F7F9C5E77C4E304610F0CEF8054610B38A
S21400E1E07A4C7B49206820F075FA7A49206820F03E
S21400E1F071FA1FF094F91FF093F9774B0093774A62
S21400E200774920685B2320F065FA7649764A2068CD
S21400E2102B4620F05FFA284601F0AEF873492068D6
S21400E22020F058FAFEE73078022110F0DFF80446B6
S21400E23010B3664D6649286820F04CFA6549286890
S21400E24020F048FA1FF06BF91FF06AF9624B009352
S21400E250624A63492868602320F03CFA6149624AB2
S21400E2602868234620F036FA204601F085F85F49F4
S21400E270286820F02FFAFEE70090A02203461146F9
S21400E280307810F091F8054610B3504C504920688D
S21400E29020F020FA4F49206820F01CFA1FF03FF9C2
S21400E2A01FF03EF94C4B00934C4A4D4920686923B9
S21400E2B020F010FA4B494C4A20682B4620F00AFA08
S21400E2C0284601F059F84949206820F003FAFEE78D
S21400E2D03078022110F09EF8054600283FF440AF43
S21400E2E03A4C3B49206820F0F5F93A49206820F07E
S21400E2F0F1F91FF014F91FF013F9374B0093374A62
S21400E300374920686D2320F0E5F93649364A2068FB
S21400E3102B4620F0DFF9284601F02EF83349206816
S21400E32020F0D8F9FEE7032000F0E0FF68B1274CA4
S21400E3302F49206820F0CEF91FF0F1F81FF0F0F812
S21400E3402C4A2D49206820F0C5F900F0C5FD00F0E4
S21400E3504DFF00F0E3FE032000F0C8FF60B11B4C49
S21400E3602349206820F0B6F91FF0D9F81FF0D8F836
S21400E3702249206820F0AEF9032000F0B7FF0028FD
S21400E3803FF4EEAE114C1A49206820F0A3F91FF0B6
S21400E390C6F81FF0C5F8246800F08AFC0B4618493A
S21400E3A0024620460DF5067DBDE8704020F092B985
S21400E3B0A0000A02A0000100A0000A01A0000A03B3
S21400E3C02000090AA0000103A00E00203812002039
S21400E3D0829C0300A59A03008E9B0300AA9A030062
S21400E3E0B39A0300C29A0300BF9A0300D79A0300A9
S21400E3F0A09A03007F9B0300E89A0300009B03009B
S21400E4001A9B0300032000F071FF68B14A4C4B4989
S21400E410206820F05FF91FF082F81FF081F8484A64
S21400E4204849206820F056F9474C022120780FF022
S21400E430DDFF054610B3404C4449206820F04AF9F9
S21400E4404349206820F046F91FF069F81FF068F885
S21400E450404B0093404A41492068822320F03AF915
S21400E4603F49404A20682B4620F034F9284600F001
S21400E47083FF3D49206820F02DF9FEE72078022131
S21400E4800FF0C8FF054610B32B4C3049206820F02B
S21400E49021F92F49206820F01DF91FF040F81FF0E1
S21400E4A03FF82C4B00932C4A2C492068872320F0F9
S21400E4B011F92B492B4A20682B4620F00BF92846E9
S21400E4C000F05AFF2849206820F004F9FEE700F023
S21400E4D0D5FE00F06DFE032000F008FF00283FF494
S21400E4E03FAE154C1549206820F0F4F81FF017F8D9
S21400E4F01FF016F81D4920680DF5067DBDE8704032
S21400E50020F0E8B80DF5067DBDE8704000F098B93B
S21400E510B0F80530222B7FF423AE00210DF5067DE2
S21400E520BDE8704000F0ECB8B0F80530222B7FF460
S21400E53017AE0121F2E700BF38120020A09A0300B0
S21400E5407F9B03003D9B0300A00E0020829C0300DF
S21400E550A59A03008E9B0300AA9A0300B39A0300B1
S21400E560C29A0300BF9A0300D79A0300559B030084
S21400E57038B50320B1F8054000F0B8FE68B10D4D7F
S21400E5800D49286820F0A6F81EF0C9FF1EF0C8FF47
S21400E5900A492868224620F09DF81B2C02D01E2C23
S21400E5A005D038BD0120BDE838400FF0C1BE0220BE
S21400E5B0F9E700BF38120020A09A0300A69B0300CC
S21400E5C0F0B5474D03792B704379464E0C4681795A
S21400E5D085B043EA01233380012A4FF002030393F8
S21400E5E02DD09A4247D022BB032000F07FFE88B190
S21400E5F03D4F3E49386820F06DF81EF090FF1EF043
S21400E6008FFF3F6800F054FB02460B4638463849F9
S21400E61020F060F800F06AFB00EB800000EB800062
S21400E6208000ADF80A00039A0DF10A0102A829F04D
S21400E630EAFF002C41D0012C4AD005B0F0BD0320E3
S21400E64000F054FE88B1284F2849386820F042F878
S21400E6501EF065FF1EF064FF3F6800F0B3F9024647
S21400E6600B463846234920F035F800F0CFF900EB8A
S21400E67080004000D5E7204B18681FF0A8FA012854
S21400E6800CBF312330238DF80830032000238DF88B
S21400E690093000F02BFE0028CBD0134F1349386802
S21400E6A020F018F81EF03BFF1EF03AFF9DF80820F9
S21400E6B01249386820F00EF8BBE703AB019302ABB3
S21400E6C000933188039B287822460FF0DFFEB4E7DC
S21400E6D0039A3188287802AB0FF01AFFADE700BF27
S21400E6E0F4220020A220002038120020A09A030066
S21400E6F0CD9B0300DF9B030010A00300F49B0300E8
S21400E700F8B5224E0379337043798279204F43EA75
S21400E71002230A303B801EF050FE1E4B0446312C6E
S21400E72018680D462DD11FF01AFA6DBB032000F0B5
S21400E730DDFD68B1184D194928681FF0CBFF1EF0A3
S21400E740EEFE1EF0EDFE1649286822461FF0C2FFB8
S21400E750032000F0CBFD68B10F4D104928681FF06C
S21400E760B9FF1EF0DCFE1EF0DBFE0E4928682246CE
S21400E7701FF0B0FF398830780022BDE8F8400FF06F
S21400E780AFBE1FF002FAD0E7F8BD00BFF4220020AB
S21400E790A220002010A0030038120020A09A030038
S21400E7A0079C03002C9C030070B51F4B02791A705F
S21400E7B0B0F805201D4E93B21E2B044632802FD093
S21400E7C0222B1AD01B2B2ED1032000F08FFD68B110
S21400E7D0174D184928681FF07DFF1EF0A0FE1EF09A
S21400E7E09FFE3288144928681FF074FF002200211B
S21400E7F02046BDE87040FFF7E3BE032000F076FD3C
S21400E80060B10B4D0B4928681FF064FF1EF087FEB1
S21400E8101EF086FE094928681FF05CFF0222E6E724
S21400E82001220021E5E770BDF4220020A22000208E
S21400E83038120020A09A0300539C03007A9C030021
S21400E840F0B5484AB0F80530474E138099B2C37900
S21400E8503370027A454D0446407A1B2942EA00226C
S21400E860C5B02A8003D01E2951D045B0F0BD012B7B
S21400E870FBD1032000F03AFD68B13D4F3D493868B2
S21400E8801FF028FF1EF04BFE1EF04AFE32783A4973
S21400E89038681FF01FFF2B8823F002039BB2012B62
S21400E8A02FD14FF482722146344829F0ACFE4FF443
S21400E8B08272214603A829F0A6FE032000F016FD6A
S21400E8C098B12B4C2B4920681FF004FF1EF027FE42
S21400E8D01EF026FE29494FF4827203A829F05EFE38
S21400E8E02749024620681FF0F5FE01230022CDE9E5
S21400E8F000322448214B244A4FF47A7105F09AFFDF
S21400E900B3E7204845B0BDE8F04005F0AFBE012BA8
S21400E910ABD1032000F0EAFC68B1154F1549386802
S21400E9201FF0D8FE1EF0FBFD1EF0FAFD32781249ED
S21400E93038681FF0CFFE2D8825F00205ADB2012DF8
S21400E9400ED14FF482722146104829F05CFE002357
S21400E950CDE900530C4A0D4B0D484FF47A71CDE7C4
S21400E9600B48CFE7A2200020EB200020A0200020AC
S21400E97038120020A09A0300849C0300F021002097
S21400E9809D9C03006011002071E50000EC20002033
S21400E9904011002010B5044904464FF4827229F055
S21400E9A032FE204610BD00BFF021002010B50449FD
S21400E9B004464FF4827229F026FE204610BD00BFA2
S21400E9C0EC20002037B501A9684600F0FBFBDDED22
S21400E9D0007AFDEEE77A002317EE900A4FF0FF323A
S21400E9E0012100F019F8074B00221AF0B7FE044682
S21400E9F00D461BF0EDF8044B29461880204603B060
S21400EA0030BD00BF00002440A4200020014B188821
S21400EA10704700BFA42000202DE9F047804610462E
S21400EA201C468A461AF030FE02460B460020144961
S21400EA301DF032FC064620460F461AF025FE02461A
S21400EA400B4600204FF080411DF026FC0446404651
S21400EA500D461AF019FE8046504689461AF014FEF6
S21400EA6002460B46404649461AF078FE32463B467A
S21400EA701AF074FE22462B461AF070FEBDE8F087A8
S21400EA800000244030B503687C4A23F47F4323F01B
S21400EA900703934289B040F0EE80794B08220021AC
S21400EAA012200FF0DDFC044610B3764D7649286838
S21400EAB01FF010FE754928681FF00CFE1EF02FFD93
S21400EAC01EF02EFD724B0093724A734928683D2350
S21400EAD01FF000FE7149724A286823461FF0FAFDAF
S21400EAE0204600F049FC6F4928681FF0F3FDFEE75A
S21400EAF001466D4B032214200FF0B2FC044610B3FF
S21400EB00604D614928681FF0E5FD604928681FF0E0
S21400EB10E1FD1EF004FD1EF003FD5D4B00935D4A13
S21400EB205D4928684B231FF0D5FD5C495C4A286880
S21400EB3023461FF0CFFD204600F01EFC59492868EA
S21400EB401FF0C8FDFEE70146584B052216200FF0C1
S21400EB5087FC054610B34B4C4B4920681FF0BAFDA6
S21400EB604A4920681FF0B6FD1EF0D9FC1EF0D8FCFE
S21400EB70474B0093474A4849206859231FF0AAFD8F
S21400EB804649474A20682B461FF0A4FD284600F059
S21400EB90F3FB444920681FF09DFDFEE70DF10F01D1
S21400EBA004A80FF0CBFC044610B3364D364928684F
S21400EBB01FF090FD354928681FF08CFD1EF0AFFC55
S21400EBC01EF0AEFC324B0093324A33492868642369
S21400EBD01FF080FD3149324A286823461FF07AFD2F
S21400EBE0204600F0C9FB2F4928681FF073FDFEE79A
S21400EBF0BDF814305BBAADF818309DF813308DF8B8
S21400EC001A30FF238DF81B30FE238DF81C309DF83C
S21400EC1012308DF81D30BDF810305BBAADF81E30DE
S21400EC20014606AB082218200FF01AFC054610B362
S21400EC30144C154920681FF04DFD144920681FF03C
S21400EC4049FD1EF06CFC1EF06BFC114B0093114A44
S21400EC501149206874231FF03DFD1049104A2068B2
S21400EC602B461FF037FD284600F086FB0D4920682E
S21400EC701FF030FDFEE709B030BD00BFA000010068
S21400EC80B09C030038120020829C0300A59A030063
S21400EC90EB9C0300B99C0300B39A0300C29A0300DE
S21400ECA0BF9A0300D79A0300E19C0300E59C03008B
S21400ECB037B501A9684600F0EBFA019800236FF01B
S21400ECC001020121FFF7A8FE064B00221AF070FE93
S21400ECD004460D461AF054FF034B2946188020467A
S21400ECE003B030BD00002440A6200020014BB3F93D
S21400ECF000007047A620002038B501F095FE0E48AB
S21400ED000E4C012101F00EFB01221146002001F0FD
S21400ED10EFFD022501221146C4F88050002001F0C4
S21400ED20E7FD0122C4F884501146002001F0E0FD02
S21400ED30C4F88850002038BD30253E0000400E4004
S21400ED4008B5204B01225A6402F0AAFFA0B91E4B58
S21400ED504AF6E852C3F89021D3F8982142F004020C
S21400ED60C3F89821C3F89001174AD2F8643143F4E7
S21400ED700053C2F8643101E00128F5D0134A136A43
S21400ED8023F4441343F488131362A2F580421368F5
S21400ED9043F48073136004F03FFC00F089FC04F039
S21400EDA0D9FB04F025FC04F0EBFBFFF7A5FF1FF0F2
S21400EDB038FC00F06FFC00F091FEBDE8084005F05E
S21400EDC047B800BF00000E4000300E4000400E4026
S21400EDD008B50448012101F0A5FABDE8084002483C
S21400EDE000F03ABF00350A00D00A002030B5204DAA
S21400EDF00FCD97B00FAC0FC495E807001D4B84E805
S21400EE0007001D4ACDE903234FF08073059303F1F5
S21400EE10022306934FF0F0511E23CDE907130E226E
S21400EE2000210DF12E0029F0E3FB144B4FF4402097
S21400EE30CDE909030C238DF82C300D238DF82D30E9
S21400EE400F4B0C9320230D9301238DF839300D4B77
S21400EE5000930FAA03AB09A90B4804F00DFE00218E
S21400EE6004464FF4E1301EF0F0FB204617B030BDEC
S21400EE70F49F030000420400000001401C00014013
S21400EE80F522002080110020D4110020012905D889
S21400EE90034B1B68186808B1436A1847704700BFE1
S21400EEA0EC0A002008B50449044805F07FF8BDE8E0
S21400EEB00840FFF79BBF00BFF00A0020F8110020B3
S21400EEC001481FF078BD00BFD4110020014B1A6A1C
S21400EED018681047D411002001481EF03DBE00BF40
S21400EEE010A00300184B834237B52AD1174B1B7866
S21400EEF03BB3C8B20FF0A2FA054610B3144C15493E
S21400EF0020681FF0E7FB144920681FF0E3FB1EF0A3
S21400EF1006FB1EF005FB114B0093114A11492068B1
S21400EF2085231FF0D7FB1049104A20682B461FF098
S21400EF30D1FB284600F020FA0D4920681FF0CAFBD6
S21400EF40FEE703B030BD00BF0012002015230020EE
S21400EF5038120020829C0300A59A030096A00300A6
S21400EF6028A00300B39A0300C29A0300BF9A0300C6
S21400EF70D79A030030B503685A4A23F47F4385B016
S21400EF8023F007030025934204460295ADF80C5083
S21400EF907DD002F5802293420ED0A2F18272934277
S21400EFA040F09D80504B1B78002B00F0988005B0F9
S21400EFB0BDE8304005F060BEB0F80530252B40F0C7
S21400EFC08E80FF2304A91A4611E903001EF0A0FA5A
S21400EFD001280ABF444B41F2FC15187005F0FC02EC
S21400EFE0207925210FF07CFA054610B33F4C4049A6
S21400EFF020681FF06FFB3F4920681FF06BFB1EF078
S21400F0008EFA1EF08DFA3C4B00933C4A3C49206831
S21400F01059231FF05FFB3B493B4A20682B461FF0F5
S21400F02059FB284600F0A8F9384920681FF052FB23
S21400F030FEE7374900902379364A0968364800F0DB
S21400F040F5F9054600284AD0284C294920681FF0C3
S21400F05041FB284920681FF03DFB1EF060FA1EF0B9
S21400F0605FFA254B0093254A2549206862231FF046
S21400F07031FB2449244A20682B461FF02BFB2846E8
S21400F08000F07AF9214920681FF024FBFEE7B0F86B
S21400F090053007EE903AB0F80730F8EE677A01339D
S21400F0A0B7EE047A67EE877A07EE103AB8EEC77ABC
S21400F0B067EE877AB1EE047A67EE877A17EE900AE3
S21400F0C01DF05EF907EE900AFCEEE77A104A17EE9E
S21400F0D0903AB3F57A7F38BF4FF47A73136005B071
S21400F0E030BD00BFA0000602152300203812002005
S21400F0F0829C0300A59A0300A5A0030028A0030095
S21400F100B39A0300C29A0300BF9A0300D79A03007B
S21400F110F80A0020E5EE00000012002037B50220B5
S21400F12000F0CAF8044602201EF0FDF9054600B9B4
S21400F130FCB9154C154920681FF0CCFA1449206814
S21400F1401FF0C8FA1EF0EBF91EF0EAF9114B009317
S21400F150114A1249206833231FF0BCFA104A11499D
S21400F16020681FF0B7FA104920682A461FF0B2FA46
S21400F170FEE720461EF096FB0C4AB0FA80F35B09C9
S21400F180137003B030BD00BF38120020829C03000D
S21400F190A59A030098A10300C5A00300B39A030034
S21400F1A028A1030057A103006FA103001623002027
S21400F1B008B502201EF0E2F9014B00221A7008BDC5
S21400F1C01623002038B5084B1B7804460D4643B17D
S21400F1D0022000F071F82A462146BDE8384000F0CB
S21400F1E09DBB112038BD00BF1623002013B501209B
S21400F1F000F062F8044601201EF095F9F4B9154CAB
S21400F200154920681FF066FA144920681FF062FA54
S21400F2101EF085F91EF084F9114B0093114A12492D
S21400F220206838231FF056FA1049114A20681FF04C
S21400F23051FA104920681FF04DFAFEE7402120469B
S21400F2401EF04EFC0C4AB0FA80F35B09137002B055
S21400F25010BD00BF38120020829C0300A59A030050
S21400F2603CA20300ADA10300B39A030057A103001C
S21400F2700CA203001FA203001723002008B50120DC
S21400F2801EF07CF9014B00221A7008BD17230020DF
S21400F290084B1B7870B504460D464BB1012000F0B4
S21400F2A00BF82B4622464021BDE870401EF0CEBB30
S21400F2B0112070BD172300200B4B042810B51C68C6
S21400F2C00BD004DC0138012807D9002408E0082800
S21400F2D008D01028F9D1022000E0012000F08CF9B7
S21400F2E0204610BD0420F9E7E80A00200B4B1B78E7
S21400F2F0024683B10A4B1B78834234BF00200120AC
S21400F300084B1B7833B1084B1B78134113F0010FE1
S21400F31008BF002070470120F2E700BFA60E0020BD
S21400F320A50E002018230020A40E002008B5084BC8
S21400F33001221A70074B00221A70074B04221A701B
S21400F340064B1F221A7004F091F9054B186008BD91
S21400F350A60E002018230020A50E0020A40E0020D4
S21400F36038120020024B034918681FF0B3B900BFDB
S21400F370381200204FA2030070B50C4C0C4906460C
S21400F38020681FF0A7F904F071F90546206804F01C
S21400F39061F93046FFF7E6FF284604F05BF920687F
S21400F3A00449BDE870401FF095B900BF3812002030
S21400F3B051A2030053A2030038B505461EF043FCD5
S21400F3C00B4A146800235CB1AC4206D1A96A6BB143
S21400F3D099621EF03EFC012007E02346A46AF2E78D
S21400F3E0002DF3D01EF035FC204638BD1160F0E746
S21400F3F03C12002010B5044698B105F037F92046B7
S21400F400FFF7DAFF10B194F82C300BB9002010BDCE
S21400F4101EF019FC044A1368013B13601EF019FC29
S21400F420F4E72220F3E700BF401200202DE9F04366
S21400F43085B005469DF83070914698460E4609B947
S21400F440002F5CD12846FFF7D5FF0446002836D1AA
S21400F45085F82C00686305F02FFA864233D905F04C
S21400F46097F92146844640F2E7304FF47A7200233B
S21400F470E6FB0C011AF0CCFB4FF0FF3200231AF02B
S21400F480C7FB2B46E8861146CDE900441D4A2846B0
S21400F4901FF075FB044690B9C5E9089885F82D70ED
S21400F4A02E631EF0D0FB184A136833B31A469B6AC5
S21400F4B0002BFBD195620023AB621EF0CAFB2046F0
S21400F4C005B0BDE8F08347B1CDE900440D4A2B46B0
S21400F4D03146284605F0AEF9DCE703A9304605F0CC
S21400F4E08BF904460028EAD1CDE90077054A03994E
S21400F4F02B4628461FF01FFBCCE71560DBE72124D0
S21400F500DDE700BF0DF500003C12002091F82C301E
S21400F51013B50C4683B98B8ECA8E93420ED243B96E
S21400F520CDE90033114A0B4620464FF0FF311FF05D
S21400F530E6FAA38E0133A38602B010BD52B191F84D
S21400F5402D307BB101230093D1E908232046096BB7
S21400F550FFF76CFF064A012384F82C30136801334A
S21400F5601360E9E7084605F081F8F3E70DF50000BB
S21400F570401200202DE9F041144E336823B3144F97
S21400F5804FF000081EF05FFB3C68054624B928468D
S21400F590BDE8F0411EF05DBB94F82C3093B13368A3
S21400F5A084F82C80013B336094F82D3013B9204644
S21400F5B0FFF702FF28461EF04CFBD4E90831204630
S21400F5C09847DFE7A46AE1E7BDE8F0814012002033
S21400F5D03C120020034B1B68002B14BF04200120A4
S21400F5E0704700BF40120020024B1868B0FA80F047
S21400F5F0400970474012002038B5244D2B78044649
S21400F6002BBB01230A220521022001F063FF012300
S21400F6100A220421022001F05DFF012318460A2277
S21400F620092101F057FF012318460A22082101F09C
S21400F63051FF012318460A22072101F04BFF012340
S21400F64018460A22062101F045FF01232B70022CE2
S21400F6500DD0042C11D0012C15D10D4B00225A646C
S21400F66041F211129A6403225A64002038BD084BF6
S21400F67000225A6440F20662F4E7054B00225A6400
S21400F68040F60802EEE72120F0E700BF192300202D
S21400F69000C4004008B50548012100F043FE1DF0F7
S21400F6A0C5FEBDE8084000F01DB800BF00350A00E2
S21400F6B00148012100F036BE00350A0007B50820D3
S21400F6C01EF033FA064B02226846CDE900231DF0F1
S21400F6D080FF082003B05DF804EB1EF031BA00BFCF
S21400F6E0006A18102DE9F0433B4D3C4FDFF80091BF
S21400F6F0DFF800810FCD89B001AC0FC495E8070094
S21400F700374D84E807003748012100F00BFE3846E5
S21400F7100121012400F006FE334B039301A928467D
S21400F7208DF812401EF048FC2346042200210A20D1
S21400F73001F0D0FE2246002302210A2001F0CAFE74
S21400F740234604220721052001F0C4FE0422214698
S21400F75023460A2001F0BEFE244BAB670B236B67E3
S21400F76002264FF4487005F067FAC9F8EC611420D9
S21400F77005F062FAC8F8EC61232005F05DFAC9F8D6
S21400F780EC61B92128461EF056FC00231A4619469D
S21400F790C8F8EC610A2001F09DFE00231A463146A7
S21400F7A00A2001F097FE234600220721052001F0DB
S21400F7B091FE2346002221460A2001F08BFE2846B1
S21400F7C002F0C2FA0021A9673846696700F0AAFD70
S21400F7D009B0BDE8F08300BF58A203000062040031
S21400F7E00008014000350A0000127A001E1D0012B3
S21400F7F000A0004400A00046B0F57A5F13B50C46A2
S21400F800114602DCB2F57A5F07DD074B009307224C
S21400F81004231DF028FF02B010BD044B00930F22F6
S21400F82009232046F5E700BF580E0020680E00208A
S21400F83010B586B00A4B01938DF80010012301A97C
S21400F8401446CDF808D0ADF80C300492ADF814305C
S21400F85000F066FA10B1FF232370312006B010BD09
S21400F860AA00040000B589B00C4B039302AB0493C6
S21400F8700223ADF8143001AB8DF80810069303A9E7
S21400F88000238DF80920ADF81C3000F049FA002856
S21400F89014BF3120002009B05DF804FBAA00010067
S21400F8A030B58BB005460F4805908DF808100DF161
S21400F8B009001946144628F0A6FE02AB069301344A
S21400F8C001AB0893E4B2002305A92846ADF81C4016
S21400F8D0ADF8243000F024FA002814BF31200020B0
S21400F8E00BB030BDAA00010010B586B00A4C8DF8EA
S21400F8F000100121ADF80C1001A90194CDF808D034
S21400F9000493ADF8142000F00BFA002814BF312041
S21400F910002006B010BD00BFAA0004002DE9F0418B
S21400F92088B005460F4616461DF07CFF0446C820E4
S21400F93004F046FF0DF10B0212212846FFF778FF70
S21400F9409DF80B80B8F10F0F044426D103A9284672
S21400F9501EF00AF8DDE9062105989FED117AFFF7FB
S21400F9604BFF07EE900AF8EEE77A0E4B049967EE27
S21400F970877A4246C7ED007A0020009302231DF0E6
S21400F98072FE07EE900AF8EEE77A204667EE877A70
S21400F990C6ED007A08B0BDE8F0810520C8E700BFD4
S21400F9A000008039500E002008B500F083F8124B96
S21400F9B012498B4212D3124B124900208B4218D3A5
S21400F9C0FEF75AFB186850F82240586840F8224064
S21400F9D0013298688242F5D30C33EAE70022F8E752
S21400F9E01C6844F8220001325C68A242F8D308334F
S21400F9F0E4E70022F8E700BFA8D10300B4D1030073
S21400FA00B4D10300B4D103000048704700F04902A7
S21400FA10104AD2F8943003F00703023B032B13D8A6
S21400FA20DFE803F00C14020E0B4B1B68D2F8000143
S21400FA30C0F304200130B3FBF0F07047074BF4E747
S21400FA40074B1B685B08F1E7054BEEE74FF40043F6
S21400FA50ECE700BF00400E40040B0020080B00201F
S21400FA60FC0A002008B5FFF7D3FF054BD3F8083192
S21400FA70C3F308230133B0FBF3F0024B186008BD54
S21400FA8000400E40000B0020014B1868704700BF76
S21400FA90080B0020054B1860054BD3F8943003F094
S21400FAA00703022B01D1FFF7DDBF7047080B0020CC
S21400FAB000400E40044B054A9A60D3F8882042F472
S21400FAC07002C3F88820704700ED00E000B8000020
S21400FAD0014B1868704700BF040B00200F4BD3F88B
S21400FAE02838A3F17E62A2F58432B2F5104F10B525
S21400FAF011D219680A4A91420DD10A4C227812F0A6
S21400FB00FD0F01D0002010BDDB6998470028FAD110
S21400FB1001232370F6E74FF48170F4E70000E10F4D
S21400FB2007B0CD5E1A230020054A06490346106832
S21400FB3003448B4294BF13604FF0FF30704700BF02
S21400FB400C0B00200000042008B52948012100F015
S21400FB50E9FB012304220221052001F0BBFC002062
S21400FB6001F0ACFC234B0122C3F8102811460420F8
S21400FB7000F0BEFE204800F027FD204BD3F8F02012
S21400FB8042F00102C3F8F020D3F8FC2042F0807265
S21400FB90C3F8FC20A3F55D43194A1A6000F5D5208A
S21400FBA0184B00F2FC40B0FBF3F0174B0138022272
S21400FBB01861C3F8F0204FF48072C3F804234FF0A6
S21400FBC06043124AC3F8B02F114AC3F8802ED3F808
S21400FBD0002E42F48072C3F8002EFF2283F8202005
S21400FBE0D3F8002E22F48072C3F8002E002008BD41
S21400FBF000350A000080144206000E0000ED00E00A
S21400FC00FF030040F8590D00000004E055CEACC5D7
S21400FC10090001004FF0604330B5D3F8802ED207BC
S21400FC2015D501240B4D8440D5F8FC2042F0807297
S21400FC30C5F8FC20D3F8002E2243C3F8002E53F854
S21400FC402020002AF0D003F82010002030BD11201C
S21400FC50FCE700BF00ED00E02DE9FF41044601216E
S21400FC602B4800F05FFB23682A4A93424ED002F5E9
S21400FC708062934247D12848012100F053FB617906
S21400FC80207901230A2201F025FCE179A0790123DD
S21400FC900A2201F01FFC0A27012630252379627903
S21400FCA04FF00C0815FB038303F1884303F520434C
S21400FCB006FA02F21A60642004F0BEFF2379627925
S21400FCC015FB038303F18C4303F5204306FA02F287
S21400FCD01A60642004F0B0FF013FDFD120680323E0
S21400FCE0436423895BBA9BB2836440F20113ADF888
S21400FCF0003023690293E36801936946237D8DF8FB
S21400FD000C3001F063FC04B0BDE8F0810348B3E7B3
S21400FD104041050000C0004000920400008204003C
S21400FD2038B5054601F06AFD044C012801D1013CB6
S21400FD3000D138BD284601F065FCF6E7E1930400E3
S21400FD4010B501210446094800F0ECFA08480121E4
S21400FD5000F0E8FAA37820786178B3FA83F35B09B9
S21400FD60042201F0B7FB002010BD00BF4041050093
S21400FD7000350A002DE9F04F9A46554B85B01B78A2
S21400FD80DDF83C909DF844B0DDF8508006460F46FE
S21400FD901546002B00F09680072A00F295800E9BF1
S21400FDA0002B00F09180B9F1000F00F08D80129BBF
S21400FDB0B3F5006F00F38880012803D1109B002B59
S21400FDC000F08280434B03EB05131B7B002B7DD09A
S21400FDD0414C10220021684628F00AFC04EB45142A
S21400FDE010229FBB3946204628F002FC43F210033F
S21400FDF06380BBF1000F03D1E37843F00303E370A5
S21400FE00354A0E9BCDF800A002EB451CCCE90193C9
S21400FE10129B581E9DF84C30690103F00303C0F393
S21400FE200A009B0643EA001E53582C4818404EEA28
S21400FE300003012E535017D0B8F1000F2ED19CF8B6
S21400FE40023068F304138CF8023027E000212046C5
S21400FE5028F0CEFB4FF444736380BBF1000FCFD184
S21400FE60E37843F03003CAE71323CCF80C309CE861
S21400FE700F000CF1100E8EE80F00DCF81C20109B13
S21400FE80CCF814306FF0030161F39F02012FCCF819
S21400FE901C2003D1CCF81890CCF804300D4A290168
S21400FEA002EB051342F80180159A5A60002728468F
S21400FEB0224669469F605E7301F02AFD384605B00B
S21400FEC0BDE8F08F0648FAE70648F8E70648F6E782
S21400FED01B23002044130020441200200F80FFF351
S21400FEE0028000F0018000F0078000F038B5124B69
S21400FEF01B780546DBB1E0B11DF0A5FE0F4A0023D6
S21400FF001146147B54B92B601A0101EB031301252B
S21400FF108C501D731DF09DFE204638BD0133082B06
S21400FF2002F11002EDD11DF094FE0548F5E70548F4
S21400FF30F3E70548F1E700BF1B2300204413002029
S21400FF40048000F0028000F0018000F038B51DF05B
S21400FF507AFE0C4A05460023147B6CB90133082B45
S21400FF6002F11002F8D101F089FC074B28461C70FC
S21400FF701DF06FFE204603E028461DF06AFE03488B
S21400FF8038BD00BF441300201B230020058000F06E
S21400FF900D4B1B7810B5044693B1072812D81DF0F8
S21400FFA052FE0A4B03EB04131A7B2AB100241C737F
S21400FFB01DF04FFE204610BD1DF04BFE0448FAE72C
S21400FFC00448F8E70448F6E71B2300204413002003
S21400FFD0068000F0028000F0018000F013B5164B9A
S21400FFE01868019000238DF804301DF02CFE134B8A
S21400FFF01C7824B11DF02DFE114802B010BD012260
S2140100001A701DF026FE0F4B1C731C7783F82C40CC
S21401001083F83C4083F84C4083F85C4083F86C409E
S21401002083F87C4004230DEB03008DF8073001F0C4
S21401003045FC2046E1E700BFC4A203001B230020C5
S214010040038000F0441300200A4A127808B55AB11A
S21401005007280BD8084A02EB00131B7B43B100218B
S21401006001F022FC002008BD0448FCE70448FAE73A
S2140100700448F8E71B23002044130020028000F008
S214010080018000F0078000F00A4A127808B55AB1DC
S21401009007280BD8084A02EB00131B7B43B101214A
S2140100A001F002FC002008BD0448FCE70448FAE71A
S2140100B00448F8E71B23002044130020028000F0C8
S2140100C0018000F0078000F00A4A127808B552B1A4
S2140100D007280AD8084A02EB00131B7B3BB101F044
S2140100E067FC002008BD0548FCE70548FAE7054817
S2140100F0F8E700BF1B23002044130020028000F015
S214010100018000F0078000F00D4B1B7893B10728A3
S21401011012D889B10B4B03EB00131B7B73B10A4B4F
S2140101201A6E01238340134214BF012300230B7070
S21401013000207047054870470548704705487047D6
S2140101401B2300204413002000200E40028000F0F4
S214010150018000F0078000F00B4A127810B50C46BB
S21401016062B107280CD859B1084A02EB00131B7B71
S21401017043B101F033FC2070002010BD0448FCE7B9
S2140101800448FAE70448F8E71B230020441300203C
S214010190028000F0018000F0078000F02DE9F041B8
S2140101A0DFF86480D8F86070D8F86C301F4000D54E
S2140101B0FEE7134C01260025374218D02368C8F8FD
S2140101C06860A3B1A16862680131A16028469847BA
S2140101D0637B012B0BD150B90A4B03EB45131A7BFA
S2140101E060F341021A731A7F60F341021A770135F0
S2140101F0082D4FEA460604F11004DDD1BDE8F08172
S214010200441300204412002000200E400C4B98425C
S21401021005D90C4B984210D80122012301E0002297
S214010220134609490B640949D1F8003123F080735C
S21401023043EA0263C1F8003170470222EDE700BFCE
S2140102400048E8010090D0030000C84300400E407B
S2140102500F4B5B680F4B30B500221C46C9B21D79A7
S2140102608D4202D11D6885420DD20132052A03F165
S2140102700803F4D10321064A536823F0407343EA86
S2140102800163536030BD04EBC2046179F3E700BF3C
S21401029000000E40E8A2030038B5074C41F6713362
S2140102A0256C2364FFF7B0FBADB20021FFF7D0FF4A
S2140102B00DB10023236438BD00000E40044BDB6BF8
S2140102C05B0604D4034AD2F8C830002BFBD1704732
S2140102D000300E400000C64308B5FFF7EFFF024BA3
S2140102E05868C0F3014008BD00300E40044BD3F8F7
S2140102F04421D20703D4D3F840211042FBD17047E2
S21401030000400E4038B5064C256C41F67133236427
S214010310ADB2FFF79DFF0DB10023236438BD00BFCA
S21401032000000E4038B5C0F30323013B092B11D85A
S214010330DFE803F0052710102B221D101511154DAF
S214010340C0F3043405F1424505F5801504EBC500FC
S2140103508000016038BD104DC0F30434F2E70F4D44
S214010360C0F304344FF48030FFF7C0FFEAE7C0F370
S21401037004340B4D1020F7E7C0F30434094D012077
S214010380F2E7094DC0F30434DCE7084DC0F304344A
S214010390D8E700BF00400E4050410E40F0400E40EE
S2140103A0E8400E40E0400E40C0400E40B0400E40D7
S2140103B0C0F30313013B092B2AD8DFE803F0050B32
S2140103C00F1929291F23374B274BD3F80001C0F3F8
S2140103D004207047244BD3F81401F8E7224BD3F8D6
S2140103E00031C3F3006301330120984001387047A0
S2140103F01D4BD3F80C01C0F3082070471A4BD3F8F5
S2140104000801F8E7194B984204D0194B984207D0D7
S21401041000207047144BD3F8203103F00F03E3E7B5
S214010420114BD3F82031C3F30113DDE7114B98428A
S2140104300CD003F5B01303F580539842E8D10A4B6C
S214010440D3F82831C3F301230433CDE7064BD3F8A1
S2140104502831E8E7084B9842DAD1034BD3F830014C
S21401046000F00300704700BF00400E4080061600F3
S21401047080162E0090171A00A009140000F00F0035
S2140104800138072850D8DFE800F00415244F343827
S2140104904F402B4BD3F8943003F00703023B052B58
S2140104A006D8DFE803F049243F0305430B207047D5
S2140104B005207047224BD3F8800000F00700022881
S2140104C03DD0042836D0012808BF032018BF0120DC
S2140104D070471B4BD3F8843003F00703013B032B13
S2140104E003D8DFE803F0041F252701207047032007
S2140104F07047134BD3F88800DFE7114B1B6F13F0DF
S214010500010F0CBF0720092070470D4BD3F85C3153
S21401051003F03003202B0FD0302B0FD0102B08BF49
S2140105200720D3E702207047002070470C20704751
S214010530062070470A20704704207047082070473D
S21401054000400E4008B50146FFF798FF1A4B994246
S21401055011D01A4B994212D0194B994204D1194B1A
S214010560D3F8800000F007000138032821D8DFE81F
S21401057000F00A0E1612134BD3F88400F2E7114B63
S214010580D3F88800EEE7BDE808401DF0C1BABDE823
S2140105900840FFF79DBABDE808401DF0BCBAFFF75A
S2140105A037FA084BD3F80031C3F300630133D84060
S2140105B008BD0020FCE700BF030020000500240062
S2140105C002001E0000400E4000F47813B3F5B01F81
S2140105D010B5044674D025D8B3F5402F5ED010D898
S2140105E0B3F5802F49D005D83BB1B3F5003F4FD0C6
S2140105F0002010BDB3F5202FFAD1BDE81040FFF75B
S21401060007BAB3F5801F00F08480B3F5A01F4DD064
S214010610B3F5602FECD14A48FFF730FF072878D0B2
S2140106200928E9E7B3F5381F53D013D8B3F5001FEF
S21401063058D00AD8B3F5D01F56D0B3F5F01FD7D18E
S2140106404048BDE81040FFF77DBFB3F5101FCFD17E
S2140106503D48F6E7B3F5481F4DD0B3F5781F65D092
S214010660B3F5401FC4D13948FFF76CFF384BD3F8B8
S2140106702831C3F30123043320E0FFF7C9F9344BD3
S214010680D3F80C31C3F308230133B0FBF3F0B0E722
S214010690FFF7BEF92E4BD3F80831F3E7FFF7B8F9A9
S2140106A02B4BD3F81431C3F30423EDE72648FFF7A9
S2140106B049FF274BD3F8303103F00303D84098E7BE
S2140106C02048FFF73FFF224BD3F8203103F00F03FA
S2140106D0F4E71C48FFF736FF1D4BD3F82031C3F370
S2140106E00113EBE71948ACE71848FFF72BFF184B47
S2140106F0D3F82831F3E71748FFF7C0FE072808D0DC
S214010700082809D004287FF473AFBDE81040FFF72E
S214010710BBB9114B18686CE7FFF77AF90C4BD3F8A5
S2140107200031C3F3042303FB000062E7FFF770F90F
S214010730014620461DF07BFAB1FBF0F059E700BFF9
S21401074006000E0002001E00050024000300200023
S21401075000400E40B8003200100B002010B5FFF725
S2140107609BFD094B07225A67FFF752F9FFF74EFD2B
S214010770FFF778F90446FFF7AFFD01462046BDE8CE
S2140107801040FFF7BFBD00BF00400E4008B5FFF7A1
S21401079075FE02280ABF024B4FF6FF70188808BD87
S2140107A08E0E0020014B1880704700BF8E0E002071
S2140107B0014B1880704700BF8C0E002010B504282E
S2140107C013D8DFE800F047032F132100294AC1F3AD
S2140107D00801D2F86838002BFBD1274A136A23F4A4
S2140107E0FF7323F001030B43136210BD214A01F08E
S2140107F07F01D2F86038002BFBD11F4A136923F022
S2140108007F030B431361F0E71A4A01F07F01D2F828
S2140108106438002BFBD1184A936923F07F030B43FE
S2140108209361E2E7144AD2F89030536A23F030031A
S21401083043F010035362146B104BC1F3C310033023
S2140108400F2803EA040328BF0F200B4343EA007373
S2140108501363CAE74F29074A28BF4F21D2F87438D5
S214010860002BFBD1044A936B23F07F030B43936366
S214010870BBE700BF0020C84300400E4000F8FF0F52
S214010880104A536A13F0300F18D0202913D030299C
S21401089014D000290C4B08BF4FF44003D2F8901037
S2140108A033EA0101FAD15B0246BFD2F8A000C0F3D9
S2140108B08020012070474FF40003EFE74FF4400318
S2140108C0ECE700BF00400E40FF33E10702280AD1E3
S2140108D029B1064B4FF48060C3F8A800596612B1DF
S2140108E00220FFF7CDBF0120704700BF00400E4039
S2140108F00428F8B548D8304B13F800C02F4B1D5CC0
S2140109002F4B33F810702F4B33F810402E4B002925
S21401091040D0022839D15C6A14F0300F35D12B4C07
S214010920E46B5C6AE40705D55E6A26F0300646F09D
S21401093010065E62264C244B25441F66AD002B68CC
S214010940002BFCD002B36444A4002368002BFCD027
S214010950022819D1C1B11C4D696A11F0010116D0E6
S21401096001222021FFF7B2FFD5F89C600122002169
S2140109700220FFF7BDFFC6F30A010220FFF71EFFA4
S2140109802F662368002BFCD0F8BD0021D2E7FFF7C5
S21401099077FFE9E701211C66A940D3F890000842D9
S2140109A0FBD1002AF0D00123074903FA0CF3D1F852
S2140109B090201A42FBD1E7E7E1A20300DCA2030084
S2140109C0D2A20300C8A2030000400E4000300E4031
S2140109D08004F21010B50246B8B901221146FFF79D
S2140109E087FFFFF759FC0F4B04225A67FFF710F8F1
S2140109F0FFF70CFCFFF736F80446FFF76DFC0146DF
S214010A002046BDE81040FFF77DBC012807D101460E
S214010A10FFF76EFFFFF740FC024B0322E5E7FFF707
S214010A203BFCE3E700400E4038B5FFF72DF8002108
S214010A30044600F0EBFA1248FFF7E8FB01221146E4
S214010A400220FFF755FFFFF727FC0CB1FFF736FC36
S214010A500C4B02225A67FEF7DBFFFFF7D7FBFFF7C7
S214010A6001F80546FFF738FC01462846FFF74AFC21
S214010A702CB920460121BDE8384000F0C7BA38BD80
S214010A800148E80100400E401C4B70B51C681C4B29
S214010A909C4221D81B48FFF7B9FB012211460320CF
S214010AA0FFF726FFFFF7F8FB0024174B01265E67CA
S214010AB0FEF7AEFFFFF7AAFBFEF7D4FF0546FFF7EA
S214010AC00BFC01462846FFF71DFCB4B9314620460B
S214010AD0BDE8704000F09ABA0021204600F096FA70
S214010AE00848FFF793FB012211460320FFF700FF9A
S214010AF0FFF7D2FBFFF7E2FBD7E770BDFC0A002049
S214010B00002D31010148E80100400E40012210B5D8
S214010B1011460320FFF7ECFEFFF7BEFB084B05224C
S214010B205A67FEF775FFFFF771FBFEF79BFF04465A
S214010B30FFF7D2FB01462046BDE81040FFF7E2BBB7
S214010B4000400E4010B504461120FFF797FC002127
S214010B5001220220FFF7CCFE184A217C536A23F0BB
S214010B600103022908BF43F001035362144B2178A5
S214010B70C3F8A014637AA18843EAC123D362136B36
S214010B80A07A217A03F07F630343E08843EAC02317
S214010B9043EAC11303310F2928BF0F2143EA01732A
S214010BA01363A37B617B1B0143EA0133E17B0B43A8
S214010BB0217B43EA0143536310BD00BF00400E4052
S214010BC00000C84338B50E4D0E4C01461120FFF704
S214010BD055FCAA6B4B7814400A78144344EAC324A4
S214010BE08B7844EA0364CB7844EA0324AB6BA342D4
S214010BF005D0002101220846FFF77AFEAC6338BD16
S214010C0000400E4080E4FFF8034B5868C0F308002C
S214010C10003818BF0120704700ED00E0034BD86B89
S214010C2080F04000C0F38010704700BF00300E40D7
S214010C3042EA0322B2F5007F10B5194C29D00AD832
S214010C40B2F5807F22D040F201139A4215D062B9E4
S214010C50D4F81C320BE0B2F5407F1DD040F20133D0
S214010C609A4210D0D4F8283201E0D4F82432C3F3E3
S214010C700722DBB203600A6010BDD4F824321A0ED4
S214010C80C3F30743F6E7D4F82832F8E7D4F81C3262
S214010C90F5E7D4F82032EAE7D4F82032EFE700BFD0
S214010CA00081E00F08B5FFF7B9FF20B1024AD2F87C
S214010CB0C830002BFBD108BD0000C64308B5FFF7BE
S214010CC0ADFF80B1FFF7EEFF074B19685A68C1F315
S214010CD00121C2F3014291421A688CBF42F0100210
S214010CE022F010021A6008BD00300E40064B1B6849
S214010CF0DB0608D5054B1B69C3F30443082B02BF6B
S214010D00034B044A1A60704700300E4000400E4004
S214010D10FC0A0020C0EA210170B5FFF77FFF38B159
S214010D202D4B1A781023C2F1020293402B4A13610D
S214010D302B492C4DD1F8804145F60E03C1F8803180
S214010D402B6823F0AA03DB05DB0D0B66FFF7AAFF72
S214010D50224B1B68D80604F0010415D5D1F84031A2
S214010D60DA01FBD4204B1B680B61204B1B78052B4B
S214010D700AD11F4B1E68FFF795FF184B596830467E
S214010D80C1F30141FFF7BEFA184B1B78023B0A2B51
S214010D900AD8DFE803F00615170909090909091A2F
S214010DA01D000020FFF716FE2B68DB075EBF0C4B0D
S214010DB002221A661CB10A4B0022C3F8802170BDBC
S214010DC00120EFE7FFF730FEEEE7FFF79FFEEBE7C8
S214010DD0FFF7C4FCE8E700BF1C23002000300E40EC
S214010DE000400E40C8130020C41300201D2300201D
S214010DF0FC0A002010B50B4C0B4BD4F890201A605F
S214010E001120FFF73BFB094B1870FFF74BFF084B10
S214010E10084A5B68C3F301431370074B22691A60E3
S214010E2010BD00BF00400E40C81300201D23002047
S214010E3000300E401C230020C413002006494278CF
S214010E400B6823F4407343EA0223022A0B6004BFB3
S214010E50024B5B6A704700BF00300E4000400E40F8
S214010E6010B5044608B1FFF7C5FFFFF727FF144A80
S214010E70136943F0040313611DF03AF81DF039F8C5
S214010E80104B114AC3F8242403F559231B68DB06CB
S214010E900ED51CF0D1FE28F0EFFD1CF0D1FE1DF0A2
S214010EA029F803F04FFA2CB1BDE81040FFF734BF24
S214010EB030BFF4E7FFF71AFFBDE81040FEF7D2BDDA
S214010EC000ED00E000A000400000FFFF10B5044662
S214010ED008B1FFF78FFFFFF7F1FE1A4BD3F8802119
S214010EE045F60E01D207C3F8801148BF00224FF421
S214010EF02071196648BFC3F88021134A136943F06D
S214010F0004031361114B124AC3F824241CF0F0FFAA
S214010F10104B1B68DB060CD51CF08EFE28F0ACFDD2
S214010F201CF08EFE03F00EFA2CB1BDE81040FFF760
S214010F30F3BE30BFF6E7FFF7D9FEBDE81040FEF777
S214010F4091BD00BF00400E4000ED00E000A0004053
S214010F500000FFFF00300E400E4A0379916921F030
S214010F603F010B43017843EA8103417843EA410399
S214010F70817843EAC103C178012908BF43F0010320
S214010F8093611368417923F4403343EA01431360C4
S214010F90704700BF00300E402DE9F04104460D4673
S214010FA0FFF73CFE60B3DFF86080FFF77BFED8F802
S214010FB00430C3F301439C4222D0124BD3F80031D4
S214010FC0FEF726FD022C07464FF0100609D12146F2
S214010FD0FFF798F9C8F8106095B1BDE8F041FFF742
S214010FE061BEC4F102039E40C8F810600DB1FFF760
S214010FF059FE2CB921463846BDE8F041FFF782B9C3
S214011000BDE8F08100400E4000300E4038B5054680
S2140110100C46FFF703FEB8B145B90C4BD3F80051A7
S214011020FEF7F6FCC5F3042505FB0005084B1B7807
S21401103021463BB1074B9D4204D80220BDE838400B
S214011040FFF7AABF0020F9E738BD00BF00400E40F9
S2140110501E230020002D3101034B02781A70012156
S2140110600020FFF7D3BF00BF1E230020234B4AF604
S214011070E85210B5596B5A639A6FD207FCD41B6CB1
S21401108013F0030306D01E4A01249842C2F8B44A5C
S2140110901AD110BDA0B1431E012B17D8174A4FF421
S2140110A00023D362936FDB07FCD4136C23F0030396
S2140110B043F001031364114A536A1C03FCD505E08F
S2140110C00F4BC3F8B40AE4E7032BE4D00B4B9A6F3B
S2140110D0D207FCD41A6C22F0030202431A649A6FF8
S2140110E012F00102FBD10038054C18BF012001297E
S2140110F0C4F8B40A08BF5A63CBE700BF00300E40FD
S2140111000000C6432DE9F04F00238BB0CDE9043330
S214011110CDE90633CDE90833A0F5E163B3F5966F63
S21401112005460191934603D900200BB0BDE8F08F28
S214011130624BDFF88C81D3F81842B0F5E16F15BF2A
S2140111404FEA146AC4F3072AC4F30744E4B20694C8
S214011150CDF824A0D8F84C60C6F301768CBF0122E6
S2140111600022334607A904A815BF4FF4E1674FF4E0
S21401117096674FF496694FF416790392FFF758FD78
S214011180D8F8EC30039AC3F3012308A905A8029303
S214011190FFF74EFDA5EB070CAAEB04020CFB02F2CF
S2140111A0B2FBF9F214445445079F0498089A05992E
S2140111B0BAD8A2EB010E0CFB0EFEBEFBF9FE11EB3C
S2140111C00E012CBF4FF0010E4FF0000E8A42ABD33A
S2140111D0BEF1000FA8D13A1A0CFB02F2B2FBF9F2EB
S2140111E080182CBF0122002287429DD3002A9BD162
S2140111F0029BBBF1000F0FD0D8F85C20B5F5E16774
S21401120022F4FE4218BF012722F0020242EA4702F8
S21401121042EA0422C8F85C20019A0AB9012084E750
S214011220264A022ED2F830223ED0032E3FD0012E7F
S21401123014BFD2B2C2F30722120312F4702F7FF446
S21401124073AF1F4EF46E24F470442243F2661B4AB9
S214011250022BD2F830222CD0032B2DD0012B14BF19
S214011260D2B2C2F30722120312F4702F7FF45CAFDE
S214011270134CD4F8EC3023F470431343C4F8EC3029
S214011280636E884238BF084623F4FF73E72823F0CD
S214011290010328BFE720B5F5E16F18BF43F001034E
S2140112A043EA40036366B9E7C2F30742C4E7120E96
S2140112B0C2E7C2F30742D6E7120ED4E70081E00F79
S2140112C000300E402F4B1A6FD96C11F0010F02F04F
S2140112D0060242D0002A40D013284FD914381328CA
S2140112E08CBF102308232749013BCA6C180322F43C
S2140112F07F4240EA03231343CB64234BCA6C1B880B
S214011300C2F303222833013202EB820003EB5303BC
S214011310B3FBF0F3C86C013B072B28BF072320F073
S214011320EE6040EA036343F48013CB64174BB3F9D2
S2140113300030002B10DB2833500800EB420203EB91
S2140113405303B3FBF2F30A6D072B28BF072322F0E2
S214011350700242EA03130B657047D96C01F0010174
S214011360114304D1092809D90A380928B8E7DB6CE2
S21401137013F00103B7D01AB92728B1E70423B2E75F
S2140113800023B0E700300E40AC200020A82000204B
S214011390064A074BD3F88039136F23F0070303433C
S2140113A01367044B1888FFF78DBF00BF00300E404F
S2140113B00000C643AA200020394B02222DE9F04145
S2140113C09A639B6B03F00F039342044603D00025F8
S2140113D02846BDE8F081C288B0F808808588B0F953
S2140113E00C6047784A2A4ED9B2F5FA7F4DD340F6BB
S2140113F0C3139A428CBF4FF040524FF00052284917
S214011400CB6C23F0405323F00103002EA8BF43F01A
S21401141001031343CB64D1F8EC3043F44073C1F8B5
S214011420EC30204B1D80CB6E43F08073CB661E4B99
S214011430D3F8800900B10420FFF7AAFF1B4BA3F8DD
S21401144000801B4B28461E80FFF73CFFA37BFBB1A9
S214011450012B21D0012260881146FFF753FE054675
S2140114600028B4D00E4AD36B43F48063D363384666
S214011470FFF7FCFDA37AA3F12002534253410A4A27
S214011480C2F89437A4E70022B9E74FF08052B6E7D6
S214011490034B084A9A65DDE7014B074AFAE700BFA6
S2140114A000300E40AA2000200000C643AC200020D9
S2140114B0A820002077402057372110B7044AD2F8D9
S2140114C0443423F003030343C2F84434704700BF97
S2140114D000A0004000EB4000F8B50D461F46040191
S2140114E016463AB1154801238B402044C7B100F196
S2140114F0C0600360072D4FF00F0114D8AB001048F1
S21401150006FA03F2994020441CF0F9FC3EB90B4A56
S2140115100123AB40224477B102F1C0621360F8BDEB
S21401152000F18060E5E7A5F108039B00054806FA8F
S21401153003F29940E7E702F18062EFE70CA0004072
S21401154004A0004008A00040F8B505460E46144623
S21401155062B303F00307036823F4407303601CF0CF
S2140115606BFB2A6882EA072303F4407353402B601F
S2140115701CF066FB36B9104B9D4218D10F48FFF799
S21401158023F806462B680E4BDA5D62430ED0A2EBBB
S214011590C403013B3344B3FBF2F32A68920703F119
S2140115A0FF3302D5002B08BF01232B61F8BD054B85
S2140115B09D42E7D10448E2E700C0004000820400F3
S2140115C010A3030000C400400092040038B50023B5
S2140115D003640B4BC3634A78430103F1844382F0EF
S2140115E001020C465A600B7B0546D1E90112FFF752
S2140115F0ABFF21782846BDE838401CF08FBC00BF01
S214011600FFFF07007A4B984270B51AD003F5806346
S214011610984240F0EA80774B9968426B12F4C06FAB
S21401162015D091050FD5FD225A7009221A70002295
S214011630026493F90110012900D15A7093F901004F
S21401164070BD6D4BE8E75605EFD5FE22ECE71C783A
S214011650082C00F2C680DFE814F009001F004100E4
S2140116604D006A00760094009D00BD004C880A88F3
S214011670E5060AD5120A02F0060242F0F00201213E
S2140116801970C26241600120DAE702F0FE02A1078A
S21401169048BF42F00102F2E7160606D58022C26371
S2140116A04FF608721A80022316E05506EBD5402243
S2140116B0C2634A88D40604D502221A700B78C36224
S2140116C0E1E7960764D507221A701B7901EBC3037D
S2140116D01B89012BD7D108234360D4E71506DDD437
S2140116E05406D0D54022C2634A88920750D50322B9
S2140116F01A7092E74C880A88E60643BF120A02F07F
S214011700060242F0F00202F0FE02650709D51C79D6
S21401171001EBC40142F001020989012904BF082135
S21401172041600421197001234360C262ABE71406CD
S214011730B4D45206A7D54022C2634A88560727D595
S21401174007221A709FE71A795D8801EBC204268981
S214011750AE420FD80132D2B200241A715C804C8896
S2140117606507C4D4E40702D4012A7FF656AF0822DF
S2140117701A7098E76268691C5980525DC262062237
S214011780DFE716068AD455067FF57DAF4022C26391
S2140117900522ADE794067FF576AF1A795C88C569B0
S2140117A001EBC2010A89A24281BF4968661C5E80BC
S2140117B00D5559888A42DAD90424012A446004D096
S2140117C0013A914201D1082242601A78092A3FF46F
S2140117D02EAF58E7D2057FF556AF4FF48072C2633D
S2140117E023E74FF609321A8021E76FF0030027E757
S2140117F000C00040D8130020CC1300201B4B984299
S21401180010B408D003F5806398422AD06FF0030025
S2140118105DF8044B7047164B8268D20744BF2022FE
S21401182042604A88940702D50C89002CEED05207F4
S21401183002D50A8A002AE9D04FF480721A60002283
S2140118401A719960C0234360C368DB050BD4094B4A
S214011850C363036C5DF8044B43F4FC630364FFF756
S214011860D1BE054BD8E7C369EEE700BF00C0004014
S214011870CC130020FFFF0700D8130020084B4FF4BD
S2140118800072C3F88020BFF34F8FBFF36F8F054BF5
S2140118900021D9664FF4AA401962FEF743BD00BF86
S2140118A000E100E000200E40034B03449B0081F062
S2140118B001011960704700BFA001F11010B5044680
S2140118C001214FF4AA40FEF72DFDB4F8013022782D
S2140118D05BBA9BB243EA02630B4A136000231362AE
S2140118E0D36253634FF00043D3664FF0FF339366E2
S2140118F0064A4FF40071C2F88011E3785B01DBB24F
S21401190082F80933116010BD00200E4000E100E0AE
S214011910F8B5254D8F7AD1F800C0C3B201269E4096
S2140119204FF0300ECB7A0EFB00500C461B05097BA0
S214011930AE6643EA0743C0F880C094F80DC0C0F80D
S21401194088C043EA415322F00302C0F88430C0F84D
S21401195098201CF078F9EB6E3343EB66237A13B1CB
S2140119606B6B33436B63637A13B1EB6A3343EB629E
S21401197023792A6823B1DB431B0263F47F431A40B1
S21401198063790BB142EA0322A3790BB122EA03027F
S214011990E3791343044A1360044B9E62D663BDE8A1
S2140119A0F8401CF056B900BF00200E4000200E443F
S2140119B010B5C0B2012484401CF045F9054AD36E27
S2140119C023EA0403D366044B1C62BDE810401CF0F6
S2140119D040B900BF00200E4000200E4410B5C0B232
S2140119E0012484401CF02FF9074B1A6A224208D1C1
S2140119F09B6A9C430CBF012400241CF02AF9204654
S214011A0010BD0024F9E700BF00200E40054B5A68C0
S214011A105B68054B41F671321A649A6822F001023E
S214011A209A60704700300E4000000E40034B9A68E3
S214011A3022F001029A6000221A64704700000E40EC
S214011A40094A0A4BD969C90705D512B96FF00200D0
S214011A507047013AF6E7002AF8D001221861DA60E9
S214011A60D86940F3800070478096980000000E40C9
S214011A7070B509B9002070BD0E4A0023082550F83C
S214011A80234094610C4CD5600133D669F60705D521
S214011A9014B96FF00200EEE7013CF6E7002CF8D02F
S214011AA0D469A40702D49942E9D1E3E76FF00100B3
S214011AB0E1E700BF00000E40809698002DE9F8434C
S214011AC01C4B0D4641F671311E6C19641A4980464D
S214011AD048684968996841F00101B6B2996097086B
S214011AE04FF00009B94501D3002005E008EB890451
S214011AF02046FFF7A5FF48B10E4B9A6822F0010277
S214011B009A600EB100221A64BDE8F883C4F30A0194
S214011B10C1F500618908A7EB0903994228BF194658
S214011B202846FFF7A5FF0028E6D1894405EB810585
S214011B30D8E700BF00000E4000300E40234B41F6B0
S214011B4071311A6C10B5196421494C684968996855
S214011B5041F00101996001211861D960D9694C07EA
S214011B6092B209D5996821F0010199600AB1002263
S214011B701A644FF0FF3010BD0221D9601549D869AB
S214011B80C00700D569B9D86910F002000BD0996872
S214011B9021F0010199600AB100221A646FF0010078
S214011BA0E9E70139EBE741B9986820F00100986050
S214011BB002B119646FF00200DDE7996821F00101B6
S214011BC099600AB90020D6E71864FBE700000E40CA
S214011BD000300E40809698008B784A789B0143EA45
S214011BE082030A781343CA7843EA02130A7943EA5E
S214011BF0C2234A7943EA02338A79043043EA4243EC
S214011C000001014A1350704700200440014B186040
S214011C10704700BF00008442437882789B0043EA05
S214011C20021302781343C27843EA4213027943EA65
S214011C300223427943EA0233827943EAC233C27904
S214011C4043EA0243027A43EA4243014A1360704779
S214011C50002004400D4AD2F8E430D2F8E0109B0090
S214011C6003F03C03C1F381110B438370D2F8E030DB
S214011C7003F03F034370D2F8E830D2F8EC2003F0CB
S214011C80F003C2F3031213430370704700FF0FE023
S214011C90024BD3F8F000D3F8F41070470081E00F40
S214011CA0024BD3F8FC00000E704700BF0081E00F26
S214011CB0024BD3F8F80080B2704700BF0081E00FF6
S214011CC070B5054616461C4619B91448FEF77CFC45
S214011CD00146402C1BD003D8DCB1202C1BD070BD94
S214011CE0602CFCD1042303FB06F2530803EB4113DB
S214011CF0B3FBF2F30A4A203B02EAC3032A6822F046
S214011D0060022A602A6814432C606B61E7E70623A9
S214011D10E9E71023E7E70823E5E700BF40410500B0
S214011D20F8FF7F0038B50546144619B90548FEF791
S214011D304BFC014601396400B1FBF4F1090269610B
S214011D4038BD00BF4041050040F6AA63C36041F2BA
S214011D500502002303604260104A83604361C36446
S214011D6082640F4A0366904243678367C3670DD058
S214011D7002F5806290420BD002F58062904205D057
S214011D8002F58062904203D0836570470365FBE7E6
S214011D90036583650023C365704700BFF9FF010033
S214011DA00000014038B5044625F037FE0FCC044D3F
S214011DB00FC594E80F0085E80F00002038BD00BF6E
S214011DC0E413002047F6FF739A42F0B572D0062955
S214011DD072D83A4B5B5C022B6ED8394D05EBC304C7
S214011DE0DF00A17815F83330012938BF0121012B16
S214011DF013D1E0780025401AA84202D80844C0B2A0
S214011E00F0BD431BA0EB5303666836F91360964298
S214011E10CCBF03F1FF301D46EEE760680028EFD027
S214011E20B0F90040944204DBB0F902409442B8BFD6
S214011E3014468388FF2B04BFB0F90620B0F908C00A
S214011E403D440FBF01260026C8224FF0280C131B65
S214011E5093FBFCF333446E781BB29E4201DD002BEC
S214011E6001DA731E1BB201339BB24FF47A7C071D55
S214011E705D1E2DB24FEAC50E00EBC5059E42EA88EF
S214011E80AD6814FB025222EAE27202F15C02B2FB76
S214011E90FCF205DD37F83350954203F10103E7D232
S214011EA000EB0E039888904228BF1046884238BF40
S214011EB00846A4E7FF20A3E70020A1E714A3030038
S214011EC0E41300200629F0B561D8324B595C02298B
S214011ED05DD8314B13F83100012816D103EBC1034D
S214011EE09C78D8785B68012C214638BF0121904246
S214011EF094BFC1EB0001C1EB0201CAB2001B8242D2
S214011F00C8BF002233F91200F0BD002A3DD003EB12
S214011F10C103596800293AD09878904202D3B1F9A2
S214011F200200F1E7DC78B1F900009442ECD95C7864
S214011F308B88A3F1FF06013C734201F10405E4B26C
S214011F40734101F10C07DEB2B44216D805EBC303A8
S214011F504FF47A75B3F902405B686A43D21A04EB10
S214011F60D47302EB630292FBF4F29042CCDBB1F93C
S214011F7002009042C8DC10B2C6E737F833C0944579
S214011F8003F10106E2D33346DDE70448BCE7044823
S214011F90BAE700BF14A30300E41300200CFEFFFF02
S214011FA00080FFFF08B50448FFF7FCFEBDE80840C7
S214011FB0012025F036BD00BF1CA303000048704772
S214011FC0900E00207FB5094B09490222CDE9012375
S214011FD04FF08373CDE903134FF0FF300D2301A9B2
S214011FE0059325F04FFD07B05DF804FB006A180065
S214011FF006010C0000230C4A0360032910B5026396
S214012000044643630ED105211BF01DFF636823F4CC
S214012010407343F400736360636823F4406343F4DE
S2140120200063636010BD00BF200010002DE9F04F73
S2140120301E460446894692461F460FCE8BB001AD1A
S2140120400FC596E80F0085E80F00002509951BF0DF
S214012050F3FD5146064604F582701BF07FFE4946A5
S21401206004F584701BF07AFE394604F586701BF081
S21401207075FE30461BF0E4FD5F4E604BDFF8BC9109
S214012080DFF8BCA12365DFF8BCB11BF0D5FDC4F8B1
S21401209050B0D4F814801BF0D3FD18F0807F19D00F
S2140120A0574B23651BF0C8FDC4F850B065691BF09B
S2140120B0C7FDEB0140F188801BF0BEFD1499054673
S2140120C004F588701BF052FE28461BF0B9FD0BB0D4
S2140120D0BDE8F08F18F4807F1CD14A4B2365013D83
S2140120E09023A360636913F4807F474B23650ED06A
S2140120F01BF0A2FD3946834604F580701BF02EFEC8
S21401210058461BF09DFD414B2365414B6365882373
S214012110A360B8E7002D13DA3E4BC4F850A0636500
S2140121201BF08AFD01A9834604F580701BF01EFE94
S21401213063695846C3F3034309931BF081FD6D425F
S214012140354B23656369DFF800C113F4407F4FF018
S2140121508803A3604FF001016269266561656369C2
S214012160C4F850C00ABF01204FF0FF3005F1FF351B
S2140121708842C3F30723C2F300220BD132B1D90739
S21401218004D5264B2365264B6365A9E7254B2365B6
S214012190254BF9E79AB9DA0711D5244B2365244B69
S2140121A06365A16501A904F580701BF0D7FD099B45
S2140121B003F00F03C4F848318323A36090E71D4B57
S2140121C0C4F850906365EDE71BF036FD04F58076A4
S2140121D03946054630461BF0C1FD28461BF030FD4A
S2140121E0154B23651BF028FD1499044630461BF059
S2140121F0BDFD204669E700BFC93E8198308488014D
S21401220098390100C93E8101D23E8201C024D034F2
S2140122100982010099830100D9080100C8340981A7
S214012220E20C8201C80881E20C82010083D93411D4
S21401223081E21482E2148201E010010083D9108148
S21401224090A2848835393801DB3E01002DE9F04F34
S21401225089B081460D4616460021202268461F4653
S21401226026F0C6F94FF00A0A99F80030022B40D042
S214012270032B07D0012B44D06FF0710B584609B0E1
S214012280BDE8F08F202269463846B0478346BBF149
S214012290000FF3D100F08CFC99F800100446FFF70C
S2140122A0A9FE1BF0C9FC6946804604F582701BF046
S2140122B055FD40461BF0C4FC374B236520461BF0FA
S2140122C08AFF1BF0B9FC04F58078834669464046D0
S2140122D01BF04CFD58461BF0B3FC009B012B18D895
S2140122E0204600F06FFCBAF1010ABDD1DFF8BCB0A0
S2140122F0C4E71C2269463846B04700238346079345
S214012300C5E7182269463846B04700238346069338
S214012310F5E71BF091FC05F108070646294604F58A
S21401232084701BF05CFF05F11009394604F58670D0
S2140123301BF055FF494604F588701BF050FF3046E8
S2140123401BF07EFC154B236520461BF044FF4946D7
S21401235040461BF07EFF8346C8B9114B2365114BDF
S214012360636520461BF037FF294640461BF071FF88
S214012370834660B90C4B23654FF48E736365204624
S2140123801BF029FF394640461BF063FF8346204673
S21401239000F018FC72E700BF30C80C0181E11C0197
S2140123A08CE11C81D11C0100E11C81D900B3FFFF27
S2140123B02DE9F843064610460F4690461D461DF089
S2140123C062FD28B129463846BDE8F8431DF045BDF3
S2140123D02B69002B40F0AD8000F0EAFB3178044613
S2140123E0FFF708FE1BF028FC04F5807608F11001C3
S2140123F0814630461BF0F3FE48461BF021FC574B46
S214012400236540F28113636520461BF0E4FE1BF052
S21401241013FC2946814630461BF0E1FE48461BF078
S2140124200FFC4F4B23650123204663651BF0D3FE4B
S2140124304C4B23651BF0CFFE1BF0FEFB05F108019C
S214012440814630461BF0CBFE48461BF0F9FB464B57
S214012450236520461BF0BFFE1BF0EEFB08F10809C2
S2140124604946054604F582701BF0B9FE28461BF066
S214012470E7FB3E4B236520461BF0ADFE1BF0DCFB65
S2140124804146054630461BF0AAFE28461BF0D8FBFF
S214012490374B2365374B636520461BF09CFE07F1DF
S2140124A0100130461BF0D5FE054600283BD1324BC5
S2140124B0236520461BF08FFE304B23651BF08BFEF9
S2140124C02F4B23651BF087FE2E4B23654FF48A7333
S2140124D063651BF080FE2C4B23651BF07CFE3946A2
S2140124E030461BF0B6FE0546E8B9284B2365284B57
S2140124F0636520461BF06FFE1BF09EFB49460546B2
S21401250030461BF06CFE28461BF09AFB214B2365D8
S214012510214B636520461BF05EFE07F1080130463D
S2140125201BF097FE0546204600F04CFB2846BDE80A
S214012530F88328461DF0A7FC08B1414643E72B69FE
S214012540002B3FF449AF012105F110001CF010FDEE
S21401255000283FF441AF114DE8E700BF8184E11C3C
S21401256083D91C83E11C810182D11C01C81482011C
S2140125709983D91481E11C018CE11C01811C840121
S214012580D91C830191D11CE0D814140181CB14818C
S214012590D11C820181E11C84E214010080B0FFFF9E
S2140125A02DE9F04788B0904605460F4600F000FB3F
S2140125B02978DFF854910446FFF71CFD1BF03CFB1D
S2140125C004F5807608F11001054630461BF007FE3B
S2140125D028461BF035FB40F28313C4F85090204682
S2140125E063651BF0F8FD1BF027FB08F108010546A3
S2140125F030461BF0F4FD28461BF022FB4FF0010A83
S214012600354B23652046C4F854A01BF0E4FD07F1C2
S214012610100130461BF01DFE0546002854D12F4BF5
S21401262023654FF48673636520461BF0D4FD1BF0CB
S21401263003FB4146054604F588701BF0D0FD69464C
S21401264030461BF093FB28461BF0FAFA244B236511
S214012650244B6365244BA36520461BF0BCFD234B2E
S2140126602365234B63651BF0B6FD224B2365224B86
S2140126706365C4F858A01BF0AEFD394630461BF022
S214012680E8FD054600BB1D4B23651D4B63652046D3
S2140126901BF0A1FD1BF0D0FA6946054630461BF03B
S2140126A05DFB28461BF0CCFA164BC4F850906365C8
S2140126B04FF48A73A36520461BF08DFD07F10801D0
S2140126C030461BF0C6FD0546204600F07BFA28463C
S2140126D008B0BDE8F08700BF821CC00C91D11CC0B9
S2140126E0C00C81E11C82DC0C81148401E11C81C8D0
S2140126F00C0C8101D20C848BD91CE01484E2148268
S214012700D11C8301C00C82D38182D11C2DE9F047F4
S214012710A2B00E46054600F04BFA15F8041B044617
S21401272006F11007FFF766FC1C22002103A825F01E
S2140127305FFF4FF0010839460AA80DF16809CDF888
S21401274008801BF0D3FD294612A81BF0CFFD12AB63
S2140127500AAA02A9CDF800902046FFF767FC1BF0F5
S2140127606BFA4946054604F5867904F582701BF036
S214012770F5FA06F1080A314648461BF030FD514687
S21401278004F588701BF02BFD28461BF059FA134BF5
S214012790236520461BF01FFD114B23651BF01BFD17
S2140127A0104B23651BF017FD0F4B23651BF013FD24
S2140127B0514604F580701BF04CFD58B93146484629
S2140127C01BF047FD30B9204600F0FCF9414638467B
S2140127D01CF0E5FA22B0BDE8F08700BF8AD11C01E3
S2140127E081D91C0183D11C0181E11C0110F1860FE6
S2140127F006D038B19330044808BF6FF06F007047B9
S2140128006FF07100704700BF009FFFFF70B58CB07E
S21401281004460D461646002122220DF10E0025F033
S214012820E7FE4FF41053ADF80C302CB323681BB3FE
S21401283015B39B79022B1AD0042B20D14FF4807349
S214012840206CADF80E304C2198B901201CF003FA2B
S214012850C0B120640C4B0093206CF3082A4603A9F0
S21401286000F09CFD0CB0BDE87040FFF7BFBF8023B1
S214012870E6E703F031F9EDE704480CB070BD6FF000
S2140128807100FAE70248F8E70002C003009FFFFF65
S214012890809EFFFF10B550B1046844B139B1006C99
S2140128A028B100F0B9FDBDE81040FFF79FBF014811
S2140128B010BD00BF009FFFFF07B578B102686AB17F
S2140128C0006C58B151B100230193102201AB00F006
S2140128D00DFE03B05DF804EBFFF788BF014803B0B7
S2140128E05DF804FB009FFFFF2DE9F04190B0DDE9A4
S2140128F016870D4614461E4680B379B373B36FB37D
S2140129008379022B06D0042B25D06FF0710010B00E
S214012910BDE8F081802A21D1202200210DEB0200A2
S214012920069125F065FE4FF41053ADF81C3006AB4A
S21401293004931023CDE90273CDE90068084BADF886
S2140129401E40E208294607A800F0D8FC10B0BDE8F2
S214012950F041FFF74BBFB2F5807FDCE70148D6E7D1
S2140129600002C003009FFFFF012908B50BDC074BDF
S214012970074A00290CBF1146194600F0B3FABDE814
S21401298008401BF0D9BC6FF0730008BD08000002B8
S214012990090000022DE9F74F0F9D0190F52016461C
S2140129A095F800B0DDF834900F469A4600F024F909
S2140129B0002304460360082243600E9904F1800850
S2140129C01BF005FA294640461BF08AF90BF0070B67
S2140129D02A780BF1010B002302F00702CBF110005D
S2140129E019462A7028445A4625F002FE294604F163
S2140129F084001BF075F90523A360109BF34200F0D9
S214012A008780102B11D086B1C3F11002B24228BFC5
S214012A1032460F3339462B44D01911F801CB03F84F
S214012A2001CF8142F9D11744B61A05F1100104F11C
S214012A308C001BF055F95923A3600523A360462398
S214012A40A360B6B1002326636363514B236501235C
S214012A5063650F2E53D80023C5E90033C5E9023359
S214012A60FA5CEA5401339E42FAD8294640461BF0E6
S214012A7037F90023C4F830906363019B002B4AD0DA
S214012A80444B2365444B6365444BA365444BE36564
S214012A90012323660026B9F1000F1ED0B9F10F0FEE
S214012AA04BD8C5E90066C5E9026600231AF803207B
S214012AB0EA5401339945F9D1294640461BF010F9ED
S214012AC0294640461BF02BF90C9B33B100230C9989
S214012AD0EA5CCA5401339945F9D1294640461BF0B0
S214012AE01EF9204600F092F8019B002B47D11A46AA
S214012AF012998B4245D1002A3DD02C203CE0394624
S214012B0040461BF0EFF8103E07F11007A1D1B0E7E1
S214012B104623A360ADE7234B236503F1BC4303F5CE
S214012B20262303F64D43636503F12243A3F5C05301
S214012B30A3651D4BE3651D4BABE7514640461BF0B5
S214012B40D1F80C9BA9F110090AF1100A3BB11946FC
S214012B5040461BF0E6F80C9B10330C939BE7294686
S214012B6040461BF0DCF896E71199EA5CCA5401333B
S214012B70129A9342F8D1002003B0BDE8F08F0023EB
S214012B80F6E71198E95CC05C41400A430133AFE7C0
S214012B9070590546F870455905460348055163FBCB
S214012BA004480559F803480546FB04480559010041
S214012BB0024B03480122C3F8002670470010C843A1
S214012BC000000F40094B98420ED003F580639842EF
S214012BD009D10122064B03EBC2035A68054B134485
S214012BE09B0000221A6070470022F3E700000F40A6
S214012BF0D4A303008005F210024B03480122C3F858
S214012C00002670470010C84300000F40044B98424E
S214012C1003D003F58063984201D1FFF7D3BF704715
S214012C2000000F4070B5114C114E0A25236843F47D
S214012C30807223F48073226030462360FDF7C4FC63
S214012C400023800A62680AB983420AD1636853B9CD
S214012C50013DEBD1236823F0010323606FF092005E
S214012C6070BD0133EEE70020FAE700BF00D0014057
S214012C70700002002DE9F04F85B0634D0092634A63
S214012C80D2F8C03043F40033C2F8C0302B68DC07FA
S214012C9081468A4616D500245B4D4E46D0462746C9
S214012CA04FF00A0BB8F1000F2BD144B114F1940F79
S214012CB005D042460021484625F09AFC0027009B95
S214012CC01F601AE040F271632B60FFF7ABFF04460A
S214012CD098B96B68032BFCD9D5F800312B61D5F870
S214012CE000316B61D5F80031AB61D5F80031EB618D
S214012CF0FFF798FF04460028CDD0204605B0BDE872
S214012D00F08F6C68A40005D02B6B13F45C7F12D196
S214012D10002437E03E48FDF757FCC00A844205D13F
S214012D206B68002BF0D16FF09304C8E76B68002B3B
S214012D30F6D10134F2E7D80514D523F480732B635A
S214012D406B6853B9BBF10107EDD04E46D0466FF024
S214012D5093040022BB461746A4E7D5F80031039337
S214012D60039BEDE70193FFF75DFF044620B9019B46
S214012D7013F41C7FCCD0E5E710F1930F99D010F136
S214012D80940FDFD06B686A689B00434528BF4346B3
S214012D90B107324634D123F003013144914212D1B6
S214012DA003F0030149B11848D0F80001114402F8B4
S214012DB0010B8A424FEA1020F9D1FA181E44A8EBFB
S214012DC003085F46C6E7D5F8000142F8040BE5E7BD
S214012DD0DCF8001102F8041C4FEA112E02F803EC8D
S214012DE04FEA114E090E02F802EC02F8011C0438F3
S214012DF0032802F10402EBD823F003023244CFE7A2
S214012E00DFF804C01846F3E700D0014000400E404A
S214012E10700002002DE9F04788B00746884615463F
S214012E201E46FFF7C5FE044607F17E400838012816
S214012E3050D80423236000236360E364626822F4AD
S214012E40406262606A46236391466363A8F10403A5
S214012E5008F11C0853F8041F09BA434542F8041B3D
S214012E60F8D11AF0E9FE4946074604F582701AF0D1
S214012E7075FF38461AF0E4FE184B2365109BDFF801
S214012E80609005EB831704F5D27A1AF0D5FE294631
S214012E90804650461AF072FF403540461AF0D0FE82
S214012EA0BD42C4F85090F0D11AF0C6FE3146054630
S214012EB004F580701AF05AFF28461AF0C1FE204623
S214012EC0FFF780FE331F1C3653F8042F12BAB342A5
S214012ED01A60F9D108B0BDE8F08700BF888AC8013A
S214012EE0070D810138B50D460446A8B16C220021B4
S214012EF025F07EFB0B4B9D4211D10B4B04F10C02CE
S214012F0003F1200153F8040B42F8040B8B42F9D16C
S214012F10044B2360002038BD6FF08600FBE76FF09E
S214012F208500F8E709000002E4A303002DE9F74F46
S214012F300E461546044600286FD049B9002A6CD1C2
S214012F400268394B9A426BD1002003B0BDE8F08F7E
S214012F500268354B9A4263D1002DF5D0436803F0E1
S214012F603F075B19436022BF8368013383604FB913
S214012F703F2D20D804F12C002A463146384425F04E
S214012F8042FBE1E7C7F140094D45F3D300F12C08B8
S214012F904A4608EB070025F036FB0122009204F1B1
S214012FA00C03403D2068424619463D44FFF732FF78
S214012FB03F2D4E4410D9B3074FEA951210D1009217
S214012FC004F10C03206832461946FFF723FF25F06B
S214012FD03F031E4405F03F05002DB5D00027C9E785
S214012FE0374606EB821804F12C0B04F10C094FF05E
S214012FF0010A5B4607F1400257F8041B43F8041B1D
S2140130009742F9D1CDF800A020684B465A4649466A
S214013010FFF700FFB845ECD1D9E76FF0860094E7DB
S2140130206FF0880091E700BF0900000273B50D46F6
S2140130301E460446002852D05BB9002A4FD12268AA
S2140130402B4B9A420CBF6FF089006FF0880002B0DC
S21401305070BD0029F1D00168254B994242D11F2A43
S21401306043D94268D3008DF8073053098DF80630EE
S214013070530B8DF80530530D8DF804308368D90055
S21401308001EB52718DF8031002F03F025909372AFD
S2140130908DF802104FEA53318DF801104FEA535361
S2140130A094BFC2F13802C2F1780212498DF800309D
S2140130B0FFF73CFF0028CAD1082269462046FFF7E1
S2140130C035FF0028C3D12023336004F10C032C34D0
S2140130D053F8042B45F8042BA342F9D1B7E76FF058
S2140130E08600B4E76FF08800B1E76FF08900AEE7BD
S2140130F00900000205A403002DE9F04F91B0054632
S214013100BDF870909DF8747092469B460E46002955
S21401311000F0BB8001F1FF384FEA1818FFF748FDB1
S21401312009F1FF330F2B044600F2D880BAF1000FE5
S21401313000F0D480BBF1100F03D0BBF1200F40F09C
S214013140CD801AF079FD0023236023636363654B0A
S21401315023656549029004F184001AF0C1FDBBF1B4
S214013160100F14BF102308231A4651462046019318
S2140131701AF02DFE5D4B23655D4B63655D4BA365C4
S2140131805D4BE3654FF4C173236623699A07FCD14F
S21401319006F00F03C3F110035FFA83FBBBF1100FB8
S2140131A004A901D1002E72D104F180001AF0B7FDF6
S2140131B002981AF045FD1022002108A825F018FAF9
S2140131C04FEA0813A6EB081205EB081108A80293AC
S2140131D025F019FABBF1100F5CD010ABA3EB0B0274
S2140131E08021BBF1010F02F8101C08D0CBF11100B1
S2140131F008AB0BF1FF320021184425F0F9F908AAB3
S21401320004A80423116850F8046B013B81EA060107
S21401321042F8041BF6D11AF00FFD236B019A0390B6
S21401322043F0100323635146204604F180081AF048
S214013230CEFD1A9940461AF055FD029B2B449A463C
S21401324004F1A00B40F20516AA452ED108A958464E
S2140132501AF046FD40F20513236523699B07FCD14E
S2140132600CA940461AF05BFD37B31B984A460CA9D9
S21401327025F0C9F9002503981AF0E2FC2046FFF76D
S214013280A1FC284611B0BDE8F08F884646E704F158
S21401329088008BE7002EB2D15A46314608A825F0A1
S2140132A0A7F980238DF82030A9E7294658461AF059
S2140132B019FD10352665C7E71B9B0CAA994413F820
S2140132C0011B12F8010B994581EA000147EA010743
S2140132D0F5D1002FCED06FF09405CCE76FF08605C0
S2140132E0CFE700BF3082010048A40300F50536F0A1
S2140132F024FC31FE36833624FC31FE362DE9F043BC
S21401330089B00E46DDF84080149FDDE91291002851
S21401331039D0002E37D0B8F1000F34D0B9F1000FF4
S21401332031D081B37FB30488B4F5105F2ED14488C1
S214013330E408182C2AD0202C01D0102C23D194423A
S21401334021D1154A23F47E1090421FD113F47C1F1D
S214013350C3F3054508BF10258D421AD804AB1022C9
S2140133600021184625F044F90122CDE90252CDE9A3
S21401337000091199234632464046FFF7BDFE3D60DF
S21401338009B0BDE8F0836FF08600F9E76FF08500BD
S214013390F6E76FF08900F3E70002C0032DE9F0417C
S2140133A0DDF818800C4617461E46054630B329B38D
S2140133B002B91BBB4C220021284625F019F92388A7
S2140133C0B3F5105F09D108F0FE43B3F1407F15D184
S2140133D0104B28F47E129A4203D06FF08500BDE8A8
S2140133E0F0816488C5F80080E208B2426A6205D8B6
S2140133F0182AF2D0202A04D0102A02D06FF08600B4
S214013400EDE7B242FAD13946281D25F0FCF8002036
S214013410E5E700BF0002C0032DE9F74F0D4616464B
S214013420044600285DD051B9002A5AD103682E4AB5
S21401343023F47E13934244D06FF088001DE00368A6
S214013440294A23F47E139342F6D1002E39D0806C9C
S214013450E8B1C0F11002B24219D23830204425F04A
S214013460D2F804F128020092616A04F13803201DA3
S2140134701BF076F820B16FF0920003B0BDE8F08F34
S214013480A36CA064C3F11002103E15441E4406F15D
S2140134900F084FEA18182F464FF0010904F1280AC1
S2140134A004F1040BC1450ED33544ED1B09D0A06CC5
S2140134B038302A463946204425F0A5F8A36C2B441B
S2140134C0A3640020D9E7CDF800A0616A3B465246C6
S2140134D058461BF045F80028CDD1103709F10109EF
S2140134E0E0E76FF08600C8E70002C0037FB51D461F
S2140134F008B301B3FAB1F3B10368154C23F47E1691
S214013500A6421BD113F47C1FC3F3054408BF102445
S214013510944216D80123CDE9024300F12803019114
S2140135200093436A816C021D3830FFF7E5FD58B9F8
S2140135302C6004B070BD6FF08600FAE76FF088006B
S214013540F7E76FF08900F4E76FF09200F1E700BF4C
S2140135500002C0037FB5094B6A4603F11006154603
S21401356018685968144603C40833B3422246F7D193
S2140135702846FDF721FF002004B070BD58A40300C3
S21401358070B5184B86B001AA03F1100615461868E7
S2140135905968144603C40833B3422246F7D11B8840
S2140135A02380114BD3F8B420120316D5A3F500439C
S2140135B04FF6FF721B88934208BF4FF4A6730B4861
S2140135C0ADF80A30FCF766FA2846FDF7BBFA32205A
S2140135D0FDF7EEF8002006B070BDD3F8B830C3F39F
S2140135E00803ECE768A403000081E00F00F049023D
S2140135F007B5084B18680190202301A88DF8043000
S214013600FDF7E0FA3220FDF7CDF8002003B05DF8B3
S21401361004FB00BF7AA4030010B50C480C4C6FF0F5
S2140136200403A02113F0800F03F1010207D1234404
S214013630332A83F800131346F4D1002010BD03F09B
S2140136400F03043B034419761346EBE700ED00E055
S21401365000E100E010B504461AF0EEFA024B1C60D9
S2140136601AF0EEFA002010BD0414002010B51AF06E
S214013670E3FA034B1C681AF0E3FA204610BD00BFBC
S21401368004140020034B18680023806802221946A0
S21401369017F014BB240C002030B5144687B005463D
S2140136A010461BF066F8636983423CBFD4E90331D8
S2140136B05B181B1A02467BB10F4903910021CDE925
S2140136C00131012304940093D4E9001328461AF02B
S2140136D094FA002007B030BD0122627694F82D20BE
S2140136E0002AF6D084F835301321E369204698473E
S2140136F0636A20469847ECE7993601002DE9F047C2
S21401370088B004460F46164698461AF09CFA81463B
S214013710002E7BD0237E03F0FF02002B00F0A38057
S21401372020461BF026F86569A84205D1637ED4E9D8
S214013730033213445D1B01E0F9D9451BB54228BF8E
S21401374035461AF080FA94F82D308246002B6ED159
S21401375061692A46384624F056FF63692B44636143
S2140137602E4621E0037803F0FD0111295CD1216B7F
S214013770814205D1A3F111014B424B4184F834300B
S214013780013E6369216B8B4203F1010308BF23638A
S2140137906361013295426069E4D1D4E90323216B68
S2140137A01344994200D12263D4E903236169207A44
S2140137B0134499424FF0000508BF62616576FCF735
S2140137C043FC20461AF0D5FF6369834232D194F850
S2140137D02D302576E568656103B12563636A204669
S2140137E09847224B03930023049402932369019381
S2140137F00123009363682168207A2A461AF0FDF9AE
S214013800207AFCF741FC50461AF023FA4846C8F8DD
S21401381000601AF01EFAD8F80030002B0CBF1B20EF
S214013820002008B0BDE8F08707F8013BA9E72E465F
S2140138300022AFE701232376207A0DF11E01FCF763
S2140138408BFC9DF81E30002BDAD00DF11F01207A7B
S214013850FCF75AFC9DF81F100029D1D1207A224688
S214013860FFF71AFFCCE71646D0E700BF99360100EE
S214013870002807DB044A4109012300F01F008340AA
S21401388042F82130704700BF00E100E0002808DB65
S2140138904309044900F01F0001226033824041F8C9
S2140138A02320704700E100E070B504460568FFF785
S2140138B0DDFE844202D10020FFF7CCFE95F936608A
S2140138C03046FFF7E3FF002E0CDB7309194906F0BB
S2140138D01F0620330122B24041F82320BFF34F8F49
S2140138E0BFF36F8F95F937603046FFF7CFFF002E95
S2140138F00CDB73090F4906F01F0620330122B24084
S21401390041F82320BFF34F8FBFF36F8F287AFCF760
S214013910DBFB287AFCF73CFBFCF718FB0023C4E929
S2140139200033C4E90433A3602846AB6ABDE870409F
S214013930184700BF00E100E02DE9F0430C461546AC
S214013940064687B04022002120461F4624F050FE3E
S214013950002395E803002A692376EB68E360C4E94F
S21401396004232A7D84F82C20AA7D2363012384F86E
S214013970343084F835300E9B236284E803000F9BB5
S2140139806362109B84F82D20E761A3622B7A84F88A
S21401399036306B7A84F837302D4B73602D4BB3601D
S2140139A02D4B33612D4B346073612D4BF360FCF767
S2140139B015FB38B12B4B984204D01024204607B093
S2140139C0BDE8F083002104F10800FCF78FFA0746F2
S2140139D00028F2D1244B33624FF00108234B84F8C0
S2140139E03C80B361224BF3619DF8483084F83B304C
S2140139F09DF8443084F83A30697D84F8390084F8BB
S214013A00388020461AF0C6FE95F909904846FFF719
S214013A103DFF4846FFF72CFF164B0494CDE9027391
S214013A202369CDE900836368E2682168207A1AF089
S214013A30E4F804460028C0D195F908502846FFF757
S214013A4025FF2846FFF714FF3046FFF703FEB5E7CC
S214013A50E5E70200FD36010061E7020067E70200C4
S214013A60A9380100038000F03BE7020095E7020059
S214013A706DE70200993601002DE9F04186B01C463B
S214013A80524B0C9D0293524B01930126514B0093CE
S214013A90CDE90366504B90460A462946FFF74CFF90
S214013AA00746002856D123682B6463686B64637AE3
S214013AB085F84930237A85F84830E37A85F84B3023
S214013AC0A37A85F84A30637B85F84D30237B85F8E9
S214013AD04C30E37B85F84F30A37B85F84E303F486A
S214013AE03146FCF71FFC3E483146FCF71BFC617A69
S214013AF0207A33460422FDF7EDFC33460222E17AB2
S214013B00A07AFDF7E7FC60683146FCF70BFC88F805
S214013B100070414620681AF011FA2268536F43F08C
S214013B2003035367936F617C23F4F85323F01F0359
S214013B3043EA0123A17C0B4393670323536785F86C
S214013B40507098F81920202A28D007D8E2B1102AF8
S214013B5038D02327384606B0BDE8F081302AF8D1A0
S214013B6085F8503002220023617B207BFDF7B2FCF2
S214013B702368E27CDA675A6E42F004025A665A6F8C
S214013B8042F010025A6766B92A6C2068D36C43F07B
S214013B900403D36405211AF0CAF9DBE7022385F88A
S214013BA05030E17BA07B00230422FDF793FC2368C1
S214013BB0217DDA6F42EA0122DA675A6F42F020026B
S214013BC05A67E1E733463E46CAE700BF11E90200FD
S214013BD005E902009DE9020091E902004041050065
S214013BE000350A00BFF35F8F074B5A6A22F4803212
S214013BF05A62D3F8942022F00102C3F89420BFF34E
S214013C004F8FBFF36F8F704700ED00E0F0B5374D73
S214013C1037493848002387B0CDE90333FFF7E2FF81
S214013C202C68354B4FF00052C3F89840661CC3F819
S214013C309C208142314AC3F8A0202E6041D005ABBA
S214013C40019304AB0A1A009303AB1AF0FDFEDDE9FB
S214013C500372059BDFF8A8E0072BA2EB01024FF0E9
S214013C6001018CBF4FEAD30C4FF0200CB2FBFCF2E3
S214013C7001FA02F2013AD2B2AEEB070EC01BB3FA5A
S214013C8083F3BEFBFCFEB0FBFCF08E44814002FADF
S214013C900EF20139C3F11E0311435B0001F0FF016F
S214013CA003F03E0343EA0123134A43F0407343F013
S214013CB001130234C2F89860C2F89C70C2F8A030B2
S214013CC02C60BFF35F8F0C4B0522C3F894205A6A11
S214013CD042F480325A62BFF34F8FBFF36F8FBFF348
S214013CE04F8FBFF36F8F07B0F0BD00BF08140020E1
S214013CF0DC0E0020C40E002000ED00E039000113A8
S214013D00DB0E0020BFF34F8F0549064BCA6802F44D
S214013D10E0621343CB60BFF34F8F00BFFDE700BFE8
S214013D2000ED00E00400FA05054B1A782AB95B7825
S214013D30002B0CBF0320022070470120704700BFF4
S214013D40282300200329F8B598BF134B054698BFD2
S214013D505C5C0E4688BF0024032805D8DFE800F027
S214013D6002080B0E44F002040C4B1F684FB9F8BD55
S214013D7044F00804F8E744F02004F5E744F0800432
S214013D80F2E77B681A68144203D05B68314628461E
S214013D9098473F68EAE700BF7EA403003814002076
S214013DA038B5104D2B78ABB10F4C23781BB11AF0F8
S214013DB07DFE0023237000201AF079FE0B4C50B1D3
S214013DC000F0DEFA002320782B700121FFF7BAFFFE
S214013DD00123237038BD064B01221A70054B227849
S214013DE01A70F7E724230020222300202A2300202C
S214013DF0252300202623002010B519F01DFF064BB1
S214013E001B7804461BB1BDE8104019F019BFFFF737
S214013E10C7FF2046F7E700BF21230020094A137891
S214013E2030B101331370084B1B78012B03D8704750
S214013E30013B13707047054B1B780BB9FFF7B0BFFA
S214013E40704700BF282300202A23002025230020B6
S214013E5070B5144E19F0F0FE33780546ABB900F094
S214013E60CBFB044620B1284619F0EAFE204670BD79
S214013E70AFF300800C4819F051FE00F0C5FE0B4B65
S214013E801C6000F085FC0A4B186000F0EFF91AF090
S214013E9010FE084B1860012328463370002419F0E1
S214013EA0CFFEE3E72B230020381400200C1400205B
S214013EB034140020101400202DE9F843284A013854
S214013EC0135C39B1274F397801330129135404D8CB
S214013ED0BDE8F883013B1354FAE7FFF725FF0128F5
S214013EE0044635D8DFF8888019F0A6FE98F8003029
S214013EF0054613B31C4E33781BB9012232701B4A98
S214013F001370DFF8709099F8003023B11AF0CEFDE7
S214013F10002389F80030284619F092FE01201AF095
S214013F20C6FD19F089FE337805461BB100F028FA64
S214013F3000233370002388F80030284619F080FEED
S214013F4038788442C4D02146FFF7FCFE3C70BFE7B8
S214013F500329F5D10228F3D100F05EFAF0E700BF9D
S214013F60282300202A2300202123002025230020A7
S214013F70242300202223002038B519F05DFE094BCA
S214013F801B78012B054604D819F05AFE002420465A
S214013F9038BD054B1C6800F031FA0444284619F078
S214013FA04FFEF4E72A2300200C14002038B54160A8
S214013FB0044619F041FE21460546044819F0B1FDB4
S214013FC02846BDE8384019F03BBE00BF3814002033
S214013FD0054B1B68584300F57420044B00F23F2044
S214013FE0B0FBF3F0704700BF3414002040420F00CE
S214013FF02DE9FF47EFF3108772B6AFF3008019F093
S21401400049FA002871D0714EDFF8E481337823B184
S2140140100020FFF703FF00233370FFF785FE0446F9
S214014020002869D0841EE4B2012C6CD9FFF77CFE0F
S2140140300128674CDFF8BC91054600F28E80207897
S214014040A84205D099F80030002B00F0B280257008
S214014050207800F0BDF999F8003013B15D4B1B785C
S2140140602370AFF3008007B962B6EFF3108772B61C
S214014070594B1A7852B100221A70564B20781B7889
S214014080984203D101212170FFF75CFE534800F0EE
S214014090EDFA19F00EFA05460028B7D1DFF8588177
S2140140A098F80030A3B189F80000DFF8409199F83C
S2140140B000301BB11AF0FAFC89F8005000201AF003
S2140140C0F6FC002879D000F05BF9002388F8003070
S2140140D0337823B10020FFF7A1FE00233370207848
S2140140E00021FFF72FFE00232370AFF3008007B9EE
S2140140F062B604B0BDE8F0873378002B96D0FFF7A0
S2140141008DFE347092E703A9002000F0FDFA044604
S21401411000288BD1D8F80030039A9A4205D801209E
S214014120FFF77CFE0123337080E72D4B1D6800F0FE
S21401413065F9039B05449D42F1D200F083F98200A4
S2140141400399264842F0020292B2CDE90042234684
S214014150244A491B1AF0B4FC68E7DFF89CA09AF8D9
S2140141600030CBB91AF09FFC2078854203D099F82D
S2140141700030D3B125709AF80030002B7FF468AF79
S214014180194B1B7823B91AF090FC184B01221A70B0
S21401419001238AF800305BE7207885423FF458AF68
S2140141A099F80030002B7FF452AF2946FFF7CAFD7D
S2140141B0E0E72946FFF7C6FD49E7012000F008F9C8
S2140141C007B962B6EFF3108772B677E723230020AC
S2140141D02A230020262300201F2300201414002059
S2140141E00C140020F93D0100272300202223002083
S2140141F010140020252300202423002010B519F0D8
S2140142001BFD054B00221C781A7019F019FD00F0F1
S21401421015FC2043C0B210BD2023002073B5114EFB
S2140142203378834204460ED000230F4DADF8043098
S21401423058B101A8FCF702FE1E20FFF7C9FE2B6845
S2140142401B1A2B60347002B070BD022301A88DF8D2
S2140142500530FCF7F3FD1E20FFF7BAFE2B6803447A
S214014260EFE700BFA70E00204014002073B52D4CC9
S214014270002501A8636A636A8DF80450FCF7ECFE1A
S2140142802846FFF7CBFFD4F8903003F00403AB4287
S214014290254B14BF01222A461A70D4F89030234CBD
S2140142A0C3F30033237005D04FF41670FFF790FE6A
S2140142B01F4B186023781F4DEBB11120FCF784F9D2
S2140142C01849D1F80031C3F3042303FB000292B16D
S2140142D04C6C194EC4F30B44002301341946501E8E
S2140142E004EB8404E4FB060115F092FCFFF770FE74
S2140142F02B6803442B60114B1B680120C3F3032377
S2140143009840C0F1010000EB80006430FFF760FECA
S2140143102B6803442B60034BD3F89020084B1A609C
S21401432002B070BD00400E402E2300202C2300203A
S214014330481400204014002040420F000020044092
S2140143403C14002008B50B4B1B7893B1022000F0FB
S21401435027FC70B100F008FA58B1002201210220B2
S214014360FCF7C6FA1AF030FC034B1860034B012227
S2140143701A7008BD2E230020441400202D2300208F
S21401438038B50E4C0E4D23782BB92B781BB11AF08D
S2140143901BFC0C4B186019F0B0FD2B786BB10A4A68
S2140143A0D2F890301B07FBD51AF00EFC054B1B68A4
S2140143B0C01A064B18600023237038BD2D23002039
S2140143C02E2300204414002000400E4048140020F4
S2140143D002280AD003280BD001280CD1064A1369FB
S2140143E023F00403136130BF70470020FCF738BD8B
S2140143F00020FCF76BBD704700ED00E0044B1B6826
S2140144000BB103EBD303034A10681844704700BF8F
S2140144104814002040140020084B45F60E02D3F83D
S2140144208011C3F88021064A126802F4A0721A6647
S214014430CA0744BF0022C3F88021704700400E40DF
S2140144403C140020014B1878704700BF2E23002033
S21401445038B500F043FB094C094B1A682368002560
S214014460C31A2AB123B15169994203D3C91A5161BA
S214014470206038BD55615B1A9268F2E7501400203F
S21401448054140020C38870B504460D463BB9FFF7A7
S21401449073FD8542064602D21AF0F9FA35460E49F0
S2140144A065610B688BB90C60A3600DE0AD1A9A6864
S2140144B0656118466AB113465A69AA42F6D930B1FF
S2140144C08460521BA3605A6170BD0020F4E70C6043
S2140144D0F7E79C60A260F7E75414002038B5134D47
S2140144E02B685B6993B1124A146802201C4400F0E1
S2140144F029FB204600F0F8FA0E492A6800230B70C3
S214014500D088800709D501230B7038BD022000F042
S21401451019FB022000F03CFBEEE79268002AF4D07B
S21401452050690344012BEBD9EFE700BF5414002078
S214014530501400203023002070B516469DF8142034
S2140145400271049A0260C0E903360022BDF81830F1
S214014550826004460D46C380EEB900F0BFFA2844D7
S214014560A0619DB12E4619F067FB0546FFF770FF67
S21401457031462046FFF786FF104B1B68A34201D148
S214014580FFF7ACFF284619F05BFB02E0E3686561C4
S2140145907BB9002070BD00F0A1FA3044A061002D67
S2140145A0E0D1E3686561002BDDD02168204698479D
S2140145B0D9E7216820469847EBE700BF541400204E
S2140145C00C490B6800227BB183420AD183687AB119
S2140145D0936083681BB15A6941690A445A61002095
S2140145E070471A469B68EEE70028EFD00220704716
S2140145F00B60EEE75414002070B5154E19F023FB3E
S21401460034780546FCB9134B1C60134B1C60134BE6
S2140146101C8000F01FFA012000F094FA00F0E8FA7E
S2140146200F4B0246186020B9284619F012FB2320CA
S21401463070BD23460B4840F2E73115F0E9FA0A4B04
S214014640186001233370284619F003FB0020EFE7BA
S214014650312300205414002050140020AE200020E6
S2140146605814002018FCFFFF4C14002070B50446B7
S21401467040B319F0E1FA144E0546FFF7E9FE30683B
S214014680A04209D02046FFF79BFF0446B0B128465A
S21401469019F0D6FA204670BDFFF792FF04460028AF
S2140146A0F5D133683BB9022000F05AFA284619F0D2
S2140146B0C7FA0024EEE7FFF711FFF7E73368002B90
S2140146C0F4D1F0E72224E5E75414002038B50C466F
S2140146D00546A8B1A1B100230B7019F0B4FA094B35
S2140146E01B68012133B919F0B4FA002038BD9D4288
S2140146F004D121702278002AF9D0F4E79B68F1E70B
S2140147002220F3E754140020F8B506460F4619F0A8
S2140147109AFA134B1B680446002523B9204619F064
S21401472098FA1B2011E05A691544DA88B2420DD175
S2140147300C4E00F0D3F93368C01AA8420AD30023FE
S21401474020463B6019F085FA0020F8BDFF2EEFD019
S2140147509B68E2E700F0C2F933682B441B1AEFE7C7
S214014760541400205014002008B5074B187848B19F
S2140147701AF02AFA054B1B689B69C01A02288CBFDF
S2140147800020012008BD00BF302300205414002063
S214014790014B1868704700BF5814002038B5074B06
S2140147A01D680446002140F2E7304FF47A72002378
S2140147B0E5FB040115F02CFA38BD00BF58140020A3
S2140147C000B58DB001238DF80F30FFF7E7FF00230A
S2140147D0CDE900330146074A0DF10F0304A81AF08C
S2140147E0AAF918B99DF80F30002BFBD10DB05DF872
S2140147F004FB00BFBBEA0200F8B50C4B1B68834202
S21401480005460E460FD30A4B00241F6840F2E730D8
S21401481021464FF47A720023E5FB070115F0F8F9FB
S21401482030602046F8BD2120FCE700BF4C14002074
S214014830581400202DE9F04186B0984600230D4615
S21401484017468DF81330064680B30DF11301FFF7B6
S2140148503DFF9DF813305BBB05A92846FFF7CCFF4B
S2140148600446F8B9134B18684FF47A720023A5FB77
S214014870000115F0CDF9C2F57A7189B2B1F57A7FEA
S214014880BDF83430F48308BF0021B183059A029342
S2140148909DF830301146CDE9008330463B46FFF7A0
S2140148A04BFE0446204606B0BDE8F0812224F9E717
S2140148B00224F7E758140020014B1868704700BF20
S2140148C04C1400200F4B1A6810B59AB1531E4FF4C2
S2140148D07A711342A0FB01010ED1B2FA82F2C2F143
S2140148E01F04531CE040D24301FA03F3184321FA94
S2140148F002F20243104610BD002315F089F9024664
S214014900F8E700BF58140020C2072DE9F843044613
S2140149100BD5474A138801339BB21380FFF798FDE6
S214014920444B1B680BB1FFF7D9FDA3077DD519F0E2
S2140149308AF90546FFF78CFD4FF000083D4F4646C5
S2140149403C680CB163698BB13B4B0022012E1A7097
S21401495003D118F0020F18BF1E70002C61D0FFF7AC
S214014960BDFD2846BDE8F84319F073B923465A69D8
S2140149703AB91A792179914288BF1C469B68002B67
S214014980F5D1284619F065F92569DDB100F0A6F8DC
S214014990A269A0EB02084FEAE873A84573F1000389
S2140149A011DB23691344A361E368B4F8068001367A
S2140149B013B121682046984719F045F90546FFF7D7
S2140149C047FDBDE7A84619F03EF981462046FFF7A8
S2140149D0F7FD484619F03DF92369002BE4D0A38B77
S2140149E0B5EB080533B1E28B13449BB2B3F57A7F7E
S2140149F00FD2E38319F027F9294680462046FFF7B0
S214014A0041FDA36922691344A361404619F021F9C7
S214014A10CAE7A3F57A73E383A369013B013DA3616A
S214014A20E8E7022000F09CF89BE7BDE8F88300BFAA
S214014A30AE200020541400202F23002010B519F0BA
S214014A4002F9034B1C7819F004F9204610BD00BF8B
S214014A502F23002010B51D4B86B01868596803AA8D
S214014A6003C2197AD3F8090011700190B3F80D202A
S214014A701748DB7BADF8082001218DF80A300024A9
S214014A80FBF750FC03A88DF80C408DF81040FDF79D
S214014A90C3F801A901208DF80440FDF79DF80D4AE1
S214014AA0536A23F4FF6323F00703536240F2FF7354
S214014AB0136201209460FDF7A9F8074B4FF080427E
S214014AC0C3F880211A6006B010BD00BF82A403009F
S214014AD0A00914000020044000E100E0014B9868A2
S214014AE0704700BF0020044010B5044619F0A4F832
S214014AF0124A9368516D9269520704D4CA1A032A5E
S214014B0001D899420DD1E21A022A98BFDC1C0B4B40
S214014B10B4F1FF3F38BF013C5C655A6A42F00402BB
S214014B205A6219F08DF8064A137833B103490B6DB2
S214014B3043F002030B650023137010BD00200440F0
S214014B40A80E00208207054A00F00103516A48BFFB
S214014B5043F004030B435362704700BF0020044038
S214014B60820700F0010309D5074A012111700749A0
S214014B700A6D22F0030243F004030A6503494A6AF8
S214014B8022EA03034B627047A80E0020002004406F
S214014B90830742BF014B0422DA61704700200440BC
S214014BA0064B01289B6904D0022805D1C3F3800077
S214014BB0704703F001007047002070470020044052
S214014BC010B519F040F8094A93690446590703F0ED
S214014BD0010003F0070348BF40F002001362FFF72D
S214014BE093FE2046BDE8104019F033B8002004407B
S214014BF00148FBF7E9BC00BFA00914000148FBF718
S214014C00C5BD00BF050024000A4BD3F8883003F069
S214014C100703013B012B10B50BD819F00DF8012144
S214014C2004460220FFF748F92046BDE8104019F077
S214014C3007B810BD00400E4010B50446FAF712FF43
S214014C400B4BA0F57A729A4210D84FF47A735C43F4
S214014C50B0FBF3F0074BB3FBF0F3B4FBF3F0032820
S214014C6004D9BDE810408008F6F752BE10BD00BF5B
S214014C70FFC99A3B40420F004FF0005302221A60D0
S214014C80BFF34F8F0549064BCA6802F4E06213432F
S214014C90CB60BFF34F8F00BFFDE700BF00ED00E024
S214014CA00400FA05024A0349034807F031B800BF79
S214014CB094A40300B8A4030010A50300044B1B68CA
S214014CC0584043085B4240421843C017704700BF34
S214014CD05C140020F8B50E46C9880546144619F03E
S214014CE0EAFF0746D0B92046FFF7E8FF104B3168C8
S214014CF01A68B5F90430424023EA0203B6F90420E3
S214014D00024013430446AB80F2880346286800F04D
S214014D100DFAF388E888E443834201D33846F8BDA8
S214014D20296851F82320224041F823200133F3E774
S214014D305C1400202DE9F04F99B083460F461846C3
S214014D400021164604931AF013F9002800F0878113
S214014D50784B14930024012515AB04991393304620
S214014D60CDE90B45CDE90D45CDE90F45CDE9114519
S214014D701AF087F8A04228DABBF1000F05D1E7B98F
S214014D800024204619B0BDE8F08F214658461AF097
S214014D9006F804460028F2D00BA819F07EFF0DA8ED
S214014DA019F07BFF0FA819F078FF11A819F075FF0D
S214014DB00C2115A800F090FEE3E73146384619F0BD
S214014DC0B9FF04460028E7D1DAE731460BA819F007
S214014DD0B1FF04460028DFD104990DA819F0AAFFF7
S214014DE004460028D8D1F188ADF8385002310FA812
S214014DF0ADF8305019F05FFF04460028CCD10146CB
S214014E000FA819F0CCFF04460028C5D1F18811A8D7
S214014E10023119F050FF04460028BDD10DA819F043
S214014E20EAFF00F01F001F2873D0C0F11F031946C8
S214014E300BA8019319F0FFFF04460028ACD1019995
S214014E400DA819F0F8FF04460028A5D1BDF8325088
S214014E50BDF83A80A5EB080A4FEA4A1949460DA85B
S214014E6019F0E9FF0446002896D14FEA8A0A0DA9EF
S214014E700BA81AF035F800284DDA49460DA819F0A6
S214014E80F7FF0446002887D108F1FF3302939B0001
S214014E9005F1FF3A069305F1804508F18043023B90
S214014EA0013D9B00A5EB08050993AB000393029B0C
S214014EB09A4541D8BBF1000F0DD00FA9584619F0FD
S214014EC039FF002840F0C780049AB388928813FB04
S214014ED002F3ABF80430002F3FF45EAF01990BA844
S214014EE019F0C6FF002840F0B680B388ADF8303020
S214014EF00BA9384619F01EFF0146002840F0AD8088
S214014F0038461AF035F800287FF446AF0123BB80F7
S214014F1042E701949AE70F9A52F80A300BA9013337
S214014F2042F80A3008460DAA1AF008F90446002885
S214014F309DD031E7010003000D9B069A05931344AB
S214014F40DDF82C900893059B59F82A109A580F9D66
S214014F504FEA8A08A8F104030793039B91421D4474
S214014F6074D20798002359F8000014F051FE002966
S214014F7014BF4FF0FF330346BAF1010F2B6016BF83
S214014F8009EB0803002353F8083C1593079B099A7D
S214014F9059F80330169359F8083017932B680133E4
S214014FA02B60059B134498462B68013B2B60002120
S214014FB011A819F0F4FE00284DD1029B002B48D011
S214014FC0D8F80020119B1A60089A12685A6011A935
S214014FD02A6808461AF03BF900283CD113A911A803
S214014FE019F07EFF0028DFDC2A680DA911A81AF047
S214014FF02EF980BB039B4FEAC308414611A819F05E
S2140150001AFF40BB0BA9084611AA1AF097F80146E9
S21401501018BB0BA819F0ACFF002812DA0DA911A8CD
S21401502019F088FEB8B9414611A819F004FF90B9E5
S2140150300BA911AA08461AF07EF860B92B68013B45
S2140150402B60039B0AF1FF3A043B2FE74FF0FF3337
S21401505092E7029AB6E704469EE60C469CE66FF097
S2140150600B048EE6044B1B68584043085B424042E3
S2140150701843C017704700BF5C14002010B50B4CD6
S214015080226823684240594081EA0200C00FFFF7B8
S214015090E9FF2368521A434022EA030208401043FC
S2140150A0BDE81040C00FFFF7DDBF00BF5C14002055
S2140150B0F8B50D46014628681746FFF7DFFF084B8F
S2140150C01E68C1430124BC4202D346EA0100F8BD72
S2140150D055F82400FFF7C6FF01340643F3E700BF87
S2140150E05C140020104B2DE9F0471E6888461968AD
S2140150F01D680746541E631C02D13046BDE8F08782
S21401510058F824A057F8249050464946FFF7B6FFB2
S214015110514605434846FFF7B1FF20EA05031E4303
S2140151200543013CE7E700BF5C1400208842F0B568
S21401513004D0094F04380025AA4200D1F0BD3E68CC
S21401514050F8044F5E4024EA060451F825601E40DC
S214015150344304600135EFE75C1400202DE9F04F7D
S21401516085B0DFF8889003911C4606462146104616
S214015170D9F80030D9F800301AF0EAF8C51D272D05
S2140151804FEAD50325F00705904602938CBF4FF0F2
S2140151901E0A4FF0FA0A2D1A0F9B0093029A0E9BD5
S2140151A0214630461AF0D1FA0746C0B92A462146AA
S2140151B030461AF046F9BAF1010A14D022463146B1
S2140151C00398FFF775FF2246834641463046FFF7B0
S2140151D089FFD9F800200BEA00039A42DCD0384652
S2140151E005B0BDE8F08F6FF00D07F8E75C140020FE
S2140151F0044B0246586800B9704719789142FBD0B3
S2140152000833F7E740A5030010B50446A8B1006CC3
S21401521010B14C211AF098FFE06B40B12368074AA1
S214015220DB79C3F3840352F823305B699847204641
S2140152304821BDE8104000F04FBC10BD140B002003
S21401524038B505460C4681B14822002123F0D0F935
S214015250E379084AC3F3840352F823301B6998475D
S214015260E86320B12C60002038BD0348FCE7034802
S214015270FAE700BF140B0020009FFFFF809EFFFF90
S214015280F0B58BB0044604A817461E460D461AF024
S21401529081FD00230293119B0193109B00932046EE
S2140152A03B46324604A900F01BFB044640B904A85D
S2140152B01AF0E9FD50B904A9284619F03BFD044649
S2140152C004A81AF096FD20460BB0F0BD004CF7E797
S2140152D080B0FFFF70B50C460646114620461A46BA
S2140152E019F048FF0546A0B9B36C33B9321D214603
S2140152F02046BDE8704019F0DBBFB4F90430002B3E
S21401530009DB204619F077FDF36BB0EB430F09D9A3
S214015310184D284670BD0146204619F029FE002882
S214015320EFD0F5E7B36C2046984705460028F0D144
S2140153300436B4F90430002B04DA0021204619F0B3
S21401534017FE68B93146204619F0CAFD0028E0DB91
S21401535032462146204619F06CFE0028F2D006E0BF
S21401536032462146204619F0E6FE0028E1D00546E1
S214015370CFE700BF80B0FFFF38B50D4604460021D9
S21401538005F1100019F0F4FD50B1204618F0CCFFDD
S21401539028B129462046BDE83840FDF7B7B901488F
S2140153A038BD00BF80B1FFFF2DE9FF410E4605461F
S2140153B0012106F1100019F0DBFD044650B928461C
S2140153C01AF0DFFC01287AD12146304619F0D0FDCB
S2140153D0002801DA3B4C6EE006F1080821464046FB
S2140153E019F0C6FD0028F5DB2F1D3946304619F0A9
S2140153F077FD0028EEDA3946404619F071FD00289F
S214015400E8DA684619F044FC02A819F041FC434664
S214015410424669462846FFF75DFF0446002844D108
S2140154203346324602A92846FFF754FF04460028B1
S2140154303BD1EB687BBB02A90322084619F082FE2A
S214015440044690BBBDF90C30002B04DA002102A8FB
S21401545019F08EFDC8B902AA334611462846FFF751
S21401546039FF044608BB02AA05F114031146284673
S2140154701AF01CFC0446C0B902A9684619F030FDB2
S214015480104B041E18BF1C460FE002A93A460846F8
S21401549019F051FED4E702AA05F10C03114628467D
S2140154A01AF004FC04460028D5D0684619F0F5FB2E
S2140154B002A819F0F2FB204604B0BDE8F081024CC8
S2140154C0F9E700BF80B3FFFF80B0FFFF38B50546A0
S2140154D01AF057FC01280C4601460DD1204619F05A
S2140154E047FD002806DB05F13401204619F0F8FCDB
S2140154F0002803DB024838BD0248FCE70020FAE733
S21401550080B3FFFF80B0FFFF2DE9F04FB5B0054631
S21401551001919246994618F007FF0290A0B12846DD
S21401552018F007FF044658B951462846FFF7CEFF44
S214015530044628B949462846FFF736FF044698B17F
S214015540284618F0F8FE81E151462846FFF7BEFFCF
S2140155500446002840F07A8149462846FFF724FF92
S2140155600446002840F0728128461AF00AFC0128F9
S21401557040F0AD812B6C1821013302204FEA53080D
S21401558019F069FB0646002800F09F8106F118070E
S2140155901AF000FC38461AF0FDFB002413AB18196C
S2140155A0083419F075FB202CF8D1494630461AF01C
S2140155B054FC0446002841D18346D84520D13946BB
S2140155C02846FFF7D9FE0446C0BB284618F0ACFEB5
S2140155D030B33B46324639462846FCF7E9FE0446D8
S2140155E060BB39462846FFF7C7FE044630BB06F1C6
S2140155F0100019F052FB06F1280019F04EFB1DE0D1
S2140156000123BBFBF8F103FA01F2D2B2182308FB1F
S21401561011B103FB026929B1284618F085FE50BB7B
S214015620AC4C0BE002F0FE0101EB520106EBC101AE
S21401563048461AF012FC04460028EDD04FF0000947
S21401564013AB03EB090009F1080919F026FBB9F1C0
S214015650200FF5D1D4B1AB6D9E4208D030461AF07A
S214015660C8FB38461AF0C5FB304619F004FB019812
S2140156701AF0BFFBE6E04A4649462846FCF790FF8B
S21401568004460028DAD10BF1010B96E705A819F0BC
S214015690FFFA05F1340B0BA819F0FAFA2146584621
S2140156A019F099FB012840F0D8802146504619F0A0
S2140156B092FB5146814605A819F03CFB044630B1E1
S2140156C00BA819F0EAFA05A819F0E7FAC3E752465B
S2140156D059460BA819F032FD04460028F0D1B9FA54
S2140156E089F94FEA59194A460BA905A8FFF7F2FAB4
S2140156F004460028E4D1014608F1010213A80DF181
S2140157004C0B22F075FFA2465B46D045039300F092
S214015710A180514605A819F05EFB039B1C7808EB97
S2140157200A01044305A819F056FBE4B2039B44EAB8
S214015730400403F8014B0AF1010AE6E79BF8010071
S2140157409BF8003080EA020C6FEA0C0101F00101BF
S21401575013FB01F3104003EA0C0283EA0C030BF877
S214015760013F1BF8013C43EAC11302430BF8013C1D
S2140157700134A245E2D20BA819F08FFA05A819F058
S2140157808CFA05A81AF006FB00240BAB181908348E
S21401579019F07EFA202CF8D10AF1D0036B44019956
S2140157A013F8843C324628461AF0AAFA044648B949
S2140157B03E9B002B00F08480284618F0B5FD00289B
S2140157C04DD1444C05A81AF08DFA4FF000080BABEA
S2140157D003EB080008F1080819F05FFAB8F1200F8A
S2140157E0F5D1002C7FF437AF01994A4628461AF0C6
S2140157F039FA044600287FF42EAF3E9B73B1284643
S21401580018F092FD00285ED0DDE93E230199284676
S214015810FCF71CFD044600287FF41DAF01992846BD
S214015820FFF7AAFDAB6D9E42044608D030461AF03B
S214015830E0FA38461AF0DDFA304619F01CFA002C68
S2140158407FF415AF029B002B7FF47AAE204635B06D
S214015850BDE8F08F002201248BE71F4CFBE6DDE953
S2140158603E2301992846FCF7F1FC48B30446A9E714
S21401587028460AF1FF3A18F057FD0028A1D0019AF0
S21401588028461146FCF78CFE0028EFD118F80A309E
S214015890324605A928461AF033FA0028E6D12846EA
S2140158A018F042FD00288CD0019A05AB1146284617
S2140158B0FCF77EFD0028D9D1BAF1000FD8D181E7D7
S2140158C00DF14C08F8E7034CC5E6044CCFE6024C54
S2140158D0B8E700BF80B1FFFF80B0FFFF80B2FFFFD7
S2140158E030B4DDE9024524B1CDE9024530BCFFF70D
S2140158F00BBE014830BC704780B0FFFF73B505464C
S2140159001E461AF03EFA01280C4601460ED11346F1
S214015910009605F13402204619F0FCFC044B10F108
S2140159200E0F18BF0346184602B070BD014BFAE7CA
S21401593000B3FFFF80B0FFFF38B504460D461AF0EE
S2140159405CFA20461AF034FA032D257023D1144B45
S214015950144AA3606260A361134AA3632362A3622D
S214015960124B62616362124A62634FF00113114A7D
S2140159702363114BE362E261201D19F03CFAE063F8
S21401598004F1340019F037FA20640020C4E9160047
S2140159900123636438BD002308482370FAE700BF7B
S2140159A00100080034A6030014A60300D4A50300D2
S2140159B0B4A50300F4A503001C0B002080B1FFFF73
S2140159C037B504460025294645612822183022F0BD
S2140159D00FFE204625611AF082FB0123009304493D
S2140159E020232A4620461AF0E5FA03B030BD00BF50
S2140159F09FE302000928024818BF0020704700BF35
S214015A0054A6030070B50D461646044608B911485B
S214015A1070BD0029FBD00023C0E9023301600B787A
S214015A20092BF4D16C21012019F015F9A06008B9F1
S214015A300948EDE718F09CFC0EB90020E8E7A978C4
S214015A40022019F008F9E0600028F6D120461AF085
S214015A504AFBEDE700AFFFFF80AEFFFF40B10368F2
S214015A6033B11B78092B03D180680021FCF77CBF7A
S214015A700048704700AFFFFF38B103682BB11B78B1
S214015A80092B02D1806818F077BC0148704700BF27
S214015A9000AFFFFF38B103682BB11B78092B02D189
S214015AA0806818F070BC0148704700BF00AFFFFF68
S214015AB010B40446084611461A463CB12378092B11
S214015AC004D15DF8044B00231AF048BB01485DF889
S214015AD0044B704700AFFFFF10B50A46044619B1E4
S214015AE0024B00211B68984710BD00BF200B002009
S214015AF0F7B51646174A05460C46106851686B46B8
S214015B0003C395F82A3008336B4413F8087CAB8D31
S214015B10DA0609D433462246394628461AF07BFB74
S214015B2000F5FA7003B0F0BD204623F04FFCAB8DB4
S214015B3000F10A049B074FEAC40405D0304623F05F
S214015B4045FC04F50C740444781EE823584304FB12
S214015B500700E5E757A60300174B10B51C6890220F
S214015B6002FB00440021204622F042FD134B1B6835
S214015B70DB78637604F1080000211BF046FC4FF445
S214015B800063E3842385072384F82A301323A3853F
S214015B90236AFF2243F0130384F82420236284F847
S214015BA05420074B074A2046C4E91C32C4E9203278
S214015BB0BDE810401AF05ABB6014002034160020CD
S214015BC0D6BE898E55555500F0B5104B1E6893F814
S214015BD004C0024635464FF0FF3400239C4508DCDE
S214015BE091B1631C10D0902303FB046080F824203D
S214015BF0F0BD95F8247097422846F9D0FF2F08BFCC
S214015C001C4690350133E9E70020F1E760140020D7
S214015C1070B5244D0446002842D0083001F016FD28
S214015C200026FF2384F8243004F14000E66123F0C7
S214015C3048FB04F1440023F044FB04F1480023F040
S214015C4040FB04F14C0023F03CFB04F1500023F030
S214015C5038FB2868144B201A00115843C0B21AF0BA
S214015C60D1FA014630461AF0C8FAE06E10B100F0DB
S214015C7039FEE666606E18B11AF0D7FA002363663D
S214015C80A06E1AF0CEFA0023A36670BD286806FB44
S214015C900400FFF7BDFF01342B79A342F6DCF4E7DD
S214015CA09026F9E760140020398EE338F7B50446EC
S214015CB01DF061F8C0F30F23542B3ED9AA2B34BF35
S214015CC001230223C0B27E288CBF022201220321B7
S214015CD08DF804301344B3FBF1F000EB40001B1ABF
S214015CE08DF805301344B3FBF1F202EB42029B1A26
S214015CF013498DF8063000234B7501AF18461D4633
S214015D001A4617F8016B44FA06FC1CF0010F06D080
S214015D1053009E4030430132C0B2D2B20123013556
S214015D20EDB2032DEDD103B148754B7D43EA8213E5
S214015D304B75FF230B7503B0F0BD0023C2E700BF10
S214015D4060140020064B1B68D97ADA78437E5B1A0A
S214015D509342A8BFDAB2427600211AF0C3BA00BF56
S214015D6034160020B0F862302BB9836813F4601F34
S214015D7008BFA0F8623011B1012911D070474369FC
S214015D80417E23F010034361064B1A68D37A92785A
S214015D900B449342D8BFDAB2427601211AF0A2BA76
S214015DA0FFF7D0BF341600202DE9F041344E8AB0FB
S214015DB000253379AB4203DC01200AB0BDE8F0814F
S214015DC03468902303FB054494F82430FF2B0DD050
S214015DD0236A980106D504F15008404623F0EEFAEE
S214015DE0074628B9226A12F0A06F1ED10135E0E7F6
S214015DF0BB790C333B4408A99A7AD8681B8AADF85C
S214015E002430C2F3801200238DF81F2008901A4612
S214015E100DF11F001AF010FA9DF81F2094F82410B7
S214015E2008AB38461BF084FBD7E7A38D1D2B18D192
S214015E303C23FF210020CDE90431CDE90200CDE964
S214015E40000004F12E03C2F3802201211BF04BFE59
S214015E500028B2D04FF0A06104F120001AF0ABF98F
S214015E60C4E712F0807F94F8393094F824004FF09C
S214015E7000020CBF3C2143211BF0DBFCE8E700BF1E
S214015E80601400202DE9F0411F46C36904460D4603
S214015E9016468BB169B917F0D6FE29460646A06E9E
S214015EA01AF0BBF9204629461AF005FA304617F0D3
S214015EB0D0FE0020BDE8F0810029FAD0036A03F085
S214015EC01203022B00F0BA80236ADD0700F1BE80C0
S214015ED094F82430FE2B0CD104F1550001F0D6FEC7
S214015EE001F0CCFE28B14FF4800104F120001AF035
S214015EF05AF9256A614B2B40B3F5807F00F0B980D3
S214015F00A8052FD5C5F3802504F12E0800224146A9
S214015F1028461AF097F9002184F854001AF0A3F9DC
S214015F204146002228461AF092F9A18D20B194F933
S214015F305400002880F296804FF4007104F120008E
S214015F401AF039F9A28D02F00302012A0AD141465C
S214015F5028461AF07CF928B14FF4006104F12000BC
S214015F601AF021F9236AD90600F18180D4E91012CA
S214015F702046FFF7BDFD012F0ED0E28C40F27123C3
S214015F805A43904208D9228D5A43904273D800F55D
S214015F901C70B0FBF3F0E084394BE361002384F816
S214015FA03930236AB4F86250E16884F8387023F413
S214015FB08032226221613DB913F0100F0CBFC82553
S214015FC03C25257605F2B3154EB1238D40F271219D
S214015FD0C3EB06134B4342F48032E3632262236A27
S214015FE043F400232362274B1B68DB78637617F0A4
S214015FF02AFE636943F010030746636104F1080053
S21401600029461BF002FA012003F0A2FB28B96369B6
S2140160101A075CBF43F00403636126B11CF0E7FE78
S214016020E36B0344E363204603F09CFB384617F01A
S21401603010FEA06E01211AF0F0F83AE7406C23F04A
S214016040C5F900287FF440AF0C2033E7E36E002B40
S2140160507FF43EAF00F0F0FBE06600287FF438AF37
S214016060092027E701F001011AF0FDF86AE7064B5F
S21401607093E712201EE745201CE700BF0001400001
S214016080DF01030034160020C161010070B50A4D1E
S214016090002490262B79A34200DC70BD286806FBFD
S2140160A0040090F82430FF2B04D000231A4619462A
S2140160B0FFF7E8FE0134EDE7601400202DE9F04F0C
S2140160C091F806B08DB00BF10C0B04460E4601EBB1
S2140160D00B0501220AA90DF127001AF0BEF8824627
S2140160E068B19DF827100AAF384600F023FC60B16E
S2140160F0304616F009FE00200DB0BDE8F08FA97AF3
S21401610005F10C07C1F38011EEE7E36EE06695F842
S21401611007900793236A298956F80BB0484603F07F
S214016120100804F077FD8344B8F1000F39D1A9F1C6
S2140161300303012B94BF032302235B0040F2712269
S21401614002FB03B21D4B1B685B79637605F11803EE
S214016150BAF1000F27D09DF8271094F824E0B8F183
S214016160000F24D0A87A4FF0010CC0F3401095F927
S2140161700550CDE902E0CDE90071CDE904C50798E7
S214016180012100F04DFCB8F1000F05D01CF0D6FD42
S214016190012120461AF08FF8304616F0B5FD012091
S2140161A0AAE70123C9E7A97AC1F38011D5E794F8D4
S2140161B08FC001200CF00F0CD9E700BF3416002069
S2140161C0012810B50C461CD0022822D030BB084648
S2140161D01AF0C9FAE38C228D94F82A00D21AE368E1
S2140161E003F59C5340F27121083301FB023323610E
S2140161F0FFF75CFD0A4B20469968BDE8104003F0A6
S214016200E3BC03F0F1FB844208D1BDE810401CF06A
S21401621095BDBDE810400846FFF794BD10BD00BF10
S2140162206014002038B50A4D0020FFF7F1FCAB687A
S21401623013B100221A60DA801BF0FCF900242B79D6
S214016240A34200DC38BD2046FFF786FC0134F6E7A2
S2140162506014002070B52A4C0546A06818B116F0E7
S21401626053FD0023A360FFF7DDFF002019F0CEFFEA
S21401627055B9032025712560E58216F091FC207939
S21401628019F0C4FF28B970BD022023F0DFF9A06021
S21401629048B9A06800252571256060BB002019F06B
S2140162A0B5FF0720EFE70026032025712660E6826A
S2140162B016F076FCB542E2DD05EBC5010901334671
S2140162C089B20122032016F01DFC06460028E0D103
S2140162D0032016F095FC20600028DAD090226A434D
S2140162E0314622F085F92379B342C8DD3046FFF7FF
S2140162F033FC0136F7E716F007FDA560CEE700BFD1
S2140163006014002030B5174B826A1B681206597953
S21401631025D51C79028F436B1203B2FBF3F2631A85
S214016320B2FBF3F2B0F89C3003B1013BD0F8A050B9
S21401633005B15B101B02B3FBF2F35B180BD090F8B0
S21401634095200F2A07D91209B3EB820F4FEA820173
S214016350ACBF5B1A00239C42A8BF1C46E1B2417643
S21401636030BD00BF34160020084B9A7E82420AD9FF
S2140163701B684FF4A47202FB0030836A13F0100FFF
S21401638008BF002070470020704700BF7814002027
S214016390084A09491368C31AD810002B01FB00F0FC
S2140163A005DB937E8342D8BF4FF0FF3070474FF036
S2140163B0FF30704778140020199C8FC170B50446D1
S2140163C00E4617F040FC3146054604F130001AF03F
S2140163D00EFA2046FFF7DCFF0121814005481AF03E
S2140163E006FA4FF4807005F099FE2846BDE8704025
S2140163F017F02FBC9C140020F329F8B5744E044600
S2140164000D4626D1338D6BB9A36813F4601F00F0D7
S214016410BB80238F626BF32D4FEA0313B3FBF2F3BA
S2140164209FB22DD120461AF084FAB4F89C70002F42
S21401643040F0B380A36A13F0800F0CBF3E230823FD
S21401644084F877302046FFF75DFFF32D36D1012023
S21401645057E07369590640F18F80836A1A0740F145
S2140164608B803369436000F140011BF018FD338DCA
S214016470002BC9D0238F626B1B01B3FBF2F39FB2D3
S214016480618FB4F89C209BB25B1A9A427EDC7369DA
S21401649094F836019B074CBF002102211CF025FD14
S2140164A0726940F202239343BCD1A4F89C70204643
S2140164B01AF040FA2046FFF725FF0127A36A1807BE
S2140164C0C5D5628F002AC2D013F4C05FBFD17269EE
S2140164D012F00C0FBBD140F202239343B7D1D4F88C
S2140164E0A430002BB3D1A18F20461BF087FE0028D5
S2140164F055DD638F0133984251DC0128A7D001385E
S21401650080B2236BA4F87C00590409D54FF480416E
S21401651004F130001AF073F900212046FFF74EFF10
S214016520B4F87C20A38F94F870101344A387B4F8B2
S2140165309C309B1AA4F89C3094F86F3002FB013310
S2140165402522B3FBF2F102FB113384F86F304FBB07
S214016550A36A1A0702D41F4B1B68984720460821D6
S2140165601BF006FD20460221FFF728FF20460121E9
S214016570BDE8F84003F046B9318D238F626B0029E0
S2140165803FF442AF1B0178E7338542E7737F002B68
S21401659086D094F83601032180E7012752E7608F01
S2140165A00130ADE7204619F021FEA18F20461BF0F1
S2140165B0AFFCA36A1B07054602D4064B1B68984727
S2140165C0002DCBD02046BDE8F8401AF059BA00BFDE
S2140165D078140020AC140020074B002210B55A771F
S2140165E0202204465A611AF04EF984F836012046F4
S2140165F01AF0AAFA10BD00BF78140020012810B5C1
S2140166000C462AD0022830D000283DD191F895308A
S21401661060F3071381F895300846FFF7DDFFA36A9C
S2140166201B07204616D503F063FD042001F0C4FBCA
S21401663050B3164A937F3BB3D37F0133DBB2D37794
S21401664092F821209A421FD8BDE810404FF0806092
S21401665005F064BD03F020FFE7E703F0C5F98442C7
S21401666012D1BDE8104003F037BD91F89530C3F361
S2140166700312013262F3071381F895302046F321A5
S214016680BDE81040FFF7B8BE10BD00BF781400206B
S21401669010B501F0F1FB124BFB2210F0020F1A7736
S2140166A00CBF012203224107197E48BF42F00402B3
S2140166B062F3030119761A7EC2F3030161F307122E
S2140166C01A764FF441710022DA76DA8319845A6217
S2140166D01A611A85034BBDE810401B68184700BFB6
S2140166E078140020A41400202DE9F8434B4C0546ED
S2140166F0A06818B116F008FB0023A360022016F06C
S2140167004FFA5FFA85F8002019F07EFD40461AF030
S214016710D6F80646002867D140461AF0DBF8074649
S214016720002861D1002D74D005EB850105EBC10170
S214016730C90089B233460122022016F0E3F9002887
S2140167404FD102204FF4A47984F81A8016F058FA33
S21401675009FB05F73A463146206021F049FF2368D8
S214016760324603EB0901681E824232DB002DA7F593
S214016770A472D8BF0022002199502846636019F000
S21401678043FD88BB40461AF08CF868BB40461AF0B9
S2140167908EF8074640BB002D16DD022022F056FF7C
S2140167A00223A060C3718379C3F102020C33D2B213
S2140167B03946184421F01CFFA3689A791344012135
S2140167C01A7B61F301021A73FFF762FF3046BDE8D8
S2140167D0F88309FB02FC013243F80C1001F5A471A1
S2140167E0C2E7C4E90077A776002000251AF067F80B
S2140167F000201AF06FF82846C4E90055A5761AF06D
S21401680050F8284619F000FD022016F0C9F90726AF
S214016810DCE7A57625602B46AFE700BF781400209D
S214016820014B987E704700BF78140020014BD87E3C
S214016830704700BF78140020F8B5284D17F003FA0A
S2140168406C681CB917F005FA2046F8BD23686B6022
S214016850EB7E4FF4A4760133EB76012717F0F9F9B6
S21401686032460021204621F0C3FE04F1280067616C
S214016870402119F0BCFF2B8BA4F8443194F8373132
S214016880A4F8866067F3030384F837314FF6FF7385
S214016890A4F87A302B7F84F8423144F29023A4F88E
S2140168A0403194F88530072262F3030384F885307B
S2140168B00B4BC4F8883003F1CE5303F59813C4F894
S2140168C08C3041F61B33A4F890301B2384F89230A9
S2140168D0002104F108001AF098FDB5E778140020AD
S2140168E04801480170B504461AF0A6F804F10800FC
S2140168F000F0ACFE0D4B20461B6800269847C4E905
S2140169000A6617F0A0F94FF4A472054631462046F0
S21401691021F06EFE064B5A682260DA7E5C60013A10
S214016920DA762846BDE8704017F093B9A81400201F
S214016930781400202DE9F04106464FF480400F46BA
S21401694001F03AFA044630B90E4B1D6893F81A80E6
S2140169507135A04502D80020BDE8F08155F8493CC4
S214016960DA0609D5C3F38003BB4205D106222946C0
S214016970304621F013FE18B1013405F5A475E8E799
S2140169800B20E9E77814002008B5B0F894305A1CBB
S21401699062F30B03A0F89430042001F00DFA70B1F5
S2140169A0074A937F0133DBB2937792F820209A420D
S2140169B005D8BDE808404FF0806005F0AFBB08BDC4
S2140169C07814002038B58B790B4405469B7D03F07F
S2140169D00303032B0C4609D101212C3019F007FFC4
S2140169E04FF4006105F1280019F001FF0548A56084
S2140169F0214622F04DFDBDE838404FF0005005F02D
S214016A008DBB00BF84140020014B1877704700BF70
S214016A1078140020014B187F704700BF78140020BF
S214016A202DE9F74F1D4616469DF8383080F89B3005
S214016A302A469DF83C8052F8103BC0F8283104469F
S214016A400F4600F14401B8F1000018BF0120DDF83F
S214016A5030A09DF840909DF834B005F05DF82046D2
S214016A601BF07FFA204619F037FF1CF044FA49461E
S214016A700246204619F02AFFC8230DF106012046DA
S214016A80ADF8063019F015FF47F6FF73A4F830315C
S214016A90AB88A4F82C31AB7984F82E31DAF80030C3
S214016AA0C4F87130BAF80430A4F8753004F1280A35
S214016AB0BBF1000F03D00421504619F098FEB8F13F
S214016AC0000F04D04FF40051504619F090FE4FF4D9
S214016AD0607001F071F9C0F3C018C3054FEA881859
S214016AE048BF48F08008810548BF48F4807817F011
S214016AF0AAF84FF482618346504619F078FE414663
S214016B0004F12C0019F073FE584617F0A2F8BB1ECC
S214016B10012B7AD84FF40021504619F068FE012166
S214016B202046FFF74BFC042120461BF021FA6B7D23
S214016B30C3F3040384F870306A8952006263697B88
S214016B402A7B42EA01226287E97BAA7B42EA01228A
S214016B5022876A7D84F86F30C2F3421284F83E20A1
S214016B6000220523A2870122A4F87C20A4F89C30E9
S214016B709DF94410204619F0B4FE01F077F920F48F
S214016B800060C4E908012046FFF7BCFB3B4A3C4BCA
S214016B90B2F8288007F0FD07B8F1000F68D1002F82
S214016BA038D16660E36140F2C7182046166119F0D5
S214016BB02FFEB9F1010FE0600AD094F8373169F37E
S214016BC0030384F8373109F00F0120461AF034F830
S214016BD004F1080041461AF018FC012002F0B8FD45
S214016BE028B963691A075CBF43F0040363616B89C4
S214016BF040F27121013B5943204619F028FE2046F8
S214016C0002F0B0FD03B0BDE8F08F012F87D140F24E
S214016C10014185E7E3614FF4D7782B8940F271276C
S214016C205B0007FB0366666040F6080104F1400658
S214016C30504619F0DCFD314620461BF030F92B8911
S214016C4001335B0031467B4304F13402204601F0F8
S214016C5021F9EB795B0031467B43012220461BF08C
S214016C6024F9236C20469E0819F0D2FD3044A0E793
S214016C706660E361002FD0D197E700BF781400204B
S214016C80FD65010070B51D46C36A1B07044616461E
S214016C9013D408212C3025F4105519F0A8FD25F041
S214016CA01005064B2D0433402D0CC4E9083520464B
S214016CB04021BDE87040FFF781BB70BD2FCF87F73D
S214016CC02DE9F04F85B004460191084689B34B790A
S214016CD09A071FD422F07AFB019D70B96B79DB0706
S214016CE005D54FF4803104F1280019F080FD01A884
S214016CF022F0E7FA05B0BDE8F08FA36ADF0309D5F5
S214016D004FF4803104F1280019F079FD6B7943F0D6
S214016D1001036B71019E16F096FF737931469E074B
S214016D2005461ED504F1AC0022F0C1FB284616F03C
S214016D3090FFDFF8909116F086FFA36ADD050746FF
S214016D4014D5D4F8AC3043B19A7913441B7B392B54
S214016D5003D829FA03F3D80711D4384616F079FF79
S214016D60C8E704F1A80022F093FBDFE794F9463167
S214016D70022BF2DCD4E92A2372B9002BEDD004F100
S214016D80AC0022F0BCFA0546384616F062FF2946EA
S214016D9020461AF0FFF8CEE7002BF0D194F8928047
S214016DA0039304F1A80BD4F8A86096F807A0B3796A
S214016DB0AAEB030A5FFA8AFAC24527DC584622F094
S214016DC0FDFAA8EB0A0805466B796FF3C3036B71EE
S214016DD0294603A822F05CFBD4F8A8302BB15B79D6
S214016DE0990702D1B8F1000FDDD1039B002BB4D077
S214016DF09B79022B40D8002022F028FC014670BB6C
S214016E00039904F1A80022F052FBA6E7002022F025
S214016E101DFC054630B9039904F1A80022F047FB92
S214016E2003959AE78079B1790C300C3142463144AA
S214016E30284421F0E8FBEB7953FA88F3EB71B37938
S214016E40727953FA88F3B3716B7962F300036B714D
S214016E5073796FF3000373714FF00008B4E7039B77
S214016E604A79587960F300024A715A796FF3000241
S214016E705A7103A822F016FBE36A9A0512D5039805
S214016E80034600680028FBD1DB79C3F14503DBB27A
S214016E90032B07D822F0DAFB01460028B0D003A85E
S214016EA022F0F6FAD4F8A83013B15B79DB0704D5E3
S214016EB0039A537943F008035371384616F0C9FE16
S214016EC0039965E77C2C020070B5036B990786B0C1
S214016ED0044601D519F0B0FD236BDA0733D5A66A4F
S214016EE0330723D516F4002F14BF032501252046AA
S214016EF0FFF74EFA94F89B3005930023049394F819
S214016F003E300393238F0293638F0193636BC3F326
S214016F104F030093C6F3800204F17103294680B241
S214016F201AF0E1FD30B9002006B070BDB50C05F0D1
S214016F300205DCE7012104F1300019F060FC4FF492
S214016F40005119F054FC236B980410D52046FFF726
S214016F501FFAA16AC0B2C1F340311AF002FB002841
S214016F60E1D04FF4005104F1300019F048FC236BD6
S214016F70D90409D500212046FFF7A2FE4FF480511F
S214016F8004F1300019F03BFC236B5A0512D520465C
S214016F90FFF7FEF994F89B500023C2B21946284623
S214016FA01AF047FC0028BED04FF4806104F130008F
S214016FB019F025FC236B5B0711D52046FFF7E8F98E
S214016FC0616B238F628FC1F34F0180B21AF06BFDA4
S214016FD00028A8D0042104F1300019F010FC236B1E
S214016FE01E0709D520461BF04FFB00289BD0082121
S214016FF004F1300019F003FC236BDD0618D520469A
S214017000FFF7C6F9E16A11F4805180B200F0C5803D
S21401701000211AF0DDFD002885D04FF4805104F1DF
S2140170202C0019F0ECFB102104F1300019F0E7FBFD
S214017030236B580615D52046FFF7AAF994F8773042
S2140170400093D4E9082380B21AF0A5FD00283FF486
S2140170506AAF002384F87730402104F1300019F03C
S214017060CEFB236B190516D52046FFF791F90023B1
S2140170700093B4F89830B4F8962094F89A1080B239
S2140170801AF022FA00283FF44EAF4FF4006104F1E3
S214017090300019F0B4FB236B13F4804532D19A0506
S2140170A016D52046FFF774F994F8371194F877202F
S2140170B001F00F0180B200F03FFD00283FF433AF2E
S2140170C084F877504FF4007104F1300019F097FB03
S2140170D0236B1B0616D52046FFF75AF9B4F88C30F9
S2140170E0009394F89130B4F88A2094F8901080B206
S2140170F01AF0A0FD00283FF416AF802104F13000FD
S21401710019F07DFB236B9E0612D52046FFF740F94A
S21401711094F8771080B21AF072FD00283FF403AF9E
S214017120002384F87730202104F1300019F067FB42
S214017130236BDD0508D504F130004FF4807119F09A
S2140171405EFB20461BF0DDF8236B180408D504F11E
S21401715030004FF4004119F052FB204619F068FD4B
S214017160236BD90308D504F130004FF4803119F0B0
S21401717046FB204619F0A5FB236B9A0308D504F1BC
S21401718030004FF4003119F03AFB204619F0A7FB06
S214017190236B9B0704D40120C6E61AF030FD3AE7BC
S2140171A000221146204619F098FB204619F097FB5D
S2140171B02046FFF7EDF894F8771080B21AF0D5FD67
S2140171C000283FF4B0AE022104F1300019F017FB9D
S2140171D02046FFF787FB024B1B689847DBE700BF9B
S2140171E0A4140020134AF8B5002302F1240151E843
S2140171F0004F41E80035002DF7D1012734B9BDB164
S2140172000D48294619F0F3FA2046F8BD94FAA4F081
S214017210B0FA80F007FA00F624EA0604FFF7A4F8AD
S2140172200028EBD0FFF750FE0028E7D13543E5E70D
S2140172300120EAE7781400209C1400202DE9F74F7E
S21401724004460190002860D0C579314F0C350544BD
S21401725016F0F9FC4FF000080090464640464FF401
S214017260A47ABA7E5FFA88F94A4517D93A680AFBC2
S21401727009FB5A44916ACB0644D5B2F89420C2F36E
S2140172800B02002A3ED0E279C2F14502D2B2032AAD
S21401729015D8022022F0DAF9044640B900230098F6
S2140172A0FB8316F0D6FC304603B0BDE8F08F0146EE
S2140172B001A822F0EDF8E5790C35254400200422DA
S2140172C0012312FB0033002105F82090E9543B68A6
S2140172D05B4402FB005CB3F894308CF80230032365
S2140172E012FB00320136A9543B685B440130B3F807
S2140172F0942061F30B02A3F89420E3790433E3713D
S214017300C0B2F6B208F10108ABE70646CBE700BF0C
S21401731078140020F7B5684604F0F2FB134E0025FA
S2140173204FF4A477B37EAB4201DC03B0F0BD346802
S21401733007FB0544A36A03F01803102B13D105229B
S214017340694604F1450021F029F960B10121204682
S2140173501AF0F8FF38B9012022F078F9014610B189
S214017360204601F067F90135DCE700BF78140020FC
S2140173702DE9F74F16F067FC424BDA6800920022BF
S214017380DA6016F066FC009B13B903B0BDE8F08F17
S214017390684621F0B4FF82798768019002F10C04F7
S2140173A004440146A07A10F0200F14BF03200220E7
S2140173B00A3202448A71FA6A52050FD5E07AA27A35
S2140173C042EA0022384619F0D3FF38B901A821F065
S2140173D078FF3D21384619F0BDFED4E7BA6A94F825
S2140173E00AB0019912F400720BF0030013D00328BF
S2140173F08A79EBD10A44127B392AE7D8224B23FA41
S21401740002F2D307E2D54A7942F002024A713846BF
S21401741000F018FEB7E70328F5D0487962F341007B
S2140174204871084694F8069094F905A021F0CEFF1D
S214017430019DAC79063CE4B20646AC713846FEF7CF
S214017440A7FF0C3405EB04080BF0030BC0F3032372
S21401745043EA0B13F6B288F8033088F80200A8F85E
S21401746004602B4605F804A088F801905A796FF35A
S21401747041025A711B68002BF8D128461AF088F889
S21401748081E700BF781400207C2C020030B5D36859
S214017490C4688BB01BBA0D46C1780293002361F312
S2140174A00703817861F30F23417861F317439168ED
S2140174B009BA0391816809BA07915168126809BA35
S2140174C012BA049105920178426861F31F6312BAF9
S2140174D0CDE9082324BA069406AC009423468022FC
S2140174E002A9012016F0B8FF0028F6D1DDE9081040
S2140174F0DDE9063200BA09BA12BA1BBA2860696019
S214017500AA60EB600BB030BDF8B5094F0446002603
S2140175100CB90748F8BDA179E5796D1AEDB20C31C1
S2140175202144B8192A4621F06EF82E442468EFE764
S214017530B4140020F8B5094F0446002604B9F8BD76
S214017540A079E5792D1AEDB20C30B91920442A46F6
S21401755021F059F82E442468F0E700BFB414002047
S214017560104B1A7842F0F0021A701A7C42F0F002C0
S2140175701A7493F8202042F0F00283F8202093F842
S214017580302042F0F00283F8302093F8402042F099
S214017590F00283F8402093F8502042F0F00283F87E
S2140175A050207047C41500200368054A23F07F6306
S2140175B023F4002302EAC14213430360704700BF6D
S2140175C00000F80FF8B544881E4E04F00704072C97
S2140175D0054628D116F037FB0022110106EB0217EB
S2140175E0735C1B090F2B0AD00132062AF5D1164A05
S2140175F013880133138016F02CFB1920F8BD2B6875
S2140176007B801123735494B216F023FB1BF0EFFB1F
S21401761006EB0413D8602B6823F4E02343EA044303
S2140176202B600020EAE72301F15CC1F3031201326B
S21401763002F00F02052A28BF002262F30711F15457
S214017640E4E700BFC4150020B020002038B5448808
S21401765004F00704072C05460FD016F0F4FA2401AF
S214017660064A135D43F0F00313552B6843F4E023F9
S2140176702B60BDE8384016F0ECBA38BDC4150020C2
S2140176802DE9F047458805F00705072D0746894689
S21401769037D01D4C4FEA051804EB051A14F808609C
S2140176A01BF0A5FB3609DAF80C3006EBC50604EB31
S2140176B04606C01A708014F8083003F00F02042A38
S2140176C09EBF013262F3030304F80830B9F1030FD9
S2140176D014D114F8081004EB0514A01C01F00F01D6
S2140176E01BF010FA044616F0AEFA3A68074B134040
S2140176F023433B60BDE8F04716F0ABBA4FF6FF7484
S214017700F1E7BDE8F08700BFC41500200000FF7F49
S214017710064A9268824208B507D0427922F00302EF
S21401772042F00302427104F061FD08BD24160020F8
S21401773010B5064C204621F0C4FD201D21F0C1FDE8
S21401774004F10800BDE8104021F0BBBD241600205E
S21401775010B5022021F07AFF034C6060022021F070
S21401776075FFA06010BD00BF2416002008B5FFF706
S214017770DFFF034B0022DA60BDE80840FFF7E8BFF1
S21401778024160020014B5868704700BF24160020BD
S214017790014B9868704700BF2416002038B50C4C82
S2140177A0E3681BB1E36898470023E36023686BB185
S2140177B0074821F0A4FD054640B123681BB14FF0F0
S2140177C0004004F0ABFC28461AF0E8FA38BD00BFCA
S2140177D02416002010B5064CE0604FF0004004F07F
S2140177E09DFCE3681BB1E36898470023E36010BD86
S2140177F02416002038B58379034404465B7B13F0D6
S214017800300F437923F0030308BF43F001034371AC
S21401781016F019FA21460546054821F039FE4FF0C3
S214017820004004F07BFC2846BDE8384016F011BA4B
S21401783024160020F7B5144F7C68A3790C331C443A
S21401784000F01AFB6679E6B116F0020519D136EAA0
S214017850000016D1E378B4F80920B4F80710A0792F
S21401786001962479009401F003FB002808BF0C253B
S214017870B8682A4642F2410103B0BDE8F04019F06B
S2140178801BBE1125F4E700BF2416002010B50D4CD1
S214017890626893790C331A441179D078B2F80730BC
S2140178A0B2F80520003918BF0121003818BF0120A1
S2140178B001F0DAFD42F242010246A068BDE810403E
S2140178C019F0FABD2416002010B5084C60688379BB
S2140178D018440F3000F09EF90023A0681A46BDE850
S2140178E010404FF6284119F0A5BD00BF2416002010
S2140178F0242816D80F2805D802280CD8B0FA80F00C
S21401790040097047084B103880B2C34003F00103AA
S21401791083F0010070470538012894BF002001203C
S21401792070470120704700BF2D2011002DE9F04F50
S21401793095B0FFF727FF86790C3642F2360330F80A
S21401794006809845054600EB06040ED1FFF71AFFA0
S214017950022121F08DFCA3787F220233A370AA5561
S21401796000232022627023776377E0780121FEF7F7
S2140179702BF900230646002800F0D780CDE9123304
S214017980237A8DF84A30E37A8DF84E30A388E28860
S214017990ADF8482013F01000B4F80920ADF84C20DB
S2140179A003F0050306D093B1E37D012B51D00025EA
S2140179B0122614E07BB3E37D657E012B37D16B1E67
S2140179C0DBB2022B09D800F057FA012338E04FF456
S2140179D08043DDE91212914220D900251126FFF7D6
S2140179E0D7FE012332464146ACB219F023FD002DE5
S2140179F0CCBF0534053C24B2002E40F099800A2302
S214017A0094FBF3F4E4B2FFF7C3FEC3791844C472DF
S214017A1015B0BDE8F08F4FF6FF73DAE71F29DCD902
S214017A209A42DAD8E37D657E0028BED1C5E7032BEE
S214017A30D3D16B1EDBB2022BCFD800F01DFA042384
S214017A400342CAD0032D08BF04252840C0B200282F
S214017A50C3D0E07818F0DDFB20B1A088FFF748FF1F
S214017A600028A4D0334A237F1278002A54D0042B4E
S214017A709DD8637F042B9AD8A388DB0653D41BF0CA
S214017A803AFA0121C822084003F0B0FE94F91630F4
S214017A90B4F804E0677EE18894F80C9094F815A099
S214017AA094F818B003EB8303B0EB430F4FEA43029D
S214017AB0637B0F93A37B109304F10F031193637FF2
S214017AC00546E07DC8BF15B2B4F809200C93237FA4
S214017AD00B93E37E032808BF0420032F08BF042767
S214017AE0003B18BF01230A93A37ECDF80C90CDE985
S214017AF00873119B02931FFA85FC109B0193CDE935
S214017B00060BCDE904AC0F9B009330465FFA8EF36B
S214017B1018F03BFC064662E7002B7FF45EAF637FFE
S214017B20002BA9D059E70020ABE70546072656E704
S214017B30002468E732230020F8B5074601200D46E9
S214017B40164621F083FD0446C0B106220C2119F029
S214017B5084FC691EA379C9B2032998BF084A03F1B8
S214017B600C03234498BF525C9F8088BF00222046A6
S214017B70DE70DA719A71FFF7CBFD0120F8BD00BF08
S214017B805FA60300F8B5FFF7FDFD83791844B0F84A
S214017B900F60B0B2FEF7E8FB0446C0B119F0B4F9C5
S214017BA00138C0B2032814D80B4B1C5C0027FFF722
S214017BB0EFFD054604233A4642F2300119F03AFC3D
S214017BC0AB790C33E818C68004724472F8BD0227FC
S214017BD0EDE700242746EAE75FA603000B4610B54B
S214017BE00649074C0622002808BF2146184620F001
S214017BF0D5FCB0FA80F0400910BD00BF3423002048
S214017C003A230020024B1A6802609B8883807047E3
S214017C103A23002013B50D4C28B1036823608388EE
S214017C20A38002B010BDFAF733F8CDE900019DF844
S214017C300230A370BDF80530BDF80020A4F803306B
S214017C409DF8073022806371EBE700BF3A230020DE
S214017C5010B5044615F0F7FF064B22681A60A28895
S214017C609A80054A137843F00103137015F0F1FF6B
S214017C70012010BD3423002033230020024B187846
S214017C80003818BF0120704733230020024B1A68C2
S214017C9002609B888380704734230020024B18695A
S214017CA008B104F03BBA7047E80E002010B53D4A13
S214017CB0002302F1100151E8001F02F1100C4CE8FC
S214017CC00034002CF5D140EA0104A10201D501F0EF
S214017CD0B5FD220101D503F0CBFA002C01DAFFF73E
S214017CE05DFD630001D501F063FBA00001D5FFF740
S214017CF03FFBE10007D5FEF757F820B92A484FF0B9
S214017D0080511AF09FF8620107D519F0C8F920B919
S214017D1025484FF080611AF095F8A30105D51BF0B0
S214017D20E3F8FFF7F7FA18F079FAE00108D518F04A
S214017D30BCFD072804D11C484FF080711AF082F868
S214017D40610201D518F064FA220201D518F054FA3E
S214017D50E30207D518F0A7FD20B913484FF48011A8
S214017D601AF070F8A00507D500F03AF920B90E48C8
S214017D704FF400711AF066F8E10507D5FFF732FAFD
S214017D8020B909484FF480711AF05CF8620503D5F2
S214017D9019F04EFB19F04DFB230501D51AF05AF8E0
S214017DA010BD00BFE80E0020F80E00200146014875
S214017DB01AF048B8E80E0020014B1B6818407047BF
S214017DC0E80E0020044B10B5D3E9064204430A43EB
S214017DD0C3E9064210BD00BFE80E002070B51E4D77
S214017DE02B68002B044603DAFFF7C0FC002031E0C5
S214017DF01A4E4CF20C000021FFF7E4FF002333601B
S214017E0024B163682B60A36803B133604FF0004070
S214017E10FFF7CCFF33680BB9114B3360114B124897
S214017E20AB6000232B7314F0ABFFFFF799FB2046E2
S214017E30F3F7C6FD70B92CB1B4F90E10B4F90C0005
S214017E4002F016FF1BF05BF803F02CFE03F0B2FD08
S214017E500028C9D070BD00BFE80E002034160020EF
S214017E60A90E00209D7C0100EC0E0020014BD3E9F9
S214017E7006017047E80E0020054B9B69DA054CBFEA
S214017E80032001201B0548BF40F00400704700BFD7
S214017E90E80E0020F8B517461C4606460D4603F0C8
S214017EA085FB1C4BBA7A53F8222053F820301A442B
S214017EB0194B9C4224D9194B9C4214D9184B93FB5D
S214017EC0F2F3002BB8BF0333013C9A1004EBA30472
S214017ED0B4FBF2F371682A68A1EB930102EB43024B
S214017EE071602A60F8BD0F4B0F49A3FB04435B0981
S214017EF002FB03F303F6C313A1FB0313DB0AE9E753
S214017F0002FB04F303F57433084A8F33A2FB032301
S214017F101B0CDFE7B4A603004C621000136666066E
S214017F2040420F001F85EB515917B7D183DE1B4323
S214017F30024B1A6802601860704700BF3C160020AA
S214017F40024B00221A6000F0FBB900BF3C1600206D
S214017F502DE9F843064618F00DFD0446002835D0F5
S214017F6045784DB915F06FFE237863701B4B1B687F
S214017F706360257015F06DFE4FF00108677837B91C
S214017F8023781BB34FF4007004F0C8F81EE097FA8C
S214017F90A7F5B5FA85F508FA05F55FFA85F9636878
S214017FA033B90E4B27EA050565701B686360E5E784
S214017FB09B681BB963681B686360F0E749463046F7
S214017FC09847012805D163681B6863600120BDE8F6
S214017FD0F8830228EED10020F9E700BF3C16002006
S214017FE070B50E4E0025FEF71BFCA84201D80120F5
S214017FF012E03068FEF7B8F950B93468FEF710FCA5
S2140180000134B4FBF0F303FB104434600135EAE7B6
S214018010FFF79EFF0028F0D170BD00BF3816002084
S21401802010B58379034404461B7B392B96BF044A5B
S214018030FF21D15C21F01CF9A0790C30204410BD41
S21401804063A603002DE9F34105460C46019118F09D
S21401805081FC830605D501A821F033F902B0BDE8FD
S214018060F081019FBE790C36BB5D392B18D8164AB4
S21401807012F80380B8F1FF0F12D0384621F0A6F9A6
S214018080013840450CD1114B1E6896B9A37923449B
S21401809021461A7B284602B0BDE8F04119F0CABF56
S2140180A0019821F00EF9BA5D0199284619F0C2FF30
S2140180B0D4E773680BB93668E7E721462846984740
S2140180C00028F8D0CAE700BF63A603003C160020CC
S2140180D037B504460D46202118F03EFC29462046B9
S2140180E018F0A7FC214601201AF04BF82146002083
S2140180F01AF047F80120044A00900023214619F09F
S214018100D1FF03B030BD00BF0D1F030073B50C4691
S214018110164605461AF0A7F980F001002946C0B2B6
S21401812018F00FFCC368012C9A7907D03246214615
S214018130284602B0BDE870401AF09BB913441022DD
S214018140DB8A00922946034A002019F0ABFF20463D
S21401815002B070BD7324030037B504461AF0C3F9A4
S2140181600321204618F016FC00250346044A009514
S2140181702146012019F096FF284603B030BD00BF06
S214018180592303002DE9F347074602200E4621F046
S2140181905DFA0546002846D0B3790C3333440021F6
S2140181A0B3F80480B3F806A0B3F8089019F0F8FE07
S2140181B02846FFF735FF02210446384618F0EAFB49
S2140181C0A4F804806081A4F806A0A4F808901AF028
S2140181D0D2FD08F10108B0FBF8F303FB18000223F7
S2140181E060806370AB79B371EA79F27103F10C00C8
S2140181F0D21AD2B22918304420F005FA39460120A5
S21401820018F09FFB1022C660638900923946074A20
S214018210012019F047FF3846294619F0BFFE002015
S21401822002B0BDE8F0870720FAE700BF7324030019
S2140182302DE9F34104460D460146012018F081FB65
S21401824001210746284619F0ABFE2846FFF7E8FE4F
S214018250064600F10108404603F052FCD6F801300C
S214018260C7F812307379BB750221204618F092FBCD
S21401827029460746F080204619F090FE20230093F9
S214018280044A3B462146012019F00CFF002002B0AB
S214018290BDE8F0813F2403007FB504460D46014644
S2140182A0012018F04EFB50E8003F43F4806340E89D
S2140182B00036002EF7D120461AF0D5F8D8B320465E
S2140182C018F050FB430715D5334632460DF10F0122
S2140182D0204618F000FE9DF80F30062B0AD82846D7
S2140182E014F012FD012200232046FEF7CBFC0020ED
S2140182F004B070BD0E21284619F052FE2846FFF73D
S2140183008FFE0646FFF7B2FDC6F80510FFF7AEFD75
S2140183102946C6F80100204619F040FE03212046F2
S21401832018F038FB0022034600922146034A01203A
S21401833019F0B8FEDBE70821DDE700BF5D23030087
S21401834010B5054C054A0649204619F0F6FF2046A9
S214018350BDE81040FFF7ECBD4016002025250300C0
S214018360CD840100F7B58B790C33CE18CB5C023B7C
S21401837004460D460F2B00F2A080DFE803F0089EAE
S2140183809E9E9E739E829E9E2C689E9E9E4F15F07C
S2140183905AFC71780746204618F04BFB20212046F0
S2140183A018F0DAFA2146012019F0EBFE21460020EA
S2140183B019F0E7FE0123009300231846404A2146A0
S2140183C019F070FE284614F09FFC384615F041FC63
S2140183D0012003B0F0BDB3887288717818F061FD92
S2140183E0204618F0BFFA830708D4294620461AF01B
S2140183F07AF80121204619F0BBFDE9E72146012064
S21401840018F09FFA2F4B82689A4203D12146012029
S21401841019F087FE284614F077FCEAE77778B678F5
S214018420084614F071FC162F05D13246032120466A
S2140184301AF069FACCE72146012018F082FA83681F
S214018440002BC5D03246032120469847C0E7014697
S214018450012018F076FA07462846767814F054FC80
S214018460BB68EDE70146012018F06BFA074628467F
S214018470767814F049FCBB68002BA9D0324604215B
S214018480E2E70146012018F05CFA0F4B82689A4237
S21401849003D0284614F038FC9AE7D6F80120D6F81F
S2140184A005302046FEF7EEFB284614F02DFC21464B
S2140184B0012019F036FE02219CE7002089E700BF63
S2140184C0DB240300592303005D2303002DE9F34158
S2140184D00C46054619F0C7FFA37900286BD00C336C
S2140184E0E61814F80380B8F1010F41D0B8F1080F6F
S2140184F039D0B8F1000F51D17189284619F0C0FD65
S214018500B188738872788B4294BF07460027092981
S2140185100B4638BF0923013B9BB29A420FD8002A6B
S21401852008BF0027F3883289084619F0C8FC40B90D
S214018530204614F0E9FB012002B0BDE8F081474671
S214018540F0E7002FF4D02946002018F0FAF9C460AD
S21401855073891022013B00921B4A9BB229460020D8
S21401856019F0A0FDE7E72146284619F01AFFE2E7D1
S214018570F188284619F084FD0746701C1AF0CDFCD8
S2140185800028D5D0002FD3D02946002018F0D9F9DD
S2140185902023C4600093F3880C4ADFE7214628466F
S2140185A01AF09EFA0028C6D12146284602B0BDE838
S2140185B0F041FFF7D7BE23441B7B0E2BD3D02146B9
S2140185C028461AF07CFAEDE70D810100F723030037
S2140185D038B504460D4618F0C5F942070BD42046B7
S2140185E018F0C0F9830706D429462046044ABDE898
S2140185F0384019F037BE284614F086FB002038BDF7
S2140186005981010038B505460C4618F0A3F900F06B
S2140186101800102806D121462846054ABDE83840EC
S21401862019F020BE204614F06FFB0C2038BD00BFA9
S21401863085810100014A19F015BE00BF3182010093
S21401864070B505460C460146012018F07AF9064633
S214018650284618F087F9020704D5204614F054FB83
S214018660002070BD33685B05F7D4284619F0FBFE81
S21401867040B121462846FFF7ABFF18B920F0E6FFC8
S214018680044630B121462846034ABDE8704019F039
S214018690E9BD0720E5E700BF9982010073B50446EE
S2140186A00E4618F057F900F0300010284FF002007F
S2140186B031D120F0CBFF054678B3437943F002036E
S2140186C04371022119F06CFC2846FFF7A9FC2946E4
S2140186D04670204619F062FC1621204618F0A9F9CA
S2140186E02021204618F038F92146012019F049FDCD
S2140186F02146002019F045FD204619F0E8FD01212C
S214018700204618F047F9034601200090044A214606
S21401871019F0C8FC002002B070BD0720FBE700BFBF
S214018720872303002DE9F04387B004460E4618F070
S21401873019F900F4C060B0F5C06F06D1022020F030
S21401874085FF054610B9072054E000252146012083
S21401875018F0F7F896F8068008F10C08B044814640
S21401876008F10F0300F1120208F11F0153F8040B80
S21401877042F8040B8B42F9D10321304619F010FC64
S2140187803046FFF74DFC0A22074608F10501013085
S2140187901FF014FF0C210DEB010003F01FF903ABD2
S2140187A003CBC7F80B00C7F80F10059BC7F81330AB
S2140187B007F10B020DB30A21284619F0F1FB2846F2
S2140187C0FFF72EFC2946204619F0E8FBC9F80C6095
S2140187D04FF48071204618F0BFF80321204618F0A8
S2140187E0D9F8002503460D4A00950120214619F0C7
S2140187F059FC284607B0BDE8F08307F1130320466D
S214018800012118F0FDFC2046314619F0C7FBC9F8D6
S2140188100C50204618F010FDDFE700BF6725030067
S214018820F0B589B00D46044619F097FEAB790028DD
S21401883000F0A3800C33EA18EB5C033B082B00F234
S2140188403881DFE813F0090036013601840036016D
S214018850360136015D007E00D2F80100D2F805101F
S214018860B2F8097003AB03C302F1130301210B3203
S214018870204618F0C5FC0421284619F091FB28462D
S214018880FFF7CEFB0C21064605A803F0A7F805ABBB
S21401889003CB3346C6F80100C6F80510079A43F81D
S2140188A0092F0021721C204618F0AAFC2146002040
S2140188B018F047F803AA0346478303CAC3F8120011
S2140188C0C3F8161020460821FDF778FD4FF4007115
S2140188D0204618F041F8204618F0AEFC29462046FE
S2140188E019F05CFB0321204618F054F803460020DB
S2140188F0714A0090214619F0D5FB012009B0F0BD60
S2140189000B21284619F04CFB2846FFF789FB294620
S214018910204619F043FB15F096F94FF440710546D1
S214018920204618F019F84FF48051204618F01CF82C
S214018930284615F08EF94FF48061204618F017F896
S214018940DBE7284614F0E0F94FF40071F5E706215D
S214018950284619F025FB2846FFF762FB204618F04B
S214018960CBFA2946204619F019FB204618F08AFC56
S2140189702146002019F0D5FBBFE72B441B7B043BA7
S214018980072BBBD801A252F823F000BFAD89010026
S214018990D3890100358A0100FD880100FD880100A8
S2140189A0FD880100FD8801004B8A010020464FF436
S2140189B0007117F0D1FFAA790C322A4402F109039B
S2140189C020460132002118F01BFC284614F09CF9C1
S2140189D093E74FF48060FFF7EFF9B0B14FF4006111
S2140189E0204617F0B9FF00272046CDE90577FDF7A9
S2140189F0CFFC0646204617F0ABFF0095034605AAB6
S214018A003946B0B219F059F977E72146012017F037
S214018A1098FF00F11201204618F049FC062128466D
S214018A2019F0BEFA2846FFF7FBFA2946204619F048
S214018A30B5FA62E7284614F067F92146012019F0D5
S214018A40A0FB204618F01EFC57E715F0FCF84FF483
S214018A5000710646204617F07FFF4FF480512046EE
S214018A6017F082FF304615F0F4F84FF4C061204647
S214018A7017F07DFF2946204619F090FA214601207D
S214018A8017F05FFFC268054682B193790C331A442A
S214018A9002F1130301210B32204618F0B1FB2046E8
S214018AA018F0CAFBE968204619F078FA0023EB6053
S214018AB023E7002022E700BF6725030010B5074C17
S214018AC007492046002219F038FC2046FFF730FA05
S214018AD0BDE8104001200021FFF774B94C160020B4
S214018AE02188010038B505460C4617F033FF00F023
S214018AF01800102806D121462846054ABDE8384008
S214018B0019F0B0BB204614F0FFF80C2038BD00BFAA
S214018B102587010038B58B790C460C331944E35C84
S214018B20142B054603D0152B0FD0002038BD01317C
S214018B3019F0EBFD15212846224619F02EFE214696
S214018B40284619F02BFA0120F0E70146012017F01C
S214018B50F8FE0B4B82689A4203D0204614F0D4F8F4
S214018B60F1E7A17921440D31284619F0CEFD2046C2
S214018B7014F0CAF82946012019F0D3FAE3E700BF3A
S214018B80EF27030037B504460A460D46142119F0AF
S214018B9004FE2946204619F001FA0321204617F063
S214018BA0F9FE3022034600922146034A012019F0BD
S214018BB079FA002003B030BDEF27030010B5074C4B
S214018BC00749084A204619F0B8FB2046FFF7B0F9D6
S214018BD0BDE8104020200021FFF7F4B85816002009
S214018BE0158B0100F327030073B5ADF800208DF84F
S214018BF002301E460446009B019301A80D4611460D
S214018C0019F06DFD9DF80630B34203D1BDF804306E
S214018C108B4205D0284614F077F8122002B070BDBA
S214018C20204618F007F89DF80230827A9A4209D158
S214018C308288BDF800309A4204D1284614F064F8C0
S214018C400020EBE76946204618F0B0FA024A2946AA
S214018C50204619F007FBE1E7858B01002DE9F0417D
S214018C6016461A43BDF8188007460C461D4605D120
S214018C7020461146BDE8F04119F00EBE4146204699
S214018C8019F0EAF978B12146384617F05AFE402322
S214018C908674C5742146069338464346034ABDE8A2
S214018CA0F04119F0FFB9BDE8F08100BF512903007A
S214018CB0F7B505460E460146012017F042FE036849
S214018CC013F0F00F03D02946012019F05AFA28466E
S214018CD018F017F9B3790C3333445F789B781F404B
S214018CE00378C3F3030000EA1310384019F0AEFD11
S214018CF0044668B9284619F0B2FD384019F0A6FDB9
S214018D00044628B9284618F0FFF801F0A7FF0446E4
S214018D102846002117F090FF1721304619F040F938
S214018D203046FFF77DF9314644708470284619F0C5
S214018D3035F90321284617F02DFE402203460092FE
S214018D402946034A002019F0ADF903B0F0BD00BF73
S214018D500729030008B581B2074818F056FB012021
S214018D6000F0F6FC30B9054A536919075CBF43F0B9
S214018D700403536108BD00BF6C1600206416002072
S214018D80012383400649DB4301F1240252E8002F08
S214018D901A4001F1240C4CE800200028F4D1704759
S214018DA0641600200123074A03FA00F002F12403A7
S214018DB053E8003F034302F1240C4CE8003100293C
S214018DC0F4D1704764160020044A536A4FF080407D
S214018DD043F40023536203F0A1B900BF64160020D8
S214018DE038B51E4C4FF01013E3624FF4E063238650
S214018DF047F6FF73A4F8603094F86730012262F3F7
S214018E00030384F86730164A164B0025C4E9163268
S214018E106562FFF731F84FF48073A4F84830124BBF
S214018E20E361124B84F856001A686561137852782C
S214018E30A4F8BC5013445B10294604F1080063767D
S214018E40A4F8B45018F0E1FA294604F1940018F099
S214018E50DCFABDE838401AF072B800BF641600208C
S214018E6055555500D6BE898ED72B030034160020E3
S214018E702DE9F0411F4C9DF81C609846636A0F4629
S214018E80D907154633D460B30120FFF78BFF626A1A
S214018E909DF8183084F8546022F4C07242EAC31276
S214018EA0052E626207D102F019F868B96D00ADB2FD
S214018EB0BD4228BF3D4694F854309A0715D413F0A6
S214018EC0040F14BF0326012694F86730A78566F3BE
S214018ED0030384F86730E58584F830800120BDE817
S214018EE0F0810120FFF74CFFD1E70226ECE70020D6
S214018EF0F5E700BF64160020024B586AC0F38000F5
S214018F00704700BF6416002010B51D4CFFF7F4FF34
S214018F10636A13F0010313D1A8B994F8663094F884
S214018F203110253BDBB20133DBB2032B28BF002314
S214018F3041FA03F2D207F6D5253384F8663018E0F5
S214018F4094F8543010B194F85520134303F00503F8
S214018F50052BE2D101F0C2FF0028DED194F867307C
S214018F6003F00F02012A05D1032262F3030384F8FA
S214018F70673010BD012262F3030384F86730CCE743
S214018F8064160020024B586A00F00100704700BFCB
S214018F9064160020F8B52F4C40F27123E36018B137
S214018FA0636943F01003636119F021FFE28DE66CFB
S214018FB0236DA78D151F40F271214D43AE4218D285
S214018FC0A3F5967301FB0733181AE76823893B4418
S214018FD083420EDA6369514343F01003891B6361D0
S214018FE08142D4BF21612061BDE8F840194800F0F4
S214018FF0B9BB40F271277A43A2F5AF722261FFF73F
S21401900083FFA28D236D07FB023363602365AE42A7
S2140190104FF00003104AE3640DD3FFF76DFF1368AA
S21401902038B19A791B7B617E0B4493420DDC6376E3
S214019030DAE71A78F6E7FFF75FFF136838B1DA79EF
S214019040197B637E5B1A9342F1DA6276CCE75A7833
S214019050F6E700BF641600203416002038B50E4C23
S214019060054680B10320FFF78BFE002384F84530C8
S2140190700123A4F846300420FFF782FEBDE83840FD
S2140190801020FFF77DBE0520FFF77AFE0123A4F826
S214019090B83084F8B650EEE764160020274B70B55A
S2140190A05A6A0D4609B3160747D503F1450603F17B
S2140190B0460428B3D1061FD52388012B1CD95B088B
S2140190C023800420FFF75CFE1020FFF759FE19F0FD
S2140190D052FE2388B0FBF3F202FB1300307055B347
S2140190E00320BDE87040FFF74BBE940625D503F17B
S2140190F0B60603F1B804DCE70420FFF753FEE3E706
S214019100D20314D5B3F84610B3F8482091420ED2D4
S2140191102288520092B22280B3F84830934228BF88
S214019120134623801020FFF72BFE0420CDE71020E6
S214019130FFF738FEF9E70520D3E770BD6416002077
S21401914070B54A4A054651681068AC79127A8AB0F9
S2140191506B4603C30C3408201A702C44FEF72CFE11
S21401916020B10122A11D284620F08EF8A3798DF8A2
S2140191700F30A37A03F00F0303F128026A4400219B
S21401918012F8282CADF81020CDF82110ADF82510D6
S2140191908DF82010062B08D8DFE803F0044F0707E8
S2140191A05F074B000D20FFF7FDFDA37AC3F3801385
S2140191B08DF81230E368CDF81330238AADF81730F6
S2140191C000231A460DF113010DF1120017F034F8C1
S2140191D0E3798DF819304FF47F43ADF81A307F23C9
S2140191E08DF81C3063798DF81D300023ADF81E30E4
S2140191F0AB791233AB711C21284620F0A2F8AB796B
S2140192002B4403AC0C3309AE224603CAB2421860A3
S2140192105960144603F10803F6D110681860294610
S214019220134820F035F94FF0804002F077FF0AB07E
S21401923070BD0D20FFF7A4FDB7E7D4F81230CDF8C6
S2140192402130E38AADF82530EB79063BEB71A37A42
S214019250C3F3C0138DF82030A7E7064B5B6A9B0467
S21401926044BF42F00102ADF810209EE79DA6030020
S214019270841600206416002070B583790C33C41858
S2140192802379DA0702D44FF0FF3070BDA37AE27A71
S21401929003F00F05082DF6D8062D01D92846F4E768
S2140192A0911F1F29EFD8012D1FD10C2AEBD1244E77
S2140192B0736A13F0060F01D1DB05EFD416F0C9FF70
S2140192C020B916F0BDFF0028E8D1DCE7A37A96F8AE
S2140192D03020B2EBD31FC3F3C010D4D104F1120176
S2140192E000F00100FEF77AFCEDE7042DD6D1144913
S2140192F0144A486A0240002AC5D0C96B0029CDD05D
S2140193008A790C3288188A5CC3F38013B3EBD21FB8
S21401931008D016F09EFF0028C0D116F088FF00285E
S214019320BCDBB0E704F10C01062208301FF036F969
S214019330044616F08EFF0028B0D1002CAED0ECE724
S2140193406416002008000400F0B5184C606B87B066
S21401935000B3A76BBE790C36FDF71AF80223FF217E
S214019360BA5DCDE90431BD19D20995F823305B0900
S2140193700393AB8B02936B8B01932B8B0093002192
S21401938005F1080380B218F0AEFB606BFDF7AAFA90
S21401939000236363A06B13F0B7FC0023A363636A27
S2140193A023F00403636207B0F0BD00BF641600201B
S2140193B013B5154C14F047FC236A0193002323626E
S2140193C014F047FC019BA3B9636A1A0406D518F08A
S2140193D0A2F8A0B1636A23F400436362636A1B03C5
S2140193E005D5FFF7B1FF636A23F40023636202B079
S2140193F010BD01A81FF083FF18F0F8F8E2E74FF060
S214019400804002F08BFEE9E76416002038B50E4D69
S214019410044601F05DF8E86B18B113F075FC002303
S214019420EB6318F002F80948FEF710F9AB6B0BB1C5
S214019430FFF7CAFC0448214600F0E4F9BDE83840CD
S21401944003481FF03EBF00BF641600206C160020C4
S21401945084160020034B586A10F0050001D1FFF76F
S214019460D5BF70476416002070B53B4C636A16463C
S21401947003F0010270B95AB114F0E5FB636A23F0F8
S214019480010305466362FFF7E5FF284614F0E1FB9A
S214019490002070BD002AFBD19B0704D5E36BBBB14E
S2140194A00120FFF7DBFD94F8303003F0FD03012BBC
S2140194B016D014F0C8FB0546C6B10E20FFF772FCA5
S2140194C019F095FC42F2107303FB0600A06210E04F
S2140194D0022020F0BBF8E0630028E1D10720D8E79E
S2140194E0FEF7CCFB0028E4D11220D2E70E20FFF7CE
S2140194F047FC0020FFF756FC636A13F00403C4D14F
S214019500E364E38D40F27122023B5343E260236140
S21401951019F031FC0323B0FBF3F303EB4303C31A47
S214019520253384F86630FFF7EFFC19F060FC6060C5
S2140195302065B4F8BC00002808BFF520FFF70AFC38
S214019540064B05481A681378527813445B10637605
S21401955000F008F999E700BF6416002034160020D1
S21401956038B51A4C636923F010036361054600F0B1
S214019570AFFFB4F8BC302BB9A36813F4601F08BF63
S214019580A4F8BC301148012100F03CF9104BE3610E
S214019590636A5A0405D485F00100BDE83840FFF738
S2140195A0F9BCA26A6168521A002AF4DA23F00103B0
S2140195B043F400436362FFF74DFF4FF0804002F033
S2140195C0ADFDFFF799FC0028E5D138BD64160020F3
S2140195D0D72B030008B5FFF78FFCB0B10B4B586AC9
S2140195E020F0040210F001005A6203D1BDE80840E1
S2140195F0FFF70CBF00F06CFF17F017FFFFF7E4FB57
S214019600BDE808400020FFF7ABBF08BD6416002088
S2140196102DE9F04F314CA56B636BAE7900278BB00B
S2140196200C36C4E90D7705EB060807938346894691
S214019630D8F824A001F0EAFDAA5D08F10806C2F3F5
S214019640C01231460DF127008DF8272016F009FECD
S214019650CDE904B9636A0798C3F380230393FF2314
S21401966002939DF8273052463946CDE9006308F14A
S2140196700E03FDF7D5F9284613F046FB636A23F07F
S2140196802402D907626205D40120FFF7BFFE0BB0A2
S214019690BDE8F08F124B94F854501A68137852783C
S2140196A013445B10052D637602D101F017FC40B917
S2140196B094F854309A070ED413F0040F14BF032500
S2140196C0012594F86730012065F3030384F86730B9
S2140196D0FFF746FFDBE70225F3E700BF641600202D
S2140196E03416002010B5074C2368DA0607D523F098
S2140196F01003236018B9A168012016F071FD00233C
S214019700A36010BD24170020014610B504460220B0
S21401971016F066FD054B1B68D90305D463691A0765
S2140197205CBF43F00403636110BD00BF2417002033
S214019730014BD868DC3870472417002010B5034B5E
S214019740DC6819F054FBDC3C201A10BD24170020FD
S214019750034B1B6813EA004314BF01200020704727
S21401976024170020F8B50023036043690446580710
S2140197700DD5204650F8081FC90C01F4FC7141F0C4
S2140197800501FDF711FF636923F004036361636953
S2140197902589D90603D519F02AFB28446060184E9E
S2140197A0606831462D1A51F8043F8BB923600C606E
S2140197B0B3684BB1617E5A7E914219D26269D20674
S2140197C00FD50020FFF78EFFBDE8F84018F05FBB0D
S2140197D05A681F892A44D21B002AE7DA19461B68F1
S2140197E0E3E75A681B6913441B1A002BECDBE8E716
S2140197F01A895B68D31AE2680344D342E4D5E0E7EA
S2140198002417002038B50B4DAB680446A342084622
S21401981001D1FFF767FF6B68074A1BB1A3421968BE
S21401982004D11160BDE8384018F031BB1A460B462A
S214019830F3E700BF24170020281700202DE9F34185
S214019840634E33685C0700F18A80B368002B40F0F2
S214019850868056E8003F43F0040346E80032002ABB
S214019860F7D17468BCB119F0C2FA01AA8046014664
S2140198702046276919F017FA08B9204622E06369DD
S2140198802568D8065CBF019BFF1AA5B96368DC375B
S2140198901F44C6E9024756E8003F23F0040346E8A2
S2140198A00035002DF7D1B468002C4BD102B0BDE8CD
S2140198B0F04101F017BD01AA4146284619F0F3F917
S2140198C018B92846FFF720FFCBE76B6928896A6835
S2140198D0D90648BF08EB0002DB07A2EB000005D45F
S2140198E001992B695B1AE9685B1A18446368D919F0
S2140198F0091A002919DD8F4204D9E168C01ADC3142
S21401990081421DD96069C10711D42169D5F80CC0FF
S2140199100B442189A3EB0C035B1AE1689B1ADC312B
S2140199208B4204DD6A6067462C462D68ADE7697E8A
S214019930637E9942F9D2C3069FD5EF686A60F3E762
S2140199400746F2E7A36813F4601FC3F3C24009D1C8
S214019950336843F010033360214616F041FC02B031
S214019960BDE8F08104F108073846FDF72BFE3368A1
S21401997043F0100333602146F8B916F031FCA368B2
S21401998013F4601F4FEAD341C3F3C24517D0013D1C
S214019990EDB201F4FC7129433846FDF705FE0321BB
S2140199A03846FDF76DFE75B1A268237E1344120C8E
S2140199B09BB212041343A360D1E72846CDE70321E7
S2140199C03846FDF75DFE3846FDF740FEECE700BF82
S2140199D02417002008B5034B996809B116F000FC5E
S2140199E008BD00BF24170020014B9868704700BFD0
S2140199F0241700200A4B70B59C6884420FD121467B
S214019A00012016F0EDFB6668258919F0F0F9AD1B0B
S214019A10C54221464CBF0020022016F0E1FB70BD76
S214019A2024170020054B1B681B6A13F0100003D097
S214019A3013F0030018BF0120704700BF3417002041
S214019A402DE9F341344B9C68A5790C356719635DA4
S214019A5003F04F036355838D0622103B0646884666
S214019A607A700D2B32D8DFE803F054315007310CF1
S214019A70313131313131310C635D6FF3030363559D
S214019A8024E0625D006A012363F30302625510F469
S214019A90006F4FF00C027A7006F12E0107F10802F2
S214019AA00CD001924FF0FF320092C0F380201A468C
S214019AB016F0CBFB635D43F08003E0E7D6F82E306B
S214019AC0BB608B889380336A5B05F3D4B28D635D8C
S214019AD062F345136355B91C304619F0DCF9635D32
S214019AE060F386136355A3797A7802331344E371DE
S214019AF0B38D03F01403142B04D0B8F1000FC4BFC8
S214019B0042447A7002B0BDE8F081635D62F30303FC
S214019B10B5E7635D0222F9E76014002038B52949EC
S214019B200B7D4A7D0133DBB2B3EB921F04460B7506
S214019B3003D303230B75002038BD016AC90234D54F
S214019B4090F87E200323243A92FBF3F303EB4303BE
S214019B50D21A2532D2B2A18D94F87F30B4F93400EE
S214019B6084F87E2011F0100103F00F0323D119F0C1
S214019B70BDF901F095F8B4F97820824204F1700538
S214019B8004D0A4F8780001F033FD6881284601F07E
S214019B90F3FB00221146104616F024FB94F87E00D3
S214019BA0002119F0A2F90120C6E75B001A4102F074
S214019BB003022532CFE702461946002001F016FEC1
S214019BC0D7E700BF601400201F4B2DE9F041044683
S214019BD01860006C1D4E1FF0F9FB01462046FFF78A
S214019BE02FFFA38D03F01403142BB36814BF226C4C
S214019BF000221A602046FFF791FFFFF713FF144B70
S214019C00051E144808BF184601F0ECFC6369676836
S214019C1003F0100819F0EBF86D000346627EE8B217
S214019C20B8F1000F03D1FF1AB7F59B7F07D5114690
S214019C3001F082FCB068BDE8F04101F051BC6168FA
S214019C4019F0DBF8F6E700BF341700206014002097
S214019C50E59C0100319F010070B50546FFF7E2FE65
S214019C60104B114E041E114808BF184601F0BAFCED
S214019C702846FFF753FF054660B133686000597EFA
S214019C8000F0FE0001F058FC094BBDE870409868F2
S214019C9001F026BC01F0A6FC30682946BDE87040FC
S214019CA0FCF760B8E59C010034170020319F0100E5
S214019CB060140020034610B5094C052B20680AD015
S214019CC0062B0CD1002001F08DFC20680121BDE897
S214019CD01040FCF747B8BDE81040FFF7BDBF10BD08
S214019CE034170020032803D1024B1868FFF7B4BFCE
S214019CF0FFF7E0BF341700200C4B032810B51C6893
S214019D000FD1206C1FF062FB01462046FFF798FE3C
S214019D10074B226C9B6820461A60BDE81040FFF78F
S214019D209BBFBDE81040FFF7C5BF00BF341700203A
S214019D30601400202DE9F8438B790C33CC180646C5
S214019D402379DA0703D44FF0FF30BDE8F883E77ACA
S214019D50252FF8D83C4B9A6893790C33D118D35CED
S214019D60A27AC3F38013B3EBD21FECD1056AEB06DC
S214019D704CBF02310431062204F112001EF00EFC23
S214019D800028E0D194F80A9016F063FA05F4C0456D
S214019D9080F001032A1EC9F3801904F10C0841461C
S214019DA0DBB218BF0122484619F031F8014658B116
S214019DB0A37A03F00F03032B16D1336A9807C2D593
S214019DC00C2FC0D10320C0E716F049FA0028BAD1FB
S214019DD0A37A03F00F03002DEDD0032B85F4C045C5
S214019DE013D1A904AFD5E8E7052BACD1306AC20779
S214019DF0A9D500F01403142B0CD004F1180018F0A8
S214019E0074FF00289FD005209FE7052B9BD16B048C
S214019E10ECD498E706F12E052946C0F3802016F00B
S214019E200DFA0028E9D1A27A336AC2F38012C3F38D
S214019E3080239A4287D10622294640461EF0AEFB71
S214019E400028DAD07FE700BF601400202DE9F74F25
S214019E504FF0FF310746002401A8019401F060F895
S214019E60019949B13846FFF765FF032806D0052852
S214019E704BD001A81FF025FA01203FE0DFF8A880AB
S214019E802848DFF8A89001F0ADFBD8F8003020464E
S214019E90597E01F075FBD8F800B0D9F80860DBF8F8
S214019EA044001FF093FAB4790C3406EB040A335DD0
S214019EB003F0400343F00403054633550AF102015B
S214019EC0584618F0E8FF335D60F386133355D8F82B
S214019ED00030D9F808005B6C002DA4BF06358AF85F
S214019EE00150036001F0FCFAD8F800301B6ADB046D
S214019EF007D50199384616F06EFC002003B0BDE880
S214019F00F08F01A81FF0DDF9F7E7019801F0C0F81E
S214019F100199384616F008FC0028ADD0204601F01D
S214019F2061FBEAE7F99C0100341700206014002069
S214019F300E4A032810B5146805D0042809D0BDE8D8
S214019F401040FFF7B7BE617E0120BDE8104001F06A
S214019F50AFBA2046FFF77AFF30B101F057F9204635
S214019F60BDE81040FFF778BE10BD00BF34170020D3
S214019F7038B50D460446002001F034FB01F046F9E1
S214019F8029462046FCF738FA014B00221A6038BDF4
S214019F90381700200123074A03FA00F002F11403E0
S214019FA053E8003F034302F1140C4CE8003100294A
S214019FB0F4D1704778140020F8B5244F7B6913F468
S214019FC0C07F05460C4603D099063BD401200CE021
S214019FD039B15A0705D4D5F8A43013B90820FFF7CC
S214019FE0D9FF7B699B0601D50020F8BD7B7FAE6A51
S214019FF0022B06F0080604D916B114B90220F4E7BC
S21401A000E4B995F8921095F83701063100F00F0083
S21401A01000F000FE85B20EB904B16D00FFF78EFBAD
S21401A020A8420DDB7B6913F01C0FDDD11EB1002C9D
S21401A030DAD10520D9E7002CFBD1D5E70320D4E7F8
S21401A0400420D2E7002CCFD0C3E700BF781400204D
S21401A05038B5124D6B69044643F400734FF48061C2
S21401A06028306B6118F072FE0121204616F07FFC45
S21401A07000212046FFF7A0FF014620B12046BDE89B
S21401A0803840FFF775BF6869617E80F48070BDE86F
S21401A0903840C0F3002001F00BBA00BF781400204E
S21401A0A038B50C4B0446186000F5947001F064F95D
S21401A0B02046FCF76DF9C4B2204616F09FF8054617
S21401A0C0204616F09DF829460246022016F08AF828
S21401A0D038BD00BF3817002008B5002001F082FA0D
S21401A0E001F094F8014B00221A6008BD38170020D1
S21401A0F010B50446FFF7D4FF064801F073FA61680D
S21401A100226C637E01EB9202BDE81040112001F043
S21401A11091B900BFE1A301003F4B37B51C68A26AA5
S21401A120002350050193D4F8A03012D504F1A40001
S21401A13001931FF0E4F8C4F8A00050B194F846313A
S21401A140013B84F846314FF4806104F1280018F091
S21401A150FDFDD4F8A0500DB9304B9D6894F94631F9
S21401A160022B0DDCD4F8A83013B1A36AD90502D5A9
S21401A170D4F8AC3023B14FF480512046FCF71EF9D9
S21401A180D4F8A410A36AAA79002902F10C024FEAB6
S21401A190830314BF0121002103F00C0343EA0113DA
S21401A1A0A95C21F01C0143EA0103AB540DD11B4A03
S21401A1B002F1140353E8003F23F0080302F11400F0
S21401A1C040E800310029F3D102E00320FFF7E2FE68
S21401A1D0284601F085F9019B53B15B7903F00A0328
S21401A1E0082B02D12046FCF7CFFB01A81FF069F827
S21401A1F06B799A070ED5A36A1B040BD50820FFF7C7
S21401A200C9FE4FF4004104F1280003B0BDE8304018
S21401A21018F09CBD03B030BD38170020781400201C
S21401A2202DE9F04385B000230446032103A80393D8
S21401A23000F076FE039D35B9F4212046FFF798FE1F
S21401A24005B0BDE8F083AB79644F0C331D447B69E0
S21401A2502A79D6074ED4DD064CBF07200420FFF727
S21401A26099FE002601212046FFF7A6FE054650B9B5
S21401A2707869617E80F48070C0F30020400001F0B0
S21401A2807FF9FFF749FF039800F002FFDDF80C8025
S21401A2907A6998F80630510603F10C0308EB0309B6
S21401A2A015D458F803303B610620FFF773FEA36A06
S21401A2B01A060CD404F1280252E8003F43F080034A
S21401A2C042E800310029F7D10120FFF763FE494635
S21401A2D0204616F052FB99F80430DB077BD5002E9A
S21401A2E052D11DB129462046FFF742FE03A800F0D1
S21401A2F0F1FCA5E723F0100301207B61FFF74AFE7E
S21401A300AE7AF0062FD50220FFF744FEA36AAA7A9A
S21401A31083F00203C2F38002C3F340039A422FD1B3
S21401A32004F128004FF4006118F010FD50E8002FEA
S21401A33042F4806240E80023002BF7D1A26A82F043
S21401A3400202A2627B77AA7AA36AC2F3C00203F072
S21401A35001018A4285D183F0010316F00306A36248
S21401A36018BF01267EE707F1140353E8003F23F0E8
S21401A370040307F1140141E80032002AF3D1C5E7CE
S21401A3807B7F0133DBB2DDE72046FCF701F8C0B284
S21401A39015F034FF06462046FBF7FAFFCDF8048099
S21401A3A0A38F009382B200233146022015F022FFCC
S21401A3B04FF0FF3103A800F0B3FD03998B790B44EE
S21401A3C0DB7D002B8DD02046FCF7FCFA002D3FF4F8
S21401A3D037AF294631E7002E83D0E9E7781400200D
S21401A3E008B5124A0346042B10680BD002D8032B7B
S21401A3F018D008BD053B012BFBD8BDE80840F1216C
S21401A400FFF7B6BDFFF70CFF094A02F1140353E844
S21401A410003F23F0200302F1140040E80031002938
S21401A420F3D1E6E7BDE80840FFF712BE3817002073
S21401A43078140020164B033810B51C68032818D86A
S21401A440DFE800F00702181E2046BDE81040FFF7BF
S21401A450E7BE2046FFF7FCFD0E4A02F1140353E85F
S21401A460003F23F0200302F1140040E800310029E8
S21401A470F3D110BDF1212046BDE81040FFF778BDAD
S21401A4804FF4806104F1280018F060FCF221F2E735
S21401A490381700207814002010B50446FFF700FE98
S21401A4A0054801F09FF8FFF737FE627E61680220DB
S21401A4B0BDE8104018F0A1BC35A40100034B5B6A4F
S21401A4C013F0060F0CBFE220F1207047641600203F
S21401A4D008B5FFF789FA054B834206D100F096FED0
S21401A4E0BDE80840002001F07DB808BD64160020D4
S21401A4F070B5214C214801F075F894F8673094F84E
S21401A500662003F00F030021C82018F0EFFC00F0CE
S21401A510C7FBB4F96020824205D0A4F8600001F0C0
S21401A52067F8A4F86200164800F026FF00221146DC
S21401A530104615F057FE666818F059FC0246FFF7FC
S21401A540BDFFB61AB6F5FA6F054609DCFFF7F0F857
S21401A550627EA0F5AF712846BDE8704000F030BFBE
S21401A5606668FFF7E5F8637EA0F5AF7231462846C8
S21401A570BDE8704000F05EBF641600201DAA010011
S21401A580BC16002038B500F041FEFFF7D7F840F2C0
S21401A5908A2398420D4C0CDDFFF790FF0546FFF726
S21401A5A0C7F8627EA0F5AF712846BDE8384000F0D6
S21401A5B007BF18F01CFCE36C62689B1A0344E36453
S21401A5C00020BDE8384018F013BB00BF6416002019
S21401A5D0F7B5104C94F8455006460F462DB1013D8F
S21401A5E084F84550002003B0F0BD0B4B1B680220D9
S21401A5F0597800F0C5FF94F83030CDE900533A465B
S21401A600E06B0323314618F024FBE06B00F068FF93
S21401A6100120E8E76416002034160020094A02F1FA
S21401A620240353E8003F43F0080302F1240040E806
S21401A63000310029F3D1044B1B680120597800F042
S21401A64037BF00BF641600203416002043890289F4
S21401A6505B0040F2712043435B1AD0B24343120AB7
S21401A660B3FBF2F3024A126811445818704700BF50
S21401A6706419002030B58C1AE41A002C08DA124C42
S21401A6806468551A1D44B5FBF4F505FB04442144E2
S21401A6901344CB1A40F2E242B3FBF2F39BB2428977
S21401A6A02BB9530040F2712404FB03111346013207
S21401A6B0B3FBF2F402FB143202819B1A40F2E24031
S21401A6C000FB131030BD00BF641900202DE9704354
S21401A6D0064618469DF8183089461446E3B9C31E47
S21401A6E0012B8CBF02250325222100F093FA164B7D
S21401A6F05B686D0040F2712808FB05F581446BB17B
S21401A70021463046FFF7A2FFABB201464A46304625
S21401A710BDE87043FFF7AEBF0125E5E773893489CD
S21401A7200133B4FBF3F203FB1244F37934815B008B
S21401A730640008FB03F308FB04F404EB530404EB86
S21401A74009002844BDE87083641900202DE9F04112
S21401A750134E736A5B0780461BD58B790C33CF1873
S21401A760C8B9FD79CC583989284600F053FA044413
S21401A770B8F1000F11D1033D012D94BF032302232D
S21401A7805B0040F2712202FB034434647B7986F855
S21401A7904430BDE8F0810125E4E70123F0E700BF7E
S21401A7A0641600202DE9F04F1F46984B9D6B5B6A9F
S21401A7B0AC798DB00C341646021E05922A5D0691C0
S21401A7C008BF002161F345122A55314603F04002C5
S21401A7D03846C3F3801A039215F03DFD05EB0408D5
S21401A7E00790285D08F1080B5946C00915F033FD9E
S21401A7F0039B8146002B44D1002844D115F029FD46
S21401A80080F00103DBB203F00103524631463846BD
S21401A81018F0FDFA0490002800F08A80039B002BB4
S21401A82033D1B9F1000F75D1079B002B72D015F00B
S21401A83001FD00286ED001220AA90DF1270015F0AE
S21401A8400CFD002874D09DF827302A5D591E4B4216
S21401A8504B41B3EBD21F6BD106220AA958461DF015
S21401A8609DFE002864D13368C8F80830B388ABF879
S21401A87004302B5D67F3C7132B554FF00009CA460A
S21401A88019E00123BFE7039BBDE7604B5B6A13F446
S21401A89000791CD115F804A0CAF3801A484615F0B1
S21401A8A0E1FC3368C8F80830B388ABF804302B5D98
S21401A8B067F3C7132B55059B544E002B3ED196F8D4
S21401A8C0B630002B3AD0013B86F8B63030E015F0B2
S21401A8D0AEFC002806DA15F804A04FF00009CAF30A
S21401A8E0801ADBE700221146104615F0B0FC15F879
S21401A8F004A08146CAF3801A0028CFD00023022183
S21401A9001A4608EB010018F07CF92B5D60F38613FC
S21401A9102B55C3E77A1E57422B5D5741B7EBD31F22
S21401A92006D10622314658461DF038FE0028A4D02E
S21401A9300023049304980DB0BDE8F08F18F057FA81
S21401A940074615F0FAFF059B0093024639469DF827
S21401A950583008F10E00FFF7B9FE2D4B059A1B681B
S21401A9600746D9799AB9022000F00AFEB06B00F0CA
S21401A970B7FDB36B9A7913441F63FFF735F8254B80
S21401A980C361069BB3B9736A23F4806315E00020A4
S21401A99000F0F6FDB06B00F0A3FDB36B1E489A798C
S21401A9A013441F6300F01EFE069BC3B9736A23F4AB
S21401A9B0806317E0736A43F480637362039B9BB101
S21401A9C0B9F1000FB6D000231A46514608F102002D
S21401A9D018F017F92B5D60F386132B55AAE7736AF7
S21401A9E043F480637362EBE72B5D0022C3F3C0136D
S21401A9F059460AA88DF8283015F02FFC2B5D9DF8D6
S21401AA00282062F3C7132B55DAE700BF641600202F
S21401AA103416002029140300E9AB01002DE9F04F9C
S21401AA20042885B01ED005D8032800F0CF8005B0D5
S21401AA30BDE8F08F431F012BF9D805384FF001010F
S21401AA4018BF0120FEF72AFB18F0D1F9644AD36C2F
S21401AA5051685B1A03440020D36405B0BDE8F04F8B
S21401AA6018F0C6B803A800254FF0FF31039500F093
S21401AA7057FA039858B1FEF7FFFB0828074603D894
S21401AA80584B1E5C30070AD403A81EF01AFC544B20
S21401AA905B6A13F0060F12D0FFF774FD0FE0072F65
S21401AAA0039C13D14E482A46214616F0B4FC0028D2
S21401AAB0EDD016F0BBFC10B10120FEF76BFA0121B8
S21401AAC0084605B0BDE8F04FFEF7E8BADFF810819A
S21401AAD0FEF734FED8F8243013F00403814645D03F
S21401AAE016F0020342D0A0F55573002B0DDDA279B6
S21401AAF00C3222440120917A0090C1F380130C326B
S21401AB00C1F34011FFF74EFE0546204600F0C0FA9D
S21401AB1021460120FFF71AFED8F82430D9072FD591
S21401AB2094F806B003F0800A0BF10C0B15F091FBBC
S21401AB30A34480F001039BF80A00BAF1000218BF93
S21401AB400122DBB20BF10C01C0F3801018F05FF9A3
S21401AB5070B165BBD8F824309A0720463BD5F30779
S21401AB6012D4730739D5FEF7EBFA90E71D46CCE70A
S21401AB70BAF1000F04D1514615F071FB0028E8D058
S21401AB80204612F0C1F81DE018F0FAF978B1A9F2E2
S21401AB90B249B9F1000F0ADDA0790C3020440C301F
S21401ABA010F8021CC1F38011FFF712FD0546042FB1
S21401ABB003D1D8F824309907E2D57207E0D52046AC
S21401ABC0FEF7BEFA002D7FF47AAF60E705B0BDE868
S21401ABD0F04FFFF723BD042FC3D112F095F856E7C7
S21401ABE064160020A7A60300032808B50AD1074863
S21401ABF000F0F8FC064B012093F94410BDE808402C
S21401AC00FEF706BDBDE80840FFF708BF1DAA010014
S21401AC1064160020064B10B55B690C4610B101F0B6
S21401AC203BF8034618795B8804FB003010BD00BF73
S21401AC30080F0020084B10B55B690C4610B101F0F7
S21401AC402BF803465A88A2423BBF1B79A41A002060
S21401AC50B4FBF3F010BD00BF080F00200138C0B2EE
S21401AC6003289ABF014B185C00207047B0A603006A
S21401AC708BB20029054AB4BF053B05331BB20A2136
S21401AC80108093FBF1F39370704700BFB82000204B
S21401AC90024B9B78C01A40B2704700BFB820002014
S21401ACA0024B1B88C01A00B2704700BFB8200020B4
S21401ACB0074B186840F20D1338B9002BC1BF443357
S21401ACC04522B3FBF2F0C0B270470068453BF3E79C
S21401ACD0080F00202DE9F041064612F0B4FF0746A2
S21401ACE0FFF7E6FF35460446286818B16CB92846D2
S21401ACF01EF0E7FA31680A481EF0CAFB384612F021
S21401AD00A8FF00233360BDE8F081D0F800801EF074
S21401AD1091FC2B68013CC3F800802D68E4B2E3E7A0
S21401AD20080F0020024BDB6B03B11847FEF752BE3B
S21401AD30080F002010B5064AC043131D53E8003F14
S21401AD400340141D44E800310029F6D110BD00BFB0
S21401AD50080F002010B5054A131D53E8003F0343B2
S21401AD60141D44E800310029F6D110BD080F00205B
S21401AD7070B519461546064610461C4618F02CF8BE
S21401AD802A46454D2346304618F02BF8D5E90623CA
S21401AD9000EA020401EA030654EA060313D063013B
S21401ADA004F0806010D56B68180623D43B4B234013
S21401ADB093BB3B4B06F020022340134356D120465B
S21401ADC0314618F005F870BDA4F1080333431CD1D1
S21401ADD0EB7A012B42D16B68D90743D50323EB727B
S21401ADE06B8C013304206B84FFF79CFF012017F066
S21401ADF0F4FFE4E72B1D53E8003F23F08003291DF1
S21401AE0041E80032002AF5D1DDE7A4F10C03334313
S21401AE1017D117F0E2FFDBE724F0011323F4A04378
S21401AE203343C6D1EB7A012B18D16A6840F201434D
S21401AE30934314BF002303230520EB72FFF772FF31
S21401AE40BDE7231F334302D117F0C8FFB7E704F16C
S21401AE507F433343AAD1EB7A022B0FD0042017F09D
S21401AE60A1FFACE713F40063BAD1B8E70420FFF7FB
S21401AE7071FF4FF0006001F051F9A0E76B689A0787
S21401AE8006D50423EB722B8C013303202B84ABE70E
S21401AE9013F02003F7D1F5E7080F00200150010059
S21401AEA00DD50155014B986A704700BF080F002069
S21401AEB010B5064CA06A1CF06FFE28B9A06A1CF0FB
S21401AEC06DFE00F0010010BD0120FAE7080F00201A
S21401AED0014B986A1CF064BE080F0020024B5868AC
S21401AEE0C0F34020704700BF080F002010B504468D
S21401AEF04FF40070FFF71EFF084B986A1CF052FED5
S21401AF0038B10CB9002010BD4FF40070FFF722FFD6
S21401AF10F8E7002CF6D00C20F5E700BF080F00205C
S21401AF202DE9F04F0468594D89B006468846002C35
S21401AF3048D0A77920460C371EF048FA27440A382D
S21401AF403C89B8F1FF3FA4EB000402D04445A8BFFA
S21401AF504446B5F83890B0EB090713D4002C0EDD43
S21401AF606D6B36683D44FF2C224629463046A8BF05
S21401AF70FF221EF089F9241A36680544F3D109B078
S21401AF80BDE8F08FA9EB0009296BD6F800A0A14512
S21401AF90A8BFA14601EB000BC846B9F1000F0DD0C2
S21401AFA04246FF2A59465046A8BFFF221EF06CF9BA
S21401AFB0B8EB0008DAF800A08344F1D1A4EB090449
S21401AFC04F44CBE7A86A03AA03211CF046FDBDF84F
S21401AFD00E700294A146E8620A3702AC09E02360CB
S21401AFE01B682B602368C3F800902368002F1C465B
S21401AFF011DD2B68453F002BF1D101201EF026FB09
S21401B000034620600028F1D1019002A81EF059F9EC
S21401B010019B3360B3E72B1D53E8003F43F0080361
S21401B0202A1D42E80034002CF5D14FF0006001F0F3
S21401B03075F80298BDF81020437943F00103437177
S21401B040069B30606B63059B2A872B638379BDF86B
S21401B0500E200C3303441C711A819DF80C20297AAA
S21401B0609971072ADC711FBFAB8C0133AB846B8CE3
S21401B0700ABF012203F1FF331A714FF00A0118BF0C
S21401B0806B841EF0F5F8346853E700BF080F002004
S21401B0902DE9F04187790C37C41986B0237913F06E
S21401B0A0020805461BD1174E43F0020323716A4678
S21401B0B0D6E90A011CF0D5FC2389B06A0333694638
S21401B0C0ADF804301CF0CFFC009BEB519DF90E004F
S21401B0D0FFF7DEFD6071B37A022B03D8E37106B089
S21401B0E0BDE8F0819DF81130012B04D0022B04D06D
S21401B0F02BB90423F2E70323F0E70123EEE784F8F4
S21401B1000780ECE7080F002037B5124B00F00F045C
S21401B1101B88ADF80430012C15D0022C15D18DF802
S21401B12004400D4D6B6842F222000340A3420ED04C
S21401B130FFF700FE2046FFF70DFEA86A01A91CF0E6
S21401B1401DFC03B030BD2024EBE70024E9E7002016
S21401B150F7E700BFD8A60300080F00202DE9F0434B
S21401B160124F85B002234FF0000881461046CDE904
S21401B17002180E461546FB7217F02CFE0090797ADF
S21401B180B86A02AB424608F045FB044650B9484649
S21401B190FFF7BAFF2B4604464246012130463D736F
S21401B1A017F014FE204605B0BDE8F083080F002016
S21401B1B037B5144B00F00F041B88ADF80430012C92
S21401B1C014D0022C16D000240F4D6B6841F60100F6
S21401B1D00340A34213D0FFF7ADFD2046FFF7BAFDAB
S21401B1E0A86A01A91CF0E0FB03B030BD04238DF86A
S21401B1F00430E9E78DF804404FF40064E4E70020EA
S21401B200F2E700BFD8A60300080F002038B5104C9F
S21401B210E37A23B100221146104617F0D6FD002529
S21401B2202846E57217F0D9FDA06A012203211CF019
S21401B23033FBA06A2A4601211CF017FC8020FFF789
S21401B24079FDBDE838404FF44050FFF783BD00BF9D
S21401B250080F002008B5FFF7D9FF044AD38C013345
S21401B260D3840620BDE80840FFF75CBD080F002028
S21401B270F8B51B4D6B68590704D50420FFF75AFD36
S21401B280FFF7E8FF6B681A070FD512F0DCFC0646DD
S21401B290FFF70EFD124F044624B101201EF0D6F929
S21401B2A00146A8B9304612F0D4FC6B68DB0615D50A
S21401B2B01020FFF73FFD00F001FD78B112F0C3FC4E
S21401B2C00446FFF7C7FF2046BDE8F84012F0C1BCB0
S21401B2D03846013C1EF0E6F8E4B2DDE7F8BD00BFF3
S21401B2E0080F002010B50022084C1046114617F032
S21401B2F06CFDA06A08F052FA17F072FD20461DF0A8
S21401B300E0FFBDE810400820FFF714BD080F00203D
S21401B310014B986A1CF082BC080F002038B5154C0A
S21401B320A37A8342054610D0431E042B08D8DFE8D3
S21401B33003F0030D11161800A06A08F08DFE20B95F
S21401B3402846A57200F0A8FC606138BDA06A17F017
S21401B35050FDF4E70121A06A17F04DFDEFE7032148
S21401B360F9E7FFF7BBFD0028EAD0A06AFFF7D0FF98
S21401B370E5E700BF080F002073B504460F4D40896E
S21401B38000F094FAA07B287217F0F7FC6872E07B55
S21401B390002600F00F00FFF7C1FF0096D4E9002158
S21401B3A0A37BA86A1CF059FC32463146304614F09D
S21401B3B019FF206817F013FD02B070BD080F0020BA
S21401B3C02DE9FF4100231A4E00938DF80C30C0F38F
S21401B3D040134FF001088DF80E30C0F300130446F9
S21401B3E0154686F80B808DF8048002918DF80D3095
S21401B3F0FFF7DEFE28B1042017F0D4FC04B0BDE848
S21401B400F081284617F0E6FC717A03466A46B06A70
S21401B41008F00CFA2A460746C4F3801140463573F5
S21401B42017F0D3FC14F0DFFE002FE4D1E6E700BFEF
S21401B430080F00202DE9FF411C4E02921D460023F5
S21401B4400F46019301210393C3060446F172009748
S21401B45005D573691B888DF80D1013440293C4F348
S21401B460401328468DF80E3017F0B4FC717A034667
S21401B4706A46B06A08F0DAF928B1042017F092FC9F
S21401B48004B0BDE8F0812046FFF792FE2B468046C9
S21401B490C4F3801201213846357317F097FC14F077
S21401B4A0A2FEB8F1000FE8D1EAE700BF080F0020BE
S21401B4B038B50A4D01230C46EB72FFF779FE10B141
S21401B4C0042017F06FFC2B7BA34204D922460021EF
S21401B4D0012017F07AFC14F086FE38BD080F002014
S21401B4E0F8B5044614F080FEA179E279114E521A9D
S21401B4F00C3107460123B06AD2B221441CF0A7FAE8
S21401B500E579A379ED1A57FA85F524680CB9356102
S21401B510F8BDA179E279B06A521A0C310023D2B291
S21401B52021441CF094FAE379A2799B1A55FA83F523
S21401B530EBE700BF080F0020F8B5104E02230D46BA
S21401B540F372FFF7E1FD044620B1BDE8F8400420A0
S21401B55017F028BC284617F03DFC2A460746214628
S21401B5600120357317F031FC717AB06A3B462246EA
S21401B57008F042F90028E8D1F8BD00BF080F002006
S21401B58038B5094D02230C46EB72FFF7BDFD10B12D
S21401B590042017F007FC2B7BA34204D92246002186
S21401B5A0012017F012FC38BD080F0020014B587B14
S21401B5B0704700BF080F002068B1084B194653F8C2
S21401B5C0042F0AB18242FAD25B1A9B10013BDBB20E
S21401B5D0034A537370470123FAE700BFB4A603007A
S21401B5E0080F0020014BD863704700BF080F0020EA
S21401B5F073B50F4B0F4E9B7DFF2B044615D1ADF84F
S21401B60004000023B06A8DF803300DF1030201A98E
S21401B61008F0DCFC9DF80350B06A22462946F6F78E
S21401B620D1FB40EA052002B070BD034B1D78F3E75D
S21401B630B8200020080F0020B2200020044BC2B220
S21401B640C0F30721986A82B002B0F6F73BBC00BF90
S21401B650080F002010B50D4C0021A06A1CF074F9EB
S21401B6600B49A06A1CF0C8F9FE21A06A1CF0B3F9C8
S21401B670A06A08F0C3FA074BB3F910208242C8BF8C
S21401B68018821A8A9A805A8ADA8010BD080F00201A
S21401B690B2200020B8200020F0B5154C85B0B4F9D2
S21401B6A01070ADF80210ADF80420ADF806304FF07A
S21401B6B0C8124FF082136946CDE90223ADF80000A7
S21401B6C002AD04200B46B1F9002035F9026BBA42EF
S21401B6D0A8BF3A46B242A8BF3246013821F8022B2B
S21401B6E0F1D103CB034BA060596005B0F0BD00BF9C
S21401B6F0B8200020C020002073B50546F6F75EFC92
S21401B700314E036833608388304CB3800023A370C6
S21401B710238033788DF80130FF2D18BF1D46A5759F
S21401B7202B4DA86A0DF103030DF102020DF1010183
S21401B7301CF02DFA9DF8013040B90133DBB20D2B18
S21401B7408DF80130EDD9012002B070BDA27DFF2A2F
S21401B75000D0A3758DF8053033709DF802308DF852
S21401B76004300198FFF76AFFC828A8BFC8209DF8D3
S21401B77003308DF8043020820198FFF75FFF154BE8
S21401B7809842B8BF18466082B4F91000FFF730FF40
S21401B790ADF804000198FFF751FF2082B4F91200BA
S21401B7A0FFF726FFADF804000198FFF747FF4FF6B5
S21401B7B0FF73A382642360821A4618461946FFF770
S21401B7C06BFF0020C0E700BFB2200020B820002099
S21401B7D0080F00200CFEFFFF034A0346B2F90600DD
S21401B7E00BB1FFF75DBA7047B8200020084B10B5C3
S21401B7F0B3F9044030B903EB4103B3F906309C4278
S21401B800A8BF1C46A242A8BF2246104610BD00BFD4
S21401B810B8200020014BB3F912007047B820002071
S21401B820014BB3F910007047B820002073B50646E7
S21401B83012F009FA0C4D0446B5F91200B5F91030AC
S21401B840B042B8BF30469842A8BF1846FFF7D0FEB0
S21401B850ADF804000198FFF7F1FEE880204602B03B
S21401B860BDE8704012F0F5B9B820002073B5064661
S21401B87012F0E9F90C4D0446B5F91000B5F912308D
S21401B880B042A8BF30469842B8BF1846FFF7B0FE90
S21401B890ADF804000198FFF7D1FEA880204602B05B
S21401B8A0BDE8704012F0D5B9B8200020F0B5C0F35D
S21401B8B0072585B0FE2DADF8040027D0144C9DF861
S21401B8C0047012F0C0F9637DAB4206460ED0114BF0
S21401B8D018689B88ADF80C300F4B029002A9986A45
S21401B8E08DF808501CF088F8FF232375237DBB4292
S21401B8F006D0094B3946986A1CF06DF827756575B0
S21401B900304605B0BDE8F04012F0A3B905B0F0BD71
S21401B910B8200020B2200020080F00202DE9F047B3
S21401B920DFF8449086B007460E4614460DF1080827
S21401B930A9F1100ACDE900980B4B3A4680215046F2
S21401B94012F0BFFD0028F5D1102C254628BF102582
S21401B95030462A4641461CF056FE641B2F442E44B0
S21401B960E8D106B0BDE8F0875023002030B589B095
S21401B970202269460D4DFFF7D1FF6A4604AB1446F7
S21401B98003CC9C4228606960224605F10805F6D181
S21401B990074C08AD1A4603CAAA42206061601346E6
S21401B9A004F10804F6D109B030BD00BF40230020E1
S21401B9B05023002010B588B06946202011F0B6FB50
S21401B9C0044630B96846FFF7D1FF034B012283F8DE
S21401B9D02020204608B010BD4023002070B5134B30
S21401B9E093F820308CB005460C460BB9FFF7E2FF02
S21401B9F00023CDE90033CDE9023354B91C22214698
S21401BA0005A804941CF0F4FD04A8FFF7AFFF0CB0E2
S21401BA1070BD102C264628BF102629463246684699
S21401BA20FFF77CFF3544A41BE7E700BF4023002057
S21401BA302DE9F84FDFF86890D9F800B082468846BD
S21401BA401746BBF1000F28D099F804500026B542DE
S21401BA5007D13D7099F80400A84214BF01200220C6
S21401BA6017E074196110C1EBC1015944C4F34704CE
S21401BA70887900F00100B8EB000003D10622504699
S21401BA801CF08CFD002806DB02D0661CF6B2DEE751
S21401BA903C70BDE8F88F2546D9E70320F9E700BFDB
S21401BAA05C190020014B00221A7170475C190020B6
S21401BAB0F8B5124C054612F0C6F8637985F307050A
S21401BAC0AB42064605D10024304612F0C2F82046A5
S21401BAD0F8BD206865710027277110B111F0A2FA30
S21401BAE027606379002BEED0C5EBC50011F07CFA18
S21401BAF020600028E7D160710724E5E75C19002083
S21401BB00044BD3F8012002605B7903F01F03037135
S21401BB10704700BF61230020F0B5244B002918BFF1
S21401BB200B4614461268C3F8012022795A71002187
S21401BB308BB019700125C1F3C402CFB2A65C01F027
S21401BB40070205FA02F2164207D01A7802F1280611
S21401BB506E44013206F8287C1A7001312529EAD193
S21401BB601A7828B16946981D1CF04DFD0BB0F0BD42
S21401BB70002AFBD005330126C0F3C405C1B2675DB8
S21401BB8000F0070506FA05F52F4208D1B1FBF2F5DC
S21401BB9002FB15110AAD55FA81F111F8281C03F8BC
S21401BBA0011F01302528E7D1E0E700BF612300200F
S21401BBB0034B002818BF03460B449879704700BF13
S21401BBC06123002082EA12421FFA82FC8CEA0103FA
S21401BBD093FAA3F31BBA9BB203EB031363449BB222
S21401BBE093FAA3F31BBA9BB203EB031363449BB212
S21401BBF093FAA3F31BBA9BB203EB03136344154AF0
S21401BC008CEA030C1FFA8CFCA2FB0C23ACEB0302A0
S21401BC1003EB52035B0903EBC30100B503EB81039E
S21401BC200D4AACEB0303002818BF0246C3F3C40158
S21401BC30114403F0070ED8B24978012303FA0EF334
S21401BC40194201BF13780CFB03F302EB1342907900
S21401BC505DF804FB4D91CFBA61230020064B074ADD
S21401BC601A60074B074A1A60074B084A1A60084BC6
S21401BC70084A1A6001207047B0140020432F0300C1
S21401BC80AC1400207B2F0300A8140020412F0300D2
S21401BC90A41400207D2F03000528044B08BF0320B1
S21401BCA00622013802FB0030704700BFDAA6030007
S21401BCB0014B986D80B27047005008400A4B586897
S21401BCC000F07060B0F1106F0CD008D8B0F1E06FE2
S21401BCD008D0B0F1006F14BF002001207047B0F10A
S21401BCE0406FF8E70120704700400840431C07B545
S21401BCF0014606D00023CDE90033034A034812F07B
S21401BD00DFFE03B05DF804FB293003008C1A002027
S21401BD1070B50E461546044610B302F073FD08B31F
S21401BD20236813F4807F114B1CBF01221A70104A3E
S21401BD301B7814600F4A16600F4A15601BB902F093
S21401BD4057FD02F03FFD11F043F902F021FC0B4BC9
S21401BD500B48197802F028FCBDE8704002F08CB957
S21401BD60212070BD40F20440FBE700BF8D23002078
S21401BD707819002074190020701900202B24002047
S21401BD80E9CF02002DE9F04186B011F0F5F8974BA6
S21401BD90974D1A789749112010F01EFF2B685A68A4
S21401BDA05423B2FBF3F2002392B25121184610F04D
S21401BDB0A9FE0446002840F00B8110F067FF12F040
S21401BDC029FF044612F028FF844240F2D08012F088
S21401BDD021FF81B200230122102010F093FE0446B9
S21401BDE0002840F0F580844B1968844B186807F0EA
S21401BDF08DF900F05FF90446002840F0E9802B68D1
S21401BE001C7F002C00F0B680102C28BF10241DF0DB
S21401BE10A4F9621C81B20023D2B2082010F072FE8F
S21401BE200446002840F0D480754A76490D2010F06B
S21401BE309DFD06460446002840F0CA8010F01CFC12
S21401BE408DF806606E46324606212C2000F008FA70
S21401BE5060B9304617F0D2FE10B1302840F08C8021
S21401BE603C2000F01BFA2C2000F018FA9DF8063052
S21401BE70190740F1928096E80300ADF80C10090C02
S21401BE8002908DF80E109DF8063013F0280F07D19A
S21401BE90DDE90201ADF80410090C00908DF80610DA
S21401BEA02B681869002840F08D802B68586900F0CF
S21401BEB047F92B6893F82220D20700F18D8012F003
S21401BEC08FFE02A902460746286817F0B1F8044615
S21401BED000287DD108F034FA04AA0221322000F0AD
S21401BEE0BFF928B9BDF810104FF0FF301BF0ADFDBB
S21401BEF012F098FE044600286AD1012000F0D0FC1A
S21401BF00414B18681DF005FD0446002860D118F065
S21401BF103CFB044602F038FF804617F0AEFE414671
S21401BF200246204615F097FF0446002850D12B689C
S21401BF301B689B050CD4B7F5FA7F09D911F07CFE76
S21401BF40012107460846F7F7B7FF384611F078FE95
S21401BF502B689A692D4B1A6017F0B8F82C4B1860AD
S21401BF60304600F039FD2B4810F0FAFC30E012F0B4
S21401BF7053FE2EE704244AE704AA01213C2000F0E0
S21401BF806FF940B99DF81030012B14BF4923722375
S21401BF908DF806306AE74923FAE7F5F779FECDE929
S21401BFA00401030C8DF80A30BDF81530ADF80B30DE
S21401BFB09DF817308DF80D304923ADF808008DF83F
S21401BFC00E3060E717F063FD044600283FF46DAFBE
S21401BFD0204606B0BDE8F08193F8230017F0C8FFAD
S21401BFE000283FF46CAF40F20C44F1E72B2400200C
S21401BFF078190020E9CF0200DC1B0020E01B00209E
S21401C000D1300300CD30030074190020B01A00208F
S21401C010AC1A0020EDBC01000248002203211DF0ED
S21401C02041B800BF441B0020F8B5114817F0A9FE1F
S21401C030E0B917F04BF80F4D0D4E286006F10C07CE
S21401C040286817F08FFD10F053FB0446304617F0B2
S21401C05094FE10B938461DF034F902F059FB08B9C0
S21401C060002CEDD1BDE8F84017F006BEF8BD00BFC4
S21401C070240B0020AC1A002008B5054B1B782BB901
S21401C08016F0B8FFB0FA80F0400908BD0020FCE7C2
S21401C0908C23002010B5054C01232370044B1B682C
S21401C0A003B198470023237010BD00BF8C230020E6
S21401C0B0B01A00200D4B98420DD8023B984210D87A
S21401C0C070B1023B98420ED020F0704020F46040E0
S21401C0D000F590607047064B9842F5D140F21C403F
S21401C0E070472120704740F21B4070470AE000F07D
S21401C0F00BE000F0024B4FF080525A60704700BFD1
S21401C10000ED00E0044A002352E8000F42E8003147
S21401C1100029F9D1FBF7CABDB81A0020064A52E831
S21401C120003F034342E800310029F8D1034B1B6866
S21401C13003B11847704700BFB81A0020B41A002090
S21401C140034B002814BF02461A46024B1A6070477A
S21401C150F5C00100B41A002037B51C68E10705D503
S21401C16017F0F3FC164917481CF0A4FFA20723D5C5
S21401C17001F022FBD0B9144D019011F064FD044684
S21401C18028461DF0BCF80190204611F062FD01988A
S21401C19090B143799B070CD401A802211DF091F9B7
S21401C1A0019801F0F9FA17F07FFCE6E717F07CFC3E
S21401C1B0DEE701F0E5FAF6E7002003B030BD00BF88
S21401C1C0380B0020441B0020BC1A002008B5054887
S21401C1D010F05EFA044B1870BDE80840012110F01B
S21401C1E067BA00BF480B00208E23002038B50446EE
S21401C1F048B111F028FD2146054608481DF048F9CA
S21401C200284611F026FD064B022193F9000010F096
S21401C2104FFABDE83840FFF73DBF00BFBC1A00200B
S21401C2208E230020F8B50C4B0C4F04460E4638689A
S21401C2301968154606F06AFFFFF73CFF50B93868E3
S21401C24033462A4644F4802107F076F9BDE8F840E3
S21401C250FFF730BFF8BD00BFDC1B0020E01B00204D
S21401C260F8B50C4B0C4F04460E463868196815464F
S21401C27006F04CFFFFF71EFF50B9386833462A46D2
S21401C28044F4802107F068F9BDE8F840FFF712BFD3
S21401C290F8BD00BFDC1B0020E01B002038B50A4BB0
S21401C2A00A4D19680446286806F030FFFFF702FFBA
S21401C2B040B9286844F480211BF0C9FABDE838402B
S21401C2C0FFF7F8BE38BD00BFDC1B0020E01B0020D6
S21401C2D02DE9F043134B0E461968134B8DB00546F6
S21401C2E01868174606F012FF80B9009733460A22EF
S21401C2F002A9284607F052F90DF1080904464FF045
S21401C3000008444505D1002CEFD120460DB0BDE80C
S21401C310F08359F8041B28461BF099FA08F1010826
S21401C320EFE700BFDC1B0020E01B0020F8B50C4B3C
S21401C3300C4F06460C463868196806F0E7FEFFF70C
S21401C340B9FE054648B9E24316FA82F2386842F465
S21401C350802246F48021FFF7BBFF2846F8BD00BFC8
S21401C360DC1B0020E01B0020034B00221A609A8091
S21401C370FF229A71704700BFB1230020064A137945
S21401C380834207D9126801238340134214BF012058
S21401C3900020704700207047C01A0020054A034657
S21401C3A01068002208B91A607047C10748BF0132F9
S21401C3B04008F7E7C01A0020014B1879704700BF04
S21401C3C0C01A0020102A2DE9FF4706460F461546DB
S21401C3D023D8DFF84C80DFF84CA000244FF0010989
S21401C3E0D8F8002009FA04F3134213D046EA0420D1
S21401C3F040EA0A006A46E9B280B2FFF731FF48B95F
S21401C4002A46394668461CF0C9F818B960B204B025
S21401C410BDE8F0870134202CE2D14FF0FF30F6E77B
S21401C420C01A00200080FFFF2DE9F3411D4E05468E
S21401C4300146062230461CF0B1F820B996F90600EE
S21401C44002B0BDE8F0810024EF1CA0462046FFF7AD
S21401C45095FFD8B13B88CDF800806946ADF803302A
S21401C460E0B2BB788DF8053019F076FC21280DD0A6
S21401C470A8B90322294668461CF090F830B92B6803
S21401C4803360AB88B38060B2B071D9E70134202C39
S21401C490DCD12B683360AB88B380FF23B3714FF0D8
S21401C4A0FF30CDE7B1230020034B93F9063001336B
S21401C4B001D1FFF759BF7047B1230020F7B50446F5
S21401C4C017F0FFFB631C39D117F0A5FB4FF40041B1
S21401C4D00846FFF749FFFFF729FF4B4B4B4800255E
S21401C4E0214620221D601CF083F8284602F0F2F94E
S21401C4F0474D0446FF267CB93720FFF7CFFE424A58
S21401C5000C2143F6FF70FFF78DFE404A20213820AC
S21401C510FFF788FE002017E094F97530013305D047
S21401C5202B7843B91321204618F031F8204602F043
S21401C530D1F90446DFE784F87560F7E72046FFF790
S21401C5401DFF18B940F2064003B0F0BD6B46062247
S21401C5500021204616F0EEFD00283CD0492368460F
S21401C5608DF8063017F05BFB2A484FF47F4140EA0E
S21401C57004200840FFF7DAFE2349E3B201229A407D
S21401C5800B6823EA02030B60234B93F90630A342A0
S21401C59001D1FFF7E9FE0B791C4A0020013B054655
S21401C5A0C1B2994221DBFF260020D65402F092F94F
S21401C5B0174F0546002DA2D095F97530A34205D137
S21401C5C03B78EBB91321284617F0E1FF284602F025
S21401C5D081F90546EEE76B4606220121204616F054
S21401C5E0A9FD0028C0D07223B9E75656A64200D04E
S21401C5F025B1551895F90150555401250130CFE75D
S21401C60085F87560E2E700BFC01A0020912300207C
S21401C6108F2300200080FFFFB12300202DE9FF417A
S21401C620354C064601A8FFF7B9FE2379019A9342D5
S21401C6301ED86279012A40D100274FF0FF383D46C7
S21401C64010E02368EB40D9070BD5082202AB114650
S21401C65068B216F06FFD20B1039B43453CBF2F46E1
S21401C6609846013523799D42EBD378B2FFF726FF32
S21401C670236813F0010529D0002501220135202D5C
S21401C68018D002FA05F71F42F8D13B432360A3688E
S21401C690194A013373610C2143F6FF70A360FFF75B
S21401C6A0C1FDA8B1236823EA07032360A368013B01
S21401C6B0A36073614FF0FF3519E0022AFAD10F4AE1
S21401C6C0134413F9010D421CFBD0CFE70127DCE729
S21401C6D022790A4C013AD2B22146601C1BF06EFF49
S21401C6E06DB22246202138202570FFF79BFD284693
S21401C6F004B0BDE8F08100BFC01A002091230020DD
S21401C700F0B54A4C89B0002501AA04213F202570C6
S21401C710FFF7A6FD00B101952570454C019E224606
S21401C7200C2143F6FF70FFF79BFDC0B10D23A380DC
S21401C730019B2560032BA56011D803AD2A46142161
S21401C74043F6FF70FFF78CFD48B995E8070084E8CB
S21401C750070022460C2143F6FF70FFF763FD019B9D
S21401C760042B06D004210DEB01023F200191FFF7B7
S21401C77059FD304A20213820FFF772FD28B12D4897
S21401C78020224FF0FF311BF033FF237903225B0099
S21401C790B3FBF2F3284A1370FFF7E6FD0025237971
S21401C7A09D420DD3012E06D83D20FFF777FD0025CB
S21401C7B023799D4215D317F034FA002009B0F0BD55
S21401C7C02368EB40DB070AD56FB2082203AB11469C
S21401C7D0384616F0AFFC10B93846FFF76FFE013544
S21401C7E0DDE72846FFF7CAFDF0B16EB202AB0422C0
S21401C7F00C21304616F09EFC04280AD1029BC3F396
S21401C80000238DF80C30012203AB0C21304616F0C4
S21401C81063FC0023CDE90333CDE90533102203ABD6
S21401C8200D21304616F058FC0135C1E78F23002054
S21401C830C01A00209123002090230020F8B5114B48
S21401C84004461879104B00221D46D1B2884205D9FC
S21401C85013F9017BA74202F1010604D10B4B1B78A9
S21401C8608B4202D9F8BD3246EFE70749481C1BF058
S21401C870A5FE2C70BDE8F840034A20213820FFF7BA
S21401C880D1BC00BFC01A00209123002090230020B5
S21401C890014902481CF00EBC580B0020441B002026
S21401C8A00A4B1022DA8228216422C3E906124FF6C7
S21401C8B0FF721A8402225A60002283F82B200F226C
S21401C8C083F82D0083F82C20704700BFCC1A002077
S21401C8D038B502F0B9FD40B9094B1A6893F82A1029
S21401C8E0243203464824994200DC38BD04FB03F594
S21401C8F05559ED0601D40133F5E70120F5E700BFF0
S21401C900CC1A002038B5124C94F82B30F3B162687B
S21401C91012F001051AD104F1080004F0EDF863687D
S21401C92043F004036360FFF7D3FF78B194F82C302B
S21401C93008484EF6602253434FF482712A4610F09F
S21401C94039F818B9636843F00103636038BD00BF66
S21401C950CC1A0020441B002022F00042052A10B504
S21401C9600DD0B2F5827F13D0032A06D1114A53683F
S21401C97023F00203536002F06FFD002010BD0D4A44
S21401C9801B88118D9942F8D1002313850120F5E704
S21401C990084B5A6893F82B4022F00102012C5A608A
S21401C9A0F4D102F09FFAFFF7ADFF204602F09EFD9C
S21401C9B0ECE700BFCC1A002000487047DB1A0020C5
S21401C9C0044890F82B1000F10F020830012918BF17
S21401C9D010467047CC1A0020F0B4827912F0280F66
S21401C9E0034626D0144A0168C2F80F108188A2F8BF
S21401C9F013108179517592F82A6011680025AE42AC
S21401CA0007DC5368F0BC43F004030320536002F0D4
S21401CA106DBD4C6A14F4404F08D1186808609F88B1
S21401CA209879887144F008048F804C62013548314A
S21401CA30E5E72120F0BC7047CC1A00204379024A72
S21401CA409B09D05C704700BF0CA703000B6810B5AC
S21401CA5003608B888380FF2A044602D10723A371D3
S21401CA6009E0032A08D8054B9B5C8371072B02D18A
S21401CA70FFF7E4FFA07110BD0023F0E710A7030045
S21401CA808379024A03F00703D05C704704A70300CA
S21401CA9010B582798B79094C02F0070203F007037F
S21401CAA0A25CE35C9A4206D106221BF077FDB0FA3F
S21401CAB080F0400910BD0020FCE700BFFCA6030083
S21401CAC07FB5134B03930E4605460446A0B117F0F7
S21401CAD066FE78B900223146204617F095FF0228F7
S21401CAE007D10123009303AA04233146204616F0FA
S21401CAF0F8FB0DB104B070BD204617F01FFE0446CA
S21401CB000028F7D017F04BFE0028F5D1E2E700BF6A
S21401CB100100FFFF2DE9F04F97B08346099117F00A
S21401CB2084FD099883790C33C518C45C1CF04EFC4F
S21401CB301E2C099F064624D8012C26D9C54BE34056
S21401CB40DA0722D5384697F806801CF03FFCBBF87A
S21401CB500A2083B29A4228D214F0010240F0A18042
S21401CB6004F07F03522B00F09C801E2C00F099806D
S21401CB70099B009321460423584617F09EFA212468
S21401CB800CE004F07F03522BDCD0214600970623ED
S21401CB900022584617F091FA41F20614584617F04B
S21401CBA049FD204617B0BDE8F08F4744013B3A7B6C
S21401CBB01E2A9BB242D8012ACED9023A1C2ACBD8C9
S21401CBC001A151F822F000BF59CC010059CB010058
S21401CBD05DCC010059CB010053CC010059CB0100BB
S21401CBE049CC010059CB010059CC010059CB0100B9
S21401CBF05DCC010059CB010061CC010059CB01008D
S21401CC0049CC010059CB01008FCC010059CB010062
S21401CC1059CB010059CB010093CC010059CB01003F
S21401CC2097CC010059CB010059CB010059CB01002B
S21401CC3059CB010059CB01009BCC0100522A26D0CA
S21401CC40D22A89D10D2B05E0062B0FD0142B83D1C8
S21401CC500CE0052B80D909E0022BF8E7042BF6E758
S21401CC60032B7FF679AFDB073FF576AF022C00F09A
S21401CC70F380DBF800309B689F0516D40BF1440067
S21401CC801CF01FFB099BCBF84430002486E7012BE0
S21401CC90E0E7032BDEE7012BD9E7002B7FF45CAF3F
S21401CCA0E4E709A81CF00DFB69E71E2C584600F0C6
S21401CCB0928317F074FD0746002840F0828058469C
S21401CCC017F068FD00287CD004F07F03522B00F09B
S21401CCD0BC80082C68D1B6B2152E14BF02201020D5
S21401CCE0691D17F042FD00285ED0DBF81430D80726
S21401CCF049BF23F0010343F00103CBF81430394652
S21401CD005CBFCBF814300121584617F05FFD099837
S21401CD100D9017F040F9B0F80180B0F80390044682
S21401CD200D981CF053FB152814BF02251025053459
S21401CD302146284603F0B6F821460390284617F008
S21401CD4014FD0490B8F1000F00F04481C84500F2CC
S21401CD5041810D9A0221092017F040F9BBF80A70AB
S21401CD60023FBFB282463E4640464FF0FF35039A29
S21401CD70494617F0FBFF0446002800F06D8117F0C6
S21401CD80C8FD002800F0858101222146584617F08B
S21401CD906AFE03468DF82E00002800F020810D9AC9
S21401CDA0009222460821A4E0DBF8143013F00106B5
S21401CDB03CD023F00103CBF814300021584617F07D
S21401CDC005FD1E2C63D8032C66D9231F142B63D8AC
S21401CDD001A252F823F000BFADD0010099CE0100A8
S21401CDE099D1010099CE01000FCD010099CE010025
S21401CDF07FD2010099CE01009DD2010099CE01009B
S21401CE00B3D2010099CE0100A5CE010099CE010052
S21401CE10A7D3010099CE010099CE010099CE010059
S21401CE20C3D3010099CE0100CDD3010043F0010325
S21401CE30CBF814300121584617F0C8FC009612238F
S21401CE4032462146584617F038F909A81CF039FA37
S21401CE501BE700BF54554541099D934C284617F0E2
S21401CE609AF82188B0F801602A46584617F03AF930
S21401CE702388BBF80A10B34228BF3346172BB8BF26
S21401CE801723ABF80A30584617F0BBFBFDE6522CC9
S21401CE9000F09082D22CD8D0099B00930022062362
S21401CEA0214626E0099F384617F075F80546B0F882
S21401CEB00180B0F803A038461CF088FA152805F161
S21401CEC005010CBF2046022002F0ECFFB5F8053044
S21401CED004900793B8F1000F07D0D04505D818F095
S21401CEE09CF850B90097102301E0009701234246B1
S21401CEF01021584617F0E1F8C7E63A4602211120FC
S21401CF0017F06CF8BBF80A3003939E1E063B9BB2E3
S21401CF100590B6B244464FF0FF350893049A514641
S21401CF20204617F023FF814668B3079A514617F04B
S21401CF306AFF0446484617F0ECFC40B94FF6FF730B
S21401CF409C4201D00134A4B25445E7D91BE04FF00E
S21401CF500003ADF834300DAA0CAB4946584617F01D
S21401CF601FFE039ABDF834300690053A9A42089A95
S21401CF70D8BF1346002DADF8343009DB9D4202D1EF
S21401CF80EB1CB34208DB691C1CD100970A23AEE7F1
S21401CF90351F9D42A8BF1D46042211A93846ADF88B
S21401CFA04490ADF846401CF04FFC06992A46384698
S21401CFB01CF04AFC043E4FF6FF73761B9C42B6B249
S21401CFC0C0D1E0E7059B04355D703946584601F04F
S21401CFD075FD5AE60D9B009301234246E2E6049B4B
S21401CFE013B1204617F079FC204617F0AAFCD8B1F9
S21401CFF0002D54DC0DA81CF064F9082358468BF864
S21401D0001C3050F80C2B92F870208DF844208DF8C7
S21401D010483011AA002340F20251ADF84640ADF85F
S21401D0204A301CF083F830E6ADF844000DF12E03CB
S21401D03011AA2146584617F0B3FDBDF844300590B5
S21401D040BB4228BF3B46002DADF844300ADBAB425D
S21401D05002D16B1CB34209DB6A1C0D9B1FD10093E6
S21401D0600A23BAE7B51E9D42A8BF1D4602220CA997
S21401D0700D98ADF830401CF0E7FB05990D982A464F
S21401D0801CF0E2FB023E4FF6FF73761B9C42B6B2E3
S21401D090E2D0601C80B28145BFF469AEDCE70235A0
S21401D0A00D998AF8015091E7960E0020DDF824903C
S21401D0B0484616F070FFB0F80180B0F803300493CC
S21401D0C0B8F1000F41D098453FD84A4602210520C5
S21401D0D016F084FFBBF80A400590023C4FF6FF7736
S21401D0E0A4B24546BA462946584617F01AFF504597
S21401D0F0064649D04FF400622946584617F0B3FC5D
S21401D10000283CD1304617F0A4FF00280CBF0223AC
S21401D1101023574503931ED0304617F09AFF06900A
S21401D120384617F096FF069B834203D1039B0133D3
S21401D130A34211DB384617F08CFF059B013058706F
S21401D1401946584616F0A2FF9FE5CDF80090012338
S21401D15042460421CDE637460DF146013046ADF88C
S21401D160445002F0F5FE039B11A99A1C48461CF098
S21401D1706BFB039B023CE41A5545A4B2DAD0049B30
S21401D1800135ADB2AB42AED24FF6FF739F42D1D15D
S21401D190CDF800900A23DBE7DDF82490484616F028
S21401D1A0FAFEB0F803A0B0F80530B0F801600393BA
S21401D1B0074648461CF00AF9C51FADB20024102DDB
S21401D1C00C9458D82A46F91D0DA81BF01CFA002EFF
S21401D1D053D0564551D84A460121072016F0FEFE87
S21401D1E0A046074633460A249A45049307D9BBF856
S21401D1F00A00394616F0D5FE0328049B04D8B8F178
S21401D200000F1AD039469CE7ADF84430039BADF8C1
S21401D21048300DAB13930BAA0DF12E0311A95846F6
S21401D220ADF846A0ADF8505017F019FE0A2804468E
S21401D230E5D0BDF82C3030B11E46CDF8009023461F
S21401D2403246062155E6ADF83030BDF82E30ADF841
S21401D25032300CAA0423BBF80A00394616F0ACFE9D
S21401D260BDF82E304FF6FF729342CBD001339BB2FE
S21401D2704FF00108B8E70424DFE70124DDE7099C45
S21401D2800A238BF81C30204616F085FE2346002222
S21401D290B0F80110584616F0F4F8F6E4099C20465A
S21401D2A016F079FE0C238BF81C30B0F803202346C9
S21401D2B0EEE7DDF82480404616F06DFE0546404652
S21401D2C01CF084F80023441EBBF80AA08DF8343005
S21401D2D061D014F001075ED120460FF085FE0646A8
S21401D2E000285ED00AF1FF332246691C03931BF027
S21401D2F08AF9424601210F2016F070FEB1460490CD
S21401D300002C04DC30460FF08DFE049919E739F83D
S21401D310025B01222946584617F0A5FB023C8DF810
S21401D320340068B9284617F016FA10B1284617F0E7
S21401D330D4FA284617F005FB60B180238DF8343007
S21401D34030460FF06FFE9DF83430CDF800802A4647
S21401D3500E21CEE50DAB294611AA584617F020FC42
S21401D3609DF834300146002BEAD1039BBDF84420DA
S21401D370DB1B9A42C2BF0AF1FF33DB1BADF8443018
S21401D380BDF8442040461CF05FFABDF84430984290
S21401D390B8D31F44B4E7042300258DF834302E4655
S21401D3A0CEE71123F8E7099AB5F80110584616F0AA
S21401D3B006F96AE4099AB5F80110584616F05AF9C2
S21401D3C063E40999584616F094F95EE4697858467C
S21401D3D016F0FAF939E516F017FA36E57FB5174A69
S21401D3E01368064623F0080342F60520136017F07B
S21401D3F0F8FC054650B1684602F046FC002017F0DE
S21401D4009DF9044620B92946FFF75AFB04B070BDC2
S21401D410102204F1210168461BF0C0F838B1012141
S21401D420204617F0D3F9636923F0010363611EB147
S21401D4303146204617F0A6FD2046E0E7B01B002047
S21401D44007B5837801916A46082104488DF80030B3
S21401D4501BF06CFE03B05DF804FB00BF441B00200C
S21401D460054B0022C3E90322C3E905221A70DA61DB
S21401D4704FF6FF725A847047201B0020014B18603C
S21401D480704700BF1C1B00200D4B827813B55A60F5
S21401D490B0F8032091B2102910D040F60344A142FF
S21401D4A00CD041795B8C8DF80210ADF8042005484C
S21401D4B0ADF800306A4605211BF038FE02B010BDFB
S21401D4C0201B0020441B002073B5837901900C3388
S21401D4D0C418C35C132B0ED8042B10D9053B0E2B96
S21401D4E00DD8DFE803F01E0C0C1E0C0C0C0C0C16F1
S21401D4F01A0C0C0C2300302B13D03E2B1BD0FAF742
S21401D50047F9019B834202D001A81BF0DAFE02B064
S21401D51070BD2046FFF7B8FFF1E70F4BE2785A607F
S21401D520EDE701A9204602F0F9F8E8E701A920464F
S21401D53016F0A6FBE3E7094E0025019B3BB156F822
S21401D540043B01A92046013598470E2DF5D101A8C7
S21401D5501BF0B7FED3E700BF201B002014A7030073
S21401D56007B500F013F920B103B05DF804EBFFF73F
S21401D570ABBF00F017F9019018B1054B1B681BB142
S21401D580984703B05DF804FB01A81BF09AFEF8E784
S21401D5901C1B0020024610B1022804D07047034825
S21401D5A003211BF07FBDFFF7DBBF00BF441B00203C
S21401D5B0024B1A78024B53F822301847201B0020E2
S21401D5C04CA7030010B504460120FFF7F1FF034BFB
S21401D5D01C70BDE810400020FFF7EABF201B0020AA
S21401D5E010B50621044642F2050016F063FA2368D8
S21401D5F0C0F80330A388A0F807300648FAF7EAF81F
S21401D60016F09CFA407920B116F098FA407940F469
S21401D610805010BD9716030010B5062104464FF63C
S21401D620284016F047FA2368C0F80330A388A0F80C
S21401D63007300648FAF7CEF816F080FA407920B19E
S21401D64016F07CFA407940F4805010BDC97801008C
S21401D65038B505460C4669B9022142F21B0016F0A0
S21401D66029FAB5F86E30A0F803300D48BDE8384009
S21401D670FAF7B0B8122142F21A0016F01BFAB5F802
S21401D6806E30A0F803302146053004F1100351F83E
S21401D690042B40F8042B9942F9D10248E6E700BF73
S21401D6A0E11803001D19030001481BF028BE00BF46
S21401D6B0301B00202DE9F3410D46B0F86E100192A3
S21401D6C040F6FF73994205D101A81BF0FAFD02B09E
S21401D6D0BDE8F0811146134601229BBB1E481BF094
S21401D6E0D7FEFFF7E1FF04460028F0D01BF06EFEE0
S21401D6F06379A66803F001086FF3000307466371B8
S21401D700042120461BF0A6FF43798179B6F86E20E6
S21401D7108660044668F300030C314371DB436254B0
S21401D720084403F00103C2F3032242EA03124270E3
S21401D730478022463046294616F0A7FA2046FAF7D1
S21401D74059F8CEE75C79986024F0030414435C71C1
S21401D75000221B68C1E700BF301B002070B5074CD4
S21401D7600546206800B970BD8368AB4204D10668DF
S21401D7700FF0CAFA2660F4E70446F2E7301B0020F1
S21401D780014601481BF084BE341B002001481BF0F3
S21401D790B6BD00BF341B0020014601481BF078BE11
S21401D7A02C1B0020034BD86818B103F10C001BF0AA
S21401D7B0A6BD7047201B0020044BDA6822B95869C1
S21401D7C0003818BF0120704701207047201B002039
S21401D7D00138C0B20A289ABF014B185C0020704776
S21401D7E054A7030007B506481BF089FD04210190E4
S21401D7F00DEB01001BF065FE019803B05DF804FB1C
S21401D800481B0020F7B5186810F0020003D0164E2A
S21401D810316811B9012003B0F0BD0024042223466B
S21401D8200DEB020001941BF042FDBDF80630DB074C
S21401D83002D4FFF7D7FF04460C4F002557F8043BE8
S21401D84023B1BDF804002146984748B13368002B40
S21401D850E0D0074B022193F900000EF029FFD9E72B
S21401D8600135062DEAD1F1E7481B00204C1B0020AC
S21401D870B823002010B509480EF00AFF084B0949E5
S21401D8801870002420200C600FF088FA064BC3E9BC
S21401D8900044C3E90244C3E9044410BD680B0020F8
S21401D8A0B8230020481B00204C1B002070B5084EF2
S21401D8B0002596F82A30ECB2A34200D870BD204667
S21401D8C001F0AAF910B1204601F0CCFC0135F0E7D1
S21401D8D0CC1A002013B5C37A0093B0F80930D0F8FB
S21401D8E00520D0F80110007801F04EFC04460348EC
S21401D8F000F01CFF848002B010BD00BF20020403AC
S21401D90037B5FF230DF107008DF8073001F0C6FC8F
S21401D910044604489DF8075000F008FF848085718E
S21401D92003B030BD2003040138B54B795B070546CB
S21401D9300C460CD414212046054A16F0A7F9217985
S21401D940204616F054FA10B9A3791C44257438BD44
S21401D9507CA703008378132B10B50C4608D1054B22
S21401D9601B6803B198472046BDE810401BF0A9BCD0
S21401D97010BD00BF641B002010B5002104460078CE
S21401D98016F054F948B16178207816F039FD04464E
S21401D990034800F0CBFE848010BD0224F8E700BFE8
S21401D9A02002560110B54178007801F02BFC0446A0
S21401D9B0024800F0BBFE848010BD00BF2002560264
S21401D9C0024B00201870024B18707047BA230020D3
S21401D9D0B92300202DE9F04383780D2B91B00D4635
S21401D9E04FD109AC821C00F11A0326461068516813
S21401D9F0274603C708329A423C46F7D113883B8034
S21401DA001C2128461BF05DFDBDF826402F6814F04A
S21401DA100C043ED138461BF0D9FCA0F10208A04503
S21401DA200DDA4FF0FF3400239C428DF81C301EDBCC
S21401DA30A31C0122394607A81BF039FC17E0631C1A
S21401DA400122394605A81BF032FC9DF81430012B43
S21401DA50E9D023460122394607A81BF028FC9DF889
S21401DA601C3013B101331C44D9E78DF81C3001F08A
S21401DA70E5FC012808D0022843D050B928461BF0FF
S21401DA8020FC11B0BDE8F0839DF81C3013F0010FA7
S21401DA90F4D09DF82F0000F067FC07469DF8300093
S21401DAA000F062FC0DF11C099DF828200DF12901FA
S21401DAB0804605A8FEF7CAFF9DF836200DF137010E
S21401DAC04846FEF7C3FF134B1B78DB071ED405A899
S21401DAD015F029FB044605ABCDE90145CDF80090CC
S21401DAE042463946304600F017F82B68002BC5D061
S21401DAF0CDE9004505AB42463946304619F015FDDD
S21401DB00BCE79DF81C3013F0030FC1E74FF0FF345C
S21401DB10E1E700BFB92300202DE9F74FB0F802C0B6
S21401DB200C9F9DF934A0DDF838B01CF0100F0646A6
S21401DB301C4633D05FFA8CF51CF0080F184614BF4C
S21401DB4005F0080505F00F0516F03DFD814638463F
S21401DB5016F039FD96F90F30019380465A46134860
S21401DB607678042116F0D7F9019BA0B105712268D9
S21401DB70C0F80520A288A0F8092080F80B9080F84C
S21401DB800CA0437386733B68C0F80F30BB88A0F8BF
S21401DB90133080F8158003B0BDE8F08FCDE90DABEA
S21401DBA00C9703B0BDE8F04F16F055B8B8A70300C0
S21401DBB010B50021421D0379044608461BF071FE8C
S21401DBC0024648B16188208815F0B4FC0446034833
S21401DBD000F0ACFD848010BD1A24F8E720020A028A
S21401DBE030B5044685B0007816F0A2FDA0B10DF15F
S21401DBF00E030193E37800932379B4F80110621DB4
S21401DC0015F051FE04460548BDF80E5000F08EFD95
S21401DC108480C58005B030BD2524F4E720040A03BE
S21401DC2013B50446007816F083FD70B10023CDE9E4
S21401DC300033E278B4F8011015F06EFE044604488D
S21401DC4000F074FD848002B010BD2524F7E700BF04
S21401DC5020020A0473B5B0F80140C678051D0078A5
S21401DC6016F066FD60B1214600962B46002215F09F
S21401DC70F7FD0446034800F059FD848002B070BDEC
S21401DC802524F7E720020A0F08B5064906481BF0C7
S21401DC9011FA064906481BF00DFA06480FF072F90C
S21401DCA0002008BD800B00206C1B0020900B00207C
S21401DCB0681B0020780B0020014816F05EB800BFF4
S21401DCC0240B002030B5114B994285B00D46144601
S21401DCD019D193000FD503A902A80EF0FFFE082361
S21401DCE0E1B20193039B00930022029B41F0005195
S21401DCF028461BF0C2F9064816F0D7F800B10471A1
S21401DD00012005B030BD0020FBE700BF681B0020E6
S21401DD102CA8030022F00042B2F1A04F08B504D1AE
S21401DD20034816F0C2F8012008BD0020FCE700BF3A
S21401DD3030A8030070B5FFF7BFFF90B1FEF73CFEB9
S21401DD40002604462046FEF79BFE0546064800F0E0
S21401DD50EDFC86802268C0F80620A2884281057301
S21401DD6070BD024C0226EDE72009011508A8030044
S21401DD7008B501F0D5FBBDE80840024902481BF092
S21401DD80BDB900BFA00B0020441B0020F8B50E4E05
S21401DD9005460020307100F09DFD012704466CB158
S21401DDA06DB994F872306BB1377115F063FF204688
S21401DDB0132116F0ECFB6468002CF2D1F8BD204666
S21401DDC016F0E9FB6468EAE7D020002038B50A4C73
S21401DDD000232360A38003682360207816F0D3FB1A
S21401DDE0054630B9054806491BF064F9608801F01C
S21401DDF0ADFB284638BD00BFD0200020441B0020C4
S21401DE00A00B002022F00042B2F5887F2DE9F047F2
S21401DE101C4600F0E2800ED840F203139A423CD032
S21401DE2040F209139A4200F0C2800E2A00F0B38035
S21401DE300020BDE8F08740F207239A424AD0B2F5A7
S21401DE40037F59D040F206239A42F1D120684C3024
S21401DE50FEF716FE2568A48895F8736095F870A0FD
S21401DE6095F9759095F876800746604816F01DF886
S21401DE700028DDD0EB6C4360B5F850300381731E8B
S21401DE805E425E418772C67280F80CA080F80D90E3
S21401DE9080F80E80A0F80F40CAE7207800F00CFD4D
S21401DEA00028C5D0524894F80090B4F80280A7889C
S21401DEB0E688257A648915F0F8FF0028B8D080F83E
S21401DEC00490A0F80580A0F80770A0F80960C57254
S21401DED08481ADE7207800F0EFFC0028A8D06078B8
S21401DEE02578FFF775FC0446424815F0DEFF00284A
S21401DEF09ED0057144719BE7A578012D1DD0022D9A
S21401DF002BD0C5B9E37894F8008094F9047066794B
S21401DF10394894F90640023BDBB2022B9ABF374AD6
S21401DF20D55C012515F0C1FF28B180F80480457144
S21401DF308771C671047201207BE7E37894F800804C
S21401DF4094F9047066792E4894F90640023BDBB2D8
S21401DF50022B9CBF294AD55CE4E7E378294894F86C
S21401DF600180277894F90490667994F90640023B7B
S21401DF70DBB2022B96BF214A0125D55C15F095FF31
S21401DF800028D8D0A0F804808771C57180F8089061
S21401DF9046728472CFE723461B4813F8014B0822CA
S21401DFA0002115F093FF0028C5D00471C3E7174878
S21401DFB094F800806788A688E588248915F075FF9F
S21401DFC00028B8D080F80480A0F80570A0F8076093
S21401DFD0A0F80950A0F80B40ADE70D481C7815F0E5
S21401DFE064FF00283FF424AF047121E788A80300EA
S21401DFF084A803007CA8030074A8030034A80300C7
S21401E00070A8030078A803006CA8030068A80300A2
S21401E01080A8030010B5007800F04EFC40B1132133
S21401E02016F0B5FA0446034800F080FB848010BD64
S21401E0302524F8E72002060570B5144606460C4A64
S21401E04020460D46142115F021FE2179204615F0B3
S21401E050CEFE58B9A3790C331C44064BA6711B7926
S21401E060A5801BB1BDE8704015F005BE70BD00BFB0
S21401E07064A80300D0200020024B1A68024B00203F
S21401E0805A60704770190020240B002010B5FDF768
S21401E09079FE044630B9044815F045FE044608B931
S21401E0A0FDF7BAFF204610BD240B002073B522F001
S21401E0B000421C4640F20A639A4208D8B2F5C06F85
S21401E0C008D8042A48D00D2A4ED0032A1ED0002094
S21401E0D002B070BD6FF4C0631A44092AF7D801A3D1
S21401E0E053F822F0CDE101007BE101009FE1010040
S21401E0F0AFE10100C5E10100CFE00100E5E101006B
S21401E100FBE101001BE2010069E2010001A8F3F74F
S21401E110A1FD5748BDF8044015F0C7FE0028D6D02B
S21401E12000234371C37103724372C3720373437353
S21401E1308373C3737F23072283746FF031030271E5
S21401E140C37404222C238271037525226FF01E03EB
S21401E150827204824375BAE74648246815F0A5FE24
S21401E1600028B4D08480B2E72346042253F8044B37
S21401E1704148002115F0AAFEF2E7207800F09CFB4A
S21401E1800028A4D03D48267894F90150A47815F0CB
S21401E1908CFE00289BD006714571847197E7247820
S21401E1A0374815F082FE002891D004718FE7257854
S21401E1B03448646815F079FE002888D00571C0F8E7
S21401E1C0054084E7257830486468F3E72F482578CA
S21401E1D0646815F06AFE00283FF479AF0571A0F86F
S21401E1E0054074E72A482578646815F05EFE002825
S21401E1F03FF46DAF0571447169E76378254824786B
S21401E2000D2B96BF244A0125D55C15F04EFE00283D
S21401E2103FF45DAF0471457159E763781F4826786E
S21401E2200D2B98BF1C4A4FF0000198BFD55C636860
S21401E230A27888BF012515F049FE08B1067145711F
S21401E2406378012B3FF643AF8DF8043013482478EA
S21401E25001AB0122002115F039FE00283FF437AF4B
S21401E26001230471437132E724780D4899E700BF12
S21401E270D0A80300C8A80300CCA80300B0A80300D8
S21401E280B8A80300BCA80300B4A80300ACA8030008
S21401E290A8A80300A4A803008CA80300A0A8030054
S21401E2A09CA803000248142200211AF0A1B900BF5D
S21401E2B0701B002070B51C4C05460FF0C4FC63793A
S21401E2C05B0706460ED414212046184A15F0DEFCDC
S21401E2D02179204615F08BFD20B13046BDE870400F
S21401E2E00FF0B7BCA3790C3323442DB91A79FF2A52
S21401E2F0F3D001321A71F0E7012D05D15A79FF2AC0
S21401E300EBD001325A71E8E7022D05D19A79FF2A3E
S21401E310E3D001329A71E0E7032DDED1DA79FF2AE4
S21401E3201CBF0132DA71D8E7701B0020C4A80300B5
S21401E33010B504460A4815F020FD60B109480021D1
S21401E34015F0A1FD48B18279024414610179BDE856
S21401E350104015F04CBD022010BD1A20FCE700BF8E
S21401E360240B0020C0A803000428024B28BF00206D
S21401E370185C7047D4A8030038B50546084800F075
S21401E38051F9044648B900F0A3F904461DB1054BFE
S21401E3901B689B792B7000F0B3F9204638BD00BF8F
S21401E3A0E0A803008C1B00202DE9F84380460D48A9
S21401E3B09DF820900F4616461D4600F033F978B9B1
S21401E3C0094B1C6884F80480C4F80570C4F8096019
S21401E3D0A4F80D5084F80F90BDE8F84315F0D8BCAA
S21401E3E0BDE8F883D8A80300901B002038B5054681
S21401E3F006480C4600F016F938B9054B1B681D7126
S21401E4005C71BDE8384015F0C3BC38BDF0A8030008
S21401E410901B002038B5054606480C4600F002F968
S21401E42038B9054B1B681D715C71BDE8384015F0A5
S21401E430AFBC38BDE8A80300901B002010B5044609
S21401E440054800F0EFF830B9044B1B681C71BDE8B5
S21401E450104015F09DBC10BDF8A80300901B0020CD
S21401E46038B505460C460748012100F0EBF838B9E7
S21401E470054B1B689D80DC80BDE8384015F088BCE4
S21401E48038BD00BF18A90300901B00202DE9F041FC
S21401E49007460E460F48154601211A46DDE906389D
S21401E4A000F0D0F8044690B90B4B1B681F71A3F817
S21401E4B00560DD7100F00CF90446B8F1000F04D0D8
S21401E4C0064B1B68DB88A8F8003000F019F92046D7
S21401E4D0BDE8F08110A90300901B00208C1B0020D2
S21401E4E070B5064608480D46144600F09BF848B934
S21401E4F0064B1B681E71A3F80550DC71BDE8704021
S21401E50015F046BC70BD00BF08A90300901B002093
S21401E51038B505460C460748012100F093F840B986
S21401E520054B1B681D71A3F80540BDE8384015F082
S21401E5302FBC38BD00A90300901B002070B505460E
S21401E5400B480E4600F06EF8044678B900F0C0F8A5
S21401E550084B04461B6825B1D3F806202A605A8961
S21401E560AA800EB11B7B337000F0CAF8204670BD3E
S21401E57020A903008C1B0020044A0346106810B132
S21401E58002789A4200D170470069F8E7881B00209C
S21401E59008B515F0C6FBFFF785FE024B00221A6090
S21401E5A008BD00BF881B002038B5104D104A044630
S21401E5B028461BF0D0F94FF48270A0470D4B014658
S21401E5C01860287818B14FF482721BF0C7F94FF41F
S21401E5D08270A047084B01461860287828B1BDE82C
S21401E5E038404FF482721BF0B9B938BDBB23002006
S21401E5F028A90300901B00208C1B0020084A1368E2
S21401E60033B94178036141F00101417010607047F0
S21401E610197802789142FAD003F110021B69EFE7EC
S21401E620881B002010B5044618F080FF28B9034B5C
S21401E63022681C60024B1B681A6010BD841B0020F8
S21401E640901B00202DE9F84F04684FEA042A9846EB
S21401E6500AF4E06AC4F307234AEA030A0AEB02094A
S21401E660B9F5807F83460F46154603D91D263046E9
S21401E670BDE8F88F18F05AFF06460028F7D1124B6E
S21401E68024F47F44C3F800B024F0C7040F4B44EAD7
S21401E69019244FEA09291B681FFA89F944EA090473
S21401E6A043F8044B53442A464146184619F0ABFF3B
S21401E6B0012F04D1FF2DD9D800F8015CD7E7022F2E
S21401E6C008BF20F8025CD2E7841B0020901B0020C4
S21401E6D008B5074B1A68074B52F8040B1968064B26
S21401E6E049681B689847054B1B68988808BD00BF9A
S21401E6F0901B0020841B0020B00B00208C1B0020E8
S21401E700024B00221A6018F013BF00BF841B0020C2
S21401E710054B186808B1C3681BB1003818BF012043
S21401E72070470069F6E700BF881B002010B5034C50
S21401E73023681860FDF7AEFC206810BD8C1B002016
S21401E740F8B504460D4601460020174615F0EAFACC
S21401E750F2F75AFA194E78BB194B1B681C603368DE
S21401E760187058709870D870204615F0B5FA18B120
S21401E77065B94368220E2BB90F250DE059799142F0
S21401E78004D008331D68002DF8D1F5E73846A847B0
S21401E79033681B684BB9012524F47F4020F0C7007D
S21401E7A040F40070FFF7C2FF85803268012052F8FE
S21401E7B0041B15F0B7FAF8BD1425EDE78C1B0020F5
S21401E7C0901B0020094B802283F8012383F8042341
S21401E7D083F8052383F8062383F8072383F80823A1
S21401E7E083F81D23A02283F8222C704700E100E065
S21401E7F0034AD2F8B03043F05403C2F8B030704741
S21401E80000400E40054BD3F8E80010F480501CBFC2
S21401E810D3F8EC0000F00100704700BF0081E00F64
S21401E8201C4A136870B504460D466BB393F87D1009
S21401E830586811F0040129D110608C22184693F80B
S21401E840706019F0D5FE80F870602268C0F85A2012
S21401E850A288A0F85E20A27980F860200346286886
S21401E860D864AA79A98883F85220FF2283F87520F4
S21401E87083F8762040F6FF72A3F86E20064AA3F8C6
S21401E8805010116859601360184670BD1A1D034672
S21401E890CBE700BF981B0020941B0020054A0346C7
S21401E8A0106800B97047B0F86E209A42FAD04068F6
S21401E8B0F7E700BF941B0020054A0346106800B91D
S21401E8C0704790F870209A42FAD04068F7E700BF88
S21401E8D0941B002010B9024B1868704740687047B7
S21401E8E0941B0020114A00232DE9F0418C2113606E
S21401E8F08046024601200EF005F9044620B90C4E6A
S21401E90005463060A84502D82046BDE8F0810120C2
S21401E9100EF076F907468C220021013519F068FEC3
S21401E92087F8705037603E1DECE700BF941B00204F
S21401E930981B002010B501238B4090F8711021EA36
S21401E940030149B2044680F87110002949D115F037
S21401E9509BF9204617F02BFA102104F118001AF043
S21401E960C3FF2046FEF7FAFE04F138001AF0A9FCB0
S21401E970204617F07DF9214A13681BB19C4259685D
S21401E98030D11160A36859050BD51A0509D443F493
S21401E9900063A18994F87000A36004F17802FFF780
S21401E9A04BFB0023636020461AF0ACFB15F0EDFA32
S21401E9B094F870304FF48072B2FBF0F24243034495
S21401E9C0B3FBF2F102FB1133DBB2591EC9B2FD29CA
S21401E9D0F5D884F8703000236360094B1A6852B981
S21401E9E01C6010BD1A465B68002BCBD09C42F9D147
S21401E9F063685360C6E7131D5268F0E7941B002056
S21401EA00981B002010B5084C206830B9074BBDE8AC
S21401EA101040186001200EF0C3B8436890F87110DA
S21401EA202360FFF787FFEFE7941B0020981B002069
S21401EA3090F8743003F00B03013BDBB20A2B9ABF4C
S21401EA40014AD05C0020704736A903001FB5014675
S21401EA5090F870308DF80430FFF7EAFFB1F86230B5
S21401EA60ADF80630B1F86430ADF80A30B1F866306A
S21401EA708DF80C00ADF8083001AAB1F86C300548E5
S21401EA80ADF80E3040F203111AF050FB05B05DF8F8
S21401EA9004FB00BF441B002007B590F870308DF8CA
S21401EAA0051001AA40F2072103488DF804301AF038
S21401EAB03DFB03B05DF804FB441B002038B50A4B50
S21401EAC01B6804460D462BB143699B0702D515F01A
S21401EAD0B6FD30B120682A460421BDE8384017F05B
S21401EAE075B8A3699D6138BD9C1B0020014B186059
S21401EAF0704700BF9C1B0020024B1868003818BFE7
S21401EB00012070479C1B002013B50446019120B9D3
S21401EB1001A81AF0D6FB212012E008460029FAD0F7
S21401EB201AF054FC80B20028F2D0094B01991B68F8
S21401EB3020464BB1984728B901992046FDF7EAFFD0
S21401EB4002B010BD0020FBE701F0D2FAF3E700BFE8
S21401EB509C1B002038B5436A5904044615D4134A51
S21401EB6092F82B20012A03F400430FD1826A920403
S21401EB700CD4002B01460CBF5320142014F00FFBBD
S21401EB8018B9636A43F00803636238BD002BFCD1F1
S21401EB90074D20462946FDF77BFF0028F5D128685A
S21401EBA0AA88AB792060A280A371EAE7CC1A00207C
S21401EBB0DB1A00202DE9F041164D85F82A0038B3FE
S21401EBC000EBC000C1000023012204200DF09AFFD3
S21401EBD0044650B904200EF013F848272860A046D2
S21401EBE095F82A30A34203DC00242046BDE8F081D4
S21401EBF02E6807FB046614220021C6F8188006F169
S21401EC00340019F0F5FC304615F03CFB0134E7E71B
S21401EC102860E9E7CC1A0020074B93F82A208242A5
S21401EC2081BF1B6800EBC00003EBC003586A8CBFB2
S21401EC3000F0010000207047CC1A002008B50146FC
S21401EC40FFF7EAFF40B1054B1B6801EBC10103EB7F
S21401EC50C103586AC0F3C02008BD00BFCC1A00200B
S21401EC602DE9F04F384A93B05168074610680FAB4C
S21401EC7003C39068354A1860146807EBC70304EBB2
S21401EC80C30412AAE37B94F82E8094F82F6002EB5B
S21401EC90430333F80C1C636ADA0447D4012641F0B7
S21401ECA01001B04694F80D9094F83150C3F3404AE1
S21401ECB05B0348BF4AF0020A8BB289F00809B8F133
S21401ECC0010F0B9304F1070BD4E90723C9F3C0091D
S21401ECD094F9324009D0B8F1020F06D0B8F1040F0A
S21401ECE014BF4FF000084FF00308012E05D0022E86
S21401ECF003D0042E14BF002603263846CDE90C2384
S21401ED00FFF79CFF0121CDE90760CDE90051CDE970
S21401ED100548CDE903BADDE90C230B99CDF8089037
S21401ED20384601F08DFB13B0BDE8F08FA26A950658
S21401ED3048BF41F02001500648BF41F04001DA03C8
S21401ED4048BF41F00401ADE742A90300CC1A0020F8
S21401ED5070B50C4B93F82A601C6800218E4202DCC9
S21401ED60FF25284670BDCDB22846FFF755FF28B1CE
S21401ED70E37B012B02D1636ADB06F2D4013148340E
S21401ED80ECE700BFCC1A0020014B93F82A0070472D
S21401ED90CC1A002070B504461546FFF73DFFB8B102
S21401EDA00E4A136804EBC40403EBC403E6005B6A73
S21401EDB013F010040FD0C3F300330B701368334401
S21401EDC0DB7B5A1E042A04D8033B18BF01232B7091
S21401EDD070BD0023FBE72046FAE700BFCC1A0020EF
S21401EDE03F4A70B5146800EBC00304EBC304064643
S21401EDF0636A5B0704D500231A46194601F002FC34
S21401EE00636A9D0706D53046FFF72AFF636A23F03B
S21401EE1002036362636A18070CD5A2792146C2F31E
S21401EE20C002304601F08CFB0546E8B9636A23F060
S21401EE3008036362304615F0D1FB0546A0B9626A45
S21401EE40D10611D5D30404D5304614F0A6F940B145
S21401EE501BE01206E37B09D4E37B626A023B012BCB
S21401EE6015D9616A48071FD4284670BD03F0FB0315
S21401EE70012BF6D02169304601F088FB636A2561D3
S21401EE8023F0800363620028E6D00546ECE7D3054D
S21401EE90E7D56169304601F097FB00236361636A39
S21401EEA023F480736362D2E7E37BA28D012B03D147
S21401EEB0A2B1802A28BF802211F0400F94F830308A
S21401EEC04FF0010118BF0123304601F09BFB0028DB
S21401EED0DBD1636A23F004036362C5E74022EBE7F4
S21401EEE0CC1A00202DE9F041114D0024482795F851
S21401EEF02A30A34201DCBDE8F081E6B23046FFF7D6
S21401EF008BFE98B1286807FB04F84044436ADA068A
S21401EF100CD55B040AD4FFF71DFE2B68434430462C
S21401EF205A6A42F006025A62FFF75AFF0134DEE7D8
S21401EF30CC1A00202DE9F04FDFF84892D9F80040AE
S21401EF4000EBC00304EBC30404F1100A89B0804649
S21401EF5050460E4617461AF0B4F904F11403184643
S21401EF6002931AF0AEF900201AF070FB054600284D
S21401EF7000F00381012F40F2726718BF1F27012E90
S21401EF80A6735CD0022E0CBF062604260221284654
S21401EF9015F09CF90121284615F098F931462846C6
S21401EFA015F094F928461AF011FA86B2B91B012316
S21401EFB000930A2242F6072389B2284615F0D6F9AD
S21401EFC00644B6B2B91B04230093122242F6042368
S21401EFD089B2284615F0CAF90644B6B2BB1B012B06
S21401EFE0069503932DDC002399F82B20002A00F0C8
S21401EFF0A48050461AF065F9636A256143F08002E1
S21401F0006262DB0400F1AB8099F82B00002840F027
S21401F010A6801AF01BFB0790002800F0A080394656
S21401F02015F05FF9002800F0A4800298079D1AF0F9
S21401F03048F9636A656143F4807363628FE005266D
S21401F040A4E700201AF002FB07900028CBD0BB1ED5
S21401F0509B1B02211FFA83FB01F014F88345064629
S21401F06011D22BF001018AB2411A07A804921AF0B4
S21401F0704FFA049A164602223EB90798F0B907A835
S21401F0801AF01FF9AFE70322F6E7711C06980492FF
S21401F090C9B215F01BF9049A0698114615F016F92F
S21401F0A0079906A81AF0AEFA00201AF0CFFA0790D0
S21401F0B0002836D0ABEB06031FFA83FB5B46022B18
S21401F0C038BF02239A1E92B20F2A31D91021049218
S21401F0D000F0D8FF049A824203461FD222F00F01A5
S21401F0E08AB29346411A07A81AF012FA5B4606221C
S21401F0F0591C06980493C9B2059215F0E7F8059ACB
S21401F1000698114615F0E2F8079906A81AF07AFA59
S21401F110049BB21C13449BB23EB965E740B107227B
S21401F120E6E707A81AF0CDF8334602339BB25BE751
S21401F13007A81AF0C6F83346EEE7039AD11A89B241
S21401F140284615F0CEF8064650461AF0BAF8636A15
S21401F150256143F080026262002E3FF452AF606A7E
S21401F16010F010000AD0404609B0BDE8F04FFFF796
S21401F17037BE07A81AF0A5F8F1E71A2009B0BDE8CE
S21401F180F08F00BFCC1A002070B5054614461E4607
S21401F190FFF742FD30B3144B186805EBC50500EBCD
S21401F1A0C500426A93050BD4A1F120054FF6DF7323
S21401F1B09D4217D8A4F120059D4213D8A14211D82B
S21401F1C0C3698B4202D1036AA34204D0C0E9071483
S21401F1D042F0020242629DF8103080F83030868597
S21401F1E0002070BD2120FCE7CC1A0020044A1168DB
S21401F1F000EBC00301EBC301CA7B15F010B900BFD9
S21401F200CC1A0020F8B505460C46FFF705FD28B3D5
S21401F210052923D8124E336805EBC50203EBC2035A
S21401F220D70018691AF0D2F81F2817D833683B445C
S21401F23058691AF0CBF81F2810D8012C0ED0231FBE
S21401F240012B0BD93168394422464B6A23F4825389
S21401F2504B622846BDE8F84015F0E1B82120F8BD1C
S21401F260CC1A002010B50446FFF7D6FC90B10A4A26
S21401F270106804EBC40300EBC300436A23F0500399
S21401F28043F00403436214F0F3FF2046BDE8104048
S21401F290FFF7A6BD212010BDCC1A002070B505468B
S21401F2A0114890F82A4003680022944201DC1A2093
S21401F2B016E0596ACE0714D493F83960760710D44D
S21401F2C00A4CD0F80F00A688186041F00901A07911
S21401F2D09871D4B29E8059622046FFF7C1FC2C700B
S21401F2E070BD01324833E0E7CC1A0020DB1A00205B
S21401F2F070B5FFF72DFDFF28044615D00B4D03B260
S21401F300286803EBC30300EBC300DE00436A23F067
S21401F3101003436214F0ACFF2968314420463431AF
S21401F320BDE87040FEF700BB70BD00BFCC1A0020E0
S21401F3308378122B2DE9F0410F463CD10B689A7960
S21401F3400C321344DD781E790DB145F480553046F4
S21401F350FFF762FCD0B1DFF86480D8F8004006EB16
S21401F360C60304EBC304636A23F01003636295B912
S21401F370A0692246314608F12E0300F089F9A561FD
S21401F3802222294608F12E0019F032F93846BDE846
S21401F390F04119F096BF204614F06AFF636A5A06D8
S21401F3A003D523F040036362F0E704F134013046ED
S21401F3B0FEF7BAFAEAE7BDE8F08100BFCC1A0020F2
S21401F3C073B5144D144C6A68236802F0800103F08B
S21401F3D002030B431BD0530654BFA67A0126FDF742
S21401F3E0EFFA0196837983F00803C3F3C003009311
S21401F3F0E388A288217A607A00F0DEFF40B92368AC
S21401F40023F0020323606B6823F080036B60002007
S21401F41002B070BDCC1A0020A01B0020064B0121B3
S21401F420A3F108020020C3E9000043F8081C4FF0CE
S21401F4301013536051727047A81B0020014B187BB4
S21401F440704700BFA01B0020024BD87A003818BFB7
S21401F45001207047A01B002070B5224E716811F084
S21401F46002013AD1204D2B68580706D5084600F010
S21401F470C9FF2B6823F004032B602B68726803F026
S21401F480080302F00402134310D0FDF799FA8379BA
S21401F4901A071FD5FEF7C0F80446C8B92B6823F033
S21401F4A008032B60736823F004037360FFF788FF7B
S21401F4B0044668B9EB7A5BB12B685B0708D4012177
S21401F4C0084600F09FFF50B92B6843F004032B60F9
S21401F4D0204670BDFEF784F8DEE71124F8E70446FF
S21401F4E0F6E700BFCC1A0020A01B0020032805D198
S21401F4F00A4A136843F00803136008E0012808D19C
S21401F500064BDA7A42B11A6842F008021A60FFF72F
S21401F510A3BF10F0FD0FEBD000207047A01B00200A
S21401F520094B10B500205862FFF7D4F904461CB900
S21401F530BDE81040FFF766BA204641F2160114F006
S21401F540A8FF6468F3E700BFCC1A0020A0F11B03F4
S21401F550E02B10B5044618D8042142F2240014F01A
S21401F560A9FA6FF06F03437142238371A0F8034039
S21401F5700748F8F72FF914F0E1FA407920B114F0B2
S21401F580DDFA407940F4805010BD2120FCE700BF31
S21401F5907F1A030037B50D46044614F0A1FF6988AB
S21401F5A0204614F0E7FC6A7E2B7E43EA0223A4F889
S21401F5B062306A7F2B7F43EA0223A4F86430EA7E36
S21401F5C0AB7E43EA0223A4F866301B23A4F86C3012
S21401F5D02D4BDA8B1B8CA4F86A30022384F8723028
S21401F5E0A4F86820204614F04EFB204616F0BAFB1D
S21401F5F094F87330022B15D101F056F970B194F9D5
S21401F600753001330AD1A368052143F4805320469F
S21401F610A36003B0BDE8304014F0B9BF0021204616
S21401F62014F0ABFC0021204600F02CFA288C4FF693
S21401F630FF73984225D000F0C5F9009400F0B0F9A8
S21401F6406A46ADF8040040F20621104819F06EFD36
S21401F650002240F20221204619F024FD2046FFF741
S21401F660F5F9204616F08AFB204600F079FEA368DD
S21401F67023F48043A3600121204614F090FF03B0D9
S21401F68030BD0020D9E700BFCC1A0020441B002063
S21401F690F7B504460F461646991D5A7968461D4623
S21401F6A0FDF7D4F92CB969463046FFF7B9F8044698
S21401F6B0A0B140F20323A4F8723084F87670336860
S21401F6C0C4F85A30B388A4F85E30B37984F8603051
S21401F6D029462046FFF75EFF03B0F0BD032140F246
S21401F6E0064014F0E7F96B88A0F803300D23437148
S21401F6F00148F8F76FF8EFE76319030007B54FF411
S21401F700887190F8703004488DF8043001AA19F019
S21401F7100DFD03B05DF804FB441B00202DE9FF41FD
S21401F7200378302B04460E4639D006D8052B25D053
S21401F730082B41D004B0BDE8F0813E2BFAD1837886
S21401F7400C2B4BD8022BF5D9033B092BF2D801A27F
S21401F75052F823F0EDF7010029F9010035F7010011
S21401F76035F70100C1F8010035F7010035F7010052
S21401F77035F7010035F7010015F90100B0F803006F
S21401F780FFF78CF828B1617909B141F4805114F082
S21401F79080FE304604B0BDE8F04119F092BDB0F8E5
S21401F7A00300FFF77BF80028F3D0A17809B141F4F4
S21401F7B0805114F0C7FEECE7B0F80300FFF76EF8CF
S21401F7C00028E6D0627990F8743022B143F0010344
S21401F7D080F87430E9E703F0FE03F9E7212B00F027
S21401F7E0B880292B1FD0202BD3D0A3E78088FFF722
S21401F7F055F80028CDD0E278002ACAD1E179A2795D
S21401F80042EA0122A0F86220E17AA27A42EA0122C3
S21401F810A0F86420227A617A42EA0122A0F86620E2
S21401F820FFF714F9B5E7C7783C2F00F1020502D1BE
S21401F830FFF75EFDADE790F80680B8F1000F23D123
S21401F840544A546AC2F82480CFB147F480572946F7
S21401F850204614F045FEE76084F8728001AA40F263
S21401F86001212046CDE9014719F060FCA36843F465
S21401F8708063A36041462046FFF75CF889E7294686
S21401F8802046FFF787FE84E7408C4FF6FF739842C9
S21401F8900BD000F097F840B1FDF792F82B460246E0
S21401F8A0FF210020FFF7F4FE73E73B4B223455F8A7
S21401F8B0042B43F8042BA542F9D12A881A8068E75D
S21401F8C0B0F80300FEF7EAFF00283FF462AFB4F891
S21401F8D0053090F87020A0F86C308DF80420ADF853
S21401F8E00630227AE37943EA0223ADF80830A27A99
S21401F8F0637A43EA0223ADF80A30227BE37A43EACD
S21401F9000223ADF80C3001AA40F20911234819F080
S21401F9100DFC3EE78088FEF7C1FF00283FF439AFB3
S21401F920A179FFF7B9F834E78088FEF7B7FF00281A
S21401F9303FF42FAF90F870308DF80430D4F80630CD
S21401F940CDF80530D4F80A30CDF8093001AA0E21D9
S21401F950DCE78088FEF7A2FF00283FF41AAF90F894
S21401F96070308DF80430E3788DF80530A3798DF882
S21401F9700630E3798DF80730237A8DF80830637AFC
S21401F9808DF80930A37A8DF80A3001AA4FF4037175
S21401F990BCE700BFCC1A0020FA1A0020441B002046
S21401F9A050B1074B1B68C31A807A0C22B3FBF2F3E3
S21401F9B040EA032080B270474FF6FF70704700BFE1
S21401F9C0B40B002009490B7A09680246FF2B01D1C6
S21401F9D00020704703EB430301EB830031F823302B
S21401F9E0C3F30B039342F4D0C37AEFE7B40B0020C2
S21401F9F008B5054B054A1978054819F0ACFF054BC3
S21401FA00F7221A8008BD00BF2B2400204EA9030050
S21401FA10BD230020960E002010B5044670B3006882
S21401FA20836CA34222D1636883641549224619F088
S21401FA3045FB04F10C0019F065FB04F1440019F0D4
S21401FA4040FCFFF759F858B1A06948B1143019F0D5
S21401FA5038FCA069183019F034FCA0690DF0E2FA00
S21401FA602046BDE810400DF0DDBA1346002BDCD071
S21401FA705A68A242F9D162685A60D6E710BD00BF43
S21401FA80CF460300F8B5054648200E4619F068FF34
S21401FA902A4F0446387818B14822214619F05EFFED
S21401FAA08CB1FFF729F898B11C2019F059FF0146CF
S21401FAB0A061387810B11C2219F050FFA3692BB948
S21401FAC020460DF0AFFA00242046F8BD00221A7039
S21401FAD00321284614F051FAAB6C6360AC6417231B
S21401FAE026810026638116492560224626776664AC
S21401FAF028460CF07BFF03F0FFF93246014604F17D
S21401FB000C000CF073FF02232374FEF7F5FF18B9FF
S21401FB100C4B1B78002BD7D00B4B19881729D3D940
S21401FB20204614F0B9FA0028CED11221204614F04E
S21401FB3093FD636943F002036361C5E7BD230020BB
S21401FB40CF460300BC230020960E0020F8B50546DC
S21401FB5010B3002920DB114C2468247E8C421BDD67
S21401FB603F2919DC01F0030600EBA101760091F8AC
S21401FB7031400327B74002F0030224EA0704B240EB
S21401FB80224381F8312013B1002114F01FFE2846CC
S21401FB90BDE8F84014F077BEF8BD00BFB81B0020E2
S21401FBA070B5164600221A7032800A7A0D46072A68
S21401FBB04DD8DFE802F004090D111A1E304AE86834
S21401FBC030F8023B338043E0EB68981D5B88F9E729
S21401FBD0EB68981D9B88F5E7697B1E4B14F043FE86
S21401FBE0022218803280184632E002231A483380F7
S21401FBF02EE01A4C2B7B23702B88E8890133637027
S21401FC002B8801331B12E11CA37000F0A1F903300D
S21401FC10308020461CE0124CA889EB89A370020AAA
S21401FC201B0A20706270E37000F006FA58B1C368D0
S21401FC301A88022A07D19A782271DB786371062323
S21401FC400748338004E00423FAE780221A70002074
S21401FC5070BD00BFD72300205EA90300C423002087
S21401FC60BE230020054A064B1860136843F00103C3
S21401FC701360044B828B1A80704700BFB01B0020B4
S21401FC80B81B0020D62000202DE9F04F504E3768D3
S21401FC908FB0002317F00807CDE90433CDE906330A
S21401FCA005460DD04B4B014603F1100253F8040BE9
S21401FCB041F8040B9342F9D100200FB0BDE8F08F54
S21401FCC010200CF09DFF044600287ED00FF07DFD2D
S21401FCD00220F5F78DFA01462046F5F7B1FA00281D
S21401FCE06DD1802204A92046F2F790FD002866D146
S21401FCF0B946394B1B68D988BAB2914219D82946F8
S21401FD002046F2F7D9FD2046F5F77EFA2146102067
S21401FD100CF098FF2F4B294605F1100251F8040B01
S21401FD2043F8040B9142F9D1336843F0080333607A
S21401FD30C2E71A68ADF80E901FFA87FB4FEA0B1858
S21401FD4002EB0B1B5846019215F085F98246584680
S21401FD5000F046F920B3AAF520539BB2032B019A73
S21401FD6002D9BAF5245F1DD132F80830ADF820303B
S21401FD700DF10E0259460DF10D030020ADF822A03B
S21401FD80FFF70EFFBDF80E20014609A818F03BFC50
S21401FD90BDF80E2008A904322046F2F77BFD70B9A3
S21401FDA00137A6E70AF55643FF339BB2042BF7D873
S21401FDB032F80830ADF82030ADF822A0E8E7014669
S21401FDC040F2074000F014FE9DE71A2075E700BFD9
S21401FDD0B01B0020D9230020B81B0020144B1B6841
S21401FDE013F0040370B5014606D0124B1C68E38974
S21401FDF0002290B2834209D80F4A1468E58900228E
S21401FE0090B285420AD84FF6FF7006E0A56835F82D
S21401FE1012508D4202F10102EBD170BDA66836F890
S21401FE2012608E4202F10102EAD1034498B2F4E76D
S21401FE30B01B0020B41B0020B81B0020094B1B6818
S21401FE405B070AD5084B1A68D389834203D993689E
S21401FE5033F810007047C01A80B2044B1B689B68C9
S21401FE60F6E700BFB01B0020B41B0020B81B002023
S21401FE7038B50468094905460C22204618F08EFB61
S21401FE8050B90749022204F10E0018F087FB18B991
S21401FE900C342C60022038BD1020FCE761A9030059
S21401FEA06FA903002DE9F743102801910BD0022812
S21401FEB004D04FF6FF7003B0BDE8F083019B1888AD
S21401FEC0FFF78CFFF7E701A8FFF7D2FF0228F5D06E
S21401FED01028EED11B4B019F1E6816F0040608D0B1
S21401FEE0194BD3F80080B8F816600024A5B2AE42CC
S21401FEF01AD8164BD3F80080B8F816900025ACB285
S21401FF004C45D6D2D8F81000102200EB0510394621
S21401FF1018F044FB01350028F1D1A0196FEA4040E2
S21401FF206FEA504080B2C6E7D8F81000102200EB06
S21401FF300410394618F032FB01340028D6D145F4B6
S21401FF400040B8E7B01B0020B41B0020B81B0020FF
S21401FF50020408B51DD5124B1B685B07C0F30E00E3
S21401FF6013D5104B1A68D38A98420CD2136903EB47
S21401FF70001000F1100350F8042B41F8042B9842AE
S21401FF80F9D1102008BDC01A80B2074B1B681B6947
S21401FF90EDE7FFF753FF0870000A48700220F1E70B
S21401FFA0B01B0020B41B0020B81B00200B4B1B68A5
S21401FFB070B51D68044642F60306A5420AD22046DD
S21401FFC029B915F048F8B04206D1103402E015F010
S21401FFD04CF808B1204670BD103CEEE7B81B002077
S21401FFE0437ADA0702D5C3F380007047034BC28811
S21401FFF01B881A4214BF012000207047D62000201B
S2140200000A4B1B68DB0708D570B1094B1B68DB88F7
S214020010834234BF00200120704728B1054B1B885D
S214020020834294BF00200120704700BFB01B00200F
S214020030B81B0020D820002070B50246FFF7E0FF6C
S214020040E8B10F4B1968CD88954209D302F180506A
S21402005001380B68040103EB00101B5B93420ED0C1
S214020060002398B2854201D8002008E00E681C01E1
S21402007006EB0310345B944203F10103F1D170BD29
S214020080B81B00202DE9F3410025184F01900E46BB
S214020090A8463A68D188ABB299421DD91468ABB269
S2140200A004EB0314B4F90430002B1CDA2046FFF7E5
S2140200B097FFC0B1E1680B889E4214D13246019880
S2140200C0023119F0C1FBE3681B8882B2934207D063
S2140200D0114601A819F01CFA404602B0BDE8F081AC
S2140200E043441FFA83F80135D3E700BFB81B00204C
S2140200F037B58B7901910C33CD180A46C95C11F0DD
S2140201000103044629D01D290AD101211E2013F01D
S21402011065FF0146204613F0B9FF012003B030BD4B
S214020120032916D10E4BB5F801201B88418993424C
S21402013028BF1346172BB8BF1723438114F061FA62
S214020140636923F00203636140F20941204614F01A
S21402015080FA01A819F0B5F8DFE71846DEE700BF17
S214020160960E002038B5124B42891B888B4228BF58
S2140201700B46172B0446B8BF17234381114614F0CB
S21402018040FA636923F002036361A3699D693DB186
S21402019000229A6129462046BDE83840FEF78EBC0A
S2140201A040F20941204614F054FAA3691D7038BD86
S2140201B0960E00200148FEF799BC00BF012F0200F0
S2140201C008B5002142F20E0013F074FCBDE80840A8
S2140201D00148F7F7FFBA00BF4F1A030038B590F888
S2140201E07230032B0446154606D1FFF7E9FF0123BA
S2140201F084F87230002019E0C9B9012B2DD90321E9
S21402020040F2064013F056FCB4F86E30A0F8033005
S21402021045711348F7F7DEFA13F090FC8378002B4B
S214020220E5D013F08BFC807840F4805038BDA3B143
S21402023002214FF6044013F03DFCB4F86E30A0F8ED
S21402024003300848F7F7C6FA13F078FC4379002B18
S214020250CDD013F073FC4079E6E70220E6E700BF54
S2140202606319030099190300F8B507460E4642F2D1
S21402027013000E2115461C4613F01CFCB7F86E3010
S214020280A0F80330BDF81830A0F80B30BDF81C30CB
S214020290A0F80D30BDF82030A0F80F30A0F80560A9
S2140202A0A0F80750A0F809400648F7F793FA13F0AB
S2140202B045FC807820B113F041FC807840F48050F1
S2140202C0F8BD00BFDB190300F8B50D4607461C2132
S2140202D042F219001C46164613F0ECFBB7F86E30D5
S2140202E0A0F803302B68C0F805306B68C0F80930F8
S2140202F0A0F80D6023460F3004F1100253F8041BD9
S21402030040F8041B9342F9D10648F7F763FA13F054
S21402031015FC807820B113F011FC807840F48050F0
S214020320F8BD00BF8B18030070B506460D4642F2B4
S2140203307A000421144613F0BDFBA0F80360457151
S21402034084710648F7F746FA13F0F8FB407920B1B5
S21402035013F0F4FB407940F4805070BDDD1D0300BD
S21402036010B50221044642F2300013F0A3FBB4F8A3
S2140203706E30A0F803300F48F7F72CFA13F0DEFBC6
S214020380437963B913F0DAFBC088FEF787FA0446AE
S21402039028B113F0D3FB017A2046FEF77DFB13F05B
S2140203A0CDFB407920B113F0C9FB407940F4805070
S2140203B010BD00BF857B0100F8B507460E4642F227
S2140203C04100082115461C4613F074FB9DF81830B0
S2140203D0C3709DF81C30037147718671A0F80750F0
S2140203E0A0F809400648F7F7F5F913F0A7FB40799D
S2140203F020B113F0A3FB407940F48050F8BD00BF53
S2140204003578010038B505460C4642F24200062110
S21402041013F050FB002343718371C3710372C570DE
S21402042004710648F7F7D6F913F088FB407920B135
S21402043013F084FB407940F4805038BD8D7801007B
S2140204402DE9F04106460F4642F2360019211546BE
S2140204501C46DDF8248013F02DFB2B0AC371230AF9
S21402046083729DF8183003739DF81C3085714472B0
S21402047043732D0C9DF82030C670240C87800572BD
S214020480C4728373D8F80030C0F80F30B8F804305E
S214020490A0F813309DF8283043759DF92C308375EB
S2140204A09DF83030C375002303769DF834304376CA
S2140204B09DF83830C37686760648F7F78BF913F040
S2140204C03DFB407920B113F039FB407940F480506F
S2140204D0BDE8F0812D79010038B505460C464FF689
S2140204E01940052113F0E6FAC57044600648F7F78E
S2140204F071F913F023FB407920B113F01FFB40790A
S21402050040F4805038BD00BF3716030038B50546A4
S2140205100C464FF61A40052113F0CCFAC57044601B
S2140205200648F7F757F913F009FB407920B113F0A4
S21402053005FB407940F4805038BD00BF67160300C3
S21402054070B50D4606460121DAB1FFF7C5FF04462F
S214020550A8B9072142F2350013F0ACFAC6702B6830
S2140205604360AB8803810848F7F734F913F0E6FADC
S214020570437923B113F0E2FA447944F480542046D6
S21402058070BDFFF7C3FFE2E7F717030010B50A4690
S2140205900446042142F2370013F0A1FA0323037142
S2140205A0002343718371C4700648F7F713F913F0FA
S2140205B0C5FA407920B113F0C1FA407940F4805070
S2140205C010BD00BFEB16030010B50A460446042110
S2140205D042F2380013F083FA0323037100234371B7
S2140205E08371C4700648F7F7F5F813F0A7FA407956
S2140205F020B113F0A3FA407940F4805010BD00BF3A
S21402060037170300F8B506460F4642F239000621B0
S21402061014461D4613F04EFA01238471240A037110
S214020620C7704671C47105720648F7F7D3F813F01F
S21402063085FA407920B113F081FA407940F480506F
S214020640F8BD00BF831703000148FCF717BF00BFC1
S214020650550602002DE9F04F867987B00C360590D4
S2140206600546805BC0F30B00FEF718F9044618B97E
S21402067005A818F026FE4EE090F87230022BF7D14D
S214020680AB5B059AC3F30B0103F44053B3F5805FEB
S2140206909060A95342D153796FF300035371836B71
S2140206A0002BE5D0042105A804F1380618F009FF4E
S2140206B00599304618F0ECFEA06B002301465A1C42
S2140206C0A9BBDBB2012B01D918F053FFA06B18F0BF
S2140206D07DFE03281FD9D4F8389099F8067048464C
S2140206E018F074FE0C3709EB070539F80770A0F10D
S2140206F00408474522D9524FD4F838A007F110090A
S21402070057F804BB5346424629462046D8474F452B
S21402071010D00028F4D007B0BDE8F08F383018F0BB
S214020720D0FD059A537943F001035371BAE709687D
S2140207301346C4E70028EED130469AE7A06B18F0BD
S21402074045FE04378742F7D36988A1F140033F2B61
S2140207500BD80421304618F0B4FEA26B69882046F6
S21402076015F07EFA0023A363D5E705290BD00629E8
S21402077061D00429E0D1304618F0A3FEA16BA06C2C
S214020780FEF7C2F9EEE72946204615F067FA02465A
S2140207900028D1D12B79122B06D0132B36D06979AB
S2140207A0204615F033FAC7E794F87330022BF6D0DA
S2140207B029898B1F9BB240F67A40834224D86A89E5
S2140207C0931F9BB283421FD891421DD8AB89B3F5C3
S2140207D0FA7F19D2EF89A7F10A0080B240F6764C6A
S2140207E0604511D8B4F86A000290B4F86800CDE902
S2140207F000702046FFF738FD021E18BF01226979F5
S214020800204615F0BFF997E70122F8E794F873300F
S214020810012B03D16979204615F0F8F9A3681A046A
S2140208208AD523F40043A3602B89012B84D120466A
S214020830FEF764FF80E7A16B204615F091FA91E778
S21402084074A903000C4B1A7801469AB95B689B0799
S21402085010D490F97520013218BF012291F8523057
S21402086013F0400005D091F8600010F0400018BF69
S214020870D0B270470122F1E7BC1B0020024B586839
S21402088000F00200704700BFBC1B0020024B5868F5
S21402089000F00800704700BFBC1B0020014B1B681D
S2140208A0184700BFC00B002008B512F013FC022840
S2140208B01BBF034B5868002000F0100008BD00BFA5
S2140208C0BC1B002007B502460846042802F00101B8
S2140208D013D9B1B903200C4B5A6002F0800301937E
S2140208E002F04003009302F0200302F0040200F03C
S2140208F0C1F9002003B05DF804FB0029EBD0032801
S214020900E9D12120F6E700BFBC1B002038B50D490F
S2140209100D480CF0B5FB0446054688B90B4B0C4A4D
S2140209201A600C4A5A600C4A9A600C4ADA6000F066
S214020930F3F9032104462846FFF7C4FF084B1D704F
S214020940204638BDEFBEADDEBEBAFECAC00B0020E2
S214020950690C020035620300B50C0200C9210200D0
S214020960BC1B002038B5044603200CF03DFB0546B0
S214020970D0B194F87030037094F875304370204606
S214020980FEF756F82A46A87040F20261074818F0A9
S21402099089FB074B2046DB680121984794F97500CE
S2140209A0BDE83840FBF780BD38BD00BF441B0020C1
S2140209B0C00B002070B5054608200E460CF014FB4E
S2140209C0044680B195F870300370074B46600021EC
S2140209D02846DB68984722460448BDE8704040F245
S2140209E0016118F05FBB70BDC00B0020441B0020E5
S2140209F038B5054608200C460CF0F6FA024638B121
S214020A00C0E900540D21BDE83840024818F04ABB40
S214020A1038BD00BF441B002038B5054608200C46EA
S214020A200CF0E2FA024650B195F87030037044605A
S214020A3040F20561BDE83840014818F033BB38BDC6
S214020A40441B002013B504460191114612B301A9B6
S214020A5004200CF06BFB019B104AB3FBF2F102FB85
S214020A601133019345F2180201AB0021204615F01E
S214020A7044FB08200CF0B8FA024648B194F87030ED
S214020A800370019B436040F20461054818F00AFBBC
S214020A9002B010BD01AB45F21802E8E740420F0073
S214020AA0441B002010B5044601200CF09DFA0246B5
S214020AB048B194F870300370BDE81040024840F226
S214020AC0036118F0EFBA10BD441B002038B5054686
S214020AD008200C460CF088FA024650B195F87030A1
S214020AE00370446040F20761BDE83840014818F0E0
S214020AF0D9BA38BD441B0020014B5B68184700BFBB
S214020B00C00B002010B50F4C2068D0B1002303772D
S214020B1080F83D3080F85E3020219F3018F0E4FEE9
S214020B20206860215F3018F0DFFE206821211D302A
S214020B3018F0DAFE20682121BDE810403E3018F099
S214020B40D3BE10BDC41B0020F0B50D468FB00646BE
S214020B50144632492022284617F020FD70B9304943
S214020B602022204617F01AFD40B92E4B1B681B7D2B
S214020B70002B51D040F203400FB0F0BD366C20225D
S214020B8006F15101284617F009FD38B9202206F170
S214020B907101204617F002FD0028EBD068460FF0E0
S214020BA0F9F806AA2B4605F1200715461868596873
S214020BB0164603C60833BB423246F7D120212846E2
S214020BC018F084FE2022294668460EF018F92246BE
S214020BD002F120062C4610685168234603C30832E9
S214020BE0B2421C46F7D12021284618F06FFE20227A
S214020BF0294602A80EF003F9012104A80EF0CFF848
S214020C00084B18686946C030F4F7CEFB04466846BF
S214020C100FF0EFF8002CADD10020ADE7B8AA030024
S214020C2098AA0300C41B002000F0C003402B07D183
S214020C30094B1B6873B100F03F0053F82000704761
S214020C40802B01D1054BF4E7054A0648C02B08BFA6
S214020C501046704703487047CC1B0020C81B002074
S214020C60A5640300E90E0200014B1B68187A704760
S214020C70C41B002010B50E4C0039246818BF012191
S214020C80003B18BF0123A3749DF808302070003A79
S214020C9018BF0122003B18BF0123E3749DF80C30F5
S214020CA02174003B18BF01236274237510BD00BF78
S214020CB0C41B002001280AD002280ED098B90B4B7C
S214020CC01A68936943F00103936100207047074B4B
S214020CD01A68936943F00203F6E7044B1A689369AD
S214020CE043F00403F0E72120704700BFC41B002036
S214020CF0024B034A1A600020704700BFCC1B00203C
S214020D0054AA0300024B034A1A600020704700BF31
S214020D10C81B00202CAA030070B51F4D286838B9DE
S214020D204FF4907018F01CFE286058B91A2431E06F
S214020D30C0300FF062F8FFF7E5FE28684FF49071B6
S214020D4018F0D2FD2B6815484FF0FF310022D9600B
S214020D500326102119721E7011491A7783F83D2056
S214020D6083F85E201A829A749A610BF03FFE04465C
S214020D7080B92868C0300FF01BF828683146C030AA
S214020D80F4F7DAFD30B122460549044818F096F920
S214020D9040F20744204670BDC41B0020D01B002032
S214020DA06B6003002DE9F043DFF838911F46D9F84F
S214020DB0003015461A7F022A8BB080460E461DD199
S214020DC003F15F0403F17F0254F8041B46F8041B88
S214020DD09442F9D103F19F0254F8041B45F8041B10
S214020DE09442F9D1BF3354F8042B47F8042B9C42A3
S214020DF0F9D1B8F1000F66D1002442E09C6914F0E4
S214020E0001041BD0334B03F1200253F8041B46F8AF
S214020E10041B9342F9D1304B03F1200253F8041B12
S214020E2045F8041B9342F9D12C4B03F1200253F8E8
S214020E30041B47F8041B9342F9D1DAE704A80EF024
S214020E40A9FF02A80DF024FFD9F80000244B009455
S214020E5004AA02A9C0300EF0EBFE0446A8B104A80C
S214020E600EF0C7FF02A80DF018FFB8F1000F03D06E
S214020E700821404615F0F4FA214640F20740FFF7F3
S214020E80B7FD20460BB0BDE8F0833146202204A809
S214020E900DF0CBFF2946202206A80DF0C6FF202221
S214020EA0394602A80DF0C1FF04A80EF0A2FF02A860
S214020EB00DF0F3FE3046202118F008FD20212846CA
S214020EC018F004FD95E7002245F21601404615F09B
S214020ED004F991E784A90300A5A90300C6A90300A3
S214020EE0BF5E0300C41B002045F20603994210B5FC
S214020EF004463CD00DD840F2032399421AD045F25C
S214020F000203994211D040F20123994212D048209E
S214020F102CE045F2170399423AD045F21A03994259
S214020F201CD045F20C039942F1D10521204615F05A
S214020F3097FA1AE0174894F8701018F094F894F894
S214020F407330012B14BF80204020FFF76DFE4FF454
S214020F50A0410346002220469847D8E7C02115F054
S214020F60A1F807212046FFF725FD002010BD937942
S214020F701A44517C41F49051FFF71CFD94F87330EB
S214020F80012B14BF80214021204615F08BF8ECE798
S214020F900220EBE7D01B0020B1F5A04F2DE9FF4160
S214020FA00446154600F0E980A1F5A043DE1F042E94
S214020FB000F2EA809279066C0C32083B96F86C7165
S214020FC01544032B03D8DFE803F0307987D5F907F9
S214020FD02ED56F1D6F481022394617F0DFFA00280B
S214020FE065D096F97A013B461022032112F074F876
S214020FF0064612F06FF8022811D194F87330012BCE
S2140210000DD13B4604F11802153553F8041B42F87D
S214021010041BAB42F9D1A36843F48073A36010218A
S214021020384618F061FC002737E017F001070ED1AA
S2140210300027226C92F86C3123EA070382F86C319F
S214021040204615F0CBFA002004B0BDE8F08112F07D
S21402105041F802280DD0206C6B4690F97A011022D6
S214021060032112F067F80028E2D01021684618F033
S2140210703BFC206C05F10508434690F97A010A22EA
S214021080022112F029F8D5F80530A362D5F8093006
S214021090E362B5F80D3023860646002EC9D000213D
S2140210A03046FFF7A5FC0821204615F0D9F9204660
S2140210B0082115F0D5F940F20340C5E7BA07B7D5BF
S2140210C0053596F97A0106212B46102212F004F80D
S2140210D0102106462846A4E7BB07A9D511F0FAFF59
S2140210E002280DD0206C6B4690F97A011022062158
S2140210F012F020F800289BD01021684618F0F4FB66
S214021100697989B96B1D0A4613F8010F60B9013275
S214021110062AF9D194F85210206C81F0080104F1E5
S2140211204C03C1F3C00107E00039206C05F1060349
S2140211304FF0060218BF012190F97A0111F0CCFF98
S214021140226CD2F8743143F04003C2F874316B89D2
S214021150ADF804306B790646002BD5F806000090F1
S2140211600CBF4923722368468DF80630022712F018
S21402117054FD92E707F004075BE714F0C1FE236C08
S214021180002283F878215BE704B0BDE8F041FFF760
S214021190ABBE00BF88AA0300F0B5B1F5A04F8DB074
S2140211A0054608D045F21304A14244D00DB0BDE86E
S2140211B0F040FFF799BE046C0023CDE90833CDE971
S2140211C00A3394F87931042B0DF1200C2CD11F4BE5
S2140211D01B6893F85E205AB103F13E0267464E330F
S2140211E0106851683E4603C608329A423746F7D11F
S2140211F004F22113069305F15303059305F15A03EE
S21402120004932379039363790293A37904F1E102A9
S214021210CDE900C304F2111104F1D103284615F0FA
S21402122032FC00200DB0F0BD013B022B9CBFD4F86F
S21402123048310893DCE7016C01F2211114F07CFEC0
S2140212404A21284614F02EFFEBE700BFC41B0020FD
S214021250F0B545F20E06B1428DB0044613460BD0E9
S21402126045F21303994260D0B1F5A04F76D114F03F
S21402127047FE00200DB0F0BD9979026C0C310B448C
S214021280591D02F23112153351F8040B42F8040BC1
S2140212909942F9D1256C102205F2311105F221107E
S2140212A017F07CF920B90B21204615F0D9F8E0E7B3
S2140212B00023CDE90833CDE90A3395F87931042BBA
S2140212C00DF1200C2AD1284B1B6893F83D205AB109
S2140212D003F11D0267462D33106851683E4603C669
S2140212E008329A423746F7D105F5AE73069304F1F3
S2140212F05A03059304F153030493EB7A03932B7B6F
S21402130002936B7B05F1D102CDE900C305F2111100
S21402131005F1E103204615F0B6FBAAE7013B022BD6
S2140213209CBFD5F848310893DEE7056C102205F518
S214021330AE7105F2311017F031F90028B3D1D5F8A5
S21402134074319B0742BF94F8743043F0020384F86A
S21402135074304B21204614F0A5FE8AE70DB0BDE896
S214021360F040FFF7C1BD00BFC41B002073B545F2B5
S2140213701406B14204461AD045F21906B14221D0EB
S214021380B1F5A04F28D114F0BBFD216C01F5A27374
S214021390019301F1D103009301F1110201F1E1037E
S2140213A02046513115F010FC002002B070BD036CCF
S2140213B0D3F844210B4BB2FBF3F103FB1121FFF7E9
S2140213C02BFBF1E713781BB90C2115F049F8EBE774
S2140213D0492114F067FEE7E702B0BDE87040FFF768
S2140213E083BD00BF40420F002DE9F04F97B01C4668
S2140213F0DDE92098544B229F154604AA06468C46E1
S21402140003F1100B9246186859689646AEE8030038
S21402141008335B457246F6D16B462022614650463B
S21402142014F055FD8346002871D1484B0893652376
S2140214308DF824300DF1250305F11002184655F8F3
S214021440041B43F8041B9542F9D1102118F03EFA0A
S2140214500DF1350304F11002184654F8041B43F844
S214021460041B9442F9D1102118F030FA99F806308C
S21402147083F00803C3F3C0038DF84530D9F8003073
S214021480CDF846300621B9F80430ADF84A300DF1F1
S214021490460018F01BFA98F8063083F00803C3F3E8
S2140214A0C0038DF84C30D8F80030CDF84D30062108
S2140214B0B8F80430ADF851300DF14D0018F006FAC8
S2140214C000238DF854300124239B8DF85340352297
S2140214D008A9684614F0FBFC8346C0B9239810217D
S2140214E018F0F4F93B46352208A968468DF82040E4
S2140214F014F0EDFC834650B9B27C0146C2F11002EC
S214021500384617F075F81021384618F0DFF9102122
S214021510684618F0E9F9352108A818F0E5F910210F
S214021520504618F0E1F9BBF1000F06D0082130460C
S21402153014F096FF17B0BDE8F08F5A4645F2120136
S214021540304614F0CAFDF5E7E7A903000062746CA2
S2140215502DE9F04194B0074606A80C469846154673
S2140215600EF018FC02A80DF093FB0CAB04F1200C55
S2140215701E46206861681A4603C20834644513464C
S214021580F7D12021304618F0A1F92022314606A8CC
S2140215900DF035FC2A4633462035106851681C4645
S2140215A003C40832AA422346F7D12021304618F057
S2140215B08DF920220DEB020031460DF020FC202191
S2140215C0304618F091F901210AA80DF0E8FB202216
S2140215D0414602A80DF013FC04A80DF059FB0021A9
S2140215E004A80DF0DCFB1C4B1868002301931B4B70
S2140215F0009306AA02AB04A9C030F3F741FE0446E4
S214021600A0B104A80DF049FB06A80EF0F2FB02A852
S2140216100DF043FB214640F20740FFF7E9F90821A7
S214021620384614F01DFF14B0BDE8F0811A99202246
S21402163004A80DF0FAFB04A80DF02FFB06A80EF086
S214021640D8FB02A80DF029FB224645F215013846C2
S21402165014F043FDE7E700BFC41B0020BF5E030093
S21402166045F20D039942F7B5044627D00DD8B1F5D9
S214021670A04F1DD045F20403994200F08F80204609
S21402168003B0BDE8F040FFF72FBC45F211039942C4
S21402169000F0A68045F215039942F0D1006C90F84E
S2140216A07931052B06D8DFE803F0503A423A555016
S2140216B014F026FC0027384603B0F0BD93790C33AD
S2140216C01A44561D02F125052A463146FFF73CFA12
S2140216D0074620B10B21204614F0C2FEEBE7236C2E
S2140216E03146113351F8042B43F8042BA942F9D1A1
S2140216F0236C01F12002313351F8040B43F8040B3A
S2140217009142F9D1216C01F1F103009301F131020A
S21402171001F1910320461131FFF71AFFCAE720466E
S214021720452114F0BFFC2046FFF7BCF9C2E720466D
S214021730452114F0B7FC364B1B68D9684B1C5A423D
S2140217405A412046FFF77EF9B4E74621204614F0B8
S214021750A9FCAFE72E4B1B6893F85E5065B100F10B
S2140217601102002100F5AE70019000913E33114641
S214021770204614F0C3FE9DE71021E13014F0C8FCA9
S21402178000283DD00821204614F06AFE294640F281
S2140217900740FFF72DF940F207478CE79179036C73
S2140217A00C310A44511DC133153251F8040B43F86B
S2140217B0040B9142F9D1256C102205F1C10105F105
S2140217C0B10016F0EBFE20B90421204614F048FEC4
S2140217D070E7D5F8743143F00103C5F8743169E750
S2140217E00B4B056C196810224E3105F5AE7016F0DB
S2140217F0D5FE0028E8D1102105F1E10014F088FC9E
S214021800216C2046E13114F0B3FB47219EE700BF6E
S214021810C41B0020F8B545F216039942044600F0B0
S21402182062810BD8B1F5A04F0ED045F20303994260
S2140218300ED02046BDE8F840FFF756BB45F2170328
S2140218409942F6D1022002E014F05AFB0020F8BDBD
S2140218509379056C0C33D618F379DF0708D4FFF7B3
S2140218600DF828B10521204614F0FAFD2120EEE7F6
S2140218709F4F327A3B681B7A9A4201D20621F2E7E0
S214021880D6F80530C5F80B30B6F80930A5F80F3093
S2140218900223AB7294F9523094F85210002BA6BF72
S2140218A081F00803C3F3C0030123AB7094F86030E1
S2140218B083F00803C3F3C0036B70337A102B28BF80
S2140218C01023A374F379D8072BD5AB79DA0728D57A
S2140218D0737A2A7A134085F86D31B37A6A7A13409E
S2140218E085F86C3195F97A3101331ED0206C90F868
S2140218F06C319B0719D481F0080190F97A0104F142
S2140219004C030622C1F3C00111F0E6FB68B140F2B7
S2140219101B412046FFF74EF8A3685907A6D50821B3
S214021920A1E7002385F86D31DAE73B68F079597C48
S21402193000F0080229B112B1AA79120703D40321D2
S21402194091E7002A79D0AA79110776D5D5F87411CD
S21402195041F00401C5F87411B5F86C1121F48071D8
S21402196021F00101A5F86C1193F81CC0B179BCF105
S214021970020F02D019B3022175E789B1012283F85A
S2140219803D20DA7CB2B9042285F87921A27C0F2A9E
S21402199027D994F8742042F0080284F8742020E0D4
S2140219A093F85E20002AE6D0DA7C83F83D10002AFF
S2140219B0E1D1E8E793F85E20002AE4D1DBE70243B0
S2140219C012F004023FD072794A491878052A28BFD5
S2140219D0032202EB82020A44125C85F87921002A6D
S2140219E0D4D1197C95F8792109B1002AA7D0206CA8
S2140219F0042A00F5A6703AD103F11D022D3352F8DF
S214021A00041B40F8041B9A42F9D1D5F8743195F8B4
S214021A10792103F004017ABB23F00203C5F874317E
S214021A20E27400295AD0216C204601F1910301F19B
S214021A3071025131FFF7B6F908E71A7F012A05D17C
S214021A40B2791AB1042285F87921CAE7420703D48B
S214021A50AA7912F00402F6D0727927491878052A74
S214021A6028BF032202EB82020A44125CEBE7102232
S214021A70002116F0BDFDC8E743F00203C5F8743135
S214021A8049B90123013AE374032A3FF6DFAEDFE8E1
S214021A9002F010181025A37C0F2B85BF94F8743023
S214021AA043F00803012384F8743088BF0223E374EA
S214021AB0B9E72046452114F0F5FA2046FEF7F2FF74
S214021AC0C4E62046452114F0EDFA3B68D9684B1C63
S214021AD05A425A412046FEF7B5FFB7E64321204652
S214021AE014F0E0FAB2E614F07BFA4221F7E700BF00
S214021AF0C41B0020F8A9030011AA0300F8B5044687
S214021B00FEF7A0FE266C054628B394F975305F1CD6
S214021B100BD086F87A31FEF7B1FE0721012014F0C9
S214021B20FFF9024618BB1A2111E02046FAF776FDA5
S214021B3086F87A01236C93F97A310133EBD1FEF7FA
S214021B409DFE90B1A3685D0709D441F205212046A7
S214021B50FEF730FF07E0FF2386F87A31EFE705212C
S214021B60204614F07DFC0020F8BD0025D5E78679D6
S214021B7031490C360968831991F800C083F801C010
S214021B8091F81CE0281E18BF0120BEF1010F0DD1EE
S214021B9083F802E0D870487C00B3D87800071DD4DA
S214021BA0A3685B07DBD441F20321D0E78F69BEF15D
S214021BB0020F07F002070ED191F85EE0BEF1000FA9
S214021BC009D04FF0010E83F802E0D870002FE2D160
S214021BD040F00800DEE74FF0000EF4E7BCF1030F1A
S214021BE007D0096911F0FF1F1EBFD97841F0040122
S214021BF0D97094F874108F0708D5D978480705D499
S214021C00BCF1030FCFD041F00401D970002D18BFEC
S214021C100325102119715D719D71216C9059C1F8CF
S214021C2003009888A1F807009B794B72204606218C
S214021C3013F0CCFF012097E7C41B0020F0B545F255
S214021C400E06B1428DB0044615460ED045F2130676
S214021C50B1425CD0B1F5A04F40F0BD8014F050F90F
S214021C60236CD3F87431190757D5236CD3F8742133
S214021C7012070CD4AA790C3215446A1D03F22113FA
S214021C80153552F8041B43F8041BAA42F9D1256CF9
S214021C900023CDE90833CDE90A3385F8783195F883
S214021CA07931042B0DF1200C2AD14D4B1B6893F889
S214021CB03D205AB103F11D0267462D331068516864
S214021CC03E4603C608329A423746F7D105F5AE734A
S214021CD0069304F15A03059304F1530304932B79F4
S214021CE003936B790293AB7905F1E102CDE900C368
S214021CF005F1D10305F21111204614F0C4FE0CE0E2
S214021D00013B022B9CBFD5F848310893DEE7056CF1
S214021D1095F8783123B1012B54D000200DB0F0BDD8
S214021D20102205F5AE7105F2211016F037FC20B12F
S214021D300B21204614F094FBEFE7D5F874319B078D
S214021D4042BF94F8743043F0020384F874300123DF
S214021D5085F878310023CDE90833CDE90A3395F8C2
S214021D607931042B0DF1200C25D11D4B1B6893F8FD
S214021D705E205AB103F13E0267464E331068516840
S214021D803E4603C608329A423746F7D105F2311369
S214021D90069304F15303059304F15A030493EB7A72
S214021DA003932B7B02936B7B05F1D102CDE900C333
S214021DB005F1E1039EE7013B022B9CBFD5F84831B3
S214021DC00893E3E705F2311114F0B6F888212046AD
S214021DD014F068F9A1E70DB0BDE8F040FFF784B84B
S214021DE0C41B002045F21403994213B504462BD0B7
S214021DF00CD8B1F5A04F13D045F20E03994232D05B
S214021E00204602B0BDE81040FFF76EB845F219034F
S214021E109942F5D1137813BB0C2114F021FB10E084
S214021E2014F06EF8216C01F5A273019301F1D1034F
S214021E30009301F1510201F1E1032046113114F041
S214021E40C3FE002002B010BD036CD3F84421114B30
S214021E50B2FBF3F103FB1121FEF7DEFDF1E787216A
S214021E6014F020F9EDE79179036C0C310A44511D08
S214021E7003F22113153251F8040B43F8040B914276
S214021E80F9D1226CD2F8743143F00803C2F87431E7
S214021E90D7E700BF40420F0030B545F21003994223
S214021EA085B0044600F0A6800CD8B1F5A04F27D026
S214021EB045F20503994228D0204605B0BDE83040D9
S214021EC0FFF712B845F21103994200F0B08045F2CE
S214021ED012039942F0D1016C91F8793113B1043BA7
S214021EE0012B03D8D131204614F042F8236C93F824
S214021EF07931042B40F2DF80052B03D1862192E054
S214021F0013F0FEFF002005B030BD9179036C0C3152
S214021F100A44511DE133153251F8040B43F8040B01
S214021F209142F9D1206CD0F8743113F0040354D0E6
S214021F3090F87931042B22D1604B1B6893F85E50DF
S214021F4065B100F11102002100F5AE70009101901A
S214021F503E331146204614F0D1FAD3E71021D13091
S214021F6014F0D6F858B10821204614F079FA40F257
S214021F7007402946FEF73CFD40F20740C3E7216CC6
S214021F8091F8793101F1E10213B1043B012B12D829
S214021F9001F21113039301F5A673029304F15A0397
S214021FA0019304F15303009301F1D103F13120466A
S214021FB0FFF71AFAA6E701F5AE73019391F87801D6
S214021FC0D1F84831C34003F0010343F08003009385
S214021FD0134601F151021131BCE780F8783100F165
S214021FE0E102009300F5A67100F5AE73204614F0E8
S214021FF05FFE87E7056C102205F1B10105F5AE70AC
S21402200016F0CCFA20B10421204614F029FA79E71A
S214022010D5F874319B0742BF94F8743043F002033C
S21402202084F874308821204614F03CF86AE7056C80
S21402203095F87931042B05F5AE701ED11F4B196841
S21402204010224E3116F0AAFA0028DCD1102105F132
S214022050D10014F05DF8216C01F21113039301F51F
S214022060A673029304F15A03019304F153030093F7
S21402207001F1E10201F1D10398E70146102205F1D0
S214022080B10016F08BFA0028BDD105F1D101204629
S21402209013F06EFF216C91F878310133DBB2142B0A
S2140220A081F87831D8D0D1F8743123F00103C1F821
S2140220B074318421B7E78721B5E700BFC41B00202F
S2140220C045F215039942F7B5044651D00CD8B1F53E
S2140220D0A04F19D045F20D0399421BD0204603B0FB
S2140220E0BDE8F040FEF700BF45F216039942F5D16F
S2140220F0016C01F1F103009301F1310201F1910348
S2140221001131FFF725FA01E013F0FAFE00273846F0
S21402211003B0F0BD93790C331A44551D02F125061F
S21402212032462946FEF710FD074620B10B2120460F
S21402213014F096F9EBE7236C2946113351F8042B79
S21402214043F8042BB142F9D1236C01F1200231335A
S21402215051F8040B43F8040B9142F9D1216C204646
S21402216001F1910301F171025131FEF71BFECDE739
S21402217013F036FF236C93F87931052BC6D8DFE8C7
S21402218003F0190311111E192046822113F08AFF4B
S2140221900C4B1B68D9684B1C5A425A412046FEF724
S2140221A051FCB3E72046822113F07CFF2046FEF75F
S2140221B079FCABE78321204613F074FFA6E785215E
S2140221C0F9E700BFC41B0020204B1B689B6913F075
S2140221D0040310B5044610D141B180F8773090F868
S2140221E070101B48BDE8104016F03DBF90F87330E3
S2140221F0012B03D18368580705D410BD022B02D1E8
S21402220083685907F9D494F9772094F87730002A2E
S214022210F3DBB3B9012384F8773094F877305B08A0
S214022220EBD04FF47A72534394F8701008480022A9
S2140222300AF0C0FB94F8773063F07F0384F87730B7
S214022240DBE75A06E9D45B00E5E700BFC41B0020C3
S214022250D01B002030B545F21E03994289B00446D1
S214022260154610D845F21603994213D845F20103D3
S214022270994200F09F8145F20C03994222D0B1F5B3
S214022280A04F00F09D812A46204609B0BDE83040A6
S214022290FEF72ABEA1F5A043173B072BF3D801A2EF
S2140222A052F823F08D2302008722020087220200C2
S2140222B08722020071250200872202003D250200C5
S2140222C07723020090F97730002B02DB82685307EF
S2140222D007D52046092114F0C3F841F2092009B0B7
S2140222E030BDAB792B44A04D5B7C2D686D7C03F032
S2140222F00801D5B121B9032114F0B2F82120EEE786
S21402230013F0040F03F0010308D042F008028260C3
S21402231093B9A36843F02003A36013E0002BF8D020
S214022320836843F010038360F3E7580744BF42F024
S2140223300802A260DB0703D5A36843F01003A3607C
S2140223400029E6D1A368894943F00403A360224624
S21402235020460AF04BFB0221204611F00EFE47F201
S2140223603053002245F21A0120460AF023FBA368E6
S2140223709D0540F18980A368580740F1858094F84E
S214022380700009B0BDE8304013F07EBC90F874309F
S214022390D9074DD590F97530013342D094F9131010
S2140223A001291DDCA26893060DD56F4B15071B6825
S2140223B001D4187C38B1187F10B91878032802D0D7
S2140223C09B69980734D501290AD0674B11071B6809
S2140223D001D41A7C22B11A7F52BB1B78032B27D159
S2140223E00023CDE90433CDE9063310F073FE02284C
S2140223F001AB35D1A06AE16A228E03C31A8094F932
S2140224007500BDF80450421C37D010F0ABFE002811
S21402241033D1204641F20601FEF7CCFA41F206001D
S2140224205DE78368DA0616D4FEF728FA0028B5D0E8
S2140224304D4B1B68197F022932D1DA7C82B393F89E
S2140224405E306BBBA3685B0720D5204614F008F805
S21402245041F2022043E7FEF7F5F90028E4D0E7E769
S21402246094F975000A22022110F064FE0028C6D1F3
S214022470CDE90100ADF80C00C1E704AB2A460DF128
S21402248006012046FDF720FF002028E7204641F2FD
S2140224900221FEF78FFA01212046FFF795FED7E7C5
S2140224A0204613F0C1FDA56860B96D0705D5082161
S2140224B0204613F0D5FF1A2011E71A212046FEF710
S2140224C079FAF8E715F0040508D0FEF7DFF9C8B187
S2140224D094F975102046FEF7F9FAD5E72246234905
S2140224E020460AF083FA0221204611F046FD47F202
S2140224F030532A4645F21A0120460AF05BFAA368D0
S2140225005807E2D494F97530591C06D048F20800F0
S21402251040EA032080B2F9F7C1FE226CD2F8743189
S21402252043F02003C2F874312046FFF7E7FA00288A
S214022530AAD04121204613F0B5FDA5E7FEF7A6F97D
S21402254000285FD0236C002B5CD0A268520759D5B6
S214022550D3F87431980655D42B78002BD2D10521A6
S214022560204613F07DFF8FE7C41B0020FB600300AC
S21402257090F87430D90706D4402113F093FD29460B
S2140225802046FEF717FAA3685A077FF57DAF204666
S21402259045F21A0116F067FD20461B49224616F040
S2140225A08DFDA36823F03C03A36002212046FCF7BE
S2140225B0C1F969E70246144914480AF017FA63E7B4
S2140225C045F21A0116F04FFDA36823F03E03A360FE
S2140225D0236C2BB193F97A01431C01D0F9F76EFFF5
S2140225E022462046084916F069FD22460649074853
S2140225F016F064FD20460221FCF79CF9204613F0F3
S2140226009EFD41E702206AE6FB600300441B0020B1
S21402261045F21E0399422DE9F3410446154611D8A8
S21402262045F21603994214D845F20103994200F086
S214022630188345F20203994200F09880B1F5A04F44
S21402264000F015832A46204602B0BDE8F041FEF7A8
S2140226504BBCA1F5A043173B072BF3D801A252F8B7
S21402266023F000BF8526020045260200452602000A
S214022670452602001F2C02004526020029280200D9
S21402268003280200914E33681A7F022A11D1DA7C9F
S2140226907AB193F85E3063B941F20221FEF78AF905
S2140226A020460121FFF790FD41F2022002B0BDE86C
S2140226B0F081A3685D0701D50220F7E72046FEF702
S2140226C0C1F833681A78051E18BF0125032A07D0F9
S2140226D0196911F0FF1F6AB224D042F0040503E024
S2140226E094F87420900725D49A6992071FD41A7F0B
S2140226F0012A1CD045F0080502210B2013F010FC1D
S2140227000246E0B18379034406215D7394F975307D
S214022710013302BFA36843F00203A360204613F00E
S21402272055FA0CE094F874108907D6D4DCE75B7C83
S214022730002BE1D041F203212046FEF73BF9A368C5
S214022740634943F00403A360224620460AF04EF98A
S2140227500221204611F011FC47F23053002245F2C6
S2140227601A0120460AF026F900209FE783685F07D1
S21402277003D490F97730002B05DB236C53B1D3F8E2
S2140227807431DE0606D52046092113F069FE41F2B1
S21402279009208BE7204613F047FC28B9082120467B
S2140227A013F05EFE212081E7206CD0F8743143F0EE
S2140227B01003C0F87431AB790C332B445A68C0F856
S2140227C003201A89A0F807209B7A4372236C012201
S2140227D0DA70A26812F0040610D122463C4920465E
S2140227E00AF004F90221204611F0C7FB47F23053E3
S2140227F0324645F21A0120460AF0DCF8A36898052C
S214022800B2D5236C002BAFD0D3F87431D906ABD532
S21402281094F97530013320D094F87430DA071CD559
S214022820A36843F00203A360236C002B3FF444AF7B
S214022830D3F87431DA067FF53FAF9F063FF53CAF1B
S214022840FEF724F820B3A3689E0721D42B78FBB9A1
S2140228500521204613F004FE86E7FEF717F894F9E2
S214022860751040B14B1C02D1A3689F07DCD42046EA
S214022870FEF72CF978E74E1CD6D094F87430D807B9
S214022880D2D4084610F06EFC0028CDD0052186E78B
S21402289094F97530581C06D048F2080040EA032026
S2140228A080B2F9F7FBFCA368256C084FEA7923F09F
S2140228B00203A360D5F8743143F02003C5F87431DF
S2140228C03B681B7A934205D9062168E7C41B0020A1
S2140228D0FB60030094F9521094F852300029A6BF08
S2140228E083F00803C3F3C00301236B7094F86030CF
S2140228F0102A83F0080328BF1022C3F3C003AB706C
S2140229002046A274AE79FDF79DFF002836D0F10767
S21402291034D594F97530D4F840805A1C24D088F8FF
S2140229207A3106F00D063B689A69900704D41A7F3E
S214022930012A01D0310701D406F0F7061A78032AD5
S2140229401FD01B6913F0FF1F01D046F0040694F84F
S21402295074309A071BD5730719D40321204613F047
S2140229607FFD40F20340A1E62046F9F757FE88F8BD
S2140229707A01236C93F97A310133D2D106F00C0630
S214022980D1E71B7F002BE2D106F0FB06DFE707212B
S214022990022013F0C5FA01900028E2D090F806C093
S2140229A03A680CF10C0C00EB0C0113784B70137F99
S2140229B0012B06D0022B45D192F85E30003B18BFA1
S2140229C001238B70CE70102316F001060B711BBF0D
S2140229D02B7A6A7A4E7103F0030318BF4B71236C8D
S2140229E014BF02F0030232468A7183F86D214A79D7
S2140229F083F86C2150F80C20C3F80A208A88DA8102
S214022A008A791A7406B3206C90F86C1111F00206DB
S214022A101AD194F8521090F97A0181F0080104F163
S214022A204C030622C1F3C00110F056FB60B13146DA
S214022A30FDF7DEFF2046082113F012FD01A816F06E
S214022A4040FC8EE70023BCE7019E002E89D0FDF7EE
S214022A5015FF95F806C078B11CF0010F04D0236C60
S214022A6093F97A31013307D10521204613F0F8FC99
S214022A7030460AF049F995E63B68597C0CF00802A4
S214022A8029B112B16A7B100703D40321EDE7002AAD
S214022A9075D06A7B110772D5D5F8741141F004011E
S214022AA0C5F87411B5F86C1121F4807121F001019A
S214022AB0A5F86C11187F697902280BD071B942EA21
S214022AC00C0212F0040248D185F879211B7C002BF7
S214022AD0DBD10DE021B993F85E209ABB0221C4E750
S214022AE0012283F83D20DA7C92BB042385F87931F3
S214022AF032460621204613F069F895F87931206CA3
S214022B00042B52D13B6800F5A67003F11D022D334B
S214022B1052F8041B40F8041B9A42F9D1D5F87431D6
S214022B2095F8792103F00401002A45D123F0020327
S214022B30C5F87431E27400294AD08121204613F088
S214022B40B1FA11E683F83D10DB7C002BC6D1CCE748
S214022B5093F85E30002BC8D1C0E72A79197853481B
S214022B60052A28BF032201EB810101448A5C85F80D
S214022B7079211B7C002BBBD0002AB9D185E71A7FAE
S214022B80012A02D16A79002AAFD11CF0040F03D1C0
S214022B906A7B12F0040297D02A7919784448052AEB
S214022BA028BF032201EB8101DFE71022002100F596
S214022BB0A67015F01DFDB1E743F00203C5F87431A7
S214022BC041B90123032AE37412D9042A7FF4CCAD57
S214022BD08421B3E7A37C0F2B85BF94F8743043F0AF
S214022BE00803012384F8743088BF0223E374A4E741
S214022BF0012A07D02046822113F054FA2046FDF718
S214022C0051FFB1E52046822113F04CFA3B68D968A1
S214022C10481C424242412046FDF714FFA4E590F8C4
S214022C207430D90706D4402113F03CFA29462046D0
S214022C30FDF7C0FEA3685A077FF596AD45F21A0166
S214022C40204616F010FA1B492246204616F036FA9F
S214022C50A36823F00403A36002212046FBF76AFE62
S214022C6082E502461349144809F0C0FE7CE545F2A7
S214022C701A0116F0F8F9A36823F03E03A360236C4A
S214022C802BB193F97A01431C01D0F9F717FC2246BF
S214022C902046084916F012FA06490748224616F058
S214022CA00DFA204613F04BFAD6E700BFF8A9030048
S214022CB011AA0300FB600300441B0020184622F002
S214022CC0004240F20A439A422DE9F04120D8B2F57A
S214022CD0806F01D800203EE06FF480642244092A07
S214022CE0F8D801A353F822F02F2D02003B2D020044
S214022CF05B2D0200A92D02007D2D0200C52D0200CB
S214022D00E72D0200EF2D0200D52C0200072E02004E
S214022D106FF4A0615318042BDCD8A2F20252032AE5
S214022D2079D8DFE812F08A009200B700CB00057867
S214022D304488644811F0B9F83EE005784468826930
S214022D4000F108030021604811F0C0F810B10571C7
S214022D50C0F805400120BDE8F08106784588047970
S214022D60826900F108030021584811F0AFF80028E4
S214022D70F0D00671A0F80550C471EBE70479077825
S214022D804688C588A4F11B035942594100F108023E
S214022D9089004F4811F0BFF80028DBD00771A0F871
S214022DA00560C4710581D5E7057844884269031D2C
S214022DB00021484811F08AF80028CBD00571A0F807
S214022DC00540C7E706784588848800F10802002196
S214022DD0414811F0A0F80028BCD00671A0F80550B2
S214022DE0A0F80740B6E7057844683C48A2E70478AE
S214022DF03A4811F05AF80028ACD007234371002352
S214022E0004718371A6E70478354811F04EF800285D
S214022E10A0D004719EE7077846880579C48800F139
S214022E20080200212F4811F076F8002892D0077188
S214022E30A0F80560C57104818CE707784688057995
S214022E40C488294811F031F8EFE787684588047985
S214022E5006787FB1C78800F108020021234811F0E6
S214022E605AF800283FF476AF0671A0F80550C471F0
S214022E7007816FE71D483B463A46394611F026F869
S214022E8000283FF467AF0671A0F80550C4710772B8
S214022E9047725FE790F8008047880679C5880489FC
S214022EA0134811F002F800283FF454AF80F804806B
S214022EB0A0F80570C671058144814BE70578446821
S214022EC00C4837E708AB030004AB030000AB030073
S214022ED0F8AA0300FCAA0300F4AA0300F0AA03005F
S214022EE0D8AA0300ECAA0300E8AA0300E4AA030097
S214022EF0E0AA0300DCAA030000487047BD2C0200CB
S214022F0030B585B004460846039114F0FFFB8307EC
S214022F1008D410F0010003D003A816F0D2F901205D
S214022F2005B030BD03998B7903F10C0288188A5CD0
S214022F30013A1C2A00F2E880DFE802F00FE689E692
S214022F408CE695E69CE6A4E6ACE6B3E6BAE6C2E60E
S214022F50E6E6C4E6D2E6D4E6DD0003790BB103F575
S214022F6088534278023A162AD6D801A151F822F09E
S214022F70CD2F0200192F0200D72F0200192F0200B0
S214022F80E32F0200192F0200EF2F0200192F020072
S214022F90FB2F0200192F020013300200192F020025
S214022FA007300200192F02001F300200192F0200FC
S214022FB02B300200192F0200192F0200192F0200CF
S214022FC035300200192F0200453002001721204634
S214022FD0FDF7C8F8A0E700221146204612F0BEF917
S214022FE09AE71A460021204612F065FA94E7002274
S214022FF01146204612F0D0FB8EE7002211462046EC
S21402300012F0B8FA88E71A460021204612F0A5FB0D
S21402301082E71A460021204612F082FB7CE7002255
S2140230201146204612F0ABFC76E71946204612F00F
S2140230300FFD71E7009300231A461946204612F048
S21402304011FD69E71946204612F05EFD64E7B0F806
S2140230500110BCE702338B710A46002341782046F2
S21402306012F07CF95BE701338B710022204612F0E6
S21402307022FA54E702338B7142780023204612F07C
S2140230808BFB4CE701338B7100231A46204612F065
S21402309071FA44E701338B710022204612F040FB9E
S2140230A03DE701338B710022204612F056FB36E7CD
S2140230B002338B7142780023204612F060FC2EE722
S2140230C00021B3E705338B71B0F80320B0F8010096
S2140230D0002300930B460146204612F0C3FC1EE76F
S2140230E00021B0E703338B710A46B0F80110204680
S2140230F012F029FD13E703338B710A46B0F801106C
S214023100204612F029FD0AE7002009E770B50AF00A
S2140231109AFD1F4B1E6C05460EB1EEF777FCEEF7D6
S214023120C7FD1C4C8302A3F580532360EEF7C0FD57
S2140231308302A3F50063636000F072FA2068082138
S214023140043014F036FB23681B68834202D02068E2
S21402315014F03EFB60680821043014F02AFB636812
S2140231601B68834202D0606814F032FB22686368F0
S21402317052685B689342084A94BF00230123137087
S2140231800EB1EEF753FC28460AF063FD002070BD30
S21402319000000E40D41B0020BA0E00202DE9F0419C
S2140231A0164B93F90020164B53F822500C35064660
S2140231B02C46204614F024FBE0B90AF044FDA1791F
S2140231C080460431201D14F0F4FA074640460AF001
S2140231D040FD2368BB4202D1A388B3420BD0A37939
S2140231E0033303F4FE7308331C4485EA0403B3F581
S2140231F0006FDED300242046BDE8F081BA0E002020
S214023200D41B0020431E2DE9F74F9BB24FF6FD72EA
S21402321093420646884643D8234B93F90020234B15
S21402322053F822500AF00FFD214BD3F840900C358C
S2140232300746B9F1000F01D0EEF7E8FB2C46EA4646
S2140232404FF6FF7B204614F0DBFAE8B9A38886EA3D
S214023250030218EA020F0CD194E803008AE803007E
S214023260DB43ADF80430ADF806B00199201D14F02A
S214023270A5FAA379033303F4FE7308331C4485EAE4
S2140232800403B3F5006FDDD3B9F1000F01D0EEF7FA
S214023290CDFB38460AF0DDFC002003B0BDE8F08F17
S2140232A041F21200F9E700BFBA0E0020D41B00203C
S2140232B000000E402DE9F84FDFF8C4902F4A99F926
S2140232C0003052F8238083F0010308F10C0A52F80A
S2140232D023603046EEF732FC06F10C07D34658461A
S2140232E014F08EFA054648BB9BF806100BF1040054
S2140232F0043114F05EFADBF8003083420DD09BF8FE
S2140233000640033404F4FE7408345C4484EA0A0378
S214023310B3F5006F12D2A346E1E75C46384654F88E
S214023320041B14F04BFA9BF806200332B5EB920FFF
S21402333007F1040705F10105F0DDE7E7D8F8041008
S214023340341D0131204614F039FA012106F1080035
S21402335014F034FA0821204614F02BFA01463046BF
S21402336014F02CFA99F80030404683F0010389F8ED
S214023370003014F02DFA3846BDE8F88FD41B002032
S214023380BA0E00202DE9F04F9A46431E85B0164627
S2140233909BB24FF6FD7293428146009100F2C380C3
S2140233A0624B93F90020624B53F822700AF04BFCF2
S2140233B0604BD3F840800C370546B8F1000F01D0B9
S2140233C0EEF724FB3C46204614F01AFA0190002839
S2140233D041D1A17904F1040B0431584614F0E9F9FD
S2140233E02368019A98422AD1A388E188994526D172
S2140233F0CAB2964212D1324604F1080150460193EF
S21402340015F0CCF8019B48B9B8F1000F4FD1284609
S2140234100AF01FFC002005B0BDE8F08F94E8030018
S21402342002AA82E80300DB43ADF80C304FF0FF330C
S214023430ADF80E300399584614F0C0F90246A37947
S214023440033303F4FE7308331C4487EA0403B3F51C
S214023450006F1FD302BB002ED6D006F1080B04EB7A
S2140234600B035F40B7F5006F24D3FFF723FFC0F3CB
S2140234700A0304461BB19B44BBF5006F1AD9B8F188
S214023480000F01D0EEF7D2FA28460AF0E2FB40F22D
S2140234901B40C0E7002A96D0B8F1000F01D0EEF725
S2140234A0C5FA28460AF0D5FB40F20340B3E7EEF72A
S2140234B0BDFAACE7009BADF80C9046EA0323ADF8E4
S2140234C00E3004F1040B04F10803039900935846E6
S2140234D014F074F906F10309009B4FEAA9090027C4
S2140234E0B90008B94F4513DB311D584614F061F98F
S2140234F00146204614F062F90446B8F1000F01D0E6
S214023500EEF794FA28460AF0A4FB002C82D0CBE70A
S2140235101A1D18465AF80110009214F04FF9009A34
S21402352001371346DCE7212075E700BFBA0E0020FC
S214023530D41B002000000E400846194608B580B28B
S2140235401346CAB20021FFF71DFF024B002818BF20
S214023550184608BD06E000F073B5084616461D4636
S2140235600DF1030201AB0DF1020180B214F057F91E
S214023570044658B99DF80330AB4209D301992A464E
S214023580304615F040F8204602B070BD014CFAE70E
S214023590014CF8E70BE000F011E000F02DE9F74FE0
S2140235A090461D4ABDF830900D4692F900101B4A0F
S2140235B052F821600C369FB234464FF0000AC245DC
S2140235C026D2204614F01CF910BB0AF03CFBA17967
S2140235D001900431201D14F0ECF8834601980AF09D
S2140235E038FB22685A4508D1A388BB4205D34B450F
S2140235F09CBF45F8043B0AF1010AA179033101F4A4
S214023600FE7108310C4486EA0403B3F5006FD6D384
S214023610504603B0BDE8F08FBA0E0020D41B00203F
S21402362001480121ECF77EBE00650A00084B10B582
S21402363040F201141C6098600120586011448A42CE
S21402364002D1D869C04310BD12F8010B9861F6E7A3
S21402365000C001401046044A1368591E033102D8BE
S2140236600021116018477047D00B0020034B1868E2
S214023670034B002808BF1846704700BFE41B002013
S21402368034AB0300014814F02DBA00BFEC1B002037
S21402369013B50B4C0229226005D10A4814F022FA0F
S2140236A0002002B010BD00930A46074B01460548AB
S2140236B014F0FAF9003818BF01204000F1E700BF05
S2140236C0D00B0020EC1B002055360200014814F0F7
S2140236D01CBA00BFEC1B00200148002114F037BAC8
S2140236E0EC1B002008B5064B1B68013305D0FFF71C
S2140236F0EDFF80F00100C0B208BD0020FCE700BF6D
S214023700D00B0020F8B50D4610B900242046F8BDAF
S2140237100E4F3E68002EF8D100F0A2F804460028AC
S214023720F3D0386000F0E8F8204614F0CAF838B152
S21402373030463E6000F0E0F8204614F0BDF8E4E7BC
S214023740002DE3D02046A847E0E700BFE81B002094
S214023750024B1868003818BF01207047E81B00208B
S21402376038B50C4605F050F8A3780B4A13705A1E6B
S21402377055425541A8420CD0012B04D02846BDE83C
S214023780384005F029B8204604F0F8FF0028F5D0A6
S21402379038BD0020FCE700BFE9230020024B0021D1
S2140237A05B680846184700BFE40B002010B50446C5
S2140237B0FFF75CFF0C4B1A1A53425341A34201D146
S2140237C0012010BD094B1B683BB9094A064B002C69
S2140237D008BF1346074A1360F2E714F0CAFB002834
S2140237E0F3D00020EDE700BF0CAB0300E81B00207F
S2140237F034AB0300E41B002010B514F0A4FC04460E
S21402380018B9034B01215B689847204610BD00BFDC
S214023810E40B002010B514F09FFC20B9024BBDE863
S21402382010401B68184710BDE40B002010B514F0BA
S214023830C1F820B9024BBDE810401B68184710BDFE
S214023840E40B0020431E033306D8044B984228BFDD
S2140238501846642838BF6420704700BF40420F00F5
S214023860F8B505460AF0E8F90F4B1E68074626B972
S21402387038460AF0E5F9344611E0B4688CB194F89B
S21402388010C01CF0010F0CD195E80F004CF0010C93
S21402389084E80F0084F810C038460AF0D1F92046B2
S2140238A0F8BD3668E3E700BFD80B002038B50546FA
S2140238B00C4641B10B6833B11B68013303D0CB68A9
S2140238C00BB18B684BB914F04EFABDE838404FF492
S2140238D092724121002000F0CBB9084601F040F870
S2140238E00023044A85F8DC30C5E92343C2E90033E5
S2140238F038BD00BF480F002010B5044618B9054B66
S214023900054A136010BD04F0A5F8D4F89830002BD1
S214023910F6D1F4E7A1780300D40B002010B50C46CC
S21402392004F0D6F8054B00215B68032098471CB1CB
S21402393005F0F2F80128FBD110BD00BFE40B002011
S21402394008B502460868FFF77DFF08604868FFF77B
S21402395079FF48608868FFF775FF8860C868FFF7D8
S21402396071FF0B69C860581C03D00B48834228BFFE
S21402397003460B614B69581C03D00748834228BF95
S214023980034688694B61FFF75DFFBDE80840886122
S214023990104604F07FBE00BF40420F002DE9F84FEC
S2140239A0D0F8903006460F4613B1038B8B4244D0B4
S2140239B0D6F88CB0BBF1000F42D0DBF80830002BF3
S2140239C03ED0DBF80C1000293AD0D6F8A0A0BAF107
S2140239D0000F38D04FF000094D46C84601E0DBF82C
S2140239E0083005EBC50203EB82040135E389BB42CE
S2140239F014D8238ABB42304610D3B4F91220B6F943
S214023A0024309342A04653DD96F8D010EEF7DAF94A
S214023A10337D834281464BD9DBF80C108D42DED3D0
S214023A20B8F1000F3ED00023424619463046D04732
S214023A303783C6F8908086F8D9900020BDE8F88FC4
S214023A400320BDE8F88FD1465446524647F6FF7526
S214023A5004EBC40803EB8808B8F80E30BB421BD848
S214023A60B8F81030BB4217D3B8F91220AA4207D1D1
S214023A704FF0FF093783C6F8908086F8D990DCE7C6
S214023A8096F8D0103046EEF79DF9337D8342814694
S214023A904246EFD9DBF80C100134A14204D9DBF818
S214023AA00830D5E70120C9E7002AFBD09046E1E7B7
S214023AB0A046B8E72DE9F04782B004468946164686
S214023AC004F0F8FF3B4D08B100236B602B68D4F876
S214023AD08CA0D4F890700BB153454BD04FF0000831
S214023AE0C5F8089005F018F8012836D12B68DAF8E0
S214023AF000103A6813B11868884246D0204614F07F
S214023B00FEFAC5E900A7D4F8A0508DF80760002D8C
S214023B1042D000220DF1070311462046A847204650
S214023B2004F0CEFA0546B8F1000F00D08EB1B5FA11
S214023B3085F040F2DE324009332100F099F8314632
S214023B40204604F079FC1C4B05461B683946204685
S214023B509847284602B0BDE8F087012003F0B8FF78
S214023B60164B00215B680320984704F0D5FF012816
S214023B70FBD1BBE76B68002BB0D0BB42AED1AB68C3
S214023B80994514D04FF00108AAE7696811B109688F
S214023B909142B6D05968B1E7217D94F8D93099425E
S214023BA028BF19463246204604F05EFAB7E70025DB
S214023BB0CFE700BF480F0020D40B0020E40B002004
S214023BC0F8B505460E460AF037F831460746284647
S214023BD0FFF7E4FE044620B138460AF031F82046E4
S214023BE0F8BD04F04FFF224631462846FFF762FF33
S214023BF0044638460AF024F82046F8BD13B50446B3
S214023C00694613F00CFF204614F010FAFF2802460D
S214023C1006D09DF800102046EEF754F902B010BD0B
S214023C200048FBE70080FFFF07B54FF400730A4920
S214023C30ADF806300DF1060213F00DFFBDF80630A2
S214023C40B3F5007F05D1022808BF002003B05DF857
S214023C5004FB0120FAE700BF041C0020024B196097
S214023C60024B1860FEE700BFDC0B0020041E00209B
S214023C7008B550B90548064B01601A60054B1A682C
S214023C80054B1A601868FFF7E9FF08BDDC0B002039
S214023C90081E0020E81B0020041E0020054B1B689F
S214023CA00BB918467047834201D01B69F8E701201A
S214023CB0704700BF101E0020094A13680BB9184649
S214023CC07047834207D11B691360064A1368013B9B
S214023CD013600120704703F110021B69EEE700BF74
S214023CE0101E00200C1E00202DE9F74FDFF8308151
S214023CF0DFF83091064609F0A6FF98F800B001906A
S214023D000123BBF1000F06D089F8003003B0BDE8EE
S214023D10F04F09F09EBF404F88F8003089F800B097
S214023D2013F063FF08B113F05EFF3D683B4965B9C7
S214023D30DFF8F4A0DAF800203B68AA424FF000044D
S214023D402FD836484FF0FF313BE06B7D8BB12B68A6
S214023D50B34202D09A1B8A420BD96A6813442B607C
S214023D60AB68003A18BF0122003B18BF01236A75F0
S214023D70AB752D69DBE7907D20B1107D88429CBF34
S214023D80014614461269002AF5D1002CD9D0D4E98E
S214023D900001A275411AD4E902322046984701353D
S214023DA0C8E71A46FF21EEE75A7D4AB11A68B242C0
S214023DB024D0921B824221D8914201D311461C463E
S214023DC01B69002BF0D15CB12046FFF775FF38B1B6
S214023DD03B682361DAF800303C600133CAF80030F1
S214023DE03B685A7D6AB913F0FCFE064699F8003025
S214023DF0002B93D1019888F8003087E71C460021F3
S214023E00DEE7186800F0D4F8044613F0EAFE064629
S214023E10002C83D1EAE700BF101E0020FCFFFFBF84
S214023E20EB230020EA2300200C1E002038B50546AE
S214023E3008B31822002114F0DBFB09F004FF024647
S214023E402846FFF72BFF20B1104609F002FF02209A
S214023E5038BD0A4B1C6854B909491D600B682C61B1
S214023E60013310460B6009F0F4FE2046F0E704F139
S214023E7010032469EFE70120EAE700BF101E0020C6
S214023E800C1E002038B50446FFF708FF09F0DBFEDB
S214023E9005462046FFF702FF637D23B9284609F050
S214023EA0D8FE032038BD00236375064B1B68A34269
S214023EB003D113F096FEFFF717FF284609F0C9FE56
S214023EC00020EFE7101E00202DE9F84FDDF82890BD
S214023ED0DDF830B0984604460D46FFF7DFFE924600
S214023EE009F0B1FE074613F07CFE06462046FFF7B1
S214023EF0D5FE637D23B12046FFF7C4FF0023A375DA
S214023F00BAF1010F23D175B9B8F1000F21D1B9F179
S214023F10000F03D05A4631462046C847384609F0B5
S214023F2098FE002019E035440D4BAA1B9A4210D881
S214023F30012363759DF82C30C4F80890C4E9005834
S214023F402375C4F80CB03046FFF7CEFEE6E7AE4265
S214023F50EAD1384609F07DFE0120BDE8F88F00BFA1
S214023F60FCFFFFBF2DE9F04107468846FFF796FEA5
S214023F7009F069FE3D68064613F033FE7B7D7BB191
S214023F8085420DD0094B2C1A9C4209D8304609F0BE
S214023F9060FEB8F1010F08BF25462846BDE8F0814D
S214023FA0304609F056FE0025F7E700BFFCFFFFBFCC
S214023FB008B50023044A194603F028FF10B1012869
S214023FC018BF032008BD00BFAD7B03002DE9F74FE5
S214023FD015460E2200900F462A70EBB11C4C5B6809
S214023FE0A3428CBF00240124DFF868904FF000083B
S214023FF04FF0060AD9F800105FFA88F30AFB03F3BB
S214024000CA185079012809D92878A0F10E03584217
S214024010584103B0BDE8F08F1C46E5E7A042CE5EED
S214024020B2F902B0117902D008F10108E2E700986D
S2140240300191002213F09EFD0028F5D00199297007
S214024040B7F90020B242EFDB5A45EDDC0020E0E78C
S214024050FFC99A3BE00B0020014913F0C8BD00BF20
S214024060198C0200014913F0C2BD00BFED8B02009D
S21402407070B5164E0328337804460D461ED023FA32
S21402408004F202F00102AA421DD053B10122A2405C
S21402409023EA0203A5402B43DBB233704BB1012067
S2140240A070BD2DB10A4B01201B6898473378EDE7A7
S2140240B03570074B00201B689847F0E79A07DED05A
S2140240C003F0FC03E9E7002070BD00BFEC230020EC
S2140240D0501E002038B504460D46FFF739FB60B186
S2140240E004F0FEFC48B9012D07D8012014F041F86F
S2140240F00D4B1B6823B15B6898470C4B1C7038BD90
S2140241000AF062FD0A4B1A68801A1860F0F7DAFBAA
S214024110084B1B684FF47A7202FB003013F0C2FCA5
S214024120012004F0E5FCE8E7D41E0020BC0E0020C7
S214024130481E00204C1E0020F8B5124F05460C46BD
S21402414009F07AFD3B78064633B1012D04D01CB93E
S2140241500D48F0F78BFA3C7021462846FFF788FF99
S2140241600A4B1B7804463BB93B782BB913F0E9FFA0
S21402417010B1074B1B689847304609F061FD204690
S214024180F8BD00BFED230020241E0020EC230020F3
S214024190E40B0020054A0B46117831B1002111705C
S2140241A0034A18785268012110477047ED23002011
S2140241B0E40B0020124B0239012910B518701ED8E4
S2140241C0FFF7C6FAD8B104F08BFCC0B104F0E6FAE9
S2140241D0A8B90C4B1C6834B123689847BDE8104058
S2140241E0002013F0C6BF13F05BFC074B18600AF002
S2140241F0EBFC064B1860204604F07AFCEEE710BD96
S214024200BC0E0020D41E00204C1E0020481E00209B
S21402421038B5044680B109F00FFD01210446084670
S214024220EFF74AFE012108460A4A0AF03BFC2046FE
S214024230BDE8384009F004BD09F0FEFC21460546FB
S2140242400120EFF739FE0120024A21460AF02AFC35
S2140242502846EDE780AB0300F0B5324D85B009F095
S214024260EBFC2B78044623B12F48F0F7FFF9002821
S2140242704AD1F0F78DFA02AA03A913F04CFF0346BF
S214024280002832D013F05BFF029B98421ED100201A
S214024290264B03991B68264E9942307021D9C91ABB
S2140242A000270123CDE900771F482B70214A3346A9
S2140242B00AF041FC00282FD11F4A1378D90717D4D9
S2140242C0204609F0BDFC002005B0F0BD13F035FF16
S2140242D0029B98421ED0154B154A1B68039300207A
S2140242E010700121FFF7C4FEEAE720462B70E8E7CC
S2140242F031780029E4D103F0FE031370002BDFD1DE
S2140243000E4B1B689847DBE7204609F099FC032012
S21402431005B0F0BD0220BBE7032320462F703370A2
S214024320F3E700BFED230020241E0020441E0020D9
S214024330BB0E002095410200EC230020501E0020F8
S21402434038B5134D09F078FC2B780446C3B9114AE8
S21402435011491370114B124A1A601248124A5A60D7
S214024360EFF724FE11491248EFF720FE114B124ACE
S2140243701A60124B1B68124B02221A6001232B7022
S214024380AFF30080204609F05BFC002038BD00BF7A
S214024390EE230020ED23002088AB0300E40B002070
S2140243A059420200141E00203941020090AB03005D
S2140243B01C1E0020501E00201142020000300E403B
S2140243C0441E00200D4BD3F8E020D20314D50C492E
S2140243D04FF48032C3F8E820C1F8EC209A6BD1B2D1
S2140243E0C2F3072299679A6704229A6700229A679D
S2140243F09A679A679A679A67704700BF00100840E4
S21402440000100846F8B50C4C0D461746064609F04D
S21402441013FC0123A362042327606660A560C4F828
S214024420E830064B4FF48072C3F8802109F008FC8E
S2140244300DB10223A362F8BD0010084000E100E0BF
S214024440054B1860054B01229A6540F6FF72196308
S21402445058635A65704700BF581E00200010084077
S2140244602DE9F04F042A83B0054639D90B788361CB
S2140244704B7883618B788361CB7883610068D5F84B
S21402448008B06E6800F007000123063003FA00F851
S21402449008F1FF3909EA0B07A2F1040AA8EB0702A2
S2140244A0924501F1040446F000560DD8F019214653
S2140244B0524614F0A8F80AEB0B0248EA09031A401F
S2140244C0AA6003B0BDE8F08F2146F019019214F0FD
S2140244D09AF8019AA118AAEB080230463A44E8E78D
S2140244E0013A032AEDD8DFE802F00B08050211F8BC
S2140244F0013B836111F8013BAB6111F8013BAB61F3
S2140245000B78AB6103B0BDE8F08F00BF38B50C4640
S214024510104B1546014668B10122C3F8B8200E4872
S2140245202246FFF79DFF1DB10A4B0422C3F8B820AE
S214024530002038BD64B1D3F89C20A24284BF012279
S214024540C3F8B820C3F898400222C3F8B820EAE7B6
S2140245500122FAE7001008409010084010B509F052
S2140245606BFB184B184901229A65C3F888201A6615
S214024570164A5A660722C3F884200A801449002283
S2140245800A804FF4A021C3F8E81003F1C063044682
S214024590C3F8EC100F4B1A600F4BD3F888305B024F
S2140245A00AD50E4B18680E4B4FF48002C3F88820CB
S2140245B0416BA43001F0AAFA2046BDE8104009F08B
S2140245C03FBB00BF00100840DC200020A0100020E7
S2140245D0DA200020541E002000400840E81B00207D
S2140245E0004008440D4B07221A800D4B00221A8009
S2140245F00C4B0121C3F8B810C3F890204FF40052B8
S214024600C3F89400C3F8B420074BF0221A6403F1EF
S2140246100073A0221A64FFF7A1BF00BFDC200020AF
S214024620DA20002000100840000008442DE9F0417E
S214024630044688B1394E3A4F09F0FEFA3388394AB1
S21402464003F07801032C054603F07F0C114453D186
S2140246503C6824B909F0F4FA0320BDE8F08124F09E
S2140246600104386820F00100A0424AD100223A60D4
S21402467022886FEA42426FEA52428C42228036D148
S214024680294CDFF8B8C02788ACF180083A46083AC9
S21402469092B201F10800604528BF4046082A04D9B4
S2140246A0B0F900E0BEF1000F36DB22803B440C88F6
S2140246B088781E499B1ADBB2C4F30C04CC6300F064
S2140246C007003380CB66C1F88420FFF77BFE042800
S2140246D00DD1174BD3F88830164B1868164B4FF48B
S2140246E08002C3F88820416BA43001F00FFA2846F6
S2140246F009F0A6FA0020B0E7601E012898BF0C4613
S214024700AFE7094862440088A21A48BF80320838D8
S2140247109042ADDC28469DE70146B8E7DA20002045
S214024720541E0020A0100020DC20002000100840AC
S21402473000400840E81B00200040084420110020EA
S2140247400E490F4B0A881B880E481344073B03F09A
S214024750780303440832987892B20A8000F0070081
S21402476009490428C1F8842004D101F540514A6859
S2140247701203FCD4054A1360704700BFDC200020F9
S214024780DA200020A010002000100840541E00204E
S21402479010B5054C206828B1C30701D4FFF746FFC1
S2140247A00023236010BD00BF541E0020084B4FF4A8
S2140247B08032C3F8EC2003F17C43C3F8E420D3F83C
S2140247C08030C3F30C03782B01D8FFF7FBBD70478C
S2140247D0001008442DE9F84304460E4609F02CFA68
S2140247E0504B514D1A882D888146504802F0780168
S2140247F0032C02F07F03014417D14D4C24688CB978
S2140248002A44073A02F0780284180344E31A48BF9F
S2140248108033AB4210DB484609F012FA00242046E9
S214024820BDE8F88324F00104EFE7012C02D0022C45
S214024830EBD1083D0C46E8E7002E41D08C423D49BC
S21402484042D1D1F83C800A6B02F0070206320127F9
S2140248509740D1F88020C2F30C029A4247DDB4F9A1
S21402486000302588002BD6DBA378C5F30C0503F0B1
S21402487007037A1EA5EB08053A43052B337005EAB3
S21402488002052CD82DB2E84340F236420421C00F6E
S214024890FFF7EEF97580E378274A337412687B1EB9
S2140248A003EA0803D118B160A9B213FA85F5BD422E
S2140248B089BFFF1A0023B780F2609CBFB180F36005
S2140248C0484609F0BDF9AAE7A4F10802824238BFB9
S2140248D004F17802B2F80080C8F30C08B3E7174B6D
S2140248E0DB6C003B18BF0123A5EBC305CAE78B6B45
S2140248F07A1EA3EB08033A431A40114B15B25B68C3
S2140249006AB9C3F30363D91E4B424B41DB003370D3
S2140249100B4B7280D3F89030C3F30723BCE708230F
S214024920F5E700BFDA200020DC200020A0100020DF
S214024930541E002000100840581E002000000840A8
S21402494000400840431C08D0044AD2F83C311B0CF5
S2140249501B0480B20343C2F83C3170470040084053
S214024960054BD3F8B400431C14BFC0F3807001207B
S214024970A6223121FFF77CB90081E00F034B1A68AB
S2140249809B88026083800020704700BF980E00203C
S2140249900F4B0628D3F8883104D183F40013C3F3EF
S2140249A040507047022805D113F4400F0CBF012077
S2140249B00020704750B9074AD2F8D40010F0010020
S2140249C005D083F48003C3F38050704700207047FD
S2140249D000400E400081E00F0C4A5288B2F5E16FAB
S2140249E094BFC8225A2210B594BF7824502490420D
S2140249F08CBF172210220A70054A0346107818B197
S214024A009C422CBF0020012010BD00BF980E002043
S214024A10C00E002013B5234B1B780E2B04463ED047
S214024A200DF10701FFF7D8FF1E2C8CBF1E4C1F4C42
S214024A309DF807304FF001028CBF01210021C4F817
S214024A40082170B1194A4DF60174C2F804411B02DE
S214024A5002F1007243F44043C2F80431144AA2F849
S214024A60D430134A134C92F8D83023F00103034390
S214024A7023F0020343EA4103DBB282F8D8302478FB
S214024A806CB923F0040343EA800323F00803B2F868
S214024A90D440A2F8D64043EAC10382F8D83002B026
S214024AA010BD00BF980E0020004008460040084493
S214024AB0001F0021F1230020084B094AD3F8883151
S214024AC0DB4303F4FE1343F40053B3FA83F30E33CB
S214024AD0A3EB4313013B1370704700BF00400E4028
S214024AE0BF0E002002280CD0062802D020B10020DB
S214024AF07047054B18787047034B18780430C0B2DD
S214024B0070470720704700BFBF0E00202DE9F7430D
S214024B103A4E3B4F96F8009015463A4AD2F8C820CD
S214024B20B9F1020F0446884607EA02071AD147EA95
S214024B30006788F80000002372882B60B2F5E16FE8
S214024B4094BFC8225A2227F47F57944227F00807B8
S214024B509ABF380A00F47F5043F6C870384303B051
S214024B60BDE8F083284A1278904228BF144604EB28
S214024B7083030B70F4B1013CE4B24FF030632B6058
S214024B806A4601A9204613F012F9DDE9002347EA36
S214024B9003671E4B98F800101B7847EA823747F4E3
S214024BA07F5747F008073BB90029194B18BF4FF04B
S214024BB07F43C1E7164BE2E7164B1748B9F1060FDB
S214024BC008BF03462AB90029114B18BF4FF07F438E
S214024BD0B2E7B2FA82F2C2F11F02D2B29B5CDBB239
S214024BE039B15A1ED2B2FD2A05D81B0643F0040379
S214024BF0A2E7074BA0E74FF07F439DE7980E002001
S214024C003F00C0E0001F0021BF0E0020F22300205C
S214024C100400000BB883E00FB083E00F2DE9F341E8
S214024C200446C820FFF7F6FE2B4B2C4E18780E28AB
S214024C3001D0FF2C05D1FF243470204602B0BDE817
S214024C40F08102282DD1072C204628BF07200128F4
S214024C504FF0000301AA0DF1030138BF0120FFF750
S214024C6055FF05461E4B1F4FDDF80480C3F85881DA
S214024C70C7F8C8509DF8034034702046FFF7CAFEB6
S214024C80194A4FEA082303F4E063127843EA1863EA
S214024C90A7F8D030002AD0D1C7F8CC50A7F8D23027
S214024CA0CBE7A0B9052C32BF002701270420201A23
S214024CB03B4601AA0DF10301C0B2FFF727FF4FF4EE
S214024CC08003054637B1094AC2F80831CAE7002709
S214024CD03846ECE7064AF7E7980E0020C10E002099
S214024CE000400840001F0021F12300200040084633
S214024CF00040084408B501F059F8094B094A002853
S214024D0018BF1A46136823F47F115B0803F4FE13D8
S214024D100B431360044B4FF00072DA6108BD00BF0C
S214024D2000410840184108400040084008B501F01C
S214024D303DF8064B4FF4001228B1C3F800214FF09D
S214024D4000621A6208BDC3F81821F8E7004008445A
S214024D50014B1868704700BF5C1E0020436C012B95
S214024D6038BF01232DE9F0479A46464B464F9B69CA
S214024D70464E474D03F4E073A3F5C072804645489D
S214024D805142514102685245434A0FD114788C422F
S214024D900CD198F8D0C03C78A44507D198F815C035
S214024DA03478A44502D1A888BDE8F087B3F5C07F61
S214024DB0C0F800A011704AD1D8F8944024B12368F4
S214024DC0082B58D994F838400F21204612F0D1FF0C
S214024DD0BAFA8AF3002852D0B0FA80F29B1A002B55
S214024DE0C6BFD840C3F10F094FF00F09504501D98D
S214024DF009F1FF39234B2004C3F8BC0003F180639A
S214024E0040F6FF72C3F8B82003F100734FEA092197
S214024E10C3F8B81012F0DEFFA88000F045FD09F0D6
S214024E201F094FF4FA7304FA09F45C4341F66A0365
S214024E30B0FBF3F00A23B4FBF0F45C43174B1C60A0
S214024E4098F8D0303B7098F815303370ABE798F886
S214024E50D030062B06D1124B1B78002B0CBF9624A3
S214024E60C824B1E7022B08D00D4B1B78002B0CBFD1
S214024E70B424F024A8E70024A6E73224A4E74FF0DF
S214024E800F09B7E700600840BE0E0020BD0E0020E6
S214024E90980E0020EC0B0020F42300205C1E00205D
S214024EA0F2230020FF290DD00F4B1048C3F8500103
S214024EB00B04090501F0F87103F4E0230B430C49D7
S214024EC0C1F85031FF2A0DD0074B40F2F711C3F854
S214024ED05011130103F4F87302F007021343044A55
S214024EE0C2F8503100207047004008440000F70125
S214024EF000400846F8B5134B134E1F68134D38464C
S214024F0000F040FF3378C4B2A34201D12B78A3B19C
S214024F10092C14D80E4B012C195D05D10D4B1B78AC
S214024F20022B01D141F0400101F00F023846090977
S214024F30FFF7B8FF002334702B700020F8BD002462
S214024F40FA21F1E7E81B0020F0230020EF230020DF
S214024F5098AB0300980E002038B5044600F04CFCCF
S214024F60142200212E4813F043FB2E4B25781A7884
S214024F702D49521B18BF01220A7022681A60C820E7
S214024F80A2889A80FFF746FD284BD3F8C820284B04
S214024F90FF211970274B2849062D03EA0203274AE8
S214024FA01AD14FF4EE40C2F824014FF48A42C1F8F7
S214024FB02421012243F08043C1F820211B4AC2F873
S214024FC0C8301E4B0322C3F85821FFF793FF1C4B31
S214024FD001221A70002038BD022D4FF007000ED1B4
S214024FE0C2F80C010620C1F80C011649C2F80811D5
S214024FF04FF4404143F00303C2F80411DEE7C2F85F
S2140250000C010520C1F80C01C020C2F8080143F0CB
S2140250108043812243F00403C1F80821CEE700BF93
S214025020C81F0021980E0020EF230020001F002139
S214025030C10E00202800C0A00040084600400844D8
S214025040F3230020C1004000014B1870704700BFD8
S214025050F22300202DE9F0472D4C2E4B236000F062
S21402506023FC4FF4FA7307464FF47A76B0FBF6F653
S21402507029482A4A7343190E1B02181841F10001E7
S214025080002304F0C5FDA0F580730546A36220B98F
S21402509066222B21FEF7ECFD01254FF47A726A4355
S2140250A04FF0000A53465008310204F0B1FD1C4B83
S2140250B019601C4BB7F57A7F4FEA056889460446A5
S2140250C018604FEA152505D276222B215046FEF7A8
S2140250D0CFFD01264FF47A73A8FB030103FB0511EB
S2140250E07308C01841F100010023324604F090FD17
S2140250F00D4B023419600D4B49F10009A4081860E3
S21402510044EA8974024B013C1C63BDE8F08700BF89
S214025110005008400211010020A1070040420F0083
S2140251206C1E0020681E0020641E0020601E0020E8
S214025130044B4FF00052C3F880211A60024B012242
S2140251405A60704700E100E000500840074B4FF0FD
S2140251500052C3F88021C3F88020BFF34F8FBFF3FD
S2140251606F8F034B04225A60704700BF00E100E0D5
S2140251700050084010B50446A242A2EB0000A3EB82
S214025180010104D2034B1B6B01331844013901F0B1
S214025190030110BD0050084038B502010A4B012534
S2140251A09D500A4A4FF4807383405366044608F0C3
S2140251B043FD074A1378A54023EA05031370BDE8AA
S2140251C0384008F03DBD00BF00510844005008407A
S2140251D0F52300202DE9F0471546044688461E466C
S2140251E008F02AFD022D00F0B880074608F02BFDD5
S2140251F06C4B6D4AD3F8189092F815A0DA6D5FFAE8
S2140252008AFA520744BFD3F818900AF1010A08F046
S21402521020FD664B664A1B6811684FEA8A7CA3FB30
S214025220093213F1004301FB09CCD8F800304CEBED
S214025230020C012D04BF01336344ACEB030C08BF20
S214025240C8F80030BCF1804F0AF0030AC0F098801C
S214025250584AD2F800C0584AD2F800E0514A23F021
S2140252604041106B4FF000480022ECFB01820EFB1F
S214025270012282424FEA937381BF01330130121A30
S21402528003F00303A3EB0A03914588BF4549DFF801
S21402529048C184BF096B03F1FF3303F003030CF824
S2140252A00430A2EB0900A3B1F10742BF434B41F61B
S2140252B01F71D966B30742BF404B4149D966710791
S2140252C042BF384B00211967330742BF354B0021D6
S2140252D01965344B04F1100103EB041E0901CEF8E4
S2140252E00C2111225A5037499A694FF0010EA2EB4F
S2140252F0090A0EFA04F8D3F85C900A785FFA88F87E
S21402530048EA020282450A7026D34FF48072A2400F
S21402531019EA020F20D11CF8040000283FD10DB371
S214025320F0071A6608D5254B274941F61F7240F248
S2140253300110DA66C866DA66B10706D51F4B22493F
S2140253401F4A2248DA66C866DA66720742BF204BF0
S21402535001229A60330719D4384608F071FC0120FE
S214025360BDE8F0871B48240140F804E05A6608F0BE
S21402537063FC14490B7823EA08030B7008F060FC00
S214025380384608F05DFC0020BDE8F087212000F0DA
S214025390A5F9044B4FF480325A603846DDE71A66A8
S2140253A03846DAE700500840A01E0020601E0020A3
S2140253B0641E0020681E00206C1E00200050084458
S2140253C000001F1FF52300200050084600000101C0
S2140253D00040084000510844F6230020024B18788B
S2140253E0003818BF01207047F52300201030034B09
S2140253F00001185800F00100704700BF0050084036
S2140254001030044B01F46001000141F00301195011
S214025410704700BF0050084038B508F014FC084B2F
S214025420084A9D69547DDA6D520748BF9D69E4B209
S21402543048BF013408F00DFC284604F0030138BDCD
S21402544000500840A01E002038B50B4B03EB00129C
S21402545010300001D2F80C411D58FFF7DDFFAB07F4
S21402546006D5844200D90139204601F0030138BD31
S214025470844238BF0131F7E70050084008B52220C1
S21402548000F02CF9024B4FF480225A6008BD00BF90
S21402549000500840064B1B68434303EB8171054BE3
S2140254A01B68A3FB003013F1004341EB000070477A
S2140254B0641E0020601E00200D4A10B5146820F0FD
S2140254C0404301464FF000420020E4FB0320094A15
S2140254D0126802FB0300084B1B6B98424FEA91715D
S2140254E004D901330131C01A01F0030110BD00BF17
S2140254F0681E00206C1E002000500840F8B50646C4
S21402550003F0EEFA044608B1FFF720FE084D094FF5
S21402551000232B6130466B61AB617B75FFF7CCFFD6
S214025520C9B27975A8610CB1FFF702FE0020F8BD7A
S21402553000500840A01E00203B4B082270B50121F7
S2140255400546C3F8C8203948394CEAF7EBFE394B12
S2140255501D702378013B012B0CD8237CE07B0122B3
S2140255609A400C21302313FB001303F1884303F502
S21402557020431A60304B00225A677DB92F4A4FF6F5
S214025580FF71D16702F10072F821D1675D672C4B7B
S2140255904FF08042C3F89420002070BD636853B376
S2140255A000F082F9626800EB5203B3FBF2F3013BB0
S2140255B01B0243F0F80326782049224A022E1CD00A
S2140255C0032E1D484FF6FF7521D0012E27D143F03A
S2140255D00203CD67D36707234367237CE07B012260
S2140255E09A400C21302313FB001303F18C4303F57E
S2140255F020431A6011E0F823DDE743F001034FF67B
S214025600FF70C867D3670C4B05225A67E5E743F07D
S2140256100503CD67D367012343670B4BB8E7CD6716
S214025620D3670023F8E700BF00400E4600350A00A5
S214025630701E0020FB2300200000084000000844E3
S214025640004008440000084600400846F8B50646F2
S21402565004460FCE1C4F3D460FC533682B601B4BCE
S2140256601B480822C3F8C8200121EAF75BFE194A44
S21402567000235367A37BE17A1B0443EA0123217AC2
S2140256800B4393673B78032B1BD8DFE803F0140227
S214025690080E617B207B00230422EBF71BFF217C94
S2140256A0E07B00230422EBF715FFA17A607A012340
S2140256B00422EBF70FFF084B1878BDE8F840FFF717
S2140256C03BBF0120F8BD00BF701E002000400E4602
S2140256D000350A0000000840FB230020044BD3F8E4
S2140256E09430002BBCBF034BC3F88000704700BF4A
S2140256F000400840000008404FF0006318B1034A1B
S214025700C2F894307047024AFAE700BF00400846E3
S2140257100040084408B5064B06491A684FF0045084
S214025720920012F070FFBDE8084000F0A5BD00BF71
S214025730D8AB0300DCAB030007B501A8ECF78AFA86
S214025740134B144AC3F8442148F2E672C3F83821D0
S2140257504FF40862C3F834210F4AC3F8A0200F4A58
S2140257604AF63F41916002F580424FF0C071916265
S2140257700022C3F8FC200A4AC3F89C20094B7F2269
S2140257805A6203F1007323225A6203B05DF804FBE7
S21402579000400840C0E653517A27000F0030084008
S2140257A0806D6303003008440F4B002210B5C3F827
S2140257B08820C3F88C20C3F890200C4A0121D160BF
S2140257C05A6812F0706FFBD14FF00452DA67012468
S2140257D002F5FD52C3F880401A66054B1B689847CF
S2140257E0044BDC6010BD00BF004008400040084685
S2140257F0F00B002000400844034BFD22C3F8C820EB
S2140258000122C3F8CC20704700400E4638B5FFF799
S214025810F3FF1B4B1B481C4C1C490222C3F8C82032
S2140258201B4B1A6842B102EA0005A54204BF5D6836
S214025830156008338B42F4D1164B0222C3F8C820F7
S214025840154B164AD3F83C111160154AC3F894203A
S21402585000F04AFBFFF770FF124B0322C3F8D82072
S214025860A3F500530122C3F894204FF46072DA6065
S2140258704FF04072C3F8F820C3F8102138BD00BFBD
S21402588000400E460000FFFF00000840B081E00F17
S2140258900080E00F00400E4400400840F40B002059
S2140258A00048F0000060084608B5EAF7B1F8044B75
S2140258B0D3F81031C3F308230133B0FBF3F008BD6D
S2140258C000400E4070B5044618B1284D2268531C9D
S2140258D000D170BDC2F30063110C35F8130011F04D
S2140258E0FE0F93B243EA0043606818D00434CAB28B
S2140258F0022A216808D9D4E90160033AC3E90016EE
S21402590098600C340C33F3E704D16268C3E90012E2
S2140259100834DBE7012AD9D104341960D6E7120F1E
S214025920072AF5D8DFE802F00704090D1013181D40
S214025930C04303F180631860EAE71A6842401A60BF
S214025940E6E703F1C063F6E712F072FAE0E7012237
S214025950824003F1C063F2E70122824003F18063D2
S214025960EDE71A6830EA0202FBD1D1E7A2AB0300E8
S214025970024B0122C3F89420704700BF004008463D
S214025980024B0122C3F89420704700BF004008442F
S214025990024B4022C3F89420704700BF00400844E0
S2140259A0024B4022C3F89420704700BF00400846CE
S2140259B008B50C4B1B68D3F8943023B11A68022A38
S2140259C001D9186A08BDFFF76FFF074B1B6D024629
S2140259D098B20028F6D0C3F30743D2085343B3FB6A
S2140259E0F0F0EFE7E81B002000600840064B5B681B
S2140259F0C3F30363984206D1044A936B23F0F00381
S214025A0043EA01119163704700400840001F0021DD
S214025A102DE9F0470E4612F0F5F9DFF8B090DFF800
S214025A20B0A08046002508F007F9D9F80430C3F381
S214025A300363012B07460BD1711C1AD012F0E2F950
S214025A40A0EB0805384608F0FBF8AE42EBD80DE0AE
S214025A50052BF1D00B2BEFD0023B012B0CD90136D4
S214025A6002D012F0CFF9384608F0EAF81648BDE838
S214025A70F08708F0E5F8D6E7DAF808301A04C3F338
S214025A8089140FD4013602D012F0BCF9384608F059
S214025A90D7F824B2A4F1C8006FF4FF739842B8BFD7
S214025AA01846E4E7731C03D012F0ACF9A0EB080525
S214025AB06FEA84546FEA9454384608F0C1F814F535
S214025AC0007FC2D0E6E700BF00FEFFFF00400840AE
S214025AD000700840024B012218619A60704700BFAE
S214025AE000200840084910B5D1F8703140B11C4674
S214025AF04A68D1F870319C42F9D1C2F3036202704F
S214025B0003F00F0010BD00BF00400840094BD3F859
S214025B10883001F0800103F480030B4309D1064B61
S214025B204FF400129A61837F1BB1044B0122C3F823
S214025B30F8207047004008400060084400600846AD
S214025B4010B508F079F8084B1B6804463BB1984735
S214025B5028B1002200204FF4806100F0BFFC2046EE
S214025B60BDE8104008F06CB8841E00202DE9F04114
S214025B701F4CDFF89080069F0646A2FB03502C19A6
S214025B8060F1000E9C46A0454FF0000373EB0E0E2C
S214025B9007D24FF4B4720E211846FEF769F80220B7
S214025BA01BE00029FBD0C6F3130601EB5C04B4FB32
S214025BB0FCF4A4FB0646E40C44EA46340D4E34607C
S214025BC00D4C22600D4A914209D10D4AA5FB0253A3
S214025BD002FB00339B093B600020BDE8F081C40451
S214025BE00A46E80444EA553104F012F83860F3E74E
S214025BF000C9E876881E00208C1E002000F04902AC
S214025C000A3BB2DF0046C32338B5164D2B780C4646
S214025C1023B9154B1B6D03F03F032B70134BD3F8C0
S214025C2094305B051CD5124BB0FBF3F040F24D539B
S214025C304343A3F546430C3B584300F5C91000F511
S214025C40556028B940F21B322B21FEF711F80120CD
S214025C502B78084A5343B3FBF0F30020236038BD89
S214025C600220FCE7FF2300200030084000400840E6
S214025C7000366E018096980070B5374C374B256B10
S214025C80374C1B682468ED024CBF1B191B1BB3F173
S214025C90804F04D8002B3AD1324E1C460AE0B3FAA3
S214025CA083F4314EC4F10204E340304DAB4201D9D5
S214025CB001345B0803EB5605B5FBF6F52C4EB342F2
S214025CC034BF002601262403013D44EA86242C43E1
S214025CD00C60D8B1B3FBF0F1642400FB11336343CC
S214025CE0984288BF01F1FF31480801380139072878
S214025CF0204D214C4FEA510311D90021297006216B
S214025D00C4F894101B0243EA0013136070BDB3FA82
S214025D1083F4D4F10204134EC6D50024C5E7102935
S214025D20EBD068B1012129700621C4F894101349FA
S214025D3009780029E6D012490224C1F89440E1E726
S214025D40012914BF0121002129704FF00601C4F871
S214025D509410ECD1D6E700BF003008408C1E00201D
S214025D60881E0020E0673500C0CF6A003FBE40258F
S214025D70401B5F13FC23002000400844FD23002044
S214025D8000400846084B5B6B03F00700C3F3C202F1
S214025D9013F0380F18BF5043C3F3821213F4E07F98
S214025DA018BF5043704700BF00300840034BD3F87B
S214025DB0380180F01000C0F3001070470040084021
S214025DC0174B4FF4002210B5C3F89420154C164B0F
S214025DD0B0F1804F88BF1C46144BDA6CD2071DD533
S214025DE01B6F134A04F5F42404F59074B4FBF2F422
S214025DF0033CE4B203F00703A34202D02046EBF7CB
S214025E00C7FA0C4B1B784BB10B4B4FF47022C3F8FE
S214025E10942003F100732404C3F8944010BD00BF1D
S214025E2000400846E0673500C0CF6A0000300E40EA
S214025E3040420F00FE230020004008447FB504467F
S214025E40E9F722FE1C4B06462C3358680093A379CA
S214025E5022683146FFF78AFE054648BBA379012B26
S214025E6014BF164916491022C1F838212068154970
S214025E705843FFF7C9FE03AA02A93046FFF7FCFE05
S214025E800F4A43F6FF53C2F8A4300C4B0299C3F8EC
S214025E90A4104FF4EE611163039A1A632068FFF7A9
S214025EA08FFF094BA2881A6203F5405300229A63B9
S214025EB0284604B070BD00BF0030084000400846C7
S214025EC000400844503008400000084008B5044B23
S214025ED001221A70034B1868FFF772FF002008BDF4
S214025EE0FE2300208C1E0020024B4FF48062C3F873
S214025EF094207047004008460D4BD3F80421D3F88F
S214025F00B030D2B2FF2A03D043F30743591C01D163
S214025F1090221923074903EBD37302EB6302022391
S214025F2081F84630232381F8472081F845307047B0
S214025F300081E00F001F002140B10368012B05D944
S214025F400069034B002808BF184670470048704790
S214025F50A8AB030038B5054614480C46FFF7ACFA62
S214025F602DB1C30103EB5503B3FBF5F32360104ACF
S214025F705368D80217D40F4B1B68D2F8A810C3F385
S214025F80810311F4806203F10103C9B218BFDA007B
S214025F90FF2906D00649D1F8AC10490501D502EB17
S214025FA0C302626038BD0022FBE700BF40420F001A
S214025FB00000084000200840084B1A68C117A2FBE0
S214025FC0000310F1807002FB013343F10003400E20
S214025FD040EAC310803820EAE0707047941E002022
S214025FE0174B072270B5C3F88420FFF75DFC154BEC
S214025FF0154A164EC408010B0546E005C01841F1C5
S2140260000001002303F004FE114B18604EF66020D8
S214026010FFF7D2FF4042C6F89C000E48FFF74CFA44
S214026020024658B1E301500818184FEA15714FF0AE
S214026030000341F1000103F0EBFD706770BD00BF85
S21402604000400840B2E60E0065CD1D00001F00218C
S214026050941E002040420F002DE9F84305460846EC
S2140260609846FFF769FF16460746002D00F0A980FE
S21402607018F0050F5DD02C69002C00F0A480FEF706
S21402608067FE4FF47A735C43201A7B68A0F6AC5026
S214026090C01AFFF791FFAC8B3062002C00F096809E
S2140260A0FEF756FE4FF47A735C43201A7B68A0F61E
S2140260B0AC50C01AFFF780FF70614A4BEC68D3F809
S2140260C00090002C00F08580FEF742FE4FF47A73B3
S2140260D05C43241A7B68A4F6AC54E41A3B68E41AC0
S2140260E0414B1A68E117A2FB044314F1807402FBC9
S2140260F0013343F10003640E44EAC314803C3B4B75
S214026100B4613B4CD3F88430F36123684BB1484604
S21402611012F030F828B12368D9F8480032463946DA
S2140261209847AC69FEF714FE0146204611F0E1FEE0
S214026130F06218F0020F29D06B684FF47A70584359
S2140261405BB13B6803F51C5310331844AB7F002B3E
S21402615046F2A81308BF00231844FFF72DFF6B6909
S214026160B062002B38D078684FF47A7202FB0300D4
S214026170AB7FA0F50350002BA0F1100046F2A81347
S21402618008BF0023C01AFFF717FF706218F0040F4B
S21402619017D0A86818B34FF47A735843A0F5035083
S2140261A01038FFF709FFF0602B684FF47A705843F7
S2140261B023B13B6803F51C5310331844FFF7FCFE6B
S2140261C03061BDE8F8834CF2503062E74CF2503052
S2140261D070E74CF2503483E747F23050D3E747F289
S2140261E03050DEE7E81B0020941E0020001F00212E
S2140261F0901E0020064BD86DDB69C0F3011203F037
S2140262001F03000C02FB000001331844704700BF56
S2140262100060084010B508461C4611F0FAFD094B0E
S2140262200246D3F8F800FFF787FE0368A018002B93
S214026230054AA8BF4FF4FA721A44044B92FBF3F2D3
S214026240104410BD001F00210CFEFFFF18FCFFFFCC
S214026250074BD3F8D8304FF604014FF605029BB22F
S2140262608B4208BF1346034A01209365704700BF5E
S2140262700081E00F0050084070B5194C0FCC86B074
S21402628001AD0FC5C822236816482B60002112F004
S214026290AFF97C220021144812F0AAF9134B144AD3
S2140262A0C3F8F020FFF728FE124B1B782BB101AD86
S2140262B00FCD0B4E0FC62B6823600F4B0F4AC3F849
S2140262C0DC2F0F4AC3F8E02F0E4AC3F8E42F02F180
S2140262D0957202F27112C3F8E82F06B070BD00BFC5
S2140262E0C81F0021381F0021BC1E0021001F0021EC
S2140262F03F003700F3230020001000210200620254
S21402630009C805780708DC060A4B197801F0FF026F
S21402631029B10021197008499202C1F8A0205978C3
S21402632001F0FF0229B1002159709302024AC2F815
S214026330A43070470024002000000846074BD3F81C
S214026340E40E074BD3F88C301A0103D4054B1B6EB0
S2140263501B0401D500F58070704700BF00100021B5
S214026360004008400000084008B507F065FC0F4BE7
S2140263701A78B2B90E4A126812F4843F11D10D4A45
S2140263801021C2F894101B786BB9094B1B68DB0509
S21402639009D4084B2022C3F89420BDE8084007F031
S2140263A04FBC054AECE7044BF4E700BF0424002088
S2140263B020110020004008440040084610B507F0AF
S2140263C03BFC0E2104460320FFF710FB044B40F271
S2140263D0012220465A62BDE8104007F031BC00BFD9
S2140263E000000840044B00221A70044B197811B1C1
S2140263F01A70FFF7B9BF7047032400200424002058
S21402640008B507F019FC244B4FF08052C3F88020E1
S214026410BFF34F8FBFF36F8F4FF48072C3F88020A5
S214026420BFF34F8FBFF36F8F0222C3F88020BFF3F4
S2140264304F8FBFF36F8F1022C3F88020BFF34F8FAA
S214026440BFF36F8F2022C3F88020BFF34F8FBFF3B6
S2140264506F8F4FF00052C3F88020BFF34F8FBFF309
S2140264606F8F8022C3F88020BFF34F8FBFF36F8FEA
S2140264704022C3F88020BFF34F8FBFF36F8F4FF0D9
S2140264800042C3F88020BFF34F8FBFF36F8FBDE883
S214026490084007F0D5BB00BF00E100E008B507F0F2
S2140264A0CBFB0D4B4FF080521A604FF480721A608D
S2140264B002221A60002283F8012310221A60202288
S2140264C01A604FF000521A6080221A6040221A6048
S2140264D0BDE8084007F0B4BB00E100E070B5084C28
S2140264E001232370074B1E68074BD3E90053324043
S2140264F01940284001F0F4F90023237070BD00BF54
S214026500022400209C1E0020201100202DE9F047C6
S214026510DDF820A003EA0108099B06460D4602EABA
S214026520000703EA0A09BAF1000F40F04981031F87
S2140265300B4300F00F81052871F1000380F0E38021
S21402654050EA010300F05C81431E0B4300F01D81FC
S214026550FFF756FFAB4AD2E9004323EA050324EAD3
S21402656006043C4343EA0807A74BA84D1E68DFF81B
S214026570EC8226EA0A0646EA09061E60C2E90047D7
S214026580FFF7F2FE14F02A4F14BF48F202034FF44C
S2140265900043B0079E48C26E48BF43F4005383EAE6
S2140265A0020122EA0302EA669A4A81660B40D36631
S2140265B0C4F380421203210348BF42F48072E3060A
S2140265C048BF42F40052A50648BF42F40072600675
S2140265D09148924DD0F80C3248BF42F480622106B0
S2140265E048BF42F4006282EA030123EA0203C5F8C6
S2140265F00C328B4BC0F808120A40C7F34025AD0494
S214026600C3F80C22E20448BF45F48035A30348BF12
S21402661045F48015A00748BF45F4001514F4001F82
S21402662006D0D8F8000011F0D4FD08B945F40025CC
S214026630E1027C497C4848BF45F40035FA0648BF6B
S21402664045F480050A6A730748BF45F0040585EAE3
S214026650020323F001031A4002621D40CB61734B12
S21402666073481D62734B744A16F0010F18BF1A4620
S214026670836E7D0748BF42F40012704D82EA030122
S21402668023EA0203AB666E4B41660A4000F50050F1
S2140266909A66C16B04F0010305F5005581EA030210
S2140266A021EA0301E96382631A40664BDA63D8F88B
S2140266B00020200248BF644B92F8E92058BF634B83
S2140266C0610748BF43F4806322B114F4C06F18BF59
S2140266D043F480735E485F4CD0F8EC10320748BF34
S2140266E043F0004383EA010222F4A0221140C4F8D8
S2140266F0EC101340C0F8E820574ABDE8F047C2F84D
S214026700EC30FFF7CBBEA0F580630B4306D020F437
S2140267108063A3F500730B437FF41AAF07F08CFA7D
S2140267203849D1E9003223EA060322EA050242EAA0
S21402673008023B43C1E90032484A126892F8E9204F
S2140267400AB313F4C06F1ED0434B4FF48072C3F8E3
S214026750EC2014E007F070FA2A4AD2E9003123F05E
S21402676004033B4341EA080157EA0807C2E900313D
S21402677014BF394A374A4FF48063C2F8EC30BDE89A
S214026780F04707F05DBA334BDFE707F055FA1D4ACC
S214026790D2E9003123F001033B4341EA0801C2E992
S2140267A000312F4A57EA08074FF0010315BF9363DB
S2140267B02C4902F1C062CB6314BFD3639363DEE756
S2140267C050EA01037FF4C4AEBAF1010F7FF4C0AE03
S2140267D007F032FA0C4A136823F0010343EA09036E
S2140267E01360134A4FF48063B9F1000F04D0536666
S2140267F002F1C0629366C2E710498B665366BEE733
S214026800BDE8F087201100209C1E002000000844EE
S2140268100000084000000846006008400060084487
S2140268200060084600400840004008440040084611
S21402683000500840041C5000041850000050084441
S21402684000500846007008460D0A0A09090A0A0995
S214026850001008400010084400100846E81B0020FC
S2140268600070084000700844024B5868C0F3C0002D
S214026870704700BF20110020024B186800F001008C
S214026880704700BF20110020024B5868C0F3C0308A
S214026890704700BF2011002010B50446FEF7B6FF71
S2140268A0FFF7AEFD04F14C00FDF79CFEFEF77CFF01
S2140268B0FEF7D0FBFEF73CFCFFF792FB1049114AAD
S2140268C0D1F8F810072304F1A400FFF7C5FB4FF434
S2140268D040010020FEF794FD4FF400110120FEF760
S2140268E08FFDFFF7B5FC20B940F2E7221421FDF731
S2140268F0BFF9FFF7EBFABDE810400120FEF71CBE19
S214026900001F00216C1F0021084B8022C3F888203C
S21402691003F17E430822C3F88820054AD2F8BC3E1B
S21402692023F02003C2F8BC3E704700BF0040084672
S2140269300010002108B507F07FF9FFF7E5FF034BCB
S21402694001229A60BDE8084007F07AB90040084084
S214026950F0B583B00646144602F0C2F8002800F0EE
S2140269609B80514BDD6815F0060540F0958007F0D8
S21402697063F923790095022B07463ED1237B022B2F
S21402698035D00320FEF732FD18B9484B5B685B042E
S2140269907FD5A37B257B4649A2680192003B18BFA0
S2140269A00123012D0B705DD0424A434C0023137025
S2140269B02278002A61D13C4E0420FEF7EDFBF36EEE
S2140269C023F0F85323F4F81343F0506343F4803370
S2140269D0F3662A46022301A90420FEF7FBFB0028E1
S2140269E052D0364B012130222170C3F8942038460B
S2140269F007F026F9002003B0F0BD0320FEF7F6FCF0
S214026A00002846D12279D6F8AC30012A226838D03E
S214026A10D51A254B2A4A0095DA6600221A67627B47
S214026A20284B002A0CBF012200221A70264B264A47
S214026A30D3F8BC3E0CBF43F0200323F02003C2F879
S214026A40BC3E0320FEF7A8FB174B204ADA662279E3
S214026A50012369460320FEF7BDFBF8B11C4B012259
S214026A601A708BE72379022B9ED0009BD6F8AC10C7
S214026A700B4413440025019396E72370FFF774FC3A
S214026A8099E79A42C5D3C3E70320FEF785FB0C4B72
S214026A90F366384607F0D4F80320ACE7384607F02A
S214026AA0CFF80120A7E700BF00500840004008408A
S214026AB00624002003240020042400200040084668
S214026AC0000001010524002000100021010C010035
S214026AD0072400202DE9F3410D46074607F0ACF8DF
S214026AE01B4BDFF8788000241C70FFF70DFF194B54
S214026AF0C8F86C30C8F8704006466879431E58429B
S214026B00584101F08DFC40F60143C8F870302A79EE
S214026B102968D7F8B430012A01D1994200D3CC1A99
S214026B2004230DEB030103200194FEF753FB50B937
S214026B30094B88223046C3F8882007F081F80120E6
S214026B4002B0BDE8F081304607F07AF80020F7E799
S214026B5007240020000001010040084400500840BD
S214026B60F8B5194C05462078B0FA80F040F2064295
S214026B703E214009FDF77CF855B96078B0FA80F0FE
S214026B80BDE8F84040F206423E214009FDF770B8E3
S214026B900E4F0F4DD7F8A0304FF44066C3F3812353
S214026BA02370C5F8A0606078B0FA80F040F2064222
S214026BB03E214009FDF75CF8D7F8A430C3F38123E1
S214026BC06370C5F8A460F8BD0024002000000840E9
S214026BD000000844F8B50B4C0B4DD4F888300B4F28
S214026BE00423C5F88830D4F888305B0300D4F8BD97
S214026BF00426C7F88860022011F01AF9C5F88860E2
S214026C00F1E700BF00400840004008460040084444
S214026C101C4B70B5D3F888601B4D03F18063A82225
S214026C20C3F8882010221A60184A194B93666B66BE
S214026C30FFF76AFB174B1B7813B90320FEF7ACFA73
S214026C4000242C67FFF7C6FF134A144BD2F8E41E43
S214026C500B40C2F8E43E124B0422C3F88820114BC4
S214026C60B206C3F8C44008D503F580739B6CB3F52F
S214026C70817F22BF034B80229A60BDE8704001F0FC
S214026C80C9BD00BF004008400050084000500844FC
S214026C90100000020724002000100021DF0000FF81
S214026CA000400844001E002110B549B918B3144A22
S214026CB053681B0E13F00E0F1DD113689A061AD4D2
S214026CC0FFF77CFB0E4C0020FEF70CFF032801D0DA
S214026CD0092806D1D4F88C30DB03F4D4636F0C2B6E
S214026CE0F1D9FFF777FF074B0122DA6003F17E4303
S214026CF00422C3F88820044B4FF4C0625A6210BDC7
S214026D0000400840004008460060084408B50321D9
S214026D100920FEF76BFE024B20229A6008BD00BFD8
S214026D200040084038B5054606F086FF0446FDF7E3
S214026D3015FC35B1FFF756FB2046BDE8384006F095
S214026D407FBF084B1B78002BF6D0074B1D78002D13
S214026D50F2D1FFF747FB2A464FF480400021FFF7A7
S214026D60BDFBE9E703240020022400202DE9F84FAA
S214026D70564B0646D3F888300D461446002A40F095
S214026D80A28013F0A00F14BF4FF001094FF00009C4
S214026D90DFF854814E4F01F03DFDA023C8F888303D
S214026DA00320FEF7F9F90420FEF7F6F94FF0000A81
S214026DB0FFF718FB474BFB66C7F870A0FFF70AFF02
S214026DC0454BD3F8BC2E42F02002C3F8BC2EFF225D
S214026DD0C8F800203D4A4FF480719160D3F8E42E43
S214026DE03E494FF0040B1140C3F8E41EC8F888B0C1
S214026DF0C3F8C4AEFB6813F0060F04D0FEF73EFBE2
S214026E005846FEF7C9F9B9F1000F08D0344B4FF4D3
S214026E100062C3F88820334B4FF400425A6666B1CC
S214026E20304B5B6C180701D4FFF7C8FAFFF76EFF0A
S214026E300420FEF7B1F9FFF767FA244BDA68D107A8
S214026E403FD55A6812F0706FFBD1274B274AC3F81A
S214026E508820274A936B23F0F003936315B12046EC
S214026E60FFF760FF234BD3F8B4305A1C01D05B0007
S214026E7002D51D4B0122DA601CB31A4BDA6E9A66F3
S214026E80124A136A23F00103D3611B4BD3F80C2278
S214026E90C3F80822A3F54053DA6F9A67A3F50053A6
S214026EA0D3F8EC20C3F8E82003F5C043DA6B9A6304
S214026EB0A3F50053114A5A660B4B4FF60842C3F825
S214026EC08820BDE8F88F4FF0000961E700400840CF
S214026ED0005008400000010100100021DF0000FF02
S214026EE000400846000008400040084410003000F9
S214026EF0001F00210081E00F006008405000F002F1
S214026F009A4B196EDA6E2DE9F04F01EA0209C3F8C0
S214026F10689003F5805385B0D3F8E060D3F8EC2090
S214026F201640C3F8E86003F5A043D3F80012D3F87E
S214026F300C2201EA020AC3F808A2A3F50053596913
S214026F401A6A01EA02088A4A08EA0202DA61894BE8
S214026F50D3F80022910006D4D3F800319A00C3F386
S214026F60407740F1E18006F067FE834BDA68DF6D1A
S214026F7012F0060F9A6E07EA020727F4800222F43E
S214026F80006214BF4FF0010B4FF0000B5A667B07EE
S214026F9004D57A4A537D0133DBB2537506F050FEB0
S214026FA0B9F1000F00F0DF8019F4004427D006F094
S214026FB043FE0146FFF7C2F96F4D0446AA69AB6964
S214026FC09A42FCD0AA699342FCD0FFF7B7F9A042D6
S214026FD040F0AC80084606F033FE694B1C60694BF5
S214026FE0D3F8885015F4E05240F0A28024F07F4493
S214026FF024F0DF040CB9FFF70BFE4FF0807419F093
S214027000020F4FF0000516D05E4B5F49D3F888306A
S21402701003F46042C1F88820002A00F09E801D0416
S21402702000F19E8013F4005F0CBF4FF000534FF048
S21402703000631C430025C9F340394FEA4909534B04
S2140270403340002B4AD016F4206F0AD040F60F02C7
S21402705006210020FCF70CFE0020FFF763FE26F454
S2140270608026F00506D5484BFF221A6044F4C06419
S214027070FFF7A4F916F0090F0AD040F624020821F9
S2140270800020FCF7F5FDFFF741FE414B01229A6214
S21402709016F0106F0CD040F62D0209210020FCF7E6
S2140270A0E7FDFFF733FE002211461046FDF72EFAE3
S2140270B016F4202F0AD040F6350207210020FCF7EE
S2140270C0D7FD0020FFF72EFE26F48026F10301D519
S2140270D0FDF76CFB002EB8BF49F0080972070DD504
S2140270E02B4B5B6A13F4005F14BF2A4A2A4A4FF4FA
S2140270F000531ABF536244F400045362730548BF38
S21402710044F0040416F4802600F0AA80FDF718FB6B
S2140271100138062842D8DFE810F0210124012101B7
S21402712027012A012D012D01BB4639E7044645E712
S2140271300192FFF76DFD144B019AC3F8882015F4EF
S214027140805307D115F4806F0CBF4FF080544FF078
S214027150806454E74FF0804451E74FF0007368E7CD
S2140271604FF0004365E74C464D4668E7000008408E
S2140271700000F7FF00E100E000500840A01E0020DB
S214027180981E00200040084000400844090B0B8966
S21402719000100840001008440010084640F6660238
S2140271A003210020FCF764FD7C4A136ED2F88000AF
S2140271B003F007030633012101FA03F3C0F30C00C0
S2140271C01B1A9BB2072B13D9754BD3F8883058027B
S2140271D00ED47448136B126DC06C58B103F00703DB
S2140271E006339940C2F30C03C91A89B2072901D89B
S2140271F044F400746C4B1B78002B31D0674BD3F8E9
S214027200E03013F4A02F2BD1684B694A1B7893B950
S214027210FB0410D4137873B1E308664943EA457356
S21402722083F00103D1F8E41E03F001035B0021FAA8
S21402723003F3980714D10420FDF7AEFF5E4B5F49B7
S214027240D966FFF7CFF85A4A13782BB95C4B5D4ADA
S2140272501B682340134201D144F4804427F480572C
S214027260BAF1000F1DD01AF4805F18BF44F48024D0
S2140272701AF4807F18BF44F400241AF4005F18BF83
S21402728044F010041AF4007F18BF44F020041AF4E5
S214027290806F18BF44F040041AF4006F18BF44F021
S2140272A08004B8F1000F3BD018F4802F18BF45F4C5
S2140272B0007518F4803F18BF44F4805418F4801FF9
S2140272C018BF44F4003418F4001F18BF44F0020438
S2140272D018F4003F18BF44F4801418F4800F18BF47
S2140272E045F0100518F4002F1AD0324BD3F8BC3EE6
S2140272F013F0C00F14D02A4B5A68C2F30362032A53
S21402730001D0072A07D1D3F88C20D10603D4D3F8AC
S2140273109020120731D54FF40022DA6128F40028B3
S214027320002F00F00D81380540F18180264ADFF8F3
S21402733088A0D378002B4DD0013B4FF40061DBB21E
S214027340CAF86410D37033B9204B1B78C3B1204BF4
S21402735040F60142DA660023002266E044F48034F6
S21402736022E744F400641FE744F480641CE744F414
S214027370807419E744F0080416E744F40014CFE7D3
S214027380DAF8703013F4A05F15BF4FF4807340F63E
S2140273900143CAF85030CAF87030DCE700100840E3
S2140273A00040084000000840042400200324002077
S2140273B005240020001000210050084000000101B2
S2140273C020110020088D0100F6230020072400204B
S2140273D0005008460320FDF7DFFEDAF80C30A84816
S2140273E0A84913F0060F02BFA74B41F61F72DA66D2
S2140273F04FF40063CAF86430DAF80C3013F0060370
S21402740008BFCAF87030C38A13F4006260D023F44F
S2140274100063C3820B7803F0FF0A002B5CD1FEF7F1
S2140274202DF8FFF7F5FB534620221C431543B901FE
S2140274300BD52E20FEF752F9934A4FF0007393664F
S21402744002F17C4245F008055366FA0608D52B2061
S214027450FEF744F98C4A1023936602F17C42536687
S21402746017F4E00F05D1FB045ED5BBF1000F00F068
S214027470AC80B80210D52920FEF730F9FFF7F4F9F0
S21402748040B18249824A834B53668B668249496879
S214027490490424D445F0040517F4800BDFF8F0A164
S2140274A029D00420FDF778FE2720FEF717F9FFF70C
S2140274B0AFFB4FF48003CAF86430784BD3F8E42E5F
S2140274C050067CD4764B02221A6045F0020528E06C
S2140274D00B784FF40053A8E74FF400433CE76A49A1
S2140274E020208B665366FEF7F9F82D2045F00C0532
S2140274F0FEF7F4F8D0E7FA024CD50420FDF74CFE6E
S2140275002820FEF7EBF8DAF87030002B3FD1FFF7B1
S2140275107FFB5D4A5F4B936602F17C4245F00105B4
S21402752053665B4B00221A657B0509D55D4A937844
S214027530002B00F09880013B9370002349EA030970
S2140275404A4620462946FEF7C9FF0EB1FDF720F946
S21402755018F4002F00F08C804F4B4FF40022DA61B3
S21402756018F0206F00F0888018F0007F01D0FDF739
S214027570C1FB18F0006F01D0FDF7D8FB00220020F7
S2140275804FF4006105B0BDE8F04FFEF7A7BFCAF89A
S21402759070B0BEE7FB04C4D50420FDF7FDFD424BE8
S2140275A0CAF86C30FDF76AFFDAF85C3013F4A00F05
S2140275B0B7D12A20FEF792F8FFF72AFB7DE7D3F829
S2140275C0BC3E990681D4394B7DE7364A13794BB1D6
S2140275D0013BDBB2137113B92C4B354ADA66002332
S2140275E01C43A1E70420FDF7D7FD0320FDF7D4FDD9
S2140275F0274B2D4ADA6606F01FFB82460DF10F0076
S214027600FEF770FA2B4B1B7883460BB1FEF7D6FEBD
S214027610BBF1030F0ED1DFF880B00020FEF762FA4E
S214027620032807D1DBF88C30DA03F6D4DBF87430A3
S2140276300C2BF2D99DF80F30032B06D11E4B0122DC
S21402764050461A7006F0FCFAC9E71C4BD3F8E03035
S21402765013F4A02FF2D1FEF7C5FE504606F0F0FA5C
S2140276604FF48043BCE70220FDF796FD012365E751
S214027670B8F1000F7FF474AF05B0BDE8F08F00BF1D
S214027680A01E002007240020005008440050084690
S2140276900050084010000002004008400010002180
S2140276A000400844F623002000000101004008467E
S2140276B00000010D062400200324002000100840CC
S2140276C0014B1B68184700BF040C0020034A012325
S2140276D0136202F17C42D361704700BF0040084447
S2140276E00B4B10B55C691A6A1440A2B2DA61E20763
S2140276F004D55868C0F30360FFF7E8FF630706D5B2
S214027700BDE81040042200200021FEF7E7BE10BDAF
S214027710004008400C4A08B5136BD16B0B409363CC
S214027720DB070FD5094B187840F6AC22122100F081
S2140277300100FCF79DFABDE8084000220120002166
S214027740FEF7CCBE08BD00BF007008402011002026
S214027750044BDA6FD207FCD41A6FD96F0A409A67C5
S214027760704700BF0030084070B50D46144606F05C
S21402777063FA064BD3F8BC6E74402C407440C3F8D0
S214027780BC4E06F05DFA05EA060070BD0010002148
S214027790034BD3F8BC3E99430CBF01200020704730
S2140277A00010002109490A4AD1F8EC0010B504235A
S2140277B00124C2F8EC308C624FF40051516241074A
S2140277C044BF02F10072C2F8EC3010BD001008404F
S2140277D00010084437B5204D0C4641B90A46072129
S2140277E0FFF7C2FF1D4B2C635C6003B030BD07225F
S2140277F01146FFF7B9FF1A4B07225A60237985F81C
S214027800303063790193012101A810F004FD019B39
S214027810C2B2D34000F00F0040EA031085F83100F0
S214027820A27985F83220E27985F8332020686863E9
S21402783083B1028801218B4205D82379013B134488
S214027840084A9361D1E730F81150AA4228BF2A4667
S2140278500131F0E71A46F0E7001F0021301F002131
S214027860000008440000084010B5054C237823B1F8
S21402787001F0D0FB0020207010BD0320FCE700BF03
S2140278800924002008B501F0AFFB024B01221A7052
S214027890002008BD09240020431C07D0044B6FF0CB
S2140278A0FF029A6103F1007310409861704700BFAF
S2140278B00070084400F01803182B0AD003070AD4F5
S2140278C010F0100040F2011318BF1846034BD8649C
S2140278D070470020FAE70120F8E700BF001F0021EA
S2140278E0344B2DE9F7431E6801F4007900F00103DA
S2140278F0174653EA090205460C462ED04FF00008FA
S21402790003B30023002201200021CDE90088FEF700
S214027910FDFD41463046FEF77BF841467083012066
S214027920FBF7FCFF716B06F1A400FEF7EFF82249A5
S2140279300868FFF7B1FF4FF0FF330B60337C43F06C
S21402794004033374B9F1000F07D00121304610F05A
S2140279506AF824F4007405430C43D6E93E232A4011
S214027960234052EA030103D0144930460968884787
S214027970FB070FD51249134A0868136800211160E5
S214027980114A0121117003B19847104B00215B6820
S2140279900220984717F00E0F08D040F2F3123B2150
S2140279A0002003B0BDE8F043FCF762B903B0BDE8BF
S2140279B0F08300BFE81B0020080C00200C0C0020FF
S2140279C0C81E0020CC1E00200B240020E40B002042
S2140279D0F7B50446D4E93EC71046DDE908268CEA28
S2140279E0020587EA06010540194085EA0C0579403A
S2140279F0C4E93E5123F4004106EA010320F00100E7
S214027A00002543F40073024043F00203CDE900551B
S214027A10FEF77CFD237C9A0717D5D4F8FC309B052D
S214027A2013D54FF4881120460FF0FDFF237C65F333
S214027A3041032374D4E93E2302400B4052EA030179
S214027A4003D00349204609688847002003B0F0BDEA
S214027A500C0C002038B10368044A002B08BF1346FA
S214027A60034A13607047014BFAE700BF1B7F03000F
S214027A700C0C0020024B986B00F00F00704700BF02
S214027A80001F00210F2938B505460C460ED801F016
S214027A9043F801280CD1074A936B23F00F032343C4
S214027AA09363284610F069FB002038BD0120FCE7EE
S214027AB00220FAE7001F0021014BD86B704700BF77
S214027AC0001F0021014B0020D9637047001F0021D0
S214027AD003282DE9F7434CD8274B13F80080274B91
S214027AE01E5C274B13F8009006F0A6F80746FEF732
S214027AF0C3FE054640B10023CDE900330022002331
S214027B0001200021FEF702FDFEF7BEFE48B100236B
S214027B10CDE900330022002300204FF40041FEF797
S214027B20F5FC26B3174B5C6C04F00804164B314682
S214027B305C644046FFF7B8F84A4631464046FFF7CF
S214027B4015F9124B5C6465B1114B1868416BA43091
S214027B50FDF7DCFF0F490868FFF79EFE4FF0FF3384
S214027B600B60384603B0BDE8F04306F069B8344609
S214027B70DCE703B0BDE8F083B8AB0300B4AB0300A8
S214027B80B0AB0300000008400000084400000846AE
S214027B90E81B0020080C0020104AD2F8883013F0A8
S214027BA0A00F16D1D2F88C0010F0040013D10C4BA3
S214027BB0D3F8E43E23F07F4323F0FF035BB1536820
S214027BC0C3F30362092A07D0B2F10C0018BF0120E2
S214027BD07047002070470120704700BF00400840F1
S214027BE00010002170B50D4616460BB1FFF7DAFD00
S214027BF00A480368026A03F00703063301249C401E
S214027C00C2F30C03E41AA4B2B44228BF3446224696
S214027C102946FCF725FC204670BD00BF0010084030
S214027C2070B50D46064620B9194B1B68A3B1032052
S214027C3011E000F071FF012828D1164B93F900409D
S214027C40C4F11C04641BC4F11C03002BB8BF5B42C6
S214027C50232B0CDD012070BD81EAE173A3EBE173F7
S214027C60DBB2232BF6D80B4B19700020F3E7B57462
S214027C7005F0E2FF084A5369E40223F4FF2304F402
S214027C80FF241C43546105F0DBFFEEE70220E2E727
S214027C90E81B0020082400200070084090F8C2303C
S214027CA053B9074BDA69920208D49B6F13F4706FCC
S214027CB014BF012000207047002070470120704743
S214027CC000600840F8B5436B02EA010523EA0103A7
S214027CD02B434363344A01F00B030C4623EA0501A7
S214027CE0516402F100722B4061070646536411D5B7
S214027CF00121FFF7D3FF68B1FEF76CFF15F0040F02
S214027D0014BF2A4A2A4A4FF40073D361294B04222D
S214027D10C3F88820E20606D515F0100F264B14BFCE
S214027D2000221B22DA6423061DD52F0616D51F4B0A
S214027D304FF400129A6103F17E430122C3F8F82041
S214027D4005F07AFF0E2107460320FDF74FFE1A4B79
S214027D5040F201225A62384605F072FF294606F1C1
S214027D60A400FDF7D3FEE00503D5E90516D5FDF719
S214027D7007FEA20503D5AB0513D5FDF711FE14F0D9
S214027D80600F09D0D6F89410304610F0C7F80B4BA7
S214027D9098640B4B80229A600020F8BDFDF7E8FD40
S214027DA0E7E7FDF7F5FDEAE700000844006008464D
S214027DB0006008440040084400000840001F0021FC
S214027DC000400840014B1868704700BFC41E0020E0
S214027DD037B5012300240022CDE9003400231046E3
S214027DE01946FEF793FB0220FDF7D6F9054D064B22
S214027DF021461C6002206B6898472B6803B0BDE8DA
S214027E0030401847E40B0020CC1E00202DE9FF412D
S214027E10022903900C461546984605D1FFF7D8FF6F
S214027E20002004B0BDE8F081194E05F005FF336866
S214027E3007463BB1AB4205D005F002FF0023336094
S214027E400120EEE7134B3560C3F8008001230022C1
S214027E50CDE90033002310461946FEF757FB0E4BBA
S214027E60002502201D70FDF797F922462B4603A92E
S214027E700220FDF7AFF9094B039A1A60084B1B68FC
S214027E8004469847384605F0DBFE002CC8D1D5E7F5
S214027E90CC1E0020C81E00200B240020C41E00207A
S214027EA0E40B0020044BDB6D5B055ABF034B1878CE
S214027EB0012000F001007047005008400B2400200B
S214027EC0014B98690FF0C1BF00600840014B9869EA
S214027ED00FF0D1BF0060084070B50E4605F0ACFE4C
S214027EE0054600F03DFE044620B1284605F0A8FEF1
S214027EF0204670BDFEF76EFE114B3278D3F8E43E94
S214027F00022A23F0F00316D0101F424242415200CA
S214027F1043EA02137278022A0FD0111F4A424A41DC
S214027F20520043EA8213064AC2F8E43E054B042294
S214027F30C3F88820D9E70122EAE70122F1E700BF69
S214027F40001000210040084470B50E4605F074FE8D
S214027F50054600F01DFE044620B1284605F070FED8
S214027F60204670BDFEF736FE104B3278D3F8E43E5C
S214027F70022A23F00F0315D0101F4242424152003C
S214027F8013437278022A0FD0111F4A424A41520006
S214027F9043EA8203054AC2F8E43E054B0422C3F8CC
S214027FA08820DAE70122EBE70122F1E70010002140
S214027FB000400844F8B50E7890F8D0700446304673
S214027FC00D46FCF7E5FC002844D094F8D030B342C6
S214027FD008D1AA88636C9A4204D16A88B4F8D2306F
S214027FE09A4235D084F8D060AB88A4F8D4306B8837
S214027FF0A4F8D230AB886364FF23637530460FF073
S214028000C8FE04F1D00520752846FCF7A5FF10BB74
S2140280102846FCF7B3FCF0B9D4F8903053B194F884
S214028020D010B94206D0B3F912202046E9F7CAFEAC
S21402803084F8D9002046FCF791FE0949A4F8D4003A
S214028040084AD1F8F810012304F1A400FEF704F858
S2140280500020F8BD01200E2384F8D030F9E700BFD7
S214028060001F00216C1F002170B5054690F8D00055
S2140280700E280C461DD0FF291DD01AB10F4B4FF00B
S214028080FF321A600FF085FE064695F8D000FCF720
S21402809029FD844228BF0446E4B2B44238BF3446BF
S2140280A0E0B26875FCF7BAFDA0F1FF0358425841EA
S2140280B070BD0220FCE70120FAE700BFEC0B0020AF
S2140280C0C36B012B01D10020704770B5364BD0F838
S2140280D09060D3F8F830C0F8943086B03146058BFD
S2140280E004460FF0EDFEB3898DF80600D6E90121AD
S2140280F0EB1A9BB201FB032268460021ADF804305E
S2140281000092FDF79BFE38B9284B228BDA63FCF708
S214028110F1FE20B106B070BD022006B070BD227C12
S21402812060F3410222740FF08EFED4F89030596943
S214028130431EDBB209680291FD2B02460BD9CD1C09
S21402814009D91B4B01311B680CD0D81C07D802A9D1
S2140281502046029301E002A920460FF0F0FD00201F
S21402816006B070BDD91C04D802A9204602930FF0AF
S214028170E6FDD4F8FC309B0504D4237C43F00203CE
S2140281802374ECE74FF4803120460FF04CFCD4E920
S2140281903E2302400B4052EA0301E0D00549204646
S2140281A009688847DBE700BF001F0021003008404F
S2140281B0F40B00200C0C002038B590F8DC40054685
S2140281C0ACB105F039FD0A4B1F22DA61013C03F11E
S2140281D000731440DC6103F17A43D5F8E0201A6696
S2140281E0D5F8E4205A66BDE8384005F029BD38BD0A
S2140281F0006008442DE9F74F06461546084619B9A9
S214028200012003B0BDE8F08F002AF9D0032904D874
S2140282100021FCF7DFFA0028F2D08278048803797E
S21402822090F805B0C788B0F90000002802F00701F0
S214028230C0F2D180A1F1070CDCF1000040EB0C008B
S214028240052928738CBFC2F300100020C2F3801CDD
S2140282506873900985F810C000F00200C2F3C00CE3
S21402826040EA0C00C2F340126874AA74AF820BB9DB
S21402827096F8CA30013BDBB2EB74736BD80600F19A
S21402828096800639012900F29280544BDB6C544BDF
S2140282905A6B1B6B03F0070306334FF0010909FA0A
S2140282A003F909F1FF39083C42F0005804EA0904D0
S2140282B0002318F804A0AB60013404EA0904631D25
S2140282C003EA09035A1C02EA090218F8037018F8AE
S2140282D00220BAF1800F47EA0227727C18BFAAF181
S2140282E0320A3BB214BF4FFA8AFA6FF07F0AC7F31C
S2140282F00B079AB30020D6F89C300BB1514698472C
S214028300631C03EA0903E87385F80EA018F8031045
S214028310013303EA090318F80320013303EA0903C9
S21402832041EA022118F80320013303EA090341EA6D
S214028330024118F803006A7C002341EA00613046D5
S214028340FDF768FF2860737C042B03D1022FDCBF85
S214028350013028600423AB71002052E7D90422D5ED
S214028360D6F894209AB11368022B10D992F82400FA
S214028370FB0008B1B3FBF0F39B45BBD8002BB9D08A
S214028380CBEB0B20B0FBF3F0C043C0B2B3E73046F2
S2140283900FF002FE019030460FF0EEFD019BB3FB9C
S2140283A0F0F0C0B2E4E718F804004000EDE700235E
S2140283B0EB730C4BDA68C2F30723120448BF63F070
S2140283C0FF035AB212F1800F1CBF323B5AB200238F
S2140283D0AA732B60BFE7022013E700BF0000084025
S2140283E0001008400070084070B50A4B0A4DD3F8DA
S2140283F0EC604FF48064C5F8EC400020FEF792FC77
S2140284004FF400536B65730544BF044BC3F8EC404E
S21402841070BD00BF00100840001008440010084657
S214028420082318B1024AC2F888307047014AFAE7B0
S2140284300040084600400844F8B504460E4641B9D6
S214028440037C5A0641BF4FF6FF7261F3861382839E
S21402845003743C4BD4F894701B680BB120469847C3
S214028460394BA18BD3F8842012F4E05F04BF20229C
S214028470C3F810224FF6FF73994204D0334B1B68A1
S2140284800BB120469847324DD4F894102A68914290
S21402849007D020460FF042FD2E4B98642E4B8020CC
S2140284A09860974245D02D4B1B684BB11FB13A6876
S2140284B0002A40D0BF68394620469847D4F8941020
S2140284C008460FF043FD30B32549FDF743FD072765
S2140284D02046FCF743FC16B3224B94F9122093F97C
S2140284E000302149D4F89400C3F11C039B1A4A6950
S2140284F0DB0222F4FF2203F4FF2313431B4A4B61E1
S2140285001B4B286006211167204601221A700FF0C5
S21402851034FE0020F8BD20460FF0DFF9D4E70D4BFD
S2140285200F4AD3F8F81004F1A4003B46FDF794FD79
S214028530D2E70127CCE71746394620469847D4F8B3
S2140285409410BDE7D81E002000600840C01E002020
S214028550B81E0020001F002100400840BC1E00205C
S2140285606C1F002108240020007008400000084408
S2140285700A240020B1F5007F38B50C461BD200F065
S214028580CBFA0128054618D1E8F77EFA00221146F2
S2140285900220E8F7ADF90A4B0A4A1A6303F10073A0
S2140285A0E40202201C632A462946E8F7A1F9E8F706
S2140285B03BFA002038BD0120FCE70220FAE700BFA4
S2140285C000400E4400F80F0002484822002110F036
S2140285D00FB800BFE81E0021002373B5837464231E
S2140285E0C0E92C33C0E92E334FF0FF35C0F8AC306B
S2140285F0A0F8C0300E264FF6FF73C0E9075580F884
S214028600D06045648582837504461120E7F736FFFD
S214028610042834D11B4B5B6813F4403F2FD120460D
S214028620FEF73AF92046FFF7CFFF94F912102046DC
S214028630FFF7F6FA144A6023536402F5805240F6B6
S214028640FF7151625165114A5364114B4022C3F8BF
S2140286508820626B29462046FFF734FB002240F250
S214028660022310461946CDE90066FDF74FFFFCF7D8
S21402867023FA204602B0BDE87040FBF7D5BA0220C6
S21402868002B070BD00300E400000084000000846F0
S2140286900040084470B50C68B0F8D4208D680346D4
S2140286A0013404BFD3F8AC400C604C68013404BFFC
S2140286B0D3F8B8404C606E1C00F1A40038D1D3F851
S2140286C0B440CE688C60751C38D1D3F8B0500E69B1
S2140286D0CD60013604BFD3F8A4600E614E69013640
S2140286E004BFD3F8A8604E618E69013604BFD3F882
S2140286F0BC608E618E693EB34132B24238BF3246AA
S2140287000E688A61C3F8B4404C68C3E92E420A690F
S214028710C3F8A4204A690D49C3F8A820C3E92B650B
S2140287200B4AD1F8F8100723FDF796FC002070BD1F
S21402873002F14104AC4238BF2C46C2E702F164059E
S214028740B54238BF3546C2E76422D9E7001F00218A
S2140287506C1F002138B5084D04462868003818BF3B
S2140287600120621C214600F033FC2B68003B18BF38
S2140287700123A370002038BDD01E002038B5054C5A
S214028780054B417800782568236000F0D9FB00B1DC
S214028790256038BDD01E0020C4AB030070B505F0BE
S2140287A04BFA0C4E054600F0B7F9012804D02846CD
S2140287B005F046FA022070BD736813F0706FC3F3BB
S2140287C00364F0D1F36BDB06EDD5284605F038FAE4
S2140287D02046F0E700400840074B1B684BB10028D4
S2140287E0064A074B08BF00231360064B187000208A
S2140287F070470220704700BFD01E0020D41E002003
S214028800BCAB03000C240020014B1878704700BF55
S2140288100C24002038B505F00FFA0B4A13884FF6E1
S214028820FF718B4203D105F00BFA032038BD074CCB
S214028830074DE56504F100741B04E365118005F03D
S214028840FFF90020F2E700BF9E0E002000600844F9
S2140288500000FFFF2DE9F34105460F461446FFF7D9
S2140288609BF980B1DFF81882D8F80C30DE0740F1A9
S214028870EA8005F0E1F906460320FCF7B7FD38B1B9
S214028880304605F0DDF90226304602B0BDE8F0813A
S214028890D8F80C3013F0060FF2D1304605F0D0F9B6
S2140288A06A4B4FF400612846D3F8E48ED3F8C46EC0
S2140288B0FEF76EFF40B1664B4FF400720121C3F81B
S2140288C088200846FBF72AF839462846FBF778F947
S2140288D05E4BC3F8C46EC3F8E48E06460028D3D1B6
S2140288E02B7CD80601D4002C66D0C4F34000FEF7D9
S2140288F037F914F4807F14BF564A554A4FF00203E4
S2140289001BBFC2F88830544AC2F8883000211CBF08
S214028910D16093624D4BD3F8BC7EFEF75BF94F4AAB
S21402892014F0040F07EA02034FF480616BD04C4840
S2140289309342C16106D14B4A92F8D03043F002030B
S21402894082F8D030424B042214F0400FC3F888203D
S21402895014BF454A454A40232046C2F88030FEF7F7
S214028960A9FF28460FF069FB40B114F0010F14BFAF
S214028970384A374A4FF48073C2F88830A1064CD57D
S2140289806B8C4FF6FF7293420FD0394A3949D26D3B
S214028990100CC2F30112088001323749B3FBF2F31E
S2140289A02F4A3648C8651B04D3652B7C003C18BF8B
S2140289B0012464F304132B7428460FF0DBFBF0B19A
S2140289C028460FF03AFBD0B14FF400312846FEF7A6
S2140289D0DFFE431C9BB203221F4801A90FF084F955
S2140289E09DF8042002F00703052B9DF805301DD1E3
S2140289F0120715D443F480731A4AC2F8CC3000200A
S214028A000FF0B4F940E71C489342C1619AD1154A67
S214028A1092F8D03023F0020392E7FFF7FBFEC4E79A
S214028A2013F0040F09D19DF80630E3E703F0300295
S214028A30202A05D113F0010FF4E74FF48073DBE729
S214028A409DF80630D8E703261EE700BF0010002177
S214028A5000400844004008460010084080000040DD
S214028A6000600846001E0021007008460070084498
S214028A70006008409E0E0020006008440000FFFFD1
S214028A800050084008B5094BD3F8B4305A1C0BD036
S214028A905B0009D40320FFF71BF8054B4FF08062FA
S214028AA0C3F894200122DA6008BD00BF0081E00FFF
S214028AB000400846054BD3F8880003F180634FF464
S214028AC00022C3F88820C0F3C04070470040084028
S214028AD0014B024A1A607047BC1E0020D57702007E
S214028AE0024BD86800F00100704700BF00500840F3
S214028AF0084BDA68D10707D508B9FCF727BBDB684D
S214028B00DA0706D4FCF714BBDB68DB0701D40028BF
S214028B10F8D17047005008400F4B5B68C3F30363FD
S214028B20013B0B2B0FD8DFE803F006060C06060601
S214028B3006080A0808080220704704207047052025
S214028B40704703207047054BDB6813F0060F0CBF17
S214028B5001200420704700BF004008400050084033
S214028B600A4A5368C3F303630B2B08D06FF4905082
S214028B70184100F0010080F0010040007047D2F872
S214028B80880010F48030ECD1704700BF00400840E7
S214028B900C4A5368C3F30363062B07D8042BD8B2D8
S214028BA00CD8C31E5842584140007047072B07D1C5
S214028BB0D2F8440110F00050EBD170470220704703
S214028BC0002070470040084008B5437C033BDBB2F8
S214028BD0072B96BF044A0021D15CFEF773FFBDE85F
S214028BE008400120FCF788BDD0AB0300012310B576
S214028BF080F8C2302823C0F8A83004234374054BFB
S214028C00044619680EF06BFE2046FFF7DDFF0020D3
S214028C1010BD00BF7CC60300012310B580F8C23029
S214028C202823C0F8A83002234374054B044619686B
S214028C300EF055FE2046FFF7C7FF002010BD00BF0E
S214028C4080C60300F8B5D0F8E0308B4204460D46E5
S214028C50164601F0010703D190F8DC30202B19D01C
S214028C604FB3002E14BFAA23552393FAA3F31B0B6C
S214028C7003F4702395FAA5F243EA124323642023F1
S214028C8084F8DC300023C4F8E050C4F8E430204610
S214028C90FFF792FA164A17490F23D365164BDFB130
S214028CA05EB90120D865C2F8FC10226CC2F313022A
S214028CB0C3F8FC20F8BDAA23D7E70220D865C2F87D
S214028CC0FC10226CC2F31302C3F8FC200B4BE564C3
S214028CD00222C3F8B820EDE70220D865C2F8FC10DD
S214028CE0226CC2F31302C3F8FC20002EE2D0EDE79A
S214028CF000600844FFFF0F000060084600100840AE
S214028D00134A072310B55363124C134B89B14421FF
S214028D10E16240F040000121206359634FF4804332
S214028D20C2F8A030C2F8A430C2F8A830C2F8AC30FC
S214028D3010BD4FF48042E16221635963C3F8A0205C
S214028D40C3F8A420C3F8A820C3F8AC20F0E700BFFD
S214028D5000000844000008400000084608B509481C
S214028D60E7F732FC084A136813F4805F08BF1268FC
S214028D704FF0010304BFC2F303229340B0FBF3F0AB
S214028D8008BD00BFA0091400002004402DE9F74FDB
S214028D90DFF8ECB08146DBF800A00F46FCF73CFBA0
S214028DA04FF0FF35CDE9000100202C46064606F1BD
S214028DB010031B015BF8033003F00308B8F1010F40
S214028DC015D13046FCF740FB02460B46DDE90001B2
S214028DD0FCF7D0F9DBF85C3006F10802D340DB077B
S214028DE037D5002F3ED000253E602C464046013641
S214028DF0052EDCD150B3224F396B0131A4FB014161
S214028E0064190AF4403341F10001B3F5003F4FF014
S214028E1000022FD1FB6A0AF4405A013342F10006DF
S214028E20BAF5805F21D1BD6A15F5807542F1000260
S214028E306E4303FB0266A5FB03323244594304FB2E
S214028E400212A3FB04341444C9E9003403B0BDE89B
S214028E50F08FA84271EB0403C8D207B13E60054604
S214028E600C46C3E73D463C46C0E7320242EA13627E
S214028E701B02E3E7BB6A13F5807342F10002DDE7EB
S214028E80005008402DE9F84304F0D6FE274C284D42
S214028E90DFF8A8800646607B030103F1804303F5F2
S214028EA0842300221A64AF6EAA66D5F800112161E7
S214028EB0217B090441F00301C5F8001101300121AC
S214028EC08140C8F820104FF480716966D8F80810FF
S214028ED001315964A16002211964A3680133D8F8EC
S214028EE00810E86D10F4807913D18B42F7D13AB1AD
S214028EF0304604F0A5FEC3221A214846FAF7B8FE09
S214028F00617BA3680B4A09010233A3605350012216
S214028F10E3E74FF480736B66074BAF660122C3F834
S214028F2000213046BDE8F84304F08ABEA01E0020A9
S214028F3000500840442004400050084400200440EA
S214028F400B2870B53CD802293AD81E4C20736173A0
S214028F504FF48A400121E7F7E5F9637B227B1A4941
S214028F600133143243F4801343F4306341F8223061
S214028F70FCF79AFC4608C507FFF7F0FE00230246F8
S214028F803146284600F044FE090241EA1061C0F369
S214028F90C05040EA41000D4B2060986A10F5807080
S214028FA005D14FF4E1722B21FAF762FE0220024647
S214028FB000230020012100F02BFE6060002070BD1F
S214028FC00120FCE7A01E002000600E400050084072
S214028FD028B1044B187B0870587B10707047072323
S214028FE00B70FAE7A01E002010B504F025FE04461A
S214028FF0FFF748FF054B02225A60054B0122204626
S214029000BDE810401A7004F01BBE00BF00500840B6
S2140290100D2400200C490B78A3B10C4B5A7B01237C
S214029020013293400A4A53620A4B4FF08042C3F819
S214029030802100230B70084BD3F80C01D3F80411DF
S21402904000F0A6B8704700BF0D240020A01E002026
S2140290500020044400E100E00050084010B5044639
S214029060FFF77CFE604300F5F420034B00F590709A
S214029070B0FBF3F010BD00BF40420F002DE9F04FE9
S21402908085B0FFF7EBFF044604F0D6FDDFF8F89054
S214029090DFF8F8800021054602A889F80010FFF7DD
S2140290A075FE354BD8F808605B6813F0706F1ED1FA
S2140290B0DFF8C8A0DAF80C7017F0060717D1E0B18F
S2140290C0FCF7F2FB611DA1FB00B10191FFF746FE22
S2140290D03B4602460199584600F09AFDDDE902B386
S2140290E0090241EA10610002584599410ED328460A
S2140290F005B0BDE8F04F04F0A3BDFFF7C3FE1F4B5B
S21402910002225A60012389F80030F0E70193FFF744
S214029110B9FEFFF723FE019B4FEA1B2242EA0362D7
S214029120A0FB02B21B0A00FB03210191FCF7BCFB69
S214029130019902463B46584600F06AFD10494A7BB2
S2140291401301013403F18043361B03F584230644DE
S2140291505E64561C0122B2400A4EC8F82020726293
S214029160D8F808205B6C241AD31AA342C7D20B691C
S214029170CAF80031BBE700BF004008400050084074
S214029180A01E0020002004460D24002000200440DB
S2140291902DE9F74F8B4CDFF83C82637B0191043359
S2140291A01B01002748F80370237B874A1B05936040
S2140291B04FF400339360854B02225A60D8F8083089
S2140291C005465E1E9B1B002B40F3CB800137022F09
S2140291D04DD9DB220D210020FAF74AFD7B4E7C4A50
S2140291E04FF0807373662369C6F80031237B1B0534
S2140291F043F400339360637B764A04331B010024F6
S214029200D45004F019FDB769D6F85CC0224623464E
S2140292104FF4807E02F110010901715801F003013A
S214029220012910D10EFA02F111EA0C0F0BD106EB4E
S2140292300214AF42D4F80C41C0F09B80A54202D281
S214029240A74280F099800132052AE3D1624D29684F
S214029250012940F294802BB15A49CA8A1A43CA821B
S2140292605A4A136603B0BDE8F04F04F0E9BC637BCC
S21402927004331B01002248F8032004F0DDFC5349A6
S21402928000904FF080734B6694F80DC0D8F80860D3
S2140292904FEA0C1C0CF1804C0CF5842C0136CCF8F1
S2140292A044600B68D80356D5A36822680198F31A5F
S2140292B0A3FB02AE8B6A03F580796368AEFB0321DB
S2140292C0AAFB03B39B1841F10001A9FB032BBAEBDF
S2140292D0020209FB01BB6EEB0B0E120A42EA0E6299
S2140292E00244B2EB192F4FEA192E04D3013341F18F
S2140292F00001A2EB0E02AEF1040E7245DFF8CC902E
S21402930028BF7246C9F81020627DD9F818E0EB181B
S214029310D2B241F100017545D9F830E084BF02F1BE
S214029320FF32D2B2BEF1FF3F0ED04FF0000A0EF16E
S21402933001099E457AEB010B08D20132B3EB090311
S214029340D2B261F10001F4E70A44D2B202F003029B
S21402935062751E4A936102230098CCF8403004F0EE
S2140293606FFC1A4AD8F80830D26DD2017FF52AAFC0
S21402937034E7A542BFF464AF19438BB263E7174ADA
S2140293801478142C01BF0024154E1470347014780F
S21402939001341470002B3FF465AF0A4EF48A1C4366
S2140293A0F4820A4C23660E4C23780133DBB2022B7E
S2140293B023707FF457AF00230131296013702370A6
S2140293C050E700BFA01E002000500846005008408C
S2140293D00050084400200440441E00200F240020B1
S2140293E00E24002081F0004102E000BF83F000431B
S2140293F030B54FEA41044FEA430594EA050F08BF29
S21402940090EA020F1FBF54EA000C55EA020C7FEAEC
S214029410645C7FEA655C00F0E2804FEA5454D4EB69
S2140294205555B8BF6D420CDD2C4480EA020281EA33
S214029430030382EA000083EA010180EA020281EA6B
S2140294400303362D88BF30BD11F0004F4FEA0131BD
S2140294504FF4801C4CEA113102D0404261EB4101CC
S21402946013F0004F4FEA03334CEA133302D0524252
S21402947063EB430394EA050F00F0A780A4F101040E
S214029480D5F1200E0DDB02FA0EFC22FA05F2801848
S21402949041F1000103FA0EF2801843FA05F359412E
S2140294A00EE0A5F120050EF1200E012A03FA0EFCAD
S2140294B028BF4CF0020C43FA05F3C01851EBE371D7
S2140294C001F0004507D54FF0000EDCF1000C7EEBF4
S2140294D000006EEB0101B1F5801F1BD3B1F5001F32
S2140294E00CD349085FEA30004FEA3C0C04F1010451
S2140294F04FEA445212F5800F80F09A80BCF1004F7A
S21402950008BF5FEA500C50F1000041EB045141EAFB
S214029510050130BD5FEA4C0C404141EB0101013CC4
S21402952028BFB1F5801FE9D291F0000F04BF0146B3
S2140295300020B1FA81F308BF2033A3F10B03B3F185
S21402954020020CDA0C3208DD02F1140CC2F10C0215
S21402955001FA0CF021FA02F10CE002F11402D8BF73
S214029560C2F1200C01FA02F120FA0CFCDCBF41EA3F
S2140295700C019040E41AA2BF01EB0451294330BD0E
S2140295806FEA04041F3C1CDA0C340EDC04F11404EB
S214029590C4F1200220FA04F001FA02F340EA0300C2
S2140295A021FA04F345EA030130BDC4F10C04C4F108
S2140295B0200220FA02F001FA04F340EA03002946E8
S2140295C030BD21FA04F0294630BD94F0000F83F432
S2140295D0801306BF81F480110134013D4EE77FEA15
S2140295E0645C18BF7FEA655C29D094EA050F08BF61
S2140295F090EA020F05D054EA000C04BF1946104642
S21402960030BD91EA030F1EBF0021002030BD5FEA85
S214029610545C05D14000494128BF41F0004130BDAD
S21402962014F580043CBF01F5801130BD01F0004501
S21402963045F0FE4141F470014FF0000030BD7FEA74
S214029640645C1ABF194610467FEA655C1CBF0B466F
S214029650024650EA013406BF52EA033591EA030F86
S21402966041F4002130BD00BF90F0000F04BF00217E
S214029670704730B54FF4806404F132044FF00005B1
S2140296804FF0000150E700BF90F0000F04BF00212A
S214029690704730B54FF4806404F1320410F0004590
S2140296A048BF40424FF000013EE700BF42004FEA8B
S2140296B0E2014FEA31014FEA02701FBF12F07F4308
S2140296C093F07F4F81F06051704732F07F4208BFBF
S2140296D0704793F07F4F04BF41F40021704730B5C6
S2140296E04FF4607401F0004521F000411CE700BF12
S2140296F050EA010208BF704730B54FF000050AE095
S21402970050EA010208BF704730B511F0004502D595
S214029710404261EB41014FF4806404F132045FEA97
S214029720915C3FF4D8AE4FF003025FEADC0C18BF40
S21402973003325FEADC0C18BF033202EBDC02C2F132
S214029740200300FA03FC20FA02F001FA03FE40EAC4
S2140297500E0021FA02F11444BDE600BF70B54FF0C8
S214029760FF0C4CF4E06C1CEA11541DBF1CEA1355A6
S21402977094EA0C0F95EA0C0F00F0DEF82C4481EA0E
S214029780030621EA4C5123EA4C5350EA013518BF2E
S21402979052EA033541F4801143F4801338D0A0FB1B
S2140297A002CE4FF00005E1FB02E506F00042E0FBC8
S2140297B003E54FF00006E1FB03569CF0000F18BFCE
S2140297C04EF0010EA4F1FF04B6F5007F64F5407476
S2140297D004D25FEA4E0E6D4146EB060642EAC62109
S2140297E041EA55514FEAC52040EA5E504FEACE2E76
S2140297F0B4F1FD0C88BFBCF5E06F1ED8BEF1004F79
S21402980008BF5FEA500E50F1000041EB045170BDF4
S21402981006F0004646EA010140EA020081EA030138
S214029820B4EB5C04C2BFD4EB0C0541EA045170BD34
S21402983041F480114FF0000E013C00F3AB8014F1AE
S214029840360FDEBF002001F0004170BDC4F10004F7
S214029850203C35DA0C341BDC04F11404C4F1200578
S21402986000FA05F320FA04F001FA05F240EA0200D3
S21402987001F0004221F0004110EBD37021FA04F609
S21402988042EB06015EEA430E08BF20EAD37070BDC3
S214029890C4F10C04C4F1200500FA04F320FA05F022
S2140298A001FA04F240EA020001F0004110EBD37024
S2140298B041F100015EEA430E08BF20EAD37070BD94
S2140298C0C4F1200500FA05F24EEA020E20FA04F36D
S2140298D001FA05F243EA020321FA04F001F000411C
S2140298E021FA04F220EA020000EBD3705EEA430E8D
S2140298F008BF20EAD37070BD94F0000F0FD101F0BC
S2140299000046400041EB010111F4801F08BF013CF4
S214029910F7D041EA060195F0000F18BF704703F032
S2140299200046520043EB030313F4801F08BF013DB9
S214029930F7D043EA0603704794EA0C0F0CEA135575
S21402994018BF95EA0C0F0CD050EA410618BF52EA2F
S2140299504306D1D181EA030101F000414FF0000035
S21402996070BD50EA410606BF1046194652EA430643
S21402997019D094EA0C0F02D150EA013613D195EAB7
S2140299800C0F05D152EA03361CBF104619460AD1FF
S21402999081EA030101F0004141F0FE4141F4700109
S2140299A04FF0000070BD41F0FE4141F4780170BDF9
S2140299B070B54FF0FF0C4CF4E06C1CEA11541DBF5E
S2140299C01CEA135594EA0C0F95EA0C0F00F0A7F860
S2140299D0A4EB050481EA030E52EA03354FEA01318D
S2140299E000F088804FEA03334FF0805545EA1313A0
S2140299F043EA12634FEA022245EA111545EA106568
S214029A004FEA00260EF000419D4208BF964244F1FE
S214029A10FD0404F5407402D25B084FEA3202B61A1D
S214029A2065EB03055B084FEA32024FF480104FF4F1
S214029A30002CB6EB020E75EB030E22BFB61A754665
S214029A4040EA0C005B084FEA3202B6EB020E75EBF8
S214029A50030E22BFB61A754640EA5C005B084FEA60
S214029A603202B6EB020E75EB030E22BFB61A75462D
S214029A7040EA9C005B084FEA3202B6EB020E75EB38
S214029A80030E22BFB61A754640EADC0055EA060EF9
S214029A9018D04FEA051545EA16754FEA06164FEA3C
S214029AA0C30343EA52734FEAC2025FEA1C1CC0D1E8
S214029AB011F4801F0BD141EA00014FF000004FF075
S214029AC0004CB6E711F4801F04BF01430020B4F136
S214029AD0FD0C88BFBCF5E06F3FF6AFAEB5EB030CEE
S214029AE004BFB6EB020C5FEA500C50F1000041EBEB
S214029AF0045170BD0EF0004E4EEA113114EB5C04B8
S214029B00C2BFD4EB0C0541EA045170BD41F480118A
S214029B104FF0000E013C90E645EA060E8DE60CEA92
S214029B20135594EA0C0F08BF95EA0C0F3FF43BAFAF
S214029B3094EA0C0F0AD150EA01347FF434AF95EA66
S214029B400C0F7FF425AF104619462CE795EA0C0F4A
S214029B5006D152EA03353FF4FDAE1046194622E717
S214029B6050EA410618BF52EA43067FF4C5AE50EAF1
S214029B7041047FF40DAF52EA43057FF4EBAE12E7E1
S214029B804FEA410212F5001215D211D56FF478731E
S214029B90B3EB625212D94FEAC12343F0004343EAC1
S214029BA0505311F0004F23FA02F018BF404270479C
S214029BB04FF00000704750EA013005D111F0004026
S214029BC008BF6FF0004070474FF00000704700BFBC
S214029BD04A0011D212F5001211D20DD56FF4787325
S214029BE0B3EB62520ED44FEAC12343F0004343EA7A
S214029BF0505323FA02F070474FF00000704750EAC5
S214029C00013002D14FF0FF3070474FF0000070472E
S214029C1053B94AB9002908BF00281CBF4FF0FF31CC
S214029C204FF0FF3000F06AB9ADF1080C6DE904CED2
S214029C3000F006F8DDF804E0DDE9022304B0704720
S214029C402DE9F047089D0C46002B4ED194468C45D4
S214029C508646B2FA82F262D94AB1C2F12003914034
S214029C6020FA03F30CFA02FC194300FA02FE4FEA4A
S214029C701C471FFA8CF6B1FBF7F44FEA1E4307FBAC
S214029C80141143EA014304FB06F199420AD91CEB7C
S214029C90030304F1FF3080F01381994240F21081F1
S214029CA0023C6344591A1FFA8EF3B1FBF7F007FB26
S214029CB0101143EA014300FB06F69E420AD91CEB4A
S214029CC0030300F1FF3180F0FD809E4240F2FA80ED
S214029CD0634402389B1B40EA044000211DB1D34076
S214029CE00022C5E90032BDE8F0878B4205D90DB1E6
S214029CF0C5E9000100210846F5E7B3FA83F1002919
S214029D0046D1A34202D39042C0F0F180861A64EB99
S214029D1003030120002DE6D0C5E90063E3E7002A2D
S214029D2040F09180A1EB0C044FEA1C481FFA8CF716
S214029D300121B4FBF8F64FEA1E4308FB164443EA39
S214029D40044307FB06F0984208D91CEB030306F10E
S214029D50FF3402D2984200F2CE8026461C1A1FFA20
S214029D608EF3B4FBF8F008FB104443EA044300FB0E
S214029D7007F79F4208D91CEB030300F1FF3402D217
S214029D809F4200F2B1802046DB1B40EA0640A5E770
S214029D90C1F120068B4022FA06F71F4320FA06FC82
S214029DA004FA01F343EA0C03F44000FA01F8380C13
S214029DB04FEA1349B4FBF0FE1FFA87FC00FB1E4471
S214029DC049EA04440EFB0CF9A14502FA01F20AD94B
S214029DD03C190EF1FF3A80F08580A14540F2828060
S214029DE0AEF1020E3C44A4EB09041FFA83F9B4FB5D
S214029DF0F0F300FB134449EA044403FB0CFCA445BD
S214029E0007D93C1903F1FF3068D2A44566D9023B54
S214029E103C4443EA0E40A0FB0293A4EB0C049C4293
S214029E20CE469C4652D34FD055B1B8EB0E0364EBE8
S214029E300C0404FA06F6CB40CC401E43C5E9006487
S214029E400021BDE8F087C2F1200320FA03F10CFAE4
S214029E5002FC24FA03F394400C434FEA1C4800FA2F
S214029E6002FE1FFA8CF7B3FBF8F008FB1031230C46
S214029E7043EA014300FB07F1994208D91CEB0303AE
S214029E8000F1FF362CD299422AD9023863445B1A73
S214029E90A4B2B3FBF8F108FB113344EA034401FB16
S214029EA007F3A34208D91CEB040401F1FF3613D2D0
S214029EB0A34211D902396444E41A41EA004138E760
S214029EC00446EFE6084605E7C845ADD2B9EB020EF2
S214029ED063EB070C0138A7E73146EDE7034698E740
S214029EE03046D4E7D6467EE7634402384CE7064659
S214029EF0234608460EE7023E63442FE7704700BF3C
S214029F00024B0A46014618680EF097B9240C002048
S214029F1008B5064B044613B10021AFF30080044B8C
S214029F201B6803B19847204604F0E3FB00000000DC
S214029F301C200020024B0146186800F02DB800BF16
S214029F40240C0020024B0146186801F017B800BF27
S214029F50240C002070B50F4E0C463168054611B928
S214029F6000F0C2FF30602146284600F0BDFF431CC9
S214029F7003D14FF0FF34204670BDC41C24F0030406
S214029F80A042F8D0211A284600F0AEFF0130F2D1E6
S214029F90EFE700BFDC1E00202DE9F041CD1C25F0C6
S214029FA0030508350C2D38BF0C25002D064601DBAF
S214029FB0A94204D90C2333600020BDE8F081314F5A
S214029FC000F062F83B681C4644BB29463046FFF761
S214029FD0C1FF431C044650D13C682146002941D1AA
S214029FE0002C44D02368304604EB030800F07CFFC4
S214029FF080453CD121686D1A29463046FFF7AAFFF4
S21402A000013034D023682B4423603B68002B36D0C3
S21402A0105A68A24229D100225A600EE02268521BD8
S21402A0201DD40B2A16D96119A342256018BF5960A0
S21402A030636808BF396062514B60304600F02AF808
S21402A04004F10B00231D20F00700C21AB5D01B1A1C
S21402A050A350B2E7A3426268DED13A60EDE7234638
S21402A0606468B1E70C464968B8E71346CEE70C23A6
S21402A0703360304600F00EF89EE70560DDE75B6071
S21402A080FFDE00BFE01E002001480EF0BABA00BF95
S21402A0901024002001480EF0B5BA00BF102400209C
S21402A0A02DE9F04F91B00C46DDF8688016461F4643
S21402A0B0054600F0E1FE0368089318460EF0B1FA72
S21402A0C000230E93D8F800300990073323F00703D5
S21402A0D003F1080294F818A0D4F800B0C8F80020DB
S21402A0E0D3E9008929F000430B93CDF82880C4E910
S21402A0F01289DDE90A019C4B4FF0FF3203F0C0F8EB
S21402A10070BBDDE90A01984B4FF0FF3203F09AF874
S21402A11030BB002200234046494603F089F810B1BE
S21402A1202D2384F84330914A914BBAF1470F94BFDE
S21402A13090469846032323612BF0040323604FF0D6
S21402A1400009009733460FAA214628460EF058F912
S21402A150013040F099804FF0FF3011B0BDE8F08F2B
S21402A16042464B464046494603F08AF840B14B46C3
S21402A170002BBCBF2D2384F843307E4A7E4BD4E7A7
S21402A18063685A1C29D1062363604BF4806300225D
S21402A190236006920EAACDE904A20DAA03920DF13F
S21402A1A03302CDE901326368009342464B462846A5
S21402A1B00EF085F8BAF1670F0D99804615D1CB1CC3
S21402A1C03BDB6368994238DC0E9B994255DB236879
S21402A1D02161D80745D54B1C42E00AF0DF02472A28
S21402A1E0D3D1002BD1D10123CEE7BAF1470F07D145
S21402A1F0C81C25DB63688B4222DB4FF0670AE3E765
S21402A200BAF1650F1FD80139524604F150000D917C
S21402A2100EF0BCF80E9A1318012A8146236102DC5E
S21402A2202268D20701D5013323619DF83330002B13
S21402A23087D02D2384F8433083E74FF0650AE2E7A0
S21402A2404FF0450ADFE7BAF1660FBDD10029636811
S21402A2500BDD216113B92268D00702D501330B4406
S21402A2602361A1654FF00009DFE713B92268D20720
S21402A27001D50233F4E70123F2E70029D4BFC1F186
S21402A280020201221344EBE723685A0507D4236926
S21402A290424631462846B84701302BD15BE7BAF131
S21402A2A0650F40F2DC80D4E912010022002302F09E
S21402A2B0B5FF002833D0314A012331462846B84735
S21402A2C001303FF448AFDDE90D38434502DB236831
S21402A2D0D8070FD5DDE9082331462846B8470130AE
S21402A2E03FF439AF4FF0000908F1FF3804F11A0ABB
S21402A2F0C84509DC23689B0700F10281E0680F9BD2
S21402A3009842B8BF184628E70123524631462846E7
S21402A310B84701303FF41FAF09F10109E8E70D9B8A
S21402A320002B38DC154A012331462846B84701304F
S21402A3303FF411AFDDE90D3959EA030302D1236870
S21402A340D907D7D5DDE9082331462846B847013074
S21402A3503FF401AF4FF0000A04F11A0B0D9B5B426B
S21402A36053450DDC4B4693E7FFFFEF7FF7CC030028
S21402A370FBCC0300FFCC030003CD030007CD030094
S21402A38001235A4631462846B84701303FF4E3AE29
S21402A3900AF1010AE2E7A36DDDF838A05345A8BF2B
S21402A3A05346002B994636DC4FF0000B29EAE97932
S21402A3B004F11A02A36D0A93A3EB09035B4531DC91
S21402A3C00D9B9A453ADC2368DA0737D40D9BAAEB35
S21402A3D003090A9BAAEB03039945A8BF9946B9F15C
S21402A3E0000F33DC4FF0000829EAE97904F11A0B72
S21402A3F00D9BAAEB0303A3EB090343457FF77AAF52
S21402A40001235A4631462846B84701303FF4A3AEE8
S21402A41008F10108ECE7424631462846B8470130C3
S21402A420C2D198E60123314628460A92B84701303F
S21402A4303FF491AE0A9A0BF1010BBBE7DDE9082364
S21402A44031462846B8470130C0D184E60A9A4B46C0
S21402A450424431462846B8470130C3D17BE6DDF890
S21402A46038A0BAF1010F01DCDB0736D501234246DC
S21402A47031462846B84701303FF46DAEDDE9082381
S21402A48031462846B84701303FF465AED4E912019A
S21402A490002200230AF1FF3A02F0C0FEC0B953467A
S21402A4A008F1010231462846B84701300CD152E67F
S21402A4B001235A4631462846B84701303FF44BAE90
S21402A4C008F10108D045F3DB4B4604F15002E0E602
S21402A4D04FF0000804F11A0BF4E701234246E1E7C5
S21402A4E001234A4631462846B84701303FF433AE88
S21402A4F008F10108E3680F995B1A4345F0DCFDE6B4
S21402A5004FF0000804F11909F4E700BF2DE9FF47F0
S21402A5100F7E0C9E782F914680460C469A4601F195
S21402A520430207D8622F0AD8002F00F0DD80582F8A
S21402A53000F0C38004F1420684F842703AE0A7F1C4
S21402A5406303152BF6D801A151F823F0A5A5020046
S21402A550B9A5020035A5020035A5020035A5020000
S21402A56035A50200B9A5020035A5020035A50200F0
S21402A57035A5020035A50200CFA6020047A60200B6
S21402A58087A6020035A5020035A50200F1A6020044
S21402A59035A5020047A6020035A5020035A5020031
S21402A5A08FA6020033681A1D1B68326004F1420649
S21402A5B084F842300123A8E031682368081D306021
S21402A5C01E0601D50D6803E05D06FBD5B1F9005005
S21402A5D06168002D78DA2D20002984F84300A160F6
S21402A5E02DDA5E486D420A231646B5FBF3F103FBED
S21402A5F01157C75D06F8017D2F46BB420D46F4D9BA
S21402A600082B0BD12368DF0708D5236961689942B6
S21402A610DEBF302306F8013C06F1FF36921B2261AC
S21402A620CDF800A04B4603AA214640460DF0E8FEB0
S21402A63001306FD14FF0FF3004B0BDE8F08723F051
S21402A64004032360CDE721683368080653F8045BE9
S21402A65002D4490648BFADB26F2F4048336014BFDC
S21402A6600A230823002184F843106668A660002E99
S21402A670BADB216821F004012160002DB4D1002E3E
S21402A680B2D11646BCE7236843F020032360344861
S21402A690782784F84570236831681F0651F8045BF2
S21402A6A002D45F0648BFADB23160D90744BF43F05B
S21402A6B0200323601DB11023D4E72848E9E7236866
S21402A6C023F020032360F6E724480A23CDE7336805
S21402A6D025686169181D30602E061B6801D5196051
S21402A6E002E06806FBD5198000232361164697E729
S21402A6F033681A1D32601E68626800213046E1F730
S21402A7000FF908B1801B606063682361002384F838
S21402A710433085E72369324649464046D0470130F2
S21402A72088D023689B0714D4E068039B9842B8BF7E
S21402A730184681E70123324649464046D047013053
S21402A7403FF478AF0135E36803995B1AAB42F1DC5C
S21402A750EAE7002504F11906F5E700BF09CD030074
S21402A7601ACD03002DE9F04F87B0914603938B680C
S21402A7705A1EB2F5AE7F81BF6FF4AE7503EB050BC2
S21402A78040F25D138B600B680A464FF0000543F4F7
S21402A790F06342F81C3BCDE9045580460C4698BF50
S21402A7A04FF0000B01921646AA462F460295A26863
S21402A7B05AB1D9F800301B784E2B63D8402B3BD8C1
S21402A7C0A3F12B01C8B20E2839D91FB1236823F48E
S21402A7D0807323600AF1FF3ABAF1010F00F2148186
S21402A7E0019B9E4200F20581012007B0BDE8F08F72
S21402A7F0A3F161020D2AE8D801A151F822F000BFA8
S21402A80049A90200CBA70200CBA70200CBA70200F1
S21402A810A5A902007FA90200CBA70200CBA70200CF
S21402A82057A90200CBA70200CBA70200CBA70200C3
S21402A830CBA7020013A90200A3F14102DAE70E2910
S21402A840C3D801A050F821F003A90200CBA702004A
S21402A85003A9020093A90200CBA70200A5A8020042
S21402A860E9A80200E9A80200E9A80200E9A8020095
S21402A870E9A80200E9A80200E9A80200E9A8020085
S21402A880E9A802006E2B09D8602BB1D8542B7BD0D6
S21402A890592B9AD1072D98D108252FE0742B73D007
S21402A8A0792BF6E72168C8051ED521F080012160C4
S21402A8B00137BBF1000F03D001320BF1FF3BA26060
S21402A8C0A368013BA360236901332361D9F80430EE
S21402A8D0013B002BC9F8043040F38280D9F80030DF
S21402A8E00133C9F8003062E71AEB05017FF46DAF59
S21402A8F0226822F4C07222600D468A4606F8013BA0
S21402A900DEE7226810067FF560AF22F08002226042
S21402A910F4E7BAF1000F0CD177B9226802F4E061CD
S21402A920B1F5E06F08D122F4F06222604FF0010A1E
S21402A930E4E7BAF1020F50D0012D02D0042D7FF4C5
S21402A94044AF0135EDB2D9E7BAF1010F7FF43DAF5E
S21402A9504FF0020AD2E775B9002F7FF437AF2268AC
S21402A96002F4E061B1F5E06F40F0FE8022F4F0629E
S21402A97022600125C2E7032DE3D0052DDFE7022D75
S21402A9807FF423AF0325B9E7062D7FF41EAF072514
S21402A990B4E7226891057FF518AF22F42072226090
S21402A9A00297ABE7226802F4A061B1F5806F05D08A
S21402A9B050057FF50AAF002F00F0D680910558BFEC
S21402A9C0029922F4F06258BF791A42F4C07258BF54
S21402A9D0CDE904162260002790E74FF0030A8DE7C0
S21402A9E0D4F8803149464046984700283FF4DFAE07
S21402A9F0EBE6D4F87C3116F8011D4A4640469847E5
S21402AA002369013B2361EBE66B1E062B24D8022D3D
S21402AA1036D8019B9E427FF6E7AED4F87C3116F814
S21402AA20011D4A46404698472369013B2361F0E7E9
S21402AA30D4F87C311BF8011D4A46404698472369E4
S21402AA40013B23610AF1FF3A5FFA8AFABAF1020F72
S21402AA50EED1033DEDB2761B2368DA0530D55B05F1
S21402AA6011D5019B9E427FF6BFAED4F87C3116F814
S21402AA70011D4A46404698472369013B2361F0E799
S21402AA80AA46B346DEE716F8011C2369652903F1D8
S21402AA90FF3306F1FF3523610CD045290AD0D4F8DE
S21402AAA07C314A4640469847236916F8021C013B09
S21402AAB0B51E2361D4F87C314A46404698472E4656
S21402AAC0226812F0100201D000208EE6327023684F
S21402AAD003F4C063B3F5806F25D1029B9F420AD070
S21402AAE0DA1B04F26F139E4228BF04F5B7761F499D
S21402AAF0304600F097F900220199404600F056FED3
S21402AB00039B25681B6815F0020F06460F4603F1E5
S21402AB10040215D003990A601B68C3E90067E3685C
S21402AB200133E360D0E7049B002BE4D005990A23A7
S21402AB30013140460DF00CFF049B059EC21AD0E779
S21402AB406D07E7D4039D2A601D6802460B4602F095
S21402AB5097FB20B1064800F00DFA2860DFE7304682
S21402AB60394602F0A3FBF8E7002733E62BCD0300B5
S21402AB70839C0300002310B50446C0E90033C0E9F5
S21402AB800433836081814366C28183611946082249
S21402AB905C300DF02DFD0D4B63620D4BA3620D4B29
S21402ABA0E3620D4B23630D4B24629C4206D003F1F5
S21402ABB06802944202D0D0339C4205D104F1580078
S21402ABC0BDE810400DF01CBD10BD00BF1785030088
S21402ABD0398503007185030095850300E41E002075
S21402ABE0024A034903480DF078BC00BF180C002047
S21402ABF0658B0300280C002041680C4B994210B567
S21402AC00044601D00DF0AEFFA168094B994202D06E
S21402AC1020460DF0A7FFE168064B994204D0204675
S21402AC20BDE810400DF09EBF10BD00BFE41E002020
S21402AC304C1F0020B41F002010B50B4B0B4C0C4AC7
S21402AC401A60204600220421FFF794FF04F16800F0
S21402AC5001220921FFF78EFF04F1D0000222BDE88F
S21402AC6010401221FFF786BF1C200020E41E0020A1
S21402AC70E1AB020001480DF0C4BC00BF1124002065
S21402AC8001480DF0BFBC00BF1124002010B50446D9
S21402AC90FFF7F0FF236A1BB1BDE81040FFF7F0BFD5
S21402ACA0044B2362044B1B68002BF5D1FFF7C4FF4D
S21402ACB0F2E700BFF9AB02001C2000202DE9F743A3
S21402ACC01D46574B1F6804460E46904627B13B6A00
S21402ACD013B93846FFF7DAFFB8F1020F06D0B8F11B
S21402ACE0010F00F29A80002DC0F29780636ED9079A
S21402ACF005D4A3899A0502D4A06D0DF082FC2146E4
S21402AD0038460DF02FFF616B41B104F144039942BE
S21402AD1002D0384600F032F9002363630023A361B1
S21402AD206360A3891B0603D52169384600F026F91D
S21402AD30A38923F44A6323F00303B8F1020FA38125
S21402AD4061D001AB6A46214638460DF033FFA3892F
S21402AD501843A0812DBB009D2846FFF7EBF8064658
S21402AD60002852D1DDF80090A94540D14FF0FF35BA
S21402AD70B4F90C3043F00202A2810022A26004F170
S21402AD8047022260226101226261626ED60704D403
S21402AD90980502D4A06D0DF035FC284603B0BDE838
S21402ADA0F083002ED8D03B6A13B93846FFF76EFF01
S21402ADB0B8F1010F08BFA389266004BF43F0010360
S21402ADC0A381B4F90C3013F00802C4E904651ED05E
S21402ADD0D90741BF00226D42A260A56158BFA56097
S21402ADE0626ED20701D49B0513D50025D5E74846E7
S21402ADF0FFF7A0F806460028B8D0A38943F08003E0
S21402AE00A3814D46CFE70025B2E7A946F5E7A26043
S21402AE10E6E7A06D0DF0F6FBE7E74FF0FF35BCE77F
S21402AE20240C00200EB400B59CB01DAB0290069018
S21402AE306FF00041094807910491094953F8042B21
S21402AE4005910068019302A900F034FD029B0022DE
S21402AE501A701CB05DF804EB03B07047240C002097
S21402AE600802FFFF0B46034902460868816800F0A5
S21402AE701DBE00BF240C002000487047640D002051
S21402AE8038B5064D0023044608462B6003F02FFC17
S21402AE90431C02D12B6803B1236038BD202000205A
S21402AEA038B5074D04460846114600222A601A465F
S21402AEB003F02CFC431C02D12B6803B1236038BD7F
S21402AEC02020002038B5074D0446084611460022C9
S21402AED02A601A4603F01CFC431C02D12B6803B1FD
S21402AEE0236038BD2020002038B5064D00230446D6
S21402AEF008462B60E4F718FE431C02D12B6803B108
S21402AF00236038BD2020002038B5074D0446084689
S21402AF10114600222A601A4603F008FC431C02D19E
S21402AF202B6803B1236038BD2020002070B50D4D7C
S21402AF300D4C641BA4100026A64209D10B4D0C4CE6
S21402AF400EF08EFD641BA4100026A64205D170BD2D
S21402AF5055F8043B98470136EEE755F8043B984708
S21402AF600136F2E7DC0E0020DC0E0020DC0E0020AC
S21402AF70E00E0020004870470000C07F38B5054646
S21402AF80002941D051F8043C0C1F002BB8BFE4182E
S21402AF90FFF77AF81D4A136833B9636014602846CF
S21402AFA0BDE83840FFF776B8A34208D920682118D2
S21402AFB08B4201BF19685B6809182160EDE71A46E3
S21402AFC05B680BB1A342FAD911685018A0420BD1A4
S21402AFD020680144501883421160E0D118685B680B
S21402AFE0536008441060DAE702D90C232B60D6E7D8
S21402AFF0206821188B4204BF19685B68636004BF2F
S21402B000091821605460CAE738BD00BFE01E002060
S21402B01070B5C66904460D4676B91020FEF78AFF5B
S21402B0200246E06120B9184B18486B2100F0DAFEA0
S21402B030C0E901660660C660E669F36883B1E36943
S21402B040DB6853F82500B8B9012101FA05F6721D2E
S21402B050920020460DF0F1F860B1C0E901560EE00C
S21402B0602122042120460DF0E8F8E369F060DB684F
S21402B070002BE4D1002070BD026843F8252000238F
S21402B080C0E90333F7E700BF3DCD0300BECD0300A2
S21402B09070B5C66905460C4676B91020FEF74AFF1B
S21402B0A00246E86120B9094B09488F2100F09AFE52
S21402B0B0C0E901660660C6603CB1EB696268DB689F
S21402B0C053F82210216043F8224070BD3DCD0300A4
S21402B0D0BECD03002DE9F0410D6907460C461E461B
S21402B0E001F1140C0020DCF8003099B202FB016179
S21402B0F01E0C0B0C02FB063389B2013001EB034136
S21402B10085424CF8041B4FEA1346ECDC0EB3A368E8
S21402B110AB4219DC616838460131FFF779FF804699
S21402B12028B902460C4B0D48BA2100F05BFE226994
S21402B130023204F10C0192000C300DF064FA214642
S21402B1403846FFF7A5FF444604EB850301355E61EA
S21402B15025612046BDE8F081ADCD0300BECD0300DB
S21402B1602DE9F8430C4615461F46092208330646C3
S21402B17093FBF2F3002101229A4209DB3046FFF7E5
S21402B18047FF40B90246194B1948D32100F02AFE60
S21402B19052000131F0E7089B4361092D4FF001038D
S21402B1A0036116DD04F10909C8462C4418F8013B70
S21402B1B00146303B0A223046FFF78CFFA045F5D108
S21402B1C0A5F108044C442D1B6319BB4204DBBDE801
S21402B1D0F8830A340925F6E714F8013B0146303BAA
S21402B1E00A223046FFF776FFEEE700BFADCD03003A
S21402B1F0BECD030010B50C460121FFF709FF02463B
S21402B20028B9054B054840F2451100F0EBFD012335
S21402B2104461036110BD00BFADCD0300BECD030087
S21402B2202DE9F04F14460A6923699A42A8BF2346BD
S21402B2300F46A4BF0C461F46D4F810A0D7F81090AD
S21402B240A36861680AEB0906B34285B0B8BF01314C
S21402B250FFF7DEFE30B90246444B45484FF4B17163
S21402B26000F0C0FD00F1140505EB86082B4600220F
S21402B270434521D307F1140104F1140202EB8A02BA
S21402B28001EB89030293131B153B23F003030433DC
S21402B29004F11507BA4238BF04230193029B0391B7
S21402B2A08B420CD8002E03DD58F8043D002B5BD0F1
S21402B2B0066105B0BDE8F08F43F8042BD8E7B1F875
S21402B2C000A0BAF1000F24D004F1140EA9464FF0E4
S21402B2D0000C5EF8047BD9F800301FFA87FB9BB29D
S21402B2E00AFB0B334FEA174BD9F8007063444FEA58
S21402B2F0174C0AFB0BC707EB13479BB243EA0743FD
S21402B300724549F8043B4FEA174CE2D8019B45F8D0
S21402B31003C0039BB3F802900431B9F1000F21D0A9
S21402B3202B6804F1140CAE464FF0000ABCF800B0CD
S21402B330BEF8027009FB0B7757449BB243EA0743F9
S21402B3404EF8043B5CF8043B4FEA134ABEF8003062
S21402B35009FB0A3303EB174362454FEA134AE5D863
S21402B360019FEB51043599E7013E9BE7ADCD030003
S21402B370BECD03002DE9F843154612F00302074638
S21402B3800E4607D0254C013A002354F82220FFF738
S21402B390A1FE0646AD103DD0FC697CB91020FEF732
S21402B3A0C9FD0246F86128B91D4B1E4840F2B3118A
S21402B3B000F018FDC0E901440460C460D7F81C80A0
S21402B3C0D8F808404CB940F271213846FFF712FF10
S21402B3D00023C8F80800044603604FF00009EB0794
S21402B3E00AD5314622463846FFF71AFF31468046CE
S21402B3F03846FFF74DFE46466D100BD0206838B92A
S21402B400224621463846FFF70BFF2060C0F8009020
S21402B4100446E4E73046BDE8F88300BF18CE0300D2
S21402B4203DCD0300BECD03002DE9F0470C4649682A
S21402B430236903EB6218A368074691464FEA621A2D
S21402B44008F10106B3420BDB3846FFF7E1FD05467D
S21402B45048B90246284B29484FF4EF7100F0C2FC67
S21402B46001315B00EEE7002300F1140100F1100247
S21402B4701846534533DB20692AEAEA7A04F11403B4
S21402B48019F01F0901EB8A0103EB800C2BD0C9F1DE
S21402B490200E8A460022186800FA09F010434AF87D
S21402B4A0040B53F8042B9C4522FA0EF2F3D8ACEBAD
S21402B4B00403153B23F00303043304F1150084450B
S21402B4C038BF0423CA500AB108F10206013E3846C4
S21402B4D02E612146FFF7DCFD2846BDE8F08742F8DC
S21402B4E0040F0133C5E7043953F8042B41F8042F3F
S21402B4F09C45F9D8EAE700BFADCD0300BECD0300F8
S21402B5002DE9F74F894606461146484614460DF081
S21402B51067F9051E12D129463046FFF779FD024625
S21402B52028B93F4B40F237213E4800F05BFC01232E
S21402B530C0E90435104603B0BDE8F08FBCBF4B46E9
S21402B540A1463046D9F80410BABF1C46012500258C
S21402B550FFF75EFD024618B9314B40F24521E3E79C
S21402B560D9F810702669C56009F1100309F11405AF
S21402B57004F1140E00F1140B05EB87080EEB860699
S21402B5800193D9464FF0000C019B5EF8040B53F86A
S21402B59004AF01931FFA8AF3194683B2CB1A000C42
S21402B5A06344C0EB1A4000EB23409BB243EA0043DD
S21402B5B0764549F8043B4FEA204CE5D8331B153B49
S21402B5C023F0030315340433A64238BF04231D4474
S21402B5D05B441E462C4644450ED308F10301491B24
S21402B5E021F00301033DA84538BF00210B4453F860
S21402B5F0041D91B117619DE754F8041BE646080C3A
S21402B6001CFA81FC714400EB2C4089B241EA0041ED
S21402B61046F8041B4FEA204CDDE7013FE7E700BF90
S21402B620ADCD0300BECD03000E4B0B40A3F150730D
S21402B630002B08DC5B42B3F1A07F4FEA235204DA08
S21402B6404FF400231341002208E0A2F114031E2B3C
S21402B650DABF4FF00042DA400122002319461046B4
S21402B660704700BF0000F07F0269F8B500F11406CB
S21402B67006EB8202204F52F8044C20460DF061F889
S21402B68003460A2BC0F12000A2F10405086013DC71
S21402B690AE4238BF52F8082CC3F10B0C28BF00226A
S21402B6A0153324FA0CFE04FA03F322FA0CF24EEADD
S21402B6B007011A431046F8BDAE4236BFA2F108058E
S21402B6C0002252F8082C0B3B12D0C3F1200722FAB4
S21402B6D007F19C400C43B54244F07F518CBF55F8AD
S21402B6E0044C00249A40FC4041F440112243E1E716
S21402B6F044EA0701DEE700BF0000F03F2DE973438E
S21402B7000121089E90469946FFF782FC044630B90E
S21402B7100246244B244840F20F3100F063FBC9F383
S21402B7200A55C9F313030DB143F480130193B8F11C
S21402B730000324D0684600930DF025F8DDE90012D8
S21402B740D8B1C0F1200302FA03F30B43C24063618F
S21402B7500192019BA361002B0CBF012202222261EF
S21402B760ADB1A5F2334505443560C0F13500099BFD
S21402B7701860204602B0BDE870836161E9E701A85F
S21402B7800DF001F8019B636120300122E7E704EB2C
S21402B7908203A0F23240306018690CF0D2FFC0EB90
S21402B7A04210E4E7ADCD0300BECD0300014BE0F747
S21402B7B0C7BF00BF740C0020242B2DE9F047864635
S21402B7C0904601D8012B06D100F000FB1623036039
S21402B7D00020BDE8F08736480D462A4615F8014B8C
S21402B7E0065D16F00806F8D12D2C24D12C780126F9
S21402B7F0951C2BBB302C30D00A2306F1004C0CF1E2
S21402B800FF3C0022BCFBF3F9104603FB19CAA4F165
S21402B8103007092F28D83C46A34234DD571C07D0F0
S21402B82081452DD301D1A2452ADB00FB034001222C
S21402B83015F8014BEBE72B2C04BF2C78951CD8E7A8
S21402B840102BDAD1302CD8D12A7802F0DF02582A0F
S21402B850D3D16C7810230235CFE72B7803F0DF03C1
S21402B860582BF6D00823C8E7A4F14107192F01D8B0
S21402B870373CD1E7A4F16107192F04D8573CCBE730
S21402B8804FF0FF32D4E7531C08D12223CEF8003003
S21402B8906046B8F1000F9CD0691E06E006B1404231
S21402B8A0B8F1000F95D0002AF6D1C8F8001090E73C
S21402B8B0F7CB03002DE9F04F98468B891B069DB007
S21402B8C007460D46144610D50B6973B94021FEF79C
S21402B8D063FB2860286130B90C233B604FF0FF30D1
S21402B8E01DB0BDE8F08F40236B610023099320232F
S21402B8F08DF82930CDF80C803023DFF89C818DF846
S21402B9002A304FF0010923469A4613F8012B0AB152
S21402B910252AF9D1BAEB040B0BD05B462246294600
S21402B92038460DF017F8013000F0A780099A5A44FD
S21402B93009929AF80030002B00F09F8000234FF007
S21402B940FF32CDE905230AF1010A049307938DF825
S21402B95053301A935446052214F8011B4E48DFF75B
S21402B960DFFF049AD8B9D00644BF20238DF853309F
S21402B970110744BF2B238DF853309AF800302A2B38
S21402B98015D0079A544600204FF00A0C214611F8AB
S21402B990013B303B092B4BD9B0B1079214E0A0EB28
S21402B9A0080309FA03F313430493A246D2E7039B60
S21402B9B0191D1B680391002BBBBF5B4242F00202BB
S21402B9C007930793B8BF049223782E2B0AD1637885
S21402B9D02A2B32D1039B1A1D1B68039243EAE37398
S21402B9E002340593DFF8C0A0217803225046DFF721
S21402B9F097FF38B1049BA0EB0A0040228240134313
S21402BA000134049314F8011B24488DF828100622EA
S21402BA10DFF786FF002836D0214B1BBB039B07337C
S21402BA2023F0070308330393099B334409936AE719
S21402BA300CFB02320C460120A8E7002301340593D2
S21402BA4019464FF00A0C204610F8012B303A092A04
S21402BA5003D9002BC6D00591C4E70CFB012104468E
S21402BA600123F0E703AB00932A460E4B04A938469F
S21402BA70FEF716FB421C0646D6D1AB895B063FF59F
S21402BA802DAF09982CE703AB00932A46054B04A971
S21402BA903846FEF73BFDEDE770CF03007ACF030092
S21402BAA0A1A002005589030076CF03002DE9F04FCE
S21402BAB00D469DB014469846064618B1036A0BB961
S21402BAC0FFF7E4F86B6ED90705D4AB899A0502D462
S21402BAD0A86D0CF096FDAB891B0701D52B699BB9A7
S21402BAE02946304600F0FAF870B16B6EDC0704D5D2
S21402BAF04FF0FF301DB0BDE8F08FAB899805F7D444
S21402BB00A86D0CF07FFDF3E70023099320238DF840
S21402BB102930CDF80C803023DFF8AC818DF82A303E
S21402BB204FF0010923469A4613F8012B0AB1252A3B
S21402BB30F9D1BAEB040B0BD05B46224629463046B7
S21402BB400CF07AFF013000F0A780099A5A44099255
S21402BB509AF80030002B00F09F8000234FF0FF324F
S21402BB60CDE905230AF1010A049307938DF85330B1
S21402BB701A935446052214F8011B5348DFF7D0FEE9
S21402BB80049AD8B9D10644BF20238DF85330130740
S21402BB9044BF2B238DF853309AF800302A2B15D049
S21402BBA0079A544600204FF00A0C214611F8013B32
S21402BBB0303B092B4BD9B0B1079214E0A0EB080337
S21402BBC009FA03F313430493A246D2E7039B191D13
S21402BBD01B680391002BBBBF5B4242F00202079335
S21402BBE00793B8BF049223782E2B0AD163782A2BA8
S21402BBF032D1039B1A1D1B68039243EAE373023495
S21402BC000593DFF8D4A0217803225046DFF788FE9A
S21402BC1038B1049BA0EB0A00402282401343013451
S21402BC20049314F8011B29488DF828100622DFF722
S21402BC3077FE00283FD0264B1BBB039B073323F01F
S21402BC40070308330393099B3B4409936AE70CFBFB
S21402BC5002320C460120A8E7002301340593194658
S21402BC604FF00A0C204610F8012B303A092A03D965
S21402BC70002BC6D00591C4E70CFB01210446012324
S21402BC80F0E703AB00932A46124B04A93046FEF7B0
S21402BC9007FA0746781CD6D16B6ED90705D4AB894E
S21402BCA09A0502D4A86D0CF0ADFCAB895B063FF595
S21402BCB01FAF09981EE703AB00932A46054B04A95B
S21402BCC03046FEF723FCE4E770CF03007ACF03008A
S21402BCD0A1A00200398A030076CF030038B5294BAB
S21402BCE0054618680C4618B1036A0BB9FEF7CEFF74
S21402BCF0B4F90C30190722D4DA0607D409222A60CE
S21402BD0043F04003A3814FF0FF3033E0580712D5CB
S21402BD10616B41B104F14403994202D02846FFF711
S21402BD202DF900236363A38923F02403A381002350
S21402BD30636023692360A38943F00803A381236910
S21402BD404BB9A38903F42073B3F5007F03D02146D1
S21402BD5028460CF055FFB4F90C3013F001020AD055
S21402BD600022A26062695242A261226942B913F0BD
S21402BD708000C5D138BD990758BF6269A260F4E752
S21402BD800020F7E7240C002038B5074D00230446B0
S21402BD90084611462B6002F0ADFC431C02D12B680C
S21402BDA003B1236038BD00BF2020002038B5064D01
S21402BDB00023044608462B6002F0A3FC431C02D173
S21402BDC02B6803B1236038BD20200020014B186881
S21402BDD0704700BF240C002001490020704700BFB6
S21402BDE00000F87F1FB514461A46094B1B68054625
S21402BDF0D86854B9074B1C46CDE9013400912B464E
S21402BE00054900F01DFA0DF0CDF8044BF4E700BF2B
S21402BE10240C0020839C030096CF030089CF0300E6
S21402BE202DE9F04F85B08A4602930B680190904642
S21402BE309C1CA14614F8010B3028FAD0A9EB030388
S21402BE40A3F1020B0CF0B9FF0546002868D1A04901
S21402BE50012248460CF04EFF0746002867D199F8A3
S21402BE60010026460CF0A9FF002862D02346187867
S21402BE703028994603F10103F9D00CF09EFFB0FA80
S21402BE8080F56D094FF0010B4A46164601323078AE
S21402BE900CF093FF0028F8D18D49012230460CF0B1
S21402BEA029FF00283FD144B9741C224616460132A7
S21402BEB030780CF082FF0028F8D1A41BA700337854
S21402BEC003F0DF03502B3ED173782B2B33D02D2B70
S21402BED034D0711C002408780CF06FFF431EDBB2CE
S21402BEE0182B30D8A0F1100211F8010F0CF065FFE4
S21402BEF000F1FF3C5FFA8CFCBCF1180F4FF00A030E
S21402BF001ED904B152421744CAF80010EDB1BBF173
S21402BF10000F0CBF06250025284605B0BDE8F08FA9
S21402BF2000252C46B0E7002CC7D12746C7E74E4669
S21402BF302F460125C3E70024B11CCCE70124FBE70A
S21402BF4003FB0200CEE73146DEE7A6EB0903013B20
S21402BF502946072B0ADC0198FFF75AF8044640B92F
S21402BF605C4B0246E4215C48FFF73CFF01315B1064
S21402BF70EFE700F1140A002355469B46B14537D336
S21402BF8045F804BBA5EB0A05AD10256158460CF032
S21402BF90D8FB6D01D8F800602D1AB54254DDAD1BF2
S21402BFA0294620460CF08AFC814678B16B1E591150
S21402BFB003F01F025AF821104FF0010909FA02F2A3
S21402BFC00A4203D04B4536DC4FF00209294620468A
S21402BFD00CF0A2FE2F44D8F80830BB4242DA019891
S21402BFE02146FFF755F80E9A00231360A32593E720
S21402BFF016F8012D2E2A12D0202B04D145F804BBA8
S21402C0004FF0000B5B46307803930CF0D6FE039B92
S21402C01000F00F0098404BEA000B0433AEE7B14540
S21402C020EAD82B490393012230460CF063FE039BA9
S21402C0300028E1D1A2E7A91E20460CF03FFC00280A
S21402C040C2D04FF00309C1E709DA751B21460198F1
S21402C0502A46FFF7E9F97F1B044600F1140A4FF05F
S21402C0600009B8E7D8F80450BD426FDDED1BAE42BA
S21402C07034DCD8F80C30022B22D0032B24D0012B30
S21402C08015D1AE4213D1012E0BD1029AD8F8043044
S21402C090136001232361CAF800300E9B62251C60E0
S21402C0A03AE7711E20460CF009FC0028EDD10198F3
S21402C0B02146FEF7EDFF0E9A0023136050252BE76C
S21402C0C00F9B002BF3D1E0E70F9B002BDDD1EEE7B1
S21402C0D018CF0300ADCD0300C5CF03006F1EB9F124
S21402C0E0000F30D127B1394620460CF0E7FB8146D7
S21402C0F07A1101235AF8222007F01F07BB40134289
S21402C1002946204618BF49F002090CF005FED8F869
S21402C1100470761B0225B9F1000F47D0D8F80C3010
S21402C120022B15D0032B17D0012B09D119F0020FC1
S21402C13006D0DAF8003049EA030919F0010F0ED1E9
S21402C14045F0100532E04FF00109D1E70125E2E79C
S21402C1500F9BC3F101030F930F9B002BF0D0D4F873
S21402C16010B004F114034FEA8B0A03EB8B014FF075
S21402C170000C184653F8042BB2F1FF3F1BD00132D5
S21402C1800260022D04F114033CD1D8F80020013AD3
S21402C190B24209D17111012253F8213006F01F066E
S21402C1A002FA06F61E423AD145F020050E9B1C60A6
S21402C1B0029B1F60B0E6994243F804CCD9D8A36824
S21402C1C09B4517DB616801980131FEF721FF814626
S21402C1D018B91A4B02468421C5E62269023204F1D6
S21402C1E00C0192000C300CF00EFA21460198FEF774
S21402C1F04FFF4C4623695A1C04EB8303226101223B
S21402C2005A61BEE722695A450BDD012120460CF031
S21402C21083FDD8F808300137BB42FFF6E0AE0125B1
S21402C220C2E716F01F06FAD05344C6F1200653F8AA
S21402C230040C0CF086FAB042E7DBF0E7ADCD030063
S21402C2400EB403B5014603AB054853F8042B006849
S21402C2500193FFF72BFC02B05DF804EB03B07047C6
S21402C260240C0020024B014618680CF0A2BE00BF48
S21402C270240C002038B5074D002304460846114614
S21402C2802B6002F040FA431C02D12B6803B12360F4
S21402C29038BD00BF202000202DE9F84314461D4675
S21402C2A080468946E1F74CF8224606460F462B465C
S21402C2B02046294600F0E4FF78B9002200234046D3
S21402C2C0494600F0ABFFD8B100220023204629469B
S21402C2D000F0A4FF28B1264F002630463946BDE8B6
S21402C2E0F8832046294600F045F80028F5D0204677
S21402C2F029460022002300F09BFF0028EDD02CE008
S21402C3003046394600F036F8A0B100220023304607
S21402C310394600F083FF0028DFD04046494600F049
S21402C32029F80028D9D02046294600F023F800280C
S21402C330D3D012E04046494600F01CF80028E4D06C
S21402C3402046294600F016F80028DED032463B4644
S21402C3503046394600F094FF20B9FFF737FD222316
S21402C3600360BAE7FFF732FD21230360B5E700BF9B
S21402C3700000F03F41F0004000F58010C00F70470B
S21402C380C0F3C7537F3B162B07EE900A20F00041FE
S21402C3902FDC002B16DB1C491941084226D09FEDE4
S21402C3A01B7A37EE877AB5EEC07AF1EE10FA1DDD0B
S21402C3B0002804DD4FF4000242FA03F3184420EA90
S21402C3C0010070479FED117A37EE877AB5EEC07A94
S21402C3D0F1EE10FA0ADD002813DBB7EE007A002928
S21402C3E014BF17EE100A17EE900A704717EE900A5F
S21402C3F07047B1F1FF4FF9D377EEA77A17EE900A9E
S21402C40070474FF000407047FFFF7F00CAF2497145
S21402C41021F0004319467047D0B506460F4614462B
S21402C420FFF7D4FC0346394630461C60D0BD00BF39
S21402C43010B5044682B0104619460CB103F100430B
S21402C440CDE90023DDE90023FDF788F9222202B0B8
S21402C450BDE81040FFF7E0BF00224FF08053FFF721
S21402C460E7BF00BF00224FF0E043FFF7E1BF00BF87
S21402C4702DE9F84F724F8F4304460D4600F0B28006
S21402C48000290B460646024655DD081500F09B803D
S21402C490C3F31303C107A0F2FF3743F4801303D498
S21402C4A0D10F01EB430352005B00002603EBD2736D
S21402C4B07F1052001624B4464FF400110CEB010014
S21402C4C0834203DB1B1A01EB000C0E445B00013CAB
S21402C4D003EBD2734FEA51014FEA4202EED1A04675
S21402C4E020254FF000400AE039D0590001EBD27106
S21402C4F0013D0B464FEA42024FEA50003BD09C45B4
S21402C50008EB000EF0DABEF1000F0EEB00080CDBB3
S21402C510E146A3EB0C01964588BF01F1FF314900C5
S21402C520CC46A2EB0E020444E0E7B8F1000FEFDBC4
S21402C5300CF10109EDE721F0004707433DD0002941
S21402C54073D1D10A153B52050029FAD0CD021846FE
S21402C55016460B4637D520244FF0FF313EE096456F
S21402C56002D94FEA4C01C1E7BEF1000F0EEB0008FC
S21402C57025DB0021D5E7114312D0DFF8C8A0DFF88B
S21402C580C8B0DAE90001DBE90023FCF72FFFDAE99D
S21402C590008902460B464046494600F053FE58BB09
S21402C5A06508731003F17F53F20703F5001348BFC3
S21402C5B045F0004503EB07512846BDE8F88FB8F171
S21402C5C0000FB5DAD5E700225B00DC02114602F165
S21402C5D00102F9D5C2F1200406FA02F2E640401A38
S21402C5E0334355E702460B46FDF7B8F822462B467C
S21402C5F0FCF7FEFEBDE8F88FB4F1FF3FDAE9000172
S21402C600DBE9002318D0FCF7F3FEDAE900890246DC
S21402C6100B464046494600F00BFE78B1A11C04F1D9
S21402C620020508BF01366D08BBE7FCF7DFFE0246CF
S21402C6300B46FDF7BDF9C0E70136B2E70134AFE7B6
S21402C6400000F07FC80A0020C00A0020094A51688C
S21402C650C84390FAA0F048B1B0FA80F0042805DC8E
S21402C660012383400B43536040B270474FF0FF30C4
S21402C670704700BF4C200020034B044800212822AC
S21402C680C3E900110BF0B4BF4C2000202420002088
S21402C69038B50546FFF7DAFF04460448294600EB9C
S21402C6A0C4000CF007FD204638BD00BF2420002041
S21402C6B0C3B2042B10B515D80B4A042303EBC003F0
S21402C6C0134453E8002F0A4343E80024002CF8D111
S21402C6D001220649824051E8003F134341E80030F8
S21402C6E00028F8D110BD00BF242000204C200020D6
S21402C6F0F7B51A4A1A491B4D012608274FF0040CB3
S21402C700106800B30B7806FA03F420421DD0E0430B
S21402C71052E8004F044042E8004EBEF1000FF7D147
S21402C72017FB03C32B4453E8000F43E800E4002C36
S21402C730F9D1019048B108780B4901AA05EBC0006F
S21402C7400CF0F4FC012003B0F0BD0B785068834275
S21402C7503ABF0133DBB200230B70D1E74C20002036
S21402C760122400202420002078563412024B186827
S21402C770003818BF012070474C20002010B5044630
S21402C78001F061FA074B1B684BB1DB681B1B002BE1
S21402C790CCBF0024012401F05CFA204610BD1C46E2
S21402C7A0F9E700BF6420002038B5054601F04BFAD1
S21402C7B0094B1A684FF0FF341AB901F04AFA2046BC
S21402C7C038BDD2E903310B445B1B23F000439C4285
S21402C7D0526828BF1C46EFE7642000202DE9F84F78
S21402C7E00C9F9DF82CA00E4615469946804608B129
S21402C7F003687BB937B129463046B84740F2034052
S21402C800BDE8F88F002DF9D0002EF7DB284600F0A1
S21402C81009FCF3E701F017FA8346504600F0F0F9F8
S21402C8200446584601F015FA8CB947B129463046F7
S21402C830B8470320314600F0BBFB1A20E0E7002D84
S21402C840F7D0002EF5DB284600F0ECFBF1E7C4F843
S21402C8500080DFF878800A9B65610025C4E90797A7
S21402C860A660236184F818A0D8F80030656098475F
S21402C87009EB000601F0E7F907461248E66002688F
S21402C880114631B1CB689B1B002B13DBCB689E4253
S21402C89010D09DB90C4B626004601C682CB1D8F8AD
S21402C8A000309847FFF780FFA047384601F0D1F9DD
S21402C8B00020A5E74B680D461946E2E76B68636001
S21402C8C06C60F2E764200020542000205C200020E8
S21402C8D02DE9F74FDFF884B081460D4692461E4694
S21402C8E001F0B1F9DBF8004001904FF000082CB9D6
S21402C8F0019803B0BDE8F04F01F0ABB923684B4591
S21402C9001CD12DB1A3682A6823F00043934215D1A7
S21402C9107EB96368B8F1000F13D1CBF800300D4B27
S21402C9201F6887B10C4A12689047FFF73DFFB84769
S21402C93009E060695146B0470028EAD0A04664681C
S21402C940D5E7C8F80430676820460CF06FFB3C4613
S21402C950CDE700BF542000205C2000206420002089
S21402C960014B1860704700BF5420002070B50B4B77
S21402C97004460E4615461978094A0A480CF0EBFF9B
S21402C980094A00231360094A1660094A24211560E1
S21402C99007202246BDE8704000F0B4B82B240020E1
S21402C9A026D0030013240020642000205C200020F0
S21402C9B0582000207FB504461846002303930A4BEE
S21402C9C01B680D46164613B9212004B070BD03A994
S21402C9D098470028F8D10090039B32462946204605
S21402C9E00CF057FBF1E700BF58200020F8B50546CB
S21402C9F010200F46164600F0F7FA0A4B044618783F
S21402CA0018B1102221460CF0A9FF44B10123E360BD
S21402CA102B682360C4E9017600202C60F8BD1A203A
S21402CA20FCE700BF132400202DE9F843264FDFF869
S21402CA30A880264D38603868FFF7A0FE30B9244B30
S21402CA401B689847BDE8F843FFF7AEBE01F0FBF857
S21402CA50D8F800400646ECB16368C8F800301D4BB3
S21402CA60D3F80090B9F1000F0CD101F0F2F8A368E8
S21402CA702C6033F0004311D128680CF0D7FA00235B
S21402CA802B60D8E7124B1B689847FFF78DFEC84706
S21402CA903046EAE701F0DDF82C60CCE72368002B8D
S21402CAA0EAD018680028E7D0A26832F00043E3D044
S21402CAB0D0E90069636921688068C8470028DBD12D
S21402CAC0002ED9D03046EFE76820002060200020F4
S21402CAD05C200020542000206420002038B5044644
S21402CAE00D4601F0B0F8064B1B683BB1DA692260CE
S21402CAF01B692B60BDE8384001F0ABB82360F8E74D
S21402CB00602000202DE9F74FDFF88C90DFF88CB01C
S21402CB1009EB001503314FEA001A4FF6FC770F4077
S21402CB200024DBF800306A8029F80A708046EC6040
S21402CB3002FB07F01646984717FB06F292B2034628
S21402CB4068602A8108B300921148124A9BF80410C2
S21402CB5052F8282040440CF0FFFE21462A896868D5
S21402CB600BF046FD214623469E4206DCD1440020B9
S21402CB70A9F8026003B0BDE8F08F6A68E868505012
S21402CB805418EC6001333944EEE71A20F2E700BF8E
S21402CB901424002024D103007C1900206C200020DD
S21402CBA070B50B4E06EB00150446696839B1094BA1
S21402CBB02A89185C0CF0D1FE686800F033FA06EB9E
S21402CBC004101022BDE8704000210BF011BD00BF1A
S21402CBD07C19002014240020044B19601A719860F6
S21402CBE00201002102480BF003BD00BF6C200020AA
S21402CBF07C190020014B185C704700BF14240020EB
S21402CC0070B50A4C04EB00130601DD68084B185C8D
S21402CC1018B1A25B29460CF0A1FE2DB134442B6854
S21402CC20E3606388013B6380284670BD7C19002060
S21402CC3014240020024B03EB00139878704700BFC1
S21402CC407C190020094B03EB001310B45A88DC68E9
S21402CC500C600132D9605A80054B185C18B15DF839
S21402CC60044B0CF07CBE5DF8044B70477C19002028
S21402CC7014240020044A010102EB0013505A10B19A
S21402CC801B89B3FBF0F070477C19002038B5164BB1
S21402CC90164D00241C70164B2C601C60154B6C60E5
S21402CCA020461C70AC60FFF7E5FF80B2A0F10E03D1
S21402CCB06B80A0F11403013068812046EB80FFF7F9
S21402CCC099FF0D4D0D4A0446014628460CF043FED8
S21402CCD02146681E0A4A0CF03EFE2146681C094A96
S21402CCE0BDE838400CF037BE29240020DE200020A4
S21402CCF090200020282400202624002068D103004B
S21402CD0071D103007BD1030070B5044680B300F0F6
S21402CD109AFF63796FF382036371237913F0100627
S21402CD20054605D010232371BDE8704000F091BF80
S21402CD3003F003030F4931F82320013A21F8232098
S21402CD4030462146FFF77EFF0B4B0C4E1C681CB983
S21402CD500A4B28461C70E7E7237A1BB933781BB9BF
S21402CD602468F4E7012BFBD1636820469847F7E76F
S21402CD7070BD00BFDE200020902000202924002065
S21402CD8010B5044600F05FFF034B1A6822601C6071
S21402CD90BDE8104000F05DBF9020002010B5064BA5
S21402CDA01A78541C1C70054B00F0E00003F83200A1
S21402CDB003EBC203596010BD28240020782000200F
S21402CDC02DE9F04F4607044689B048BF00F0F70445
S21402CDD0634F049204F00306029100F034FF07EB5F
S21402CDE0860337F826205B889A4204F0EF0A8146CB
S21402CDF04FEA860831D20020FFF702FF054640B30D
S21402CE0037F826304846013327F8263000F021FF4F
S21402CE1028460CF00FFC029B029AAB71049B85F825
S21402CE2004A01344EB7100F00EFF4E4B1C6807463D
S21402CE30002C40F08C80384600F00BFF4A4B985D81
S21402CE4018B1452229460CF089FD284609B0BDE8EE
S21402CE50F08F464B01221A70484600F0FAFE25076C
S21402CE601DD51F2C1BD904F0E003039300F0EBFE44
S21402CE7007EB080337F826805B88DFF8F8909845BA
S21402CE802CBF00230123019300F0E3FE07EB860389
S21402CE904FF0000B0593364B1B789B4508D384F066
S21402CEA004005146C0F3800000F082F80025C5E772
S21402CEB099F80030039A1A4204D0D9F80480D8F8B8
S21402CEC0003023B90BF1010B09F10809E3E70793D8
S21402CED05A79D00708D51A79510705D5019941B96B
S21402CEE08AEA0202920704D098461B68002BEFD10A
S21402CEF0E5E740460CF003FA0579079007A80CF020
S21402CF00E0F92946002000F053F800F09CFE059B4D
S21402CF1037F826205B889A4234BF01230023054651
S21402CF20019309D20020FFF76BFE079058B137F83D
S21402CF302630013327F82630284600F08AFE079D61
S21402CF40002DBCD064E7094B01221A70F4E7237A5D
S21402CF50012B02D1636820469847246868E700BF21
S21402CF60DE200020902000202524002029240020F6
S21402CF702824002078200020014B00221A607047E7
S21402CF809420002010B5044600F05DFE074A1368A0
S21402CF902BB914602360BDE8104000F05ABEA342CD
S21402CFA002D01A461B68F3E710BD00BF942000208B
S21402CFB0064B70B51C6805460E4604B970BD63681C
S21402CFC03146284698472468F7E700BF9420002099
S21402CFD0024B034A197803480CF0BDBC2A240020F1
S21402CFE088D103002B24002038B5C41C24F0030487
S21402CFF0204601F022FE0A4B0546187818B1224652
S21402D00029460CF0ABFC2DB921460220FFF7D0FFD3
S21402D010284638BD2246002128460BF0E9FAF7E7F3
S21402D0202B24002010B5044628B1054B187810B101
S21402D03021460CF094FC2046BDE8104001F01BBED1
S21402D0402B24002038B50B4C0B4B206800251D7096
S21402D05028B102F032FD2068FFF7E4FF2560074C96
S21402D060206830B102F094FF2068FFF7DBFF002350
S21402D070236038BD9C2000202D240020982000200C
S21402D0802DE9F341224F3B78002B3FD1214B224E14
S21402D0901978224A224C30460CF05DFC01F0BEFDA7
S21402D0A00546FFF7A1FF01462060307810B12A46F8
S21402D0B00CF054FC236883B101F0B2FD8046FFF702
S21402D0C093FF184D01462860307810B142460CF0A6
S21402D0D045FC2B682BB9FFF7B5FF1A2002B0BDE856
S21402D0E0F081206802F0D8FC2868E8F769FC002383
S21402D0F000932A680C49206802F0F3FC20B1FFF77F
S21402D100A1FF40F20740E9E701233B700020E5E774
S21402D1102D2400202B2400202C24002092D1030052
S21402D1209C20002098200020DBFF020038B50C4B24
S21402D1301B7804460D465BB10A4B22461868294600
S21402D14002F06EFD002840F2074008BF002038BDFE
S21402D15005490648FFF794FF0028EDD0F7E700BF21
S21402D1602D2400209C200020EFBEADDEBEBAFECAF3
S21402D1704FF0FF3C06E000BF4FF0010C02E000BF9C
S21402D1804FF0010C4DF804CD4FEA410C7FEA6C5C7F
S21402D1904FEA430C18BF7FEA6C5C1BD001B050EA22
S21402D1A0410C0CBF52EA430C91EA030F02BF90EA0D
S21402D1B0020F0020704710F1000F91EA030F58BFCC
S21402D1C0994208BF90422CBFD8176FEAE37040F02E
S21402D1D0010070474FEA410C7FEA6C5C02D150EACC
S21402D1E0013C07D14FEA430C7FEA6C5CD6D152EA87
S21402D1F0033CD3D05DF8040B704700BF844610464C
S21402D20062468C461946634600E000BF01B5FFF74A
S21402D210B7FF002848BF10F1000F01BD4DF808ED1A
S21402D220FFF7F4FF0CBF012000205DF808FB00BFEB
S21402D2304DF808EDFFF7EAFF34BF012000205DF845
S21402D24008FB00BF4DF808EDFFF7E0FF94BF012092
S21402D25000205DF808FB00BF4DF808EDFFF7CEFF93
S21402D26094BF012000205DF808FB00BF4DF808EDD2
S21402D270FFF7C4FF34BF012000205DF808FB00BFA3
S21402D2804FEA410C7FEA6C5C02D150EA013C0AD1BB
S21402D2904FEA430C7FEA6C5C02D152EA033C02D1AD
S21402D2A04FF0000070474FF0010070474FEA41020E
S21402D2B0B2F1E04324BFB3F5001CDCF1FE5C0DD9ED
S21402D2C001F0004C4FEAC0024CEA5070B2F1004F37
S21402D2D040EB830008BF20F00100704711F0804F3A
S21402D2E021D113F13872BCBF01F00040704741F4FF
S21402D2F080114FEA5252C2F11802C2F1200C10FA03
S21402D3000CF320FA02F018BF40F001004FEAC123E6
S21402D3104FEAD32303FA0CFC40EA0C0023FA02F38A
S21402D3204FEA4303CCE77FEA625307D150EA013360
S21402D3301EBF4FF0FE4040F44000704701F0004030
S21402D34040F0FE4040F40000704700BF38B50022AF
S21402D350002304460D46FFF76BFF28B920462946F0
S21402D360BDE8384000F00AB8204605F1004100F05A
S21402D37005F8404261EB410138BD00BFD0B50C4B09
S21402D380002206460F46FCF7E9F9FCF721FC0446A4
S21402D390FCF76AF9074B0022FCF7E0F902460B4657
S21402D3A030463946FCF722F8FCF712FC2146D0BD7F
S21402D3B00000F03D0000F04170470378C05C704703
S21402D3C008B501F00FFCE0F791FE01F018FCFFF73C
S21402D3D0F3FFE6F70DFEF8E7EEF794BE08B5E7F7BB
S21402D3E061FCBDE80840F0F751BE10B50446E1F70F
S21402D3F0C1FD2046E1F746FB2046E0F795FE10BD4C
S21402D4000120704700B5C3B0EEF70EFE05F0C2FD70
S21402D41048B1FFF7F5FF30B101A806F057FC10B986
S21402D42001A8FFF7E2FF43B05DF804FB704708B5BA
S21402D430E2F78AFBE1F7CCFCE1F74EFDBDE80840D7
S21402D440E2F73CB908B500F06CF8E7F7D5F8E6F76E
S21402D45019F900F0ACFFE6F7D9FBBDE80840E1F7A2
S21402D46021BD08B5E4F79EFD00F0F4FDE4F7AAFD41
S21402D470BDE80840FFF7B2BFE1F758BF7047E2F7D2
S21402D48079B8FFF7BFBF7047E1F71ABD01207047B2
S21402D4900120704738B5E2F7A7F80546EEF7ECFD2F
S21402D4A0041E18BF2C46FFF7F1FF002818BF2046BF
S21402D4B038BD38B5E6F7A2FE0446E2F78BF8042834
S21402D4C01ED002284FF0000508BF012405F0A4FD77
S21402D4D0042817D0022808BF0124E1F7F7FC042825
S21402D4E012D0022808BF0124FFF7D2FF04280DD06D
S21402D4F0022808BF0124002D18BF0024204638BD8C
S21402D5000125E3E70125E8E70125EDE70024F5E735
S21402D51082B002AB03E90300012002B070477047F5
S21402D52070470F207047082808B517D00CDC022871
S21402D53003DC002803DC0E2008BD0428FBD10123EF
S21402D5400422092105200DE020280FD0402811D002
S21402D5501028F0D1012304220E21F3E7012304222E
S21402D5600A211846E3F7B6FF0020E5E70123042266
S21402D5700821E7E7012304220A21E3E7082808B581
S21402D58017D00CDC022803DC002803DC0E2008BDC2
S21402D5900428FBD100230422092105200DE02028BF
S21402D5A00FD0402811D01028F0D1002304220E21DB
S21402D5B0F3E7002304220A210120E3F78BFF002071
S21402D5C0E5E7002304220821E7E7002304220A21D4
S21402D5D0E3E770B5002506462C46052C20D8DFE882
S21402D5E004F003070B0F13175B210820E2F712FB68
S21402D5F00C210820E2F70EFBD1210820E2F70AFBF5
S21402D60080210820E2F706FB00210820E2F702FB51
S21402D610294608206C1CE2F7FDFAE4B225460624E9
S21402D620A4F10E03012B05D85A210820E2F7F2FADC
S21402D6300134D2E7102C05D1BDE870405D210820E8
S21402D640E2F7E8BAB31F195DEFE707B520F07F40AF
S21402D65040EA81700123019068460093FFF7B9FF04
S21402D66003B05DF804FB2DE9F74F0C9F01930026EB
S21402D67000FA02F807F1020901FA02F230460199AD
S21402D680F3B2994205D80028B8BF404203B0BDE8BD
S21402D690F08F17F9263017F826E037F8265039F8B3
S21402D6A02640002BACBF4FF0010C4FF0FF3C1EF0A3
S21402D6B0700F4FEA1E1A0EF0070145F3072506D132
S21402D6C059BB04FB0CFC00EB0C300136D7E7002DEF
S21402D6D0B8BFC5F1000B98FBF4F3B4BF43FA0BF3E3
S21402D6E0AB401AF0060F14BF9A464FF0010AC1B1BA
S21402D6F0002DB8BF6D4292FBF4F4B4BF2C41AC408F
S21402D7001EF0060F14BF214601210CFB03F30AFB91
S21402D71003F3634301FB0300D7E74FF0010A5346C6
S21402D720E6E701210C46F0E737B5054605240DF17C
S21402D730070211212846E2F77BF89DF8073003F02E
S21402D740E003202B06D018B9013C14F0FF04EED1FA
S21402D75003B030BD0020FBE7F7B50F460DF1070218
S21402D76011210546E2F764F8044680BB9DF80730AF
S21402D770284603F01F038DF80730FFF7D5FF04464F
S21402D78028BBE7B105260DF1060211212846E2F76D
S21402D7904FF89DF806309DF8072003F01F039A42C3
S21402D7A018D050B9013E16F0FF068DF8073011D09A
S21402D7B02846FFF7B9FF0028E5D0044607E00246F0
S21402D7C00B212846E2F74EF8002818BF04462046EA
S21402D7D003B0F0BD3A460B212846E2F743F800288C
S21402D7E0EBD105260DF1060211212846E2F720F8B4
S21402D7F09DF806309DF8072003F01F039A42E6D1F3
S21402D8000028DAD1013E16F0FF06EBD1DFE710B5AD
S21402D81001220B21E2F726F804461E20E6F7D0FF87
S21402D820204610BD1121FFF797BFF7B506460D46F5
S21402D8301746FFF779FF044678BB0DF10202112165
S21402D8403046E1F7F5FF9DF802308DF8047003F0DC
S21402D8501F0305F03F058DF80230803D01AB022222
S21402D8600A2130468DF80550E2F71AF80446A0B9A8
S21402D87005250DF1030211213046E1F7D9FF9DF887
S21402D88003309DF8022003F01F039A4205D138B9EF
S21402D890013D15F0FF05ECD12C46204603B0F0BD45
S21402D8A00446FAE738B505463220E6F789FF2846E9
S21402D8B0FFF7ADFF0F22044601212846FFF7B5FF0A
S21402D8C07822044402212846FFF7AFFF712204445F
S21402D8D003212846FFF7A9FF4022044404212846D4
S21402D8E0FFF7A3FF4D22044406212846FFF79DFFBB
S21402D8F0E122044407212846FFF797FF402204440A
S21402D90008212846FFF791FF412204440A212846AF
S21402D910FFF78BFFE12204440B212846FFF785FF21
S21402D920502204440C212846FFF77FFF4D22044470
S21402D9300E212846FFF779FF872204440F21284646
S21402D940FFF773FF4022044410212846FFF76DFFBD
S21402D9500F22044411462846E1F784FFC44214BF4E
S21402D96001200020000138BD1FB50C466B4612216F
S21402D9700D22E1F7B9FF9DF8003023709DF80230C2
S21402D9809DF801201B0243EA02439DF80320190278
S21402D99042EA030248BF42F07F429DF805306260C9
S21402D9A09DF804201B0243EA02439DF806201A4310
S21402D9B01B0248BF42F07F429DF80830A2609DF8E5
S21402D9C007201B0243EA02439DF80920190242EA95
S21402D9D0030248BF42F07F429DF80B30E2609DF89A
S21402D9E00A201B0243EA02439DF80C201A431B023C
S21402D9F048BF42F07F42226104B010BD10B588B025
S21402DA00144604228DF804300DEB0203049301231E
S21402DA104900ADF8143002ABADF80C10069303A91A
S21402DA200223ADF80E20ADF81C30E2F779F950B9B2
S21402DA309DF809309DF8082003F0FC0303EB02234F
S21402DA40236008B010BD00233120F9E72DE9F0412C
S21402DA501D46E523074688461646FFF7CFFFC0B9A0
S21402DA60346843F609535C43640BA4F5BB54103C7C
S21402DA703460E0232A4641463846FFF7BFFF40B9E6
S21402DA80296845F2CD5359434913A1F53741023966
S21402DA902960BDE8F08110B588B00423ADF80E30D9
S21402DAA04CF6FC13ADF8003002234900ADF81430F2
S21402DAB001ABADF80C10069303A908231446CDF863
S21402DAC010D0ADF81C30E2F72BF938B914B90120A2
S21402DAD008B010BD9DF804302370F8E70020F7E781
S21402DAE070B5002205460E46FFF7D5FF044660B91C
S21402DAF05020E6F765FE224631462846FFF7CBFF62
S21402DB0080F00100C0B2000170BD0020FCE7FEE715
S21402DB104FF4004070474FF47A707047002303605A
S21402DB20704703680B60016070474FF06042012344
S21402DB30D2F8001E83400B43C2F8003E0020704716
S21402DB404FF060410122D1F8003E824023EA0203F0
S21402DB50C1F8003E00207047D0E90003184743781A
S21402DB6010B5012204780C219A40302313FB0413CB
S21402DB70817803F1804303F5204319B903F18063EA
S21402DB801A6010BD03F1C063FAE7437810B50122AC
S21402DB9004780C219A40302313FB0413817803F196
S21402DBA0804303F5204319B903F1C0631A6010BD20
S21402DBB003F18063FAE74178037801228A40302134
S21402DBC04B4303F1804303F520439A6170470246B4
S21402DBD000780C21302313FB001303F104735178F1
S21402DBE003F5204301EBC3039B0018689378C0B289
S21402DBF013B9B0FA80F04009704710B588B00446F1
S21402DC000E9807900D9806909DF8300005900B9898
S21402DC1004909DF8280003900020CDE90130009280
S21402DC200B4622460121E2F7A5F808B010BD08B55A
S21402DC30E2F7BEFB013008BDEFF3108072B6704704
S21402DC4000B962B67047EFF31180602383F3118840
S21402DC50704780F31188704784B00B6800934B6856
S21402DC6001938B680293CB680393009B0360019B2E
S21402DC700360029B0360039B0360002300930193EF
S21402DC800293039304B0704784B00368009303685A
S21402DC9001930368029303680393009B0B60019B46
S21402DCA04B60029B8B60039BCB6000230093019327
S21402DCB00293039304B0704730B5D1E90223D1E949
S21402DCC00054056004600260036030BD30B505682C
S21402DCD0046802680368C1E90054C1E9022330BD42
S21402DCE0FFF7EABF7FB58A0704460B4610D06D469B
S21402DCF001F11006186859682A4603C20833B3426F
S21402DD001546F7D169462046FFF7D6FF04B070BD28
S21402DD100091009904B0BDE87040FFF7CDBFFFF751
S21402DD20D5BF30B58B0785B00C4610D06946FFF7D5
S21402DD30CDFF0D46234604AC2A4603CAA24218600B
S21402DD405960154603F10803F6D105B030BD0091BF
S21402DD50009905B0BDE83040FFF7B8BF10B5FFF731
S21402DD60ABFFBDE810401031FFF7A6BF10B5FFF7B6
S21402DD70ADFFBDE810401031FFF7A8BF10B5FFF7A2
S21402DD809BFF0C461031FFF797FF04F12001FFF7C7
S21402DD9093FF04F13001BDE81040FFF78DBF00F19C
S21402DDA0424303F58013102A10B54FEA43130AD1F3
S21402DDB001221A6000F58870FFF74EFF1031BDE8A9
S21402DDC01040FFF749BF00221A602430F7E7F0B58B
S21402DDD00B46990789B0044615462DD0082A19D154
S21402DDE06D4603F11006186859682A4603C20833BE
S21402DDF0B3421546F7D1082269462046FFF7CFFF01
S21402DE0003226B460020013A186003F10403FAD29B
S21402DE1009B0F0BD6E4603F120071868596832460D
S21402DE2003C20833BB421646F7D12A466946204645
S21402DE30FFF7B5FF0722E4E70093009909B0BDE8B3
S21402DE40F040FFF7ACBF436823F01F030E290BD840
S21402DE50DFE801F008080808080B0B0B080808089A
S21402DE600B0B0B00194341607047194341F0100138
S21402DE70F9E710B52030FFF707FF102A04D1BDE8F6
S21402DE8010401031FFF700BF10BD30B58B0789B0C8
S21402DE900C46154625D06946FFF7EBFF082D6A4665
S21402DEA013D104AD134603CBAB42206061601A4621
S21402DEB004F10804F6D103226B460020013A1860EA
S21402DEC003F10403FAD209B030BD08AD134603CB02
S21402DED0AB42206061601A4604F10804F6D10722BC
S21402DEE0EAE70091009909B0BDE83040FFF7C1BFEC
S21402DEF0704770477047E2F77DBFE2F70DBF70B517
S21402DF0005460E461446FFF797FE2B685C403440E3
S21402DF105C402C60BDE87040FFF792BE00F14240C4
S21402DF2000F58010400101607047E3F7C7BDCB43A0
S21402DF305B0003F00A03C360C160704738B5E3F7BD
S21402DF4003FF8B7C04460D461BB1036843F08043F7
S21402DF500360EB7C1BB12B7D43F08003A3652A8A0A
S21402DF606B7B1343EA89134363602B7BD5E901126B
S21402DF702046E3F7A5FE6B7D1BB1236843F480338E
S21402DF802360AB7D1BB1236843F400432360EB7D23
S21402DF902A7E1B07120502F4E00203F0E043134355
S21402DFA02366636F23F030036367626F6B7E1343EF
S21402DFB063672B78E36038BD38B5E3F7C5FE0B8A96
S21402DFC0026843F0010313438A7B43EA8223036019
S21402DFD003680A7D43EA427303608B7C04460D465F
S21402DFE01BB1CB7C43F0800383652B7B43F48053C9
S21402DFF06360D5E901122046E3F794FE6B7B0BB112
S21402E0001023E3606B7D1BB1236843F480332360E7
S21402E010AB7D1BB1236843F400432360EB7D2A7E6D
S21402E0201B07120503F0E04302F4E00213432366E3
S21402E0302B78E36038BD03695A06FCD54163036951
S21402E0409B06FCD5C069C0B2704703695B06FCD567
S21402E05041637047F6F774B9242200210AF0C8BA61
S21402E06018B1242200210AF0C3BA704770B51546CB
S21402E0700E462422002104460AF0BAFAC02D0DD01C
S21402E080B5F5807F01D0802D0BD12046EA0840F8F6
S21402E090045B31460AF0B7FA002070BD6FF07100DB
S21402E0A0FBE76FF01F00F8E72DE9F04114460F4634
S21402E0B02422002106460AF09BFAC02C3CD0B4F576
S21402E0C0807F2CD0802C3AD13460E4F771FD002397
S21402E0D0436003600446FFF7AFFD4FF008080546AD
S21402E0E0424639462046FFF772FE2846FFF7A8FD4D
S21402E0F00523A360256915F00205FBD1FFF79CFDF9
S21402E1004246311D07462046FFF7BFFE3846FFF758
S21402E11097FD2046E4F756FD2846BDE8F0813460B8
S21402E120E4F746FD0023436003600446FFF784FDE0
S21402E1304FF010080546D3E76FF07100EDE76FF079
S21402E1401F00EAE701292DE9F04705460E469246EA
S21402E1501F463AD80368802B02D0B3F5807F37D1AA
S21402E160E4F726FD0023436003600446FFF764FDE0
S21402E1702946814651F8043B802B14BF1022082200
S21402E180204604F18008FFF722FE51464046FFF77C
S21402E190A9FD4846FFF754FD012E0CBF05230623B2
S21402E1A0A360256915F00205FBD1FFF745FD394648
S21402E1B006464046FFF7B5FD3046FFF741FD2046CE
S21402E1C0E4F700FD2846BDE8F0876FF02000FAE786
S21402E1D06FF07100F7E703699B07FCD17047CA88A6
S21402E1E00B68032AF0B50DD803EB82018B4205D1EA
S21402E1F000230132082A0360FBD1F0BD53F8044B1A
S21402E2000460F3E7072AD3E90076D3E9025413D869
S21402E210076003F11001066003EB820305600460E9
S21402E220994205D100230132082A0360FBD1E4E7B4
S21402E23051F8044B0460F3E707600660056004606B
S21402E240D3E90441D3E90623046001600260036057
S21402E250D3E7F0B5CA88082A89B006460C460DD11F
S21402E260FFF7EAFC216805463046FFF77FFD2846A1
S21402E270FFF7E6FC0026304609B0F0BD12D9FFF7DC
S21402E280DBFC216805463046FFF770FD2846FFF79F
S21402E290D7FCE2882068083A9200002120300AF073
S21402E2A0A7F9E7E7694600252B460F46306841F88E
S21402E2B0040B0133002818BF1D46082BF6D1AA42CC
S21402E2C00EDA2946204600F0F6FC06460028D2D191
S21402E2D02068AA0039460AF096F90123A380CAE705
S21402E2E02068920039460AF08EF9C3E7CA88072AE0
S21402E2F038B50D46044609680DD892000AF083F92F
S21402E300E888C0F10802920004EB80000021BDE814
S21402E31038400AF06DB901F1200351F8042B44F895
S21402E320042B9942F9D138BD0078C31E5842584191
S21402E330704700207047704710F1860F12D010F118
S21402E340850F0ADA10F1930F0FD010F1870F0CBF6A
S21402E3506FF073004FF0FF307047003818BF01208F
S21402E360404270476FF0710070476FF06F00704761
S21402E37000F0EEB800F0ECB808B5E4F7D7FDBDE85B
S21402E3800840FFF7D9BF07B500230193202201AB4F
S21402E390E4F74CFE03B05DF804EBFFF7CDBF08B51B
S21402E3A000F022F9002818BF6FF03B0008BD704746
S21402E3B0F0B591B01546169C49228DF8202004F13E
S21402E3C00C060DF1210254F8047B42F8047BB44299
S21402E3D0F9D1247814704FF48074ADF830409DF86B
S21402E3E05C408DF8324004240694189C0594102450
S21402E3F00022049408ACCDE90234CDE900150B46A0
S21402E4001146CDE90D228DF82E208DF82F508DF86D
S21402E41033200F92E4F7BEFA11B0F0BD1FB5079C89
S21402E42002949DF81840CDE9003413460A46014688
S21402E4300020FFF7BDFF04B010BD1FB5079C029475
S21402E4409DF81840CDE9003413460A4601460120DD
S21402E450FFF7AEFF04B010BD2DE9F8430746B02023
S21402E460914688461E46E4F7C7FB05460023B9F1E7
S21402E470800F4360414645F8803B14BF10220822B5
S21402E48004464FF00508FFF7A2FC7FB13146284646
S21402E490FFF728FCC4F8088008992846FFF741FCD5
S21402E4A02046E4F7B3FB0020BDE8F8838C23C4F8CB
S21402E4B008803146A3602846FFF714FC0623A360B3
S21402E4C0EAE72DE9FF478046B020894617461E46F2
S21402E4D0DDF830A0E4F790FB0546B9F1800F4FF067
S21402E4E00003436014BF1022082245F8843B4146CD
S21402E4F00446FFF76CFC0EB331462846FFF7F2FBE4
S21402E5004823A3600523A3600323394604F1A00031
S21402E510A360FFF7E7FB0D9904F18000FFF701FC0B
S21402E520BAF1000F03D051462846FFF7FAFB204601
S21402E530E4F76CFB002004B0BDE8F08731461022F9
S21402E54068460AF055F869462846FFF7C9FBD7E73A
S21402E55008B518B16C2200210AF04AF8002008BD5E
S21402E5602DE9F8431546894680461F46E4F720FB08
S21402E5700023436003600446FFF75EFBB9F1100F09
S21402E58014BF1022082206464146204604F180089F
S21402E590FFF71DFC29464046FFF7A4FB3046FFF76F
S21402E5A04FFBFFF749FB3946064604F1A000FFF78A
S21402E5B099FB0523A36023699B07FCD40899404670
S21402E5C0FFF7AFFB3046FFF73BFB089B03F1100259
S21402E5D053F8041B45F8041B9342F9D12046E4F78E
S21402E5E0F1FA0020BDE8F8832DE9F0411C4600232D
S21402E5F00F46164623604FF0050825682246711B13
S21402E6007819E4F737FB23681D44B542256006D225
S21402E610B8F1010801D00028EFD1BDE8F081002052
S21402E620FBE713B502230024684600948DF80440E5
S21402E6308DF80530E2F790FC204602B010BD70B5AA
S21402E6400C46154610B9E5F711F838B143682BB1F8
S21402E6502A4621460068BDE870401847232070BD50
S21402E660F7B50D4616461C4648B103B901AC876895
S21402E6705FB12346324629460068B84706E0E4F70B
S21402E680F5FF04B901AC0028F1D1232003B0F0BD98
S21402E690F8B50C461546064658B9E4F7E7FF204695
S21402E6A02946FCF7DFFB0446002CD4BF37200020A7
S21402E6B0F8BDE4F7DBFF86420746F0D03046E4F7C3
S21402E6C0C9FF29462046FCF7CDFB04463846E4F748
S21402E6D0C1FFE9E70EB403B503AA52F8041B019280
S21402E6E0FFF7D6FF02B05DF804EB03B070470020D8
S21402E6F07047FEE74FF400534B600020704701203E
S21402E7007047012070474FF0FF3070470020704777
S21402E71007B5002001AB0190FFF7A2FF0198002881
S21402E72008BF4FF0FF3003B05DF804FB10B50020C1
S21402E7301446FFF784FF204610BD034670B190F8DA
S21402E740382090F83C002AB1022803D1012283F82F
S21402E7503C20704704284FF00102F8D00120704791
S21402E76080F82C10704790F82C00704790F839000B
S21402E7707047037A3022534303F1804303F5622342
S21402E780D3F89410D0E903231344994214BF0846E1
S21402E79010467047F8B590F8393004460D4681B1F8
S21402E7A073B990F83A60FFF747FA012105463046FA
S21402E7B0E5F782FB2846FFF743FA012384F839304F
S21402E7C0F8BD002BFCD090F83A70FFF735FA2946D0
S21402E7D006463846E5F770FB3046FFF731FA84F80E
S21402E7E03950EDE72DE9F8430446164690F82C809A
S21402E7F00D46FFF728FA94F8382003469AB1FFF739
S21402E80028FA94F83B90FFF717FA01210746484684
S21402E810E5F752FB3846FFF713FAFFF714FA002221
S21402E820034684F838201846FFF713FA2E44B542FA
S21402E83004D1236A0121204698473CE094F82D3003
S21402E84023B3FFF700FA237E0746E3B12046FFF71D
S21402E85090FFE168D4F830C0013888423EBF206994
S21402E86000F1FF30401803469C450BD013F80129EF
S21402E870112A01D0132A21D1A2F111035A425A4178
S21402E88084F8342020633846FFF7E3F994F83430EE
S21402E890002BCCD0B8F1000F06D02B780A2B03D170
S21402E8A0E3690D2120469847E36915F8011B2046C7
S21402E8B098470028BBD00020BDE8F883994282BF63
S21402E8C0236903F1FF335B18CEE7F8B590F83830CA
S21402E8D0044603F0FF06A3B9036A314698470123AC
S21402E8E084F8383094F83B70FFF7A6F931460546AF
S21402E8F03846E5F7E1FA2846FFF7A2F9022384F83C
S21402E9003C30F8BD026CD36C43F00403D36470470A
S21402E910026C10B5044613695906FCD500231A4644
S21402E92094F8491094F84800E2F7D4FD00231A46FA
S21402E93094F84B1094F84A00E2F7CCFD94F8503065
S21402E940DA0707D5002394F84D1094F84C001A46BF
S21402E950E2F7C0FD94F850309B0707D5002394F8E1
S21402E9604F1094F84E001A46E2F7B4FD206CC36CC2
S21402E97023F00103C364C36C23F00403C3640021C1
S21402E980FFF7D5FA606C0021E1F7CCFC002010BD41
S21402E99008B5006CFFF759FB002008BD036CDA6C63
S21402E9A019B142F00102DA64704722F00102DA6419
S21402E9B001229A64704738B50468206C056C15F01D
S21402E9C0010509D00123836403699B060FD52046FF
S21402E9D0BDE83840FFF779BF042384F83C30237E35
S21402E9E033B9C36C23F00403C3640123237638BD12
S21402E9F0637E23B394F82D300BB384F8355013217D
S21402EA00FFF723FB236CDA6C42F00402DA64DB695C
S21402EA10DBB2112B0ED1012384F83430237A302254
S21402EA20534303F1804303F56223D3F89430013B4A
S21402EA302363DCE7132BDAD184F83450EEE7C36C99
S21402EA4023F00403C364D2E7013A42EA520242EADE
S21402EA50920242EA121242EA122230B542EA124206
S21402EA600132B2F5807F38BF4FF4807254420440C0
S21402EA7015198D4205D31C60039B1D60049B1A600A
S21402EA8030BD5200F2E708B5E5F73CF908BD10B50F
S21402EA90FFF7D2F80446E5F783F92046BDE81040B2
S21402EAA0FFF7CEB87047FFF726BA704770470120C7
S21402EAB070474FF41670E5F78BBA00230B70704759
S21402EAC02DE9FF410D4616461F460446A8B14FF0F3
S21402EAD00008C0F81C80E5F7C9FDBDF82C3002938B
S21402EAE09DF828304246CDE9007329463346204633
S21402EAF0E5F722FD04B0BDE8F0812220FAE7F0B582
S21402EB000D4685B016461F46044690B10023C361E3
S21402EB10E5F7ACFDBDF82C3002939DF828302A4666
S21402EB20CDE90073294633462046E5F705FD05B0D4
S21402EB30F0BD2220FBE7F0B587B01F4600230D4646
S21402EB4016468DF817300446A8B1C3610DF11701B9
S21402EB50E5F7BCFD9DF817207AB9BDF8343002936C
S21402EB609DF830302946CDE9007320463346E5F756
S21402EB70E3FC07B0F0BD2220FBE70320F9E7F0B57F
S21402EB8087B01F4600230D4616468DF817300446FA
S21402EB90B0B1C3610DF11701E5F798FD9DF8173086
S21402EBA083B9BDF8343002939DF830302A46CDE959
S21402EBB00073294633462046E5F7BEFC07B0F0BD93
S21402EBC02220FBE70220F9E738B5FFF73CF80546B6
S21402EBD0E5F784FF04462846FFF73BF8204638BD93
S21402EBE0E6F70CB808B5E0F7ABF8FEF720FCFEF740
S21402EBF029FCFEF736FCBDE80840FEF73DBC08B52A
S21402EC00FEF73CFCFEF73BFCFEF73BFCBDE808408B
S21402EC10FEF739BC24207047482070474C207047C6
S21402EC204020704708B501F01FFBEAF7D9F802F05A
S21402EC30D5FA03F005F9002008BD38B50446FEF7FC
S21402EC40FBFF05462046FBF775F904462846FEF705
S21402EC50F7FF204638BD70B504460E46FEF7ECFFB9
S21402EC60314605462046FBF74BF904462846FEF792
S21402EC70E7FF204670BD38B50546FEF7DDFF0446C1
S21402EC802846FBF75FF92046BDE83840FEF7D8BFB6
S21402EC9000220123C0E90023704710B5044648B19C
S21402ECA0006818B1E188890001F04EFA00220123BB
S21402ECB0C4E9002310BD42F21073994270B50446AF
S21402ECC00D4602D96FF00F0070BDC3888B4201D388
S21402ECD00020F9E704212846FFF7BDFF0646002874
S21402ECE0F0D0216841B1E288920009F08CFCE188FC
S21402ECF02068890001F028FAE5802660E8E738B542
S21402ED0004460D4619B9FFF7C8FF002038BDC28871
S21402ED108A4207D100689200002109F069FC0123AB
S21402ED20A380F2E7FFF7B9FF29462046BDE8384040
S21402ED30FFF7C1BF884270B505460E4609D0C9889E
S21402ED40C28841B92AB1012383809200006809F083
S21402ED504FFC002070BD4C1E8CB90134B6F904304D
S21402ED60AB80A24212D221462846FFF7A4FF002813
S21402ED70F0D131682868A20009F045FCE9E733685B
S21402ED8053F82430002BE8D1013CE5E72868121B33
S21402ED909200002100EB840009F02AFCE9E770B536
S21402EDA00C4601210546FFF786FF064688B9EA8823
S21402EDB001469200286809F01BFC84EAE472A2EB82
S21402EDC0E472E40FC4EBC4342B68640001341A60A6
S21402EDD0AC80304670BDC388B1EB431F3FBF0368AB
S21402EDE04A0901F01F0153F822003ABFC84000F05A
S21402EDF0010000207047C188006800F0A9BA70B50B
S21402EE000E4612F0030118BF012101EB92010546DE
S21402EE101446FFF774FF38B9E98828682346324655
S21402EE20BDE8704000F0B6BA70BD13460A46C18807
S21402EE30006800F0D4BA38B504460D46FFF7DBFF8B
S21402EE40E3882844B0EB431F06D82068E1882A46A8
S21402EE5000F035FB002038BD10F01F0118BF01215D
S21402EE6001EB50112046FFF726FF0028EDD0F2E70F
S21402EE700A46C18808B511B1006800F0E2FA00201F
S21402EE8008BD10B5C38823B9CA885AB9ABB10120E8
S21402EE9017E0026802EB830252F8042C002AF3D130
S21402EEA0013BF0E70C6804EB820454F8044C0CB9FE
S21402EEB0013AEAE79342EAD80FD3013B5A1C01D142
S21402EEC0002010BD026852F823400A6852F8232038
S21402EED09442DCD803F1FF33F0D24FF0FF30F0E774
S21402EEE030B5C38823B9CA885AB9002B3DD136E05B
S21402EEF0026802EB830252F8042C002AF3D1013B8B
S21402EF00F0E70C6804EB820555F8045C4DBB013A49
S21402EF10EAE7B1F9045003D2B1F90400404226E010
S21402EF20B0F90420002A03DD002D0CDA01201EE0D1
S21402EF30002D08DD3AB14FF0FF3018E003F1FF3341
S21402EF400BD2504213E0013B016851F8235054F8AB
S21402EF5023108D42F2D9104609E0591CF4D1002044
S21402EF6005E0002BD8D09342D3D9B0F9040030BDC7
S21402EF701FB581EAE173A3EBE173C90FC1EBC1319F
S21402EF804900019301310123ADF80C10ADF80E30A3
S21402EF9002A901AB0293FFF7A3FF05B05DF804FBDD
S21402EFA090422DE9F04105460F46144602D08842AB
S21402EFB006D127460123FC88AB803CB9002003E03B
S21402EFC0FFF7B8FE0028F4D0BDE8F0813B6803EBFB
S21402EFD084034FEA840853F8043C0BB9013CECE77F
S21402EFE021462846FFF767FE0028EDD12E683A68CC
S21402EFF023463146304600F098FA06EB08030746E9
S21402F000002FDBD0EA88A24204F1010608D8314676
S21402F0102846FFF750FE0028D6D12B6803EB840360
S21402F0201A68D21943F8042B2CBF0127002734464E
S21402F030E6E72DE9F041D48805460E4690463CB9EF
S21402F040F188A1420ED26FF009073846BDE8F0817A
S21402F050D8F8003003EB840353F8043C002BEFD1BE
S21402F060013CECE72846FFF726FE07460028ECD1CF
S21402F070F28894420BD2AE4209D028683168121B3D
S21402F080920001EB840100EB840009F0BCFAEA88E6
S21402F090F088824207D92B68121A9200002103EBED
S21402F0A0800009F0A5FAD8F80020316828682346BF
S21402F0B000F051FA024610B90123AB80C5E7296871
S21402F0C0EB8801EB84011B1B084600F06DFB002851
S21402F0D0F2D0B8E72DE9F843B2F804C0B1F904401B
S21402F0E01CFB04FC6646734381460D4617461CD538
S21402F0F011462846FFF7C5FEB0F100080DDB3A467A
S21402F10029464846FFF795FF98B9B8F1000F08BFA1
S21402F1100124A9F8044000200BE02A464846FFF7DF
S21402F12088FF30B9644224B2F3E7FFF739FF0028BC
S21402F130EFD0BDE8F8830123FFF7CCBF4FF0FF33D3
S21402F140FFF7C8BF1FB582EAE273A3EBE273D20FE2
S21402F150C2EBC2325200019301320123ADF80C20F9
S21402F160ADF80E3002AA01AB0293FFF7E7FF05B037
S21402F1705DF804FB2DE9F047012386B01646884267
S21402F1804FF00002CDE90223CDE9042307460D46DF
S21402F19006D102A8FFF7CEFD0446002833D102AD01
S21402F1A0B74206D1394604A8FFF7C4FD044650BB51
S21402F1B004AEB5F80680B8F1000F2ED1B6F8069068
S21402F1C0B9F1000F33D14FF0010A09EB08013846B6
S21402F1D0FFF771FD0446B0B901463846FFF7DFFD7A
S21402F1E0044680B9CDF800903368296838684246EC
S21402F1F000F08AFABAF1000F22D1AB88B28813FB6C
S21402F20002F31BB2BB8004A8FFF747FD02A8FFF774
S21402F21044FD204606B0BDE8F0872B6803EB880362
S21402F22053F8043C002BC9D108F1FF38C3E7336812
S21402F23003EB890353F8043C23B909F1FF39BFE70E
S21402F2400123DFE7B8FA88FA4FEA5A1ABDE72DE932
S21402F250F341CF880546884616463FB1D8F80030B7
S21402F26003EB870353F8043C3BB146B9002128461A
S21402F27002B0BDE8F041FFF792BD013FEDE7791C11
S21402F2802846FFF718FD044670B941462846FFF7A0
S21402F29051FD044640B9013E0096D8F80020E988A0
S21402F2A028683B4600F074F9204602B0BDE8F081BB
S21402F2B070B504460D46104600211646FFF758FE66
S21402F2C0002824DB2A46334621460020E5F732FD95
S21402F2D0054638B1284670BD324621462046FFF71D
S21402F2E02AFF90B900212046FFF742FE0028F3DBF2
S21402F2F031462046FFF7F4FD0028EBDB3246214676
S21402F3002046FFF71BFF0028F2D00546E2E76FF023
S21402F3100905DFE7F7B50E1E044615461F4614DB41
S21402F3201046FFF725FE00280FDDE9882046FFF786
S21402F330E6FC40B9089BCDE900733146E3882A68AB
S21402F3402068E5F70BFF03B0F0BD6FF00300FAE7A5
S21402F3500139002901DA0020704750F82130002BCD
S21402F360F6D0B3FA83F00131C0EB4110704739B1E1
S21402F37001F18041013900EB81018142034600D24E
S21402F38070471B680A681BBA12BA40F8042B41F889
S21402F3900439F2E72DE9F0411C4613F0030318BFC7
S21402F3A0012303EB94038B4206460D46904613D880
S21402F3B079B18F003A46002109F01AF92CB1381BB0
S21402F3C022464146304409F01EF929463046FFF7E8
S21402F3D0CEFF0020BDE8F0816FF00700FAE7B3EB3E
S21402F3E0810F70B504464FEA8105104619D95A1B9B
S21402F3F08618002109F0FCF830462B46C218002178
S21402F4008B4210D1002070BD22F0030102F00306E9
S21402F4106158F600F140C9B281B90132AA42F3D16D
S21402F420ECE71A46FAE721F0030001F0030520583C
S21402F430ED00E84002F8010D0131E1E76FF0070048
S21402F440E1E7F8B50546500988420C4602F01F0669
S21402F45001D80AD136B1A20028460021BDE8F840FC
S21402F46009F0C6B81F2A02D8F8BD1F2A0FD9820093
S21402F47005EB8003291F05EB8407BB421AD1201A2D
S21402F48038BF0022002105EB800009F0B1F8002EFB
S21402F490EAD005EB84040022C6F12000AC42E3D099
S21402F4A054F8041C21FA06F3134344F8043D01FA07
S21402F4B000F2F3E753F804CB41F804CFDDE71F2A46
S21402F4C0F8B503460D464FEA521402F01F0613D94A
S21402F4D06FF0030000FB04300A46944202F1FF314B
S21402F4E013D3621BAC4288BF00222A4418469200FD
S21402F4F0002109F07DF8034636B103EB84030021B0
S21402F500C6F12007AC4206D3F8BD50F8212043F8D6
S21402F51021200A46E1E7186800FA06F20A4343F891
S21402F520042B013420FA07F1ECE7F0B500248446F8
S21402F53020469C4200D1F0BD51F8245052F8247067
S21402F5402E182CBF01250025BF194CF8247045F152
S21402F55000000134EDE7F0B50024064620469C4242
S21402F56000D1F0BD51F824C052F82470ACEB00056F
S21402F570AF4294BF4FF0000E4FF0010EED1B46F85F
S21402F580245084452CBF70460EF101000134E6E794
S21402F5908B422DE9F04728BF0B469646DE08089AAE
S21402F5A00446C91A03F0070875460346B446002007
S21402F5B00CF1FF3CBCF1FF3F03F1200305F12005EF
S21402F5C011D104EB46140EEB46164FEA880C06EBF6
S21402F5D0880E2546764540F081806444013980F0E5
S21402F5E08B80BDE8F08755F8207CA2FB079710EBCE
S21402F5F0090953F8200C47F1000710EB090043F8FD
S21402F600200C55F81C0C47F10007A2FB00093F1816
S21402F61053F81C0C49F10009C01943F81C0C55F8A4
S21402F620180C49F10009A2FB000719EB000953F870
S21402F630180C47F1000710EB090043F8180C55F8B0
S21402F640140C47F10007A2FB00093F1853F8140CEC
S21402F65049F10009C01943F8140C55F8100C49F189
S21402F6600009A2FB000719EB000953F8100C47F13A
S21402F670000710EB090043F8100C55F80C0C47F184
S21402F6800007A2FB00093F1853F80C0C49F10009C9
S21402F690C01943F80C0C55F8080C49F10009A2FBF6
S21402F6A0000719EB000953F8080C47F1000710EBA6
S21402F6B0090043F8080C55F8040C47F10007A2FBB2
S21402F6C0000A17EB000953F8047C4AF1000017EB16
S21402F6D0090740F1000043F8047C69E756F8043B4A
S21402F6E0A2FB0337C318286847F10007C31845F87A
S21402F6F0043B47F100006DE723681B1844F8043BFF
S21402F7002CBF0120002069E72DE9F347DDF8289099
S21402F71015464A440F46920000210646984608F0CF
S21402F72067FF002405F1010A4C4502D102B0BDE88C
S21402F730F08758F82430009306EB84002B463A46AE
S21402F7405146FFF725FF0134EEE72DE9F04712F0A8
S21402F750030418BF012404EB92048C420646884632
S21402F76017461D464FEA840AC2EB840919D84A4650
S21402F770002108F03DFFA8EB04029200002106EBF0
S21402F7800A0008F035FF08983A4606EB0901A84732
S21402F790054618B921463046FFF7E9FD2846BDE87A
S21402F7A0F0876FF00305F9E730B5054610460022EC
S21402F7B09A4200D130BD51F82240241A45F8224020
S21402F7C034BF012000200132F2E74822002108F06F
S21402F7D00FBF10B50446FEF743FC2046BDE81040B6
S21402F7E0FFF749BA10B524210120FFF734FA044680
S21402F7F008B1FEF731FC204610BDFEF755BCFEF7F9
S21402F80035BCFEF79FBC2DE9F04F502ABFB0064626
S21402F8100C46154600F29F8022AF70220021384621
S21402F82008F0E6FE0DA8FEF717FC2BBA26932A462A
S21402F8303023214628A88DF89F3008F0E4FE05F113
S21402F840F8036B44802203F8582C05AA002302F81A
S21402F850013B0133202BFAD14FF4807205A90DA883
S21402F860FEF704FC8346002857D11935804601ACC2
S21402F87010220021204608F0BBFEA946BA46524690
S21402F88010232146204600F04BFCB9F1100F234608
S21402F89022464FF001010DA894BFA9EB0909A9F170
S21402F8A01009FEF74FFC0AF1100A8346A8BBB9F10D
S21402F8B0000FE4D116AB08EB030C94E80F008CE8BB
S21402F8C00F009DF88B3008F110080133B8F1300FA5
S21402F8D08DF88B30CCD14FF4807216A90DA8FEF7A6
S21402F8E0C5FB8346C8B906F1300834461EAB1A4635
S21402F8F001210DA8FEF726FC834670B90DF1780C9F
S21402F9002546624603CABA4228606960944605F1F3
S21402F9100805F6D11034A045E8D10DA8FEF7A0FBE5
S21402F92070213846E6F7D8F8302116A8E6F7D4F85C
S21402F930202105A8E6F7D0F8102101A8E6F7CCF8B2
S21402F940BBF1000F03D030213046E6F7C5F8584623
S21402F9503FB0BDE8F08F6FF0370BF8E72DE9F043C4
S21402F9608DB004460E4630220021684608F040FE5E
S21402F970002704F12009E8460DEB070304F1100105
S21402F980A14206D011F8012D0132D2B20A70002A25
S21402F990F6D0224601214846FEF7D4FB054638B18A
S21402F9A068463021E6F798F828460DB0BDE8F083A1
S21402F9B01037302FDFD1731E2F3698F8002013F839
S21402F9C0011F4A40B34208F8012BF6D14FF4807269
S21402F9D069464846FEF74AFB05460028E0D108AAD3
S21402F9E00CAE134603CBB342206061601A4604F1A4
S21402F9F00804F6D1D4E72DE9F0418469502C94B07E
S21402FA000546884617461E4643D8C4F15003B342FD
S21402FA103FD3C6F150031B1B93423AD35022002118
S21402FA20684608F0E5FD6B6CA86C22466946984766
S21402FA3028B16FF03304204614B0BDE8F081AC69FB
S21402FA4046B16B6CA86C32460DEB04019847002851
S21402FA50EFD13444B8F1000F07D037B10DEB0400F4
S21402FA603A46414608F0CFFD3C442246694668467F
S21402FA70FFF7C9FE044638B969462846FFF76EFF07
S21402FA80044608B901232B6150216846E6F724F89C
S21402FA90D1E76FF03704CEE710B54C2204460021BA
S21402FAA008F0A6FD04F12000FEF7D6FA4FF0FF3369
S21402FAB0236142F21073E36110BD10B5044660B1D3
S21402FAC02030FEF7CDFA4C212046E6F705F842F242
S21402FAD01073E3614FF0FF33236110BD0023FFF77D
S21402FAE08ABF2DE9F041054688B04FF020080F4640
S21402FAF014460021424668461E4608F079FDAB6968
S21402FB00C5E911740BB9C5F818802C69002C05DA02
S21402FB10AC692F2C9ABF0134640800244FF480721B
S21402FB20694605F12000FEF7A1FA28B90E9A234687
S21402FB3031462846FFF75FFF08B0BDE8F0812DE9A1
S21402FB40F04190B0B2F5806FDDF8588005460F465A
S21402FB5016461C465ED8B8F5807F5ED83022002155
S21402FB6004A808F045FD2A69EB699A4201DC6B6934
S21402FB709BB1214642462846FFF7B0FF044628BB03
S21402FB8005F1200836BB04A92846FFF7E7FE04461F
S21402FB90A0B92B6901332B6110E0B8F1000FEFD04A
S21402FBA02146424604A8FFF72EFE044630B904A9B1
S21402FBB02846FFF7D3FE04460028E1D0302104A8E9
S21402FBC0E5F78AFF10216846E5F786FF204610B063
S21402FBD0BDE8F08105F11002AA4206D012F8013DF6
S21402FBE00133DBB21370002BF6D06B462A46012196
S21402FBF04046FEF7A7FA04460028DFD1102E344608
S21402FC0028BF102438462246694608F0FCFC2744E2
S21402FC10361BB7E76FF03504D8E76FF03704D5E741
S21402FC2007B500230093FFF78AFF03B05DF804FBD5
S21402FC302DE9FF41DDF828801D46164643462A4632
S21402FC4004460F46E5F75AFE48B9CDE9018000950D
S21402FC5004F11C033A4631462046E5F741FE04B05D
S21402FC60BDE8F081F7B50D460446083568461646E7
S21402FC70FFF70EF800212846FFF77AF9211D0746FE
S21402FC802A466846FFF75AFA044648B9002F0CBFC0
S21402FC90002206F0010269462846E5F71BF80446EC
S21402FCA06846FEF7FAFF204603B0F0BD70B50C4674
S21402FCB00546114620461A46FFF73DFA064630B973
S21402FCC0043529462046FFF70BF9002801DA3046AC
S21402FCD070BD2A4621462046FFF7ABF90028F0D031
S21402FCE00646F4E710B50446FEF7D7FF04F108000F
S21402FCF0FEF7D3FF04F11000BDE81040FEF7CDBFBB
S21402FD0013F07E0F2DE9F0470C4615460CBF4FF058
S21402FD10010A4FF0000A07465246294620461E466A
S21402FD20C3F34508E4F7D6FF48BB04F10809524678
S21402FD3005F108014846E4F7CDFF00BB08F1FF33A2
S21402FD40D3F1000848EB0308424605F118012046A5
S21402FD50E4F7C0FF98B9424605F120014846E4F7A9
S21402FD60B9FF60B9F20921463846FFF77BFF30B982
S21402FD7004F110000121BDE8F047FFF710B8BDE816
S21402FD80F0870346C06920B15B6A002B14BF0120CE
S21402FD900220704710B50446FEF77AFF04F1080009
S21402FDA0FEF776FF04F11000BDE81040FEF770BFC4
S21402FDB038B50025044600F8045BFEF769FF04F137
S21402FDC00C00FEF765FF04F11400FEF761FF04F174
S21402FDD01C00FFF7DFFF04F13400FEF759FFC4E909
S21402FDE00F55C4E91155C4E91355C4E91555E5651F
S21402FDF038BD08B1FFF776BF704770B5044658B3F2
S21402FE00436C012B11D00C30FEF747FF04F11400AF
S21402FE10FEF743FF04F11C00FFF7EBFF04F134008A
S21402FE20FEF73BFF201DFEF738FFA36D8BB9204679
S21402FE306021BDE87040E5F74FBE06FB0500FFF700
S21402FE40D8FF0135D4E91603AB42F6D8FEF713FF06
S21402FE50EDE700251826F5E770BD38B504460D46D1
S21402FE60FEF768FF70B905F1080104F10800FEF715
S21402FE7061FF38B905F1100104F11000BDE8384001
S21402FE80FEF758BF38BD08B500211030FFF770F8EE
S21402FE90B0FA80F0400908BD2DE9F041202B8AB067
S21402FEA00546884617461E460BD90920E5F7A2FDE9
S21402FEB002AB32463946E5F7FBFD044628BB02AFE5
S21402FEC020262C698DF804808DF8056084B90920F7
S21402FED0E5F790FD224601462846E5F793FD0446DF
S21402FEE098B92846E5F7BAFD044670B901232B6196
S21402FEF0022201A92846E5F7BFFD044628B9324684
S21402FF0039462846E5F7B8FD044602A82021E5F75B
S21402FF10E3FD20460AB0BDE8F0812DE9F043002358
S21402FF20A3B0064605461F466FF03B049946726923
S21402FF3097420BDB002B08BF6FF03C0402A880211F
S21402FF40E5F7CAFD204623B0BDE8F083D5F8288041
S21402FF50AC69E869CDF80490B8F1010F18BF98466D
S21402FF60802201AB02A9A04704460028E6D1019BE5
S21402FF7053B102AAF9B23046FFF78EFF0028E2D14B
S21402FF802B6A019A13442B62013714354346CEE797
S21402FF900369013310B504460BD000F0A4F8002321
S21402FFA06361282104F11800E5F796FD4FF0FF3350
S21402FFB0236110BD30B54569012D0BDC142404FB0A
S21402FFC0050401356362039BA362C4E90612456118
S21402FFD0002030BD6FF03D00FBE72DE9F041202AFE
S21402FFE088B005460F46164676D840F201186B6969
S21402FFF0002B6ED02846FFF790FF0446002848D113
S214030000D5F814E002462B460120A6454FDC00280F
S21403001047D01F2A45D920220021684608F0E8FA6F
S21403002069462846E5F736FD044690BB284600F0A9
S2140300305AF8284600F053F80920E5F7DBFC224679
S21403004001462846E5F7DEFC044610BB2846E5F7DE
S21403005005FD0446E8B9202269462846E5F70CFD67
S2140300600446B0B90920E5F7C5FC6B46202269466D
S214030070E5F71EFD044660B96A690346142105F1D7
S214030080200025469A421EDC32466946384608F06A
S214030090BAFA20216846E5F71FFD204608B0BDE8FA
S2140300A0F081B8F10108A2D16FF03B04F1E7D3E980
S2140300B008C18C4538BF0020996A012908BF6244ED
S2140300C001341433A1E701FB03FC013340F80C5061
S2140300D0D8E76FF03F04DCE76FF03B04DDE7102260
S2140300E0002108F085BA10B50446C0B10368B3B161
S2140300F0806838B11B78092B01D1FEF73BF9A0685D
S214030100FEF7B9FDE06820B123689978490000F04E
S2140301101BF820461021BDE81040E5F7DDBC10BDF6
S214030120F0B50024261DB34202D29C4206D3F0BD8E
S2140301300D5917597D4005513446F3E70D5D165D9D
S214030140754005550134F0E710B5044608B1E5F7E8
S214030150C3FC2046BDE81040FEF78DBDF0B506464D
S2140301609DB00F4615461C46D3B901A8FEF700F905
S214030170214601A8E2F7F8FB044658B93A46314649
S21403018001A8FEF7F9F8044620B9294601A8FEF7A8
S214030190FAF8044601A8FEF7EDF820461DB0F0BDB8
S2140301A06FF07304F9E750E8003F0B4340E8003272
S2140301B0002AF8D17047C94350E8003F0B4040E897
S2140301C00032002AF8D17047431E032B06D8DFE817
S2140301D003F00204020403207047042070477047AC
S2140301E0CB691847704770470020704770474FF039
S2140301F00000704700207047704770470020704724
S214030200002070470020704700207047002070478A
S21403021070470020704700207047704770470020E3
S21403022070477047704711207047002070474FF0A3
S214030230FF307047002070477047704700207047B4
S214030240002070474FF0FF307047112070470020A2
S2140302507047012070470020704700207047002039
S214030260704770477047704701F0E4B938B50446E5
S214030270FDF7E9FCD4E9101205462046E5F738FCFD
S214030280E18C228DE060521A40F2712101FB0203D9
S21403029003F59C53083323612846BDE83840FDF731
S2140302A0D8BC08B52030FFF77EFFBDE808404FF006
S2140302B08050EBF733BF38B504460D460830E7F7F2
S2140302C0C5F929462046E9F79DFAE06E0025E56163
S2140302D010B1E6F707FBE56604F15000BDE83840C9
S2140302E008F0EFBF38B5044619B390F838208AB142
S2140302F090F839300133DBB29A4280F8393009D1AD
S2140303000121FFF7D8FF4FF080712046BDE8384043
S214030310FFF7C7BF236ADA030BD5E36B62689B1A42
S214030320002B06DA01212046FFF7C5FF4FF0806158
S214030330EBE7236A1B0426D402F01DFD1123B0FB52
S214030340F3F303EB0313C01A94F9613085B213FA7F
S21403035080F0102888BFC5F110056DB2083B2B440A
S21403036084F8613020460121E9F74CFAE28C636891
S2140303702A4440F2712101FB023363602046BDE844
S2140303803840E9F7EFB90025ECE72DE9F84F1D46AD
S214030390C369DDF830809DF838909DF840B09DF82D
S2140303A050A00F4604469DF848101646002B40F012
S2140303B0D180EB0600F1BE8005F00303032B08BFD4
S2140303C005F0FD0505F0F705BDF83C30A386A80645
S2140303D09DF8540048BF05F0FC05FFF7F5FE47F609
S2140303E0FF731BF0020F84F83600A4F8783040F051
S2140303F0A4801BF0040F00F0A28000F0FD0001288B
S21403040014BF0323042394F87F209DF8580063F356
S214030410030284F87F20FFF7D7FE47F6FF738A07A9
S21403042084F83700A4F8883000F18B804B0740F13E
S2140304308A8000F0FD00012814BF0321042194F8EC
S2140304408F30606E61F3030384F88F30FFF7EAFEA4
S214030450216C00222046E5F74BFB40F271237343E1
S214030460984279D804F1200049F6FF71FFF7A3FEFE
S214030470FF2384F85430BAF1000F03D0236A43F401
S21403048080532362290705D5236A062643F484137B
S21403049023623746236A6A0723F4C04323620CD4D5
S2140304A019F0010F1CBF43F400532362236A19F0AB
S2140304B0020F1CBF43F480432362236AA5852B43A4
S2140304C0236204F12E03B8F1000F3ED0D8F80020C3
S2140304D0C4F82E20B8F804209A809DF82C30012BFF
S2140304E003D14FF48061FFF75EFE236A9DF8282050
S2140304F023F4407343EA0223236202F03CFC94F89D
S21403050060309DF84C2084F85F0023F00F03C0F39F
S2140305100320034362F3071384F860309DF83430F6
S214030520E7842046268584F82A30FFF79FFE0020BE
S214030530BDE8F88F01218B4646E7022363E70123D4
S21403054061E702217BE7012179E7C4F82E80A3F84F
S2140305500480CAE70C20EBE74520E9E72DE9F743DB
S214030560894617460193044630B901A808F0A9FE48
S214030570422003B0BDE8F083012920D0022910D021
S21403058089B9C369C3B900F140054FF40036236A3D
S214030590D9061ED55A0726D501A808F092FE0020D4
S2140305A0E7E7406E20B901A808F08BFE0C20E0E7D1
S2140305B01946FFF738FEDCE700F14805E5E7C369AF
S2140305C023B900F144054FF48026E0E700F14C051B
S2140305D0F9E79B0707D5B9F1000F04D101A808F086
S2140305E070FE1220C5E704F1200840463146FFF7A7
S2140305F0E2FDF80702D5284608F063FE019921B10B
S214030600284608F045FF00230193286808F0DEFE1D
S214030610236AD90605D51F2801DC032F16D02846E2
S214030620DDE740F27262904204DD284608F049FE98
S21403063007209EE7B9F1000F08D1BF2806DD9A0709
S21403064004D0284608F03DFE452092E7D4E912126E
S2140306502046E5F74DFAE3696BB1E38C40F271226D
S2140306605343984207D9238D8342EAD300F51C707F
S214030670B0FBF2F0E084FDF7E6FAE36905467BB1EA
S214030680BB070DD531464046FFF78DFD6368C3F5BE
S2140306907A7602F0ACFBF04202D52046E9F7AAF9D7
S2140306A02846FDF7D6FA7AE738B50D460446C8B1AC
S2140306B0E90704D54FF400112030FFF774FDAA07AD
S2140306C005D54FF4000104F12000FFF76CFD6B071E
S2140306D001D4002038BD4FF0006104F12000FFF77D
S2140306E062FDF6E74220F5E738B50D460446C8B185
S2140306F0E90704D54FF400112030FFF75CFDAA0785
S21403070005D54FF4000104F12000FFF754FD6B07F5
S21403071001D4002038BD4FF0006104F12000FFF73C
S2140307204AFDF6E74220F5E7E5F7C8BC38B5C369E6
S21403073004460D463BB1036A13F0010011D194F849
S2140307402430FE2B0CD004F120004FF48001FFF779
S2140307502AFD2B68C4F85530AB88A4F8593001201D
S21403076038BD0020FCE7036A10B5044613F4602086
S21403077030D09A0307D504F1400008F0A2FDA36C1D
S21403078023640023A364236A5B0307D504F14400B0
S21403079008F097FDE36C63640023E3644FF4602181
S2140307A004F12000FFF707FD2046FFF75FFD94F8EE
S2140307B0602094F85F3002F00F0143EA012301330F
S2140307C084F85F3022F00F02C3F303231A4384F83E
S2140307D06020012010BD10B50446503008F058FEC6
S2140307E020464FF00071BDE81040FFF75ABD50E8B1
S2140307F0003F0B4340E80032002AF8D17047C94354
S21403080050E8003F0B4040E80032002AF8D170471A
S21403081038B50446D0F8A00010B9D4F8A40058B1EF
S21403082094F8375108F07EFD05F00F0581B20631C6
S2140308302846EAF7EFF980B2B4F8783040F271222E
S214030840534300F548709842B8BF184638BD38B5CC
S21403085005460C4602F051FB20B149F640439C4244
S21403086028BF1C46EA68A2420BD2B5F87A3040F29B
S21403087071214B43934238BF1346A34228BF2346F6
S2140308801A462A6138BD034644309A6A920404D550
S214030890D3F82821998FEBF795B993F86F10EBF7F8
S2140308A087B900207047012070470020704700205A
S2140308B0704701207047C82070470020704700200B
S2140308C07047704770471120704770477047002085
S2140308D07047704700207047704701207047704785
S2140308E0704790F88520531C03F00F03072B28BF8F
S2140308F0002363F30302034410B580F8852083F8CE
S2140309007E1090F885306F2B4FEA131298BF013292
S21403091004469CBF62F3071380F88530FFF7E0FFB9
S21403092094F83711204601F00F01FFF7CBFF10BDF7
S21403093070477047704700207047002070470020BC
S214030940704710B101F1B000704701F1D400704751
S214030950F8307047806A70472830FFF748BF283062
S214030960FFF74DBFC06A70472C30FFF740BF2C30EF
S214030970FFF745BF00F59C70704708B50B79DB079A
S21403098002D4FFF7D5FF08BDBDE8084091F905106E
S214030990FFF7A7BF02290346808F11D0032909D08A
S2140309A0012906D11A8F5B6B1201B2FBF3F31844CD
S2140309B080B270475A6B4FF47A43B3FBF2F3F6E711
S2140309C05B8F073000EB4300F2E770B540F2712609
S2140309D0456806FB01F35643826A1D441207044624
S2140309E045600ED500F1400500F134022946E7F7CD
S2140309F051FA3346294620460122BDE8704001F0ED
S214030A0054BA05EB5605456070BD836A590505D48F
S214030A10D0F8A03013B15B799A0708D4D0F8A400B5
S214030A2000B9704743799B0701D40068F8E70120B3
S214030A30704780F87710704738B5044601F047FCD6
S214030A4004F1A40008F03DFC04F1A80008F039FC0A
S214030A5004F1AC0008F035FC04F1A00008F031FC0A
S214030A602046E5F795FCC4B22046FFF7C7FB0546CC
S214030A702046FFF7C5FB01462846FFF7BEFB38BDF9
S214030A8038B5836A1B07044613D50246B0F87C3094
S214030A9052F8341F4B4340F271214B4300F140019F
S214030AA0E7F7F8F9236C20469D08FFF7B1FE2844C4
S214030AB0E060616B40F27125013969432046FFF718
S214030AC0C6FE20460121E8F79DFE636BB4F87C2042
S214030AD05A43636805FB023363602046BDE838402B
S214030AE0E8F740BEB0F8303110B5A0F8343104460C
S214030AF0E5F74EFCC0B2FFF7DEFE94F8373194F804
S214030B00362103F00F0304F1440102F0EFF9EAF78C
S214030B10C7F8B4F93021824205D0A4F83001EAF7C9
S214030B2067FDA4F83201B4F93421B4F930319A429E
S214030B3009D0A36A9B0306D520464FF40041BDE8BF
S214030B401040E5F73BBC10BDFFF7CCBF836A0A46EF
S214030B5000F14401C3F34030EAF7DEBF10B5A0F856
S214030B607810A0F87A200446FFF752FE2169E06069
S214030B702046BDE81040FFF76ABE38B504460D466A
S214030B803AB94FF4C0212830FFF739FE9DB900204B
S214030B9038BDFFF79CFE98B128344FF4C021204699
S214030BA0FFF72DFE1DB14FF40031FFF720FE4FF483
S214030BB08021204601E04FF40031FFF718FEE6E7F8
S214030BC01120E5E72DE9FF41836A9B0304462CD5F4
S214030BD0B0F93081B0F934710020EAF7FDFD8045A5
S214030BE0CCBF0025012502F086F994F83711C822F8
S214030BF001F00F01EAF7FAFD06462046E5F7C8FBC3
S214030C00B04594F83711A8EB0707B4BF00260126B2
S214030C103FB245EA46050023CDE9008502971A460A
S214030C2001F00F0180B200F0B7FC04B0BDE8F0811C
S214030C30FFF7C8BF86307047F8B504460E4600294E
S214030C405AD0476B40F271235F43A7F28A277F0887
S214030C5039463046E9F7EEFF94F88E30851FADB27D
S214030C609D4239463046A8BF1D46E9F7E3FF94F890
S214030C708F20B4F88610831F9BB29342A8BF1346F7
S214030C80F21E012AB4F888202BD8B1F5296F44F256
S214030C909020B8BF4FF429618142A8BF0146B2F540
S214030CA0296FB8BF4FF429628242A8BF02461B2DA4
S214030CB0B8BF1B251B2BB8BF1B2384F8913084F8C1
S214030CC09050A4F88A10A4F88C203046E9F7B2FFB7
S214030CD0831F9BB2AB42A8BF2B46DBB284F892308D
S214030CE0F8BDB1F5A47FB8BF4FF4A471B2F5A47FE5
S214030CF0B8BF4FF4A472DAE71B23EFE770B54900D9
S214030D00466B89B28E4204461FBF4068616340F259
S214030D10712505FB060018BF05FB1100658F1ABF7A
S214030D206060012100219542208F17D0834262879D
S214030D3000D02387238F94F83711626B204601F087
S214030D400F011B01B3FBF2F3A4F89C30FFF774FF0B
S214030D5020460421BDE87040E5F730BB8342E8D166
S214030D60A36A1B07E6D50029E4D170BDF0B585B0AC
S214030D7004460E4600F186036A4600F18E0718689D
S214030D805968154603C50833BB422A46F7D1186887
S214030D9028609B88AB8031462046FFF74DFF9DF8C1
S214030DA00B2094F891309A4211D1BDF80620B4F87E
S214030DB08C309A420BD19DF80A2094F890309A42D0
S214030DC005D1BDF80420B4F88A309A4207D04FF410
S214030DD08141204605B0BDE8F040E5F7EFBA05B01F
S214030DE0F0BD37B50446BDF8180094F88E508D4212
S214030DF00BD1B4F88650954207D194F88F509D4294
S214030E0003D1B4F8885085421DD08DF80610ADF88E
S214030E10042084F88E1094F83711019D84F88F30DF
S214030E20A4F88800C4F84051A4F8862001F00F0106
S214030E302046FFF79BFFB4F88A30A4F88630B4F850
S214030E408C30A4F8883003B030BD90F8373170B5D5
S214030E5003F00F03044616460D46D9B18B4219D04C
S214030E600122FFF732FD294600222046FFF72BFD1D
S214030E7094F8373165F3030384F8373105F00F012F
S214030E802046FFF773FF20464FF48441BDE87040C9
S214030E90E5F794BA19462046FFF768FF002EF2D10D
S214030EA070BDF8B51D46C36A5B0704460F46164673
S214030EB010D404212C30FFF79AFC84F89A70A4F817
S214030EC09660A4F8985020464FF40061BDE8F840B9
S214030ED0E5F774BAF8BD10B511B190F89A400C70E6
S214030EE012B1B0F89610118013B1B0F898201A809A
S214030EF0C06AC0F3800010BD4FF400412830FFF7EE
S214030F0076BC00F5A270704790F8370100F00F002A
S214030F10704770B50446FCF796FE6568064601F012
S214030F2066FF2D1AB5F5FA7504D53046BDE8704050
S214030F30FCF78FBE636B94F8701040F27122534334
S214030F40B5FBF3F5A38FAAB29B1AA38794F86F3069
S214030F5002FB1133252193FBF1F001FB1033002B29
S214030F60B8BF5B1884F86F30B4F89C309B1AA4F8AB
S214030F709C30204600211546E8F744FC636B5D432E
S214030F80636840F2712202FB153363602046E8F77C
S214030F90E9FBCAE72DE9F3474E790446B0074FF05D
S214030FA0000358BF06F0010608460D46ADF80430A8
S214030FB054BF01360326FFF71AF9074607F01F0347
S214030FC0002BE36A15BF4FF001084FF000084FF0FF
S214030FD003094FF0020999050CD59DF8043066F312
S214030FE0010368F345138DF80430019A2946204619
S214030FF000F08EF9284608F0E9F949468246284665
S21403100008F09FF99DF80430AA798DF805A066F3D9
S214031010010368F345130C328DF80430BDF8043031
S214031020AB529DF80430A9189A066B7948BF8F70A7
S21403103043F001036B71FCF706FE0646204629467D
S21403104050F8A48F08F024FA94F84631013384F854
S2140310504631A36A1B070CD5B4F87C30012B02D9A2
S2140310602046FFF756FF304602B0BDE8F047FCF7D0
S214031070F0BD656801F0BBFE0746E8F7B5FC8442A1
S214031080F1D1ED1BB5F57A7FEDDDB8F1000F03D096
S214031090D4F8A030002BE6D1E9F73EF8E3E708B52D
S2140310A0022008F0D3FA10B100F045FE012008BD77
S2140310B010B54FF4407104462830FFF7A0FB2046D6
S2140310C00021BDE81040E5F7FBBD012310B5A1F1F3
S2140310D02002C1F1200423FA04F403FA02F22243A5
S2140310E08B40D0E9084123400A40134314BF012034
S2140310F0002010BDC36A10B5044613F0080012D0D2
S2140311000123A1F12002C1F1200023FA00F003FA23
S21403111002F202438B40D4E9080103400A4013431A
S21403112014BF0120002010BD10B50C46C9B2FFF74E
S214031130E1FF70B1E6F79AFEC4F12002A4F12003A2
S214031140E04001FA02F2104321FA03F3184300F0D9
S214031150010010BD70B504460E46E6F7B9FFFCF76E
S21403116072FD84F87760054602212046E5F726F9E6
S21403117020460021E8F746FB2846BDE87040FCF70A
S21403118068BD70B504460D46FCF75DFD0646E8F7F8
S2140311902BFC844201D1E8F79FFF3046FCF759FD4C
S2140311A029462046BDE87040FFF7D4BF0B68C0F859
S2140311B04031704738B5D0F840310B6040F64805EB
S2140311C09BB2AB420C4604D90B21FFF7ADFF08B91F
S2140311D0258038BD44F290232380FAE708B500F053
S2140311E0FBF8E5F755FA00F046FB00F008F8E6F7DB
S2140311F0A7FEE7F763FCBDE80840E7F7DFBC7047E8
S21403120070B515460E461C46FFF7A2FB2B684EB17B
S21403121003606B6843602368C0F825302368C0F812
S214031220153070BD83606B68C3602368C0F82930CF
S2140312302368C0F81930F4E770B50546FFF788FB56
S2140312400446FCF700FD4FF4807106462846FFF778
S21403125083FB4FF400612846FFF786FB3046FCF716
S214031260F8FC002323612375236284F82430284680
S214031270FFF770FB802310F0080F14BF237584F864
S214031280243070BD10B50446FFF712FF2046102128
S214031290BDE81040E5F792B810B54FF46061044618
S2140312A0FFF765FB2046BDE81040FFF701BF7FB59B
S2140312B006460C46FFF74CFB4FF4C0610546304626
S2140312C0FFF752FB4FF400613046FFF750FB4FF435
S2140312D08060E6F771FD224670B969462846E6F750
S2140312E0D5F86B4605F1100213F8011B02F8011D31
S2140312F0AA42F9D104B070BD6C4602F1100610681C
S2140313005168234603C30832B2421C46F7D1E8E7C6
S214031310F0B587B00D46ADF80C20FFF719FB044671
S214031320284608F053F8064600B32846E6F7ECF8D6
S2140313309DF80C3005AF03F0230322463146009395
S214031340019704F12003FDF778F82846E6F7F2F84C
S21403135004223946284608F077FA236A01332362C3
S21403136023B994F82430013384F8243007B0F0BD51
S21403137030B585B00391ADF80820FFF7E9FA0446C7
S214031380039808F023F8051F002D02DC002005B0A3
S21403139030BD0398E6F7B8F8431901939DF8083073
S2140313A003F023030093224604F110032946FDF7B6
S2140313B035F80028EAD10398E6F7BCF8042103A819
S2140313C008F0A6F82369013323610BB10120DEE799
S2140313D0237D01332375F9E708B54FF40060E6F77C
S2140313E0EBFC40B94FF48050E6F7E6FC40B9BDE8A5
S2140313F00840EAF733BCFFF79EFA0028F2D008BD90
S214031400FFF79DFA0028F2D0F9E741F0004141F4D6
S214031410E0210160704707B501A8019107F051FF6D
S214031420002003B05DF804FB704770470020704748
S2140314307047704710B5DC1D043383734379C4715A
S21403144023F0030343F003030E2443710123447381
S2140314508371C3730182827410BDD31CC3713E2390
S21403146043734379827323F0030343F00303437107
S21403147001238371C17370470F234373042383735C
S2140314804379A0F8111023F0030343F003034371D9
S21403149040F20173C38001230374C2737047D31CE5
S2140314A0C3714379417323F0030343F0030343718A
S2140314B0012382738371704708B50023FFF7BAFFD1
S2140314C0BDE80840E6F724B92DE9F8438046022034
S2140314D0894617461E4608F0B9F8D0B14579A0F8F4
S2140314E010800C2343730823837325F0030540F60B
S2140314F00133C38045F003059DF82030457180F81D
S2140315001290A0F81370A0F81560C373E6F700F9FD
S2140315100120BDE8F88308B5022008F097F830B13B
S21403152001221121FFF799FFE6F7F2F8012008BD23
S214031530F8B50F461646132109221D46FFF78DFF01
S214031540837904460C331C44A170E77026712B681C
S214031550C4F80530AB88A4F80930BDE8F840E6F7D0
S214031560D7B870B5064602200D4608F06FF8044655
S21403157068B114210422FFF770FF83790C331C44EF
S214031580A170A4F803606571E6F7C2F8012070BD88
S21403159008B501F099FD08BD2DE9F0410746022084
S2140315A00D4690461E4608F051F80446E0B109225F
S2140315B02121FFF752FF83790C331C440A22BDF91D
S2140315C0183093FBF2F323729DF81C30637284F891
S2140315D00380BDF92030A78093FBF2F3A671E57173
S2140315E0A372E6F795F80120BDE8F08137B5044607
S2140315F007F0ECFEA3790C33E518C0B23E22E254A2
S214031600831E6B700D23AB70AB798DF807301C38D7
S214031610012BE87609D100231A46E91D0DF10700D0
S214031620FEF70AFE9DF80730AB712046E6F770F822
S21403163003B030BD704710B5E6F7A4F883790C33D2
S214031640C4180021E078E4F7BFFA6168FFF72CF8C6
S2140316500446E6F79DF822460023BDE810404FF601
S2140316601941FFF7E7BE10B5E6F78CF883790C331C
S214031670C4180021E078E4F7A7FA6168FFF734F8A6
S2140316800446E6F785F822460023BDE810404FF6E9
S2140316901A41FFF7CFBE70B5E6F774F800218679D6
S2140316A00446FE20E4F790FA0546E7F725FC50B11A
S2140316B00C24E6F76DF822460023BDE8704042F29C
S2140316C00501FFF7B7BEE7F75DFC0028F0D1344409
S2140316D00F342DB121462846FFF728F80028E7D017
S2140316E02046E6F7B5FA0024E3E72DE9F041E6F7EE
S2140316F049F883790C33C4180025E678E6F742F8F0
S2140317000768E6F73FF8A6F1FE035942594105601C
S2140317103046E4F759FA22793B462946FEF71EFF80
S2140317200446E6F735F82B46224642F23701BDE873
S214031730F041FFF77FBE2DE9F041E6F723F8837902
S2140317400C33C4180025E678E6F71CF80768E6F7B6
S21403175019F8A6F1FE035942594105603046E4F7ED
S21403176033FA22793B460121FEF7F8FE0446E6F7F4
S2140317700FF82B46224642F23801BDE8F041FFF748
S21403178059BE2DE9F047E5F7FDFF83790C33C418FE
S214031790277994F8038027B9B8F1010F27D0E4F727
S2140317A075FC05340026BE420ADB0025E5F7F0FF8C
S2140317B02A460023BDE8F04742F23901FFF73ABE56
S2140317C02078B4F8015094F80390A0F1FE03594230
S2140317D059410434E4F7F8F958B12A464B464146D2
S2140317E0E4F750FB05460028E0D10136DBE7122577
S2140317F0DCE74225DAE710B5E5F7C4FF83790C3357
S214031800C4180021E078E4F7DFF980B1211DFEF764
S2140318108DFF00280CBF0C240024E5F7B9FF2246F1
S2140318200023BDE8104042F23501FFF703BE422411
S214031830F3E7FE282DE9F8430646894690461F46F9
S21403184016D0022007F002FF044690B106221221AA
S214031850FFF703FEA5790C3525441223AB7085F8F4
S21403186003902E71A5F80580EF712046E5F750FF2B
S2140318700120BDE8F883704710B5E7F73DFB044643
S214031880FEF7CDFC2043C0B210BD38B5E5F77AFFAE
S2140318908379C17903F10C020244CB1A022000219A
S2140318A0B2F8035007F0FDFF044640B9E5F770FFB2
S2140318B00722BDE8384042F21901FFF7DDBD28468E
S2140318C0E4F752FD38B12146E7F70CF90446E5F78D
S2140318D05FFF2246EDE72046FBF716FA0224F6E7FB
S2140318E070B5E5F74FFF83791844B0F80F60B0B2D0
S2140318F0E4F73AFD80B1002100F06EFE0546E5F7F9
S21403190047FF044602232A4642F21B01FFF792FDD5
S214031910A3791C44668270BD0225F0E770B5E5F72F
S21403192031FF83790C33C418B4F803502846E4F720
S2140319301BFDA0B1611D00F04FFE0646E5F728FF2C
S21403194004460223324642F21A01FFF773FDE37997
S21403195023449D72E3791C442D0AE57270BD02266A
S214031960ECE710B5E5F70EFF83790C33184444799A
S214031970B0F80300E4F7F8FC60B12146E6F78EFE04
S2140319800446E5F705FFE2B240F20641BDE8104023
S214031990FFF772BD0224F4E770B5E5F7F3FE83792B
S2140319A01844B0F80F50FCF74EF904462846E4F7FF
S2140319B0DBFC80B11621FFF7E4FB00252046FCF78D
S2140319C048F9E5F7E5FE2A460023BDE870404FF6E2
S2140319D00441FFF72FBD0225F0E7F8B5E5F7D2FE81
S2140319E084790C3404440546B4F80300E4F7BCFCDD
S2140319F0064640B9E5F7CCFE0222BDE8F84042F2BF
S214031A001301FFF739BDAB79E97903F10C022A44D8
S214031A10CB1A0220002107F044FF014618B9E5F768
S214031A20B7FE0722E9E78379033383713046B4F8B8
S214031A300D50B4F80F70E6F7E5FD3A46044629461E
S214031A403046FFF78BF8E5F7A3FE2246D5E738B511
S214031A50FCF7F9F80446FFF70FFF00280CBF0C2528
S214031A600025E5F795FE2A4642F20E01FFF724FD10
S214031A70E7F7B0FD2046BDE83840FCF7EAB810B5F6
S214031A80E5F780FE83791844B0F80F00C0B2E4F798
S214031A90BBFFE5F77DFE0023BDE810401A4642F281
S214031AA02401FFF7C7BC2DE9F84381460220884688
S214031AB017461E4607F0CAFD044690B10A220321C4
S214031AC0FFF7CBFCA5790C35254400232046EB70A5
S214031AD0A5F80490A5F806802F816E81E5F718FE19
S214031AE00120BDE8F8832DE9F04385B08146022046
S214031AF09DF844808DF80F200E461F4607F0A6FD7E
S214031B000546002844D022222921FFF7A6FCAC79FB
S214031B100C342C4404F10E03002204F11401C4F81F
S214031B200E2030469A806261228300913A460DF178
S214031B300F01FEF782FB9DF84030E37006F00103C9
S214031B40A3719DF80F30A4F80490E3713B68A3607B
S214031B50BB88A38116F0FD0F4FF6FF7304D0032E48
S214031B6008BF43464FF0FF08BDF830206283BDF838
S214031B703420A283BDF83820E2839DF83C2084F805
S214031B802020284684F821806384E5F7C1FD0120E0
S214031B9005B0BDE8F083F8B50746022016461D4695
S214031BA007F054FD044690B10C220421FFF755FCC0
S214031BB0A1799DF818300C31214420468F80C1F856
S214031BC00660C1F80A50CB70E5F7A2FD0120F8BD08
S214031BD070B5064602200D4607F038FD044668B188
S214031BE003223021FFF75BFCA3790C332344204602
S214031BF0A3F803609D70E5F78BFD012070BD70B5FB
S214031C00064602200D4607F021FD044688B104224D
S214031C100821FFF744FCA3790C332344B5FA85F275
S214031C2052092046A3F803605A719D70E5F770FDCC
S214031C30012070BD2DE9F8438146022088461746E9
S214031C401E4607F003FD0446B0B10B220721FFF73B
S214031C5004FCA579BDF820300C3525442046A5F8AC
S214031C600390A5F80580A5F80770A5F80960A5F800
S214031C700B30E5F74DFD0120BDE8F883F8B50746C0
S214031C8002200E46154607F0E1FC0446A0B10D22DD
S214031C900521FFF7E2FBA3790C3323442046A3F880
S214031CA00370A3F80D602A68C3F805206A68C3F8B2
S214031CB00920E5F72DFD0120F8BD2DE9FF410A9C1B
S214031CC016466A4680460F4603F1100E15461868F8
S214031CD059689446ACE80300083373456246F6D168
S214031CE024B9022007F0B2FC044608B31D22ED21F6
S214031CF02046FFF7B2FBA3790C332344A3F80380F3
S214031D00A3F80D702EB13268C3F805207268C3F8C5
S214031D1009200F3304AE2A4603CAB242186059603C
S214031D20154603F10803F6D12046E5F7F1FC01203A
S214031D3004B0BDE8F08113B5827901900C3213210B
S214031D40815484184FF44072C280E5F777FAA07086
S214031D5020B901A807F0B5FA02B010BD8000013023
S214031D6060700198E5F7D4FCF6E770B506460220E6
S214031D700D4607F06BFC044678B104220521FFF7F5
S214031D808EFBA3790C33234400222046A3F803607A
S214031D905D719A70E5F7BCFC012070BD13B58379BD
S214031DA001900C33C418C05CE4F7DEFA20B901A82E
S214031DB007F087FA02B010BD6378019913F0300F6D
S214031DC08B7903F104038B714B790CBF012200223C
S214031DD062F300034B71E4F773FFEBE72DE9F04181
S214031DE0E5F7D0FC83790C33C418B4F803801FFAE4
S214031DF088F0E4F7B9FA054600B3A2796179FEF7ED
S214031E00BCFE0646E5F7C4FC07460223324642F20A
S214031E107A01FFF70FFBBB793B443846A3F81280E1
S214031E20E5F776FC46B9A37933B12846FFF76CF895
S214031E3001462846FEF74DFDBDE8F0810226E1E7A0
S214031E4000F05FBE50E8003F0B4340E80032002A34
S214031E50F8D17047704770B50E461546E4F744FC54
S214031E60044648B93046E4F7F5F9044620B928464F
S214031E70E9F71EFE044640B10020E4F735FC0020D7
S214031E80E4F7E8F90020E9F713FE204670BD4FF4A7
S214031E900010EAF743B9E9F705B8E5F7BBBE4368B0
S214031EA0143B4360A0230B6070471AB94268A2EB49
S214031EB0530242600A6802EB83020A607047884254
S214031EC010B518D8052816D9B1F5486F13D8B3F549
S214031ED0FA7F10D2A2F10A0080B240F67644A042FE
S214031EE009D801339BB24B435B00B3EBC20F94BFDD
S214031EF00120002010BD0020FCE7C94350E8003F46
S214031F000B4040E80032002AF8D1704700207047A3
S214031F102DE9F04104460F4600264FF001082146FE
S214031F2086F00100FEF70DFD4FF48051FFF7E5FF45
S214031F30836833B940460EB1BDE8F081012680467A
S214031F40EDE7028ABA4206D10022012120469847CD
S214031F500028EFD1EFE70268D205EBD50022114641
S214031F60F4E708B5FEF706FD00230380436008BDCB
S214031F7070B506460C46FBF766FE05463046FEF78A
S214031F80F9FC30B103781C4304704FF40070EAF791
S214031F90C5F82846BDE87040FBF75BBEE4F790BE85
S214031FA007B542798DF8071022F0030242F00302C8
S214031FB0427140F20332C2800DF10701012207F09D
S214031FC063F903B05DF804FBF8B5174606460C46FE
S214031FD01D46FEF7C7FC020713D502213046FFF75E
S214031FE074F870B111212046FFF7DAFF2046E6F7B2
S214031FF017F84570877021463046BDE8F840E4F789
S2140320005FBE2820C5F120024FF08861A5F12003AA
S214032010E94000FA02F220FA03F311431943CB070F
S214032020E0D40D212046FFF7BBFF2046E5F7F8FF77
S2140320304770E0E770B50C4605460721204616466E
S214032040FFF7AEFF2046E5F7EBFF2146467028462E
S214032050BDE87040E4F734BE38B50C4600210546AB
S214032060FEF798FC241AA4B247F6FE739C4205D9E1
S21403207028462821FFF76EF8002038BD0120FCE72C
S21403208038B504460D4601460020FEF75AFC0368A1
S2140320909B0505D429462046BDE83840FFF7DCBF3C
S2140320A0002038BD2DE9F04115469DF818801F46DF
S2140320B0FEF747FC0446FBF7C6FDB8F1010F0646DC
S2140320C023D154E8003F43F4807344E80032002AE7
S2140320D0F7D105B354E8002F42F4007244E8002316
S2140320E0002BF7D1FF212046FFF707FF54E8002F08
S2140320F048EA020244E80023002BF7D1A5602782B2
S2140321003046BDE8F041FBF7A4BD4FF4807120468E
S214032110FFF7F3FEDDE74FF400712046FFF7EDFE11
S214032120E0E773B5064601200C46FEF70AFC0023DB
S214032130054600931A4621463046FFF7B3FF6B6801
S21403214063B14FF480712046E4F738F955E8003F51
S21403215043F4007345E80032002AF7D1FBF773FD1A
S21403216005462046FEF706FC28B103881BB14FF44C
S2140321700070E9F7D3FF284602B0BDE87040FBF7CE
S21403218068BD38B505460C46FEF7DBFB83684BB1E6
S214032190022120460022984721462846BDE83840BB
S2140321A0FFF7BFBF38BD012938B505460C4608D032
S2140321B0CC1E012C03D801460120FFF7E2FF0120C5
S2140321C038BD2221FEF735FC20462946FFF7D9FF06
S2140321D00020F5E708B5FEF7B4FB006800F0F00052
S2140321E008BD10B5014604460120FFF7F3FF20B9EA
S2140321F02146BDE81040FFF7EDBF10BD70B506469B
S2140322000C4601460120FEF79CFB3146054600209E
S214032210FEF797FB2B680268014643EA0200C005F7
S2140322201ED49B0502F4007203D49AB94FF0FF3014
S21403223070BD2B8A1B1B98B27AB1098A091B89B217
S2140322408842A8BF08464FF6FF73984208BF4FF070
S214032250FF30EDE74FF6FF70EFE74FF6FF71EFE75E
S2140322600120E5E72DE9F3410446019101460120EB
S2140322701546FEF766FB214606460020FEF761FB81
S21403228080462046FEF766FB810606D501A807F0C2
S21403229018F80C2002B0BDE8F081FBF7D4FC3368D5
S2140322A09A05074603D4D8F800309B0509D501994B
S2140322B0301D8D6007F0ECF83846FBF7CAFC0020AB
S2140322C0E8E7FBF7C6FC01992046A847E2E738B5DE
S2140322D0014604460120FEF734FB05460C3006F0A3
S2140322E0F0FF281D06F0EDFF21460020FEF729FB30
S2140322F004460C3006F0E5FF201DBDE8384006F026
S214032300E0BF70B5014605460120FEF71AFB0646F8
S214032310043007F053F8044670B14FF400713046AA
S214032320FFF7EBFDA36821462846984720B12046D1
S214032330BDE87040FAF7E8BC70BD0023C0E9003181
S2140323408260704708B50B4601461846FEF7F9FA51
S2140323500068C0F3402008BDFFF725BFCB1E012B46
S21403236070B504460D46164606D81A21FEF761FBDD
S21403237040212046E4F722F8324629462046BDE8A7
S2140323807040FFF710BF38B504460D46FEF73DFB19
S21403239028B1012D04D122212046FEF74AFB002056
S2140323A038BDF8B58B790B440C46D3F80D60D3F8DB
S2140323B0113032460746E4F765FC09212046FFF74D
S2140323C0EFFD2046E5F72CFEA579E5F74FFD0C3526
S2140323D0254466F0FF060640C5F80160E5F746FDAE
S2140323E03846C5F805102146FFF7D8FD02213846C2
S2140323F0FFF7BEFDF8BD70B50E4605460146002044
S214032400FEF79FFA012E044603D0022E11D00120B8
S21403241070BDC1688B7919440D312846FEF796FBCB
S214032420E068FAF771FC0020E0602946FFF779FEC2
S214032430EDE7C068FAF768FC0023E360E7E738B522
S2140324400D46044601460120FEF77BFA012D08D10E
S21403245000F112012046FEF779FB21462846FFF7D6
S21403246060FE012038BD08B5FEF774FAC0F3C0005D
S21403247008BDF8B50C460746FFF7F5FF80F00106E2
S214032480F6B239463046FEF75CFA0546C068012CBC
S214032490837903D0022C1BD00120F8BD0C33C4185B
S2140324A038462389E288A188FEF728FC618862788B
S2140324B0490089B252003846FEF787FAE868FAF709
S2140324C023FC0023EB6039463046FFF72AFEE3E79A
S2140324D0FAF71AFC0023EB60DEE708B5FEF742FACC
S2140324E000F0010008BD38B50C4602210546FEF78C
S2140324F03BFA0C212046FFF753FD2046E5F790FDF7
S2140325004FF0FF3383700223C3700D2343706FF0C5
S2140325102F0303710523437121462846BDE838403F
S214032520FFF73CBD042910B5044601D0002010BDBA
S214032530FFF799FFC0F10200E5F73EFC0028F5D14E
S21403254007F084F8014608B90220F0E72046E6F7CC
S21403255077F80028F8D10120E9E708B5FEF7FAF97D
S214032560C0F3C00008BD2DE9F0410F46044690466F
S214032570FFF7F3FF80F00105EDB221462846FEF78C
S214032580E0F9012F064603D0032F0FD001200BE0FE
S2140325902046FEF781FE22212046FEF74AFA284609
S2140325A02146FFF7EEFD0020BDE8F081C068FAF78C
S2140325B0ABFB0023F3602046FEF76EFE5FFA88F15E
S2140325C02046FEF736FA20462021E3F7F7FE21469B
S2140325D02846FFF7D6FDD9E737B504460D46FEF77E
S2140325E0C1F903054CD5022007F030F80190002806
S2140325F048D0204645B3FFF7B0FF50B105210198F8
S214032600FFF7CEFC0198E5F70BFD01992046FFF78F
S214032610C5FC20462946FEF74AFE2046FFF79DFFE7
S21403262078B94FF400612046FEF799F90621019820
S214032630FFF7B6FC0198E5F7F3FC01992046FFF790
S214032640ADFC002003B030BDFFF787FF68B10199EA
S214032650032306222046FFF7B7FC2046FEF71CFEA0
S21403266021462846FFF78DFDEBE701A806F029FE75
S21403267020463D21FEF76EFD2046FEF70DFEE0E701
S2140326800C20DFE70720DDE7F7B501460446002008
S214032690FEF757F9054600F112074FF48060E5F799
S2140326A08BFB50B92046E3F773FE698B3A4680B23C
S2140326B003B0BDE8F040FFF7E1BA2046E3F768FE53
S2140326C0064620466D8BFEF743F90022034600922A
S2140326D029463A46B0B2FFF7F0FA03B0F0BD837866
S2140326E01A2B09D81B2383700288B2F5A47F07D25E
S2140326F04FF4A473038007E0FB2BF5D9FB23F2E723
S21403270044F290239A42F5D87047F0B5CA798B798C
S21403271087B043EA0223ADF80C308B888DF80E3071
S214032720CA788B7843EA02230446ADF8103003A830
S2140327300B888DF81230FFF7D2FF04A8FFF7CFFF00
S21403274005A92046FEF736FD0B212046FEF7ECFCD6
S21403275040F6480544F29023002818BF1D469DF80E
S2140327600E30BDF81460BDF81020BDF80C709DF84F
S21403277016009DF81210AF42D4BF00970095FB2BAE
S214032780A8BFFB23B242A8BF32468142A8BF014678
S2140327902046FEF726FB07B0F0BD37B514460546C0
S2140327A01046FFF7FDFB2046E5F73AFC01A9044671
S2140327B02846FEF7FFFC0B212846FEF7B5FC6FF014
S2140327C0040363700023A37044F2902240F6480388
S2140327D0002818BF1346A4F803309DF80630A4F863
S2140327E00530BDF80430A4F8073003B030BDFFF75A
S2140327F0DABC022973B505460C4603D000242046EE
S21403280002B070BD0521FEF760FC0028F6D0E4F7A1
S21403281001F91B28F2D94FF40040E5F7CDFA00285A
S214032820ECD106F013FF06460028E8D001A9284697
S214032830FEF7C0FC9DF80630BDF804203146284656
S214032840E6F7D2F90028D9D10124D8E730B190FAB7
S214032850A0F00123B0FA80F08340D8B2704770B579
S2140328600646FEF77FF880F0400402060546C4F3EA
S214032870801406D408213046FEF73CFC08B144F029
S2140328800204EB0506D40B213046FEF733FC08B1F1
S21403289044F00404204670BD2DE9F84304469146EF
S2140328A00F46FEF75FF8C0F340152046FEF729FBF8
S2140328B0214680462846FEF744F849460646204603
S2140328C0FEF7B7F898F80110384601F00F0100F04C
S2140328D046FA062814BF014600212A462046FEF77C
S2140328E0B4FA21462846FFF71CFC20212046FEF7B3
S2140328F03EF856E8003F43F4805346E80032002A89
S214032900F7D1BDE8F883F8B50E4604461546FEF73C
S21403291029F8032EC0F340170DD0042E16D0012E2F
S21403292012D122212046FEF784F838462146FFF7C7
S21403293028FC0020F8BDEAB200212046FFF7ACFFD2
S21403294021463846FFF71DFC0120F3E70C22F3E788
S214032950012910B504460BD1FEF704F82146C0F34F
S2140329604010FDF7EEFF0022817C2046FFF794FF20
S214032970012010BD2DE9F7430F460546FDF7F2FF8C
S21403298000F02009C0F340182846FEF7BAFABB79D0
S2140329900C333B445E789B781E400378C3F30300F6
S2140329A000EA13103040FFF751FF044648B9B9F167
S2140329B0000F06D12846FFF752FF3040FFF746FFC9
S2140329C004462846FEF7A0FAE8F748F9A04223D0C3
S2140329D01CB302212846FDF7DDFF002106462846E4
S2140329E0FEF72AF918213846FFF7DAFA3846E5F7EC
S2140329F017FBB6B244708470A0F8036039462846C5
S214032A00FFF7CCFA00962346224629464046E6F7C9
S214032A1025F903B0BDE8F08300242646E2E770B547
S214032A2004460D46FFF7DDFB28B929462046BDE8D8
S214032A307040FFF79FBF4028294620464FF01603F5
S214032A40BDE8704014BF2A222322FFF7BDBA38B56B
S214032A5005460C46FDF786FF830604D42046BDE8EC
S214032A603840FAF751B921462846BDE83840FFF703
S214032A7081BF73B58C790C340C4406460D46FDF7BE
S214032A8071FFA278032AC0F3401014D0052A28BF8A
S214032A9000226378032B10D0052B28BF0023B4F83D
S214032AA0031000913146E6F7D9F8284602B0BDE890
S214032AB07040FAF729B90022EBE70023EFE708B5E1
S214032AC08B790B441B7B162B03D0172B05D00020CA
S214032AD008BDFFF7A4FF0120FAE7FFF7B8FFFAE700
S214032AE008B58B790B441B7B162B03D0182B05D00C
S214032AF0002008BDE6F7DCF80120FAE7FFF7B9FF88
S214032B00FAE770471FB54A1E042A03460C465FD8E9
S214032B10012902D1008804B010BD022905D100881E
S214032B205B88984238BF1846F5E74A00014601A875
S214032B3005F069FD032C07D10023ADF80A304FF6E4
S214032B40FF73ADF80C3001E0042CF8D0BDF8062076
S214032B50BDF80430934284BFADF80630ADF80420C8
S214032B60BDF80A30BDF80C20934288BFADF80A20A2
S214032B70BDF80A2088BFADF80C30BDF80430934288
S214032B8088BFADF80A30BDF80620BDF80C309A426F
S214032B9088BFADF80630BDF80820BDF8063093426E
S214032BA084BFADF80830ADF80620BDF80A30BDF88E
S214032BB008209A4288BFADF80830BDF80820BDF853
S214032BC006309A4238BFADF80830BDF80800A2E7D1
S214032BD04FF6FF709FE7012804D0022804D030B9CF
S214032BE0E7F786BCE7F774BC0020E6F7B9BC704786
S214032BF010B1012803D070470120E6F7B1BC0020CE
S214032C00FBE7F7B51F468B1E012B05460C461646FB
S214032C1013D8FDF70CFB0023CDE90005F01A18BF07
S214032C2001201A463946FDF710FB80B1022C0BD162
S214032C302846E4F7E7FF002004E00029F8D001293E
S214032C4002D0FF2003B0F0BD2846E5F71FF80120A9
S214032C50F8E770B59DF810600D46002104468171B3
S214032C6006F10C014173111E03F00F00237B18BFFE
S214032C70012140EAC11003F04003184320732B469A
S214032C809DF8141004F10E00FFF7BBFF237B60F3DF
S214032C90861323732B686361AB882383A3790E366D
S214032CA03344E37170BD002313604369F0B513F03A
S214032CB010070589044603D00D4445600120F0BD86
S214032CC04668701AB0EB050CF8D513F001000AD16C
S214032CD0D4E90373DB1B13EB0C0FF0D429448E1BD0
S214032CE016606160EAE73846E9E710B541898389EB
S214032CF0C28904460846FFF7E2F8E0B1E279531EBC
S214032D00072B19D86389934216D922899A4213D876
S214032D10237C43B9637C33B9A37C23B9E07C10B925
S214032D20237D0F2B07D9607D1B3000F01F000B2877
S214032D308CBF0020012010BD0020FCE708B5E8F793
S214032D4065FABDE808400020E8F74CBCC94350E8E4
S214032D50003F0B4040E80032002AF8D170470228B3
S214032D6008D0042803D0012818BF0620704701F0B6
S214032D700101C81C7047E8F79BBF0A2802D8013038
S214032D80C0B27047242801D80230F9E7252805D0B9
S214032D90262805D0272818BFFF2070470020704735
S214032DA00C20704708B5E7F7D5FFBDE808404FF09D
S214032DB00060E9F7B3B908B5E8F780FF20B1BDE8CE
S214032DC008401020FFF7EEBF08BD704770477047F6
S214032DD070477047002070477047704770477047CA
S214032DE0704710461946704700200021704704F0CC
S214032DF057BEF1F737B904F00BBF08B5E8F7AEF9DD
S214032E0020B1BDE808400420FFF7CCBF08BDF0B5ED
S214032E1087B00D468DF80700164602B9A3B39DF892
S214032E2007002946FDF717FA0446B8B99DF80700C8
S214032E302946FDF714FA40BB16B39DF80710003970
S214032E4018BF01210DF10F022846E8F7F1FDF8B986
S214032E509DF80F40013418BF012416E004AF012289
S214032E6039460DF10700FDF7F8F904464EB19DF813
S214032E700730191E18BF0121002818BF3D46E1E799
S214032E800124FDF7D7F900B90124204607B0F0BDA9
S214032E904FF0FF34DEE737B502460846136A03F4FD
S214032EA0007403F40015DB0505D47CB9E4F7AAFE29
S214032EB0204603B030BD4CB9D2F855100160B2F8C5
S214032EC059208280B5FA85F46409F1E7019092F9F6
S214032ED05430009300231A4619461846B5FA85F46B
S214032EE0FDF7B3F96409E3E77047704702461946EE
S214032EF00020E8F77BBC002070470020704707B52A
S214032F0000214FF0FF336A46084600938DF80430DD
S214032F10E8F702FE03B05DF804FB38B50546006823
S214032F2006F071F80446287900F01F0006F06BF8E7
S214032F302044C0B2012894BF0020012038BD70474A
S214032F407047914270B50D4614461E4609D2FFF7E8
S214032F5012FF641B013490FBF4F303FB14000544D7
S214032F60ACB23480FFF707FF33880133B0FBF3F2CC
S214032F7002FB1300049B188070BD704770477047B0
S214032F800120704708B5202000F00DFF003818BF59
S214032F90012008BD08B5FFF7F5FF20B1BDE80840DE
S214032FA0202000F008BF08BD73B506460D4614463C
S214032FB0D2B100F0F5FEA84218D8304600F005FF5F
S214032FC001460190A0B100232A46204606F06FF979
S214032FD001A806F076F92246022052F8041B00F0F8
S214032FE0A1FE002002B070BD2220FBE72120F9E7F6
S214032FF02D20F7E708B5F9F7B9FB08B1012008BD9E
S21403300000F064F8F9F7BAFB0028F7D1EBF780FB7A
S214033010003818BF0120F2E708B5E9F72DF80028B5
S2140330200CBF0420012008BDE9F734B80020704720
S21403303030B5044687B008461546FEF72EFF122223
S21403304000210DF1060005F0D3FAA3680293E368A6
S2140330500393E38BADF81030238CADF81230ADF844
S2140330600450FFF7E3FF029B8DF8140043F410535C
S214033070029300F006FE18B1029B43F0040302938A
S214033080029B01A843F480330293E4F7A7FE10F0F3
S214033090FF0516D1A38CADF800300DF10201E38CC9
S2140330A0ADF80230684600F06DFDE9F78FF8FEF7DD
S2140330B0F2FE012104F0DFFBEAF7DCFB284607B04B
S2140330C030BD40F20C40FAE7E9F790B8FBF77CBD59
S2140330D0E1F792BB0120704770B50C4606461146D1
S2140330E01D46E9F74BF958B144EA06206FEA40401B
S2140330F06FEA50402A4680B2BDE87040E9F792B8BE
S21403310040F2064070BD83791A07014603D50622AE
S2140331100020E9F757B99B0602D506220120F8E7F7
S2140331204FF0FF3070478379532B01D1E9F77CB911
S214033130FFF7E9BF70B5064614461D46E9F71EF9C4
S21403314010B90024204670BD41EA06206FEA4040CD
S2140331506FEA50402A46214680B2E9F781F80028F4
S214033160F0D0EEE713B50446E9F708F910B90020E6
S21403317002B010BD08226B4611462046FFF7DAFF61
S2140331800828F4D19DF80230002BF0D09DF90300F7
S214033190013018BF0120EBE7704700207047532823
S2140331A038B505460C4604D1BDE838400846EDF769
S2140331B0A3BC0620F9F7BAFF68B96379142D03F0A8
S2140331C03F03637104D0722D08D163F03F0363712C
S2140331D0A571002038BD40F20740FBE72120F9E740
S2140331E01FB550F80C4BADF8061094F870408DF8E8
S2140331F00820ADF80A3001AA069B8DF8044040F279
S2140332000351039305F092FF10B906A806F059F888
S21403321004B010BD2DE9F04186B04FF00008044617
S2140332200E46CDF80C8000F14407154612B303A8EA
S21403323006F047F8384606F044F884F81C80002366
S214033240009332462B461821204600F036FF05F53C
S2140332508855204604AA50F80C3B059593F8703021
S2140332608DF8103040F2055105F060FF002006B0DF
S214033270BDE8F08143691A0710D4A846384606F01D
S2140332803EF803460390C0B903A806F01AF838467A
S21403329006F017F80023237755B1D0E723F0080389
S2140332A0436103A806F00DF8384606F00AF82577BA
S2140332B0204600F07EFF0025CBE7997901F10C024A
S2140332C01A440531B2F80160B2F80320997120461A
S2140332D0314601F093FCCDF80C800028CED005468D
S2140332E0D2E72DE9F84F0E469DF828B091469A4648
S2140332F0054610B1037C012B60D0284601F095F9F2
S214033300304601F00EFB002231468046284601F087
S2140333107BFB0746304601F0FDFD42F60523984247
S2140333201CD118F0300F26D1BBF1000F33D018F0A4
S214033330200F3FD0BA073FD5EB8B002B38D153462F
S2140333404A463146284600F068FF0446E8B9EE834D
S21403335040F20A41284601F076F916E0284601F0C5
S21403336019FA0028DDD0284601F029FA0028D8D01B
S21403337041F2121409E0B907D6D03146284601F0C7
S214033380DFFB0028D0D000F58854284601F052F918
S2140333902046BDE8F88F18F0100F0BD0FB070BD5AF
S2140333A053464A463146284600F012FF0446ECE7E9
S2140333B00524EAE72124E8E70224E6E70724E7E70B
S2140333C02DE9F04786B000259DF8389090F81CA0AC
S2140333D00F9E057704460F469046B9F1000F09D0B5
S2140333E00A4600964B46514600F067FE284606B04E
S2140333F0BDE8F087BAF1080FADF8169026D14589D7
S214033400043DADB29D4232464FF002014FF0090033
S214033410A8BF1D4600F0E2FD0222814605A93046FC
S214033420ADF8147006F010FA2A464146304606F008
S2140334300BFA831C054689F8013031462046EBF724
S2140334403DFBADF81650BDF81600D0E7BAF10A0FEB
S2140334500DF11602CDE9016200930CBF0B210D217D
S2140334604346012200F04DFE1A28ECD1CDF8009019
S21403347011233A4651462046ADF8169000F01DFE3D
S214033480E1E7F0B589B017460025012204460E464B
S2140334900393ADF8165001F0E6FA8DF815000028F0
S2140334A046D1304601F057F910B1304601F015FA0F
S2140334B0304601F046FAB8B103A805F002FF2046ED
S2140334C0237F50F80C2BADF81A6092F870208DF815
S2140334D0182040F2025106AA8DF81C30ADF81E7073
S2140334E005F024FE09B0F0BD0DF115030DF116022B
S2140334F03146204601F054FB9DF8153002465BB971
S214033500BDF81630BB4235BF0723DB1B8DF81530DD
S214033510D21928BFADF81630039B01939DF81530DA
S21403352000933146BDF816302046FFF749FFD9E72A
S2140335302A46F1E770B504460D46164601F00BF928
S21403354040B933462A46214601F058FB08B100F538
S214033550885070BD41F20310FBE71FB550F80C4BC3
S214033560ADF8061094F870408DF80820ADF80A30D0
S21403357001AA069B8DF8044040F20151039305F01F
S214033580D5FD10B906A805F09CFE04B010BD1FB506
S21403359050F80C4BADF8061094F870408DF80820E0
S2140335A0ADF80A3001AABDF818308DF8044040F291
S2140335B00451ADF80C3005F0B9FD04B010BDF0B5FC
S2140335C085B0122703920777022205460E4601F0BE
S2140335D04AFA044668B103A805F073FE00232B7766
S2140335E000230093324623461221284600F065FD49
S2140335F00FE0039A937903339371304601F0A1F9F0
S21403360048B1039B00933A46234631462846FFF7C4
S214033610E7FD05B0F0BD42F6293001F0E2FBB0420B
S21403362020D1039830B903A805F04BFE00232B776F
S2140336300D24D5E705F0CAFE80B20128F3D1039B1B
S2140336409A7913442846197B01F0DFF8044603A849
S21403365005F037FE00232B77002CC1D1284600F057
S2140336606FFDD6E72246039B3146284601F0C6FA8D
S2140336700446EFE72DE9FF410392042204460D4674
S21403368001F0F1F9074628B103A805F01AFE04B0C5
S214033690BDE8F081039A93794FF052080333937190
S2140336A0284684F81C8001F04CF9064640B1039B7B
S2140336B0009342463B4629462046FFF791FDE6E740
S2140336C042F6293001F08DFBA842039B0BD19A7971
S2140336D013442046197B01F098F803A805F0F1FD82
S2140336E000232377D3E732462946204601F086FA9D
S2140336F0F6E72DE9FF418B790C330B440446B3F808
S2140337000170B3F8038038460E4601F002F900282C
S21403371058D002223946204601F0A5F90546E8B9F5
S214033720384601F00EF968B116222277B3790533CD
S214033730B3713946009643462046FFF751FD04B061
S214033740BDE8F081F9F776FA33461B680135EDB22A
S214033750002BFAD10635A8421DDC092504F14400E6
S21403376005F0AFFD00962B463A461621204600F09C
S214033770A4FC092DE3D1204602AA50F80C3B93F88B
S21403378070308DF8083040F2055141F20913039367
S21403379005F0CCFCD3E70121304606F020F80146BD
S2140337A00028DAD004F1440005F072FEB37905333D
S2140337B0B371424633463946204604B0BDE8F0416D
S2140337C000F0CDBC0125C9E713B5044641B9443022
S2140337D005F077FD204602B0BDE8104000F0E9BCD6
S2140337E04369182213F00803027706D000230093D8
S2140337F01946FFF7F5FC02B010BD1A46194602B08B
S214033800BDE81040FFF706BD7FB5C58B04462DB354
S21403381042F6052001F0E5FAA84207D1002120462A
S21403382000F0D4FF636923F00103636140F20A41A9
S214033830204600F00EFF00260DF10E022946204614
S214033840ADF80E6001F0E0F8BDF80E2000920346D6
S214033850022229462046FFF79AFEE68304B070BD8F
S2140338602DE9F0470E46BDF8209090461F460446C5
S21403387018B941F20110BDE8F087084601F049F88F
S2140338800028F6D06589033DADB24D4509D3CDF882
S21403389020804B463A4631462046BDE8F047FFF7C0
S2140338A020BD4920E7E72DE9F34105469846099FE1
S2140338B00C46164600F0B9FE2B7C012B24D020467E
S2140338C001F03FF810B32A7F0C2A21D84FF4A853EF
S2140338D0D340DB071CD5002005F0B8FED0B19DF819
S2140338E02030019000933246434621462846FFF790
S2140338F067FD3FB90024284600F09CFE204602B030
S214033900BDE8F0813880F5E70724F4E72124F2E7E1
S2140339100224F0E71A24EEE7F7B504461F460E46E0
S214033920154600F082FE237C012B58D0237F182BEC
S2140339302CD063691B0713D5217F16292DD008D8F1
S214033940122914D00225204600F074FE284603B040
S214033950F0BD18291AD05229F4D10023237713E097
S214033960304600F0EEFF0028E6D12125EBE70023E2
S214033970237735B1009332462B46204600F09DFB55
S21403398002E0204600F0DCFB0025DCE72A46314651
S2140339902046FFF73FFC0546D5E700232377002D97
S2140339A0E8D1BDF82430089A00950521172000F0C9
S2140339B039FB20B90095112332461221DDE700F0CA
S2140339C0EEFA626942F008026261827905320346C2
S2140339D0827131463A46204600F0C1FBD4E70725FC
S2140339E0B1E72DE9F041054688B042F6052001F01F
S2140339F0F8F9064604A8ECF747F9102205F1210169
S214033A000DEB020004F0CAFD50B10121284600F078
S214033A10DDFE284601F097FA6B6923F001036B611C
S214033A2042F6030303A90220ADF80C30ECF73AFA8A
S214033A30012407464FF0000820463A464FF6FF712A
S214033A4001F094F9044610B908B0BDE8F08100F01F
S214033A5060FF0134A4B20028EED0A64203D131465B
S214033A602846E9F72DF80DF10E0221462846ADF853
S214033A700E8000F0C9FF03460028DDD0BDF80E20F7
S214033A800092214601222846FFF781FDD4E708B5B8
S214033A90ECF7E8F80020E9F7A1FC002008BD10B910
S214033AA00120E9F78FBD70470220E9F781BD0020AA
S214033AB0E9F77EBD38B50C460546E3F763FE437962
S214033AC0C47523F0030343F003034371092383718F
S214033AD004F10C03C371A0F81550153038BD2DE959
S214033AE0F3410D4616468046E3F74CFE05F10C03FC
S214033AF0C3714379019023F0030343F00303437137
S214033B00092383710446A0F8158000F11507304693
S214033B1005F05CFC0544E57533463BB901A8314620
S214033B2005F0B6FC384602B0BDE8F0815A7922F0BB
S214033B30030242F002025A711B68EEE708B5E3F788
S214033B4027FE83790C33184408BD08B5E9F788FCCB
S214033B50ECF77AFDE8F79CFEEBF74AFFBDE8084072
S214033B60FFF7A5BF10B50446E9F726FE20B92046A1
S214033B70BDE81040F8F758BF2046F8F755FFFFF7A3
S214033B8093FFF1E773B50E4605F009FF044610BB35
S214033B9042F6072001F025F90546E0B1B6F90030F4
S214033BA0002BCCBF0533053B4FF00A02CCBFB3FB5B
S214033BB0F2F393FBF2F35BB28DF8073001230DF1BA
S214033BC007020021184605F06CFE0022034629462C
S214033BD0104601F013F8204602B070BD430803F008
S214033BE05503C01A00F03303C0F3850000F033001A
S214033BF0184400EB101000F00F00704710B5421D7C
S214033C00441E002114F8010FFFF7E8FF9442014415
S214033C10F8D1084610BD0E2070470E2070470E20C0
S214033C2070470E2070470078EAF7C4BF13B50C46FA
S214033C300DF107020DF10601EBF7ACF830B19DF874
S214033C400600031B5842584102B010BD0120FBE793
S214033C507047EBF7E3BB704708B5ECF7ABFA002009
S214033C6008BDECF753BEEAF725BB02F009B802F02D
S214033C7009B87047704770477047E8F79DBB7047B1
S214033C80704700207047704770477047F8B5136851
S214033C901D0A04460F46164604350A46002104F05C
S214033CA0A7FCEDB221222046394605F058FA2046F5
S214033CB0294605F0DDFAA27933681444E360F8BDBB
S214033CC070477047704770477047704702464FF417
S214033CD082712020FFF768B908B5014600F0380066
S214033CE0EAF74AFC78B1D0E90132407810F0020FC7
S214033CF008BF1346C1F30741043B53F8040F10B142
S214033D0002788A42F9D108BD38B505460C4604B98F
S214033D1038BD013C55F824301B69002BF7D0984773
S214033D20F5E770477047F8B54378DB07054601D4D7
S214033D30EAF764FC6B786F6823F00C0343F0020326
S214033D406B70002657F826402CB905F10C0120208D
S214033D50F9F724F80FE0A3680136002BF2D0984752
S214033D6004460028EED031463846FFF7CDFF6B7881
S214033D7023F002036B702046F8BD4078C0F3400082
S214033D807047437813F00E0F0CBF012000207047D6
S214033D9010B5EAF79DFC0446EAF7B2FC204610BDD0
S214033DA04FF48270704708B5EAF7E6FBC068003840
S214033DB018BF012008BD08B5EAF7DEFB20B1BDE851
S214033DC00840C06805F0AEBA08BD38B5EAF7D4FBBC
S214033DD0044650B1F9F737FF054604F10C0005F029
S214033DE08EFA04462846F9F734FF204638BD37B521
S214033DF08379019003440446D86800F03800EAF754
S214033E00BBFB054628B901A805F05BFA022003B000
S214033E1030BD204605F05FFAF9F715FF0199044611
S214033E2005F10C0005F034FB2046F9F712FFE8F71E
S214033E3031F90020EBE72DE9F041044625021F4641
S214033E4005F4E065C4F3072324F47F441D4324F0FC
S214033E50C7048B79EE1944F0800444EA162436022C
S214033E600C33B6B23443CC50084601EB0308114674
S214033E70FFF7BDFF20B94544EF704046BDE8F0812B
S214033E804FF00008F9E7427810B50432044601F013
S214033E900400D2B2002140F0290005F098FC18B1C6
S214033EA0837922680344DA6010BD10B50021FFF75A
S214033EB0EAFF044608B9002010BD0179FFF797FF13
S214033EC00028F8D1A3790C33E018F5E72DE9F04183
S214033ED017461A4603681C0204F4E064C3F3072378
S214033EE01C4301F0040141F02905043406463B4611
S214033EF02146284605F0D5FC804650B1E1B205F0D0
S214033F0020FA30683B462A464146BDE8F041FFF7B3
S214033F1092BFBDE8F0812DE9F34101F0040141F0C1
S214033F202905002407682946064610681460019090
S214033F3005F0D1F9019805F049FA390201F4E06178
S214033F40C7F30727394380460122043101A805F049
S214033F50BAFB30B101A805F0B4F9204602B0BDE8BB
S214033F60F0810199306843462A46FFF764FFF5E778
S214033F7000207047A0F86E10704701238B4090F81E
S214033F807110194380F87110704708B50120F8F7CF
S214033F9071FEC0B208BD83790C33184470471438D9
S214033FA0704710B50446A1F1140005F00FFA201A65
S214033FB020EAE07080B210BD70B51C460D4616466A
S214033FC0FFF7EFFFA04207D322463146A5F11400C0
S214033FD005F03AFC012070BD0020FCE770B50646EC
S214033FE00D4614467AB90A462046082105F0EFFB2B
S214033FF0044690B92A460821292005F0E8FB044622
S21403400058B9204670BD104605F05BF9204605F00A
S21403401011FB08231D44A371E571A3790C331C44DB
S2140340202670EEE72DE9F0411646069A07468846BF
S2140340301D46FFF7D3FF0446F0B114382A4631462F
S214034040069005F001FC854217D9069B1C7906A845
S21403405004F0200405F035F974B9424608212920F6
S21403406005F0B5FB2A463146069005F0EDFB854282
S21403407006D906A805F025F900242046BDE8F081F8
S214034080069A93790C33D418D754F6E711B114393A
S214034090EAF714BD1A20704738B5002204460D46C9
S2140340A002200321FFF79AFF014608B1A0F801504A
S2140340B02046BDE83840FFF7E9BFF8B504460F468B
S2140340C016460521069A01201D46FFF787FF01467F
S2140340D038B14770468005712046BDE8F840FFF7C3
S2140340E0D5BFF8BD38B50D46032104460846FFF78D
S2140340F075FFA0F8015001462046BDE83840FFF79B
S214034100C5BF73B5054608466C89089E1146641AF2
S2140341101A46BDF81830A4B29C4228BF1C46079B1B
S21403412000932346FFF77EFF014630B128463480CE
S21403413002B0BDE87040FFF7A9BF1A2002B070BDF9
S21403414010B50121044600221320FFF747FF01465E
S21403415020B12046BDE81040FFF798BF10BDF7B565
S21403416044890193054618460F46164605F02EF970
S214034170053CA4B2844203DA011B01A805F0C8F982
S2140341800521019805F066FA014628B901A805F04D
S21403419098F81A2003B0F0BD83790C33C2181720A1
S2140341A0C854A2F80170A2F803602846EAF786FC12
S2140341B0F0E710B50121044600221920FFF70EFF91
S2140341C0014620B12046BDE81040FFF75FBF10BD93
S2140341D073B54489033CA4B2A3420E464FF00001D4
S2140341E0009105464FF0030128BF23461B20FFF727
S2140341F019FF014670B110F80F3CA0F801600122C8
S21403420062F3071300F80F3C284602B0BDE870407F
S214034210FFF73CBF1A2002B070BD73B54489033C58
S214034220A4B2A3420E464FF00001009105464FF09C
S214034230030128BF23461D20FFF7F4FE014638B1CD
S214034240A0F80160284602B0BDE87040FFF71EBF25
S2140342501A2002B070BD4B88042B07D1836C0888E4
S2140342605B8998428CBF002001207047002070476E
S21403427010B50446806920B10021EAF75BFB0023F2
S214034280A36110BD38B5A0224FF4A073C0E907237D
S21403429000250723044680F83130C5818571103028
S2140342A005F00FF804F1140005F00BF82046FFF7AD
S2140342B0DFFF40F20113E3857F2384F83230A562E3
S2140342C065622046BDE83840FEF766BF07B50122A3
S2140342D08DF807100DF1070105F0B6FA03B05DF887
S2140342E004FBF7B505464FF428500C4600F079FD5D
S2140342F0064600F00EFBB0B3022C02D8002003B033
S214034300F0BD00270DF105030DF1060231463846D0
S214034310ADF8067000F044FCBDF80620631E934219
S21403432006461EDC072C1AD9023CADF806400824C4
S214034330BDF80630002BE1D00133D9B22846FFF78B
S214034340C5FF21462846FFF7C1FFBDF806203146C4
S214034350284605F079FABDF806000230CFE7ADF837
S21403436006700924E4E74FF0FF30C8E702292DE979
S214034370F34104460D461746184603D8002002B0FC
S214034380BDE8F08100F02DFD064600F0C2FA0028D5
S214034390F4D04FF000080DF105030DF10602314687
S2140343A04046ADF8068000F0FBFBBDF80630BDF8CE
S2140343B02020934228BF13460646AB429DF80500CD
S2140343C028BF2B46ADF80630C0B9002BD7D0013333
S2140343D09AB29542D3D9D9B22046FFF777FF39462A
S2140343E02046FFF773FFBDF806203146204605F04A
S2140343F02BFABDF806000230C0B2C0E74046BEE75F
S21403440038B50446EAF708FC38B1022905D8204631
S2140344100022BDE83840EAF78DBD212038BD91F86B
S21403442039305B0773B506460C4615462DD4084649
S214034430EAF790FB6B1E042B16D8032D14D0A37932
S214034440142B24D0A3697BB90093ADF804308DF800
S2140344500630E8F7B5FA6946EAF7E2F918B91A2515
S214034460284602B070BDA061636AE57343F0160385
S2140344706362E8F747FA3046EAF7B2FC05460028D7
S214034480EED02046FFF7F4FEEAE70225E8E721250B
S214034490E6E7002337B580F8723040F6FF73A0F8DE
S2140344A06E308368C160DA0404460D4610D443F4C4
S2140344B08063A3606A4640F203212046CDE90045A7
S2140344C004F034FE00212046EAF734FA03B030BD88
S2140344D090F87600EAF78AFEA36823F48053E8E7A9
S2140344E073B56E4604464A7930460D460631E8F7FC
S2140344F0ADFA96E80300A4F85010090C11F0800FEB
S214034500E06484F8521004F1530312D0012205F13B
S21403451012011846E8F79AFA0C352846FFF76EFBA1
S21403452028B10122294604F15A00E8F78FFA02B0AF
S21403453070BDB4F8501094F85220C4F85300998014
S2140345409A71E9E71FB590F87420019002F0010311
S21403455004468DF808300BB102F002038DF80930DB
S214034560204694F875308DF80A30039101F0E2FB8B
S21403457001AA4FF40171204604F0D8FD2046EAF75D
S21403458065FA04B010BDEAF7ADB9FFF7FEBC0A46FC
S2140345900021EBF723BE13220121EBF71FBE82682F
S2140345A038B5C2F380320446B0F86E000D46EBF71A
S2140345B0BBFE20B9A3681DB143F40053A36038BD06
S2140345C023F40053FAE783791A0705D413F0100F80
S2140345D00CBFFF2001207047002070470020704763
S2140345E010B5044660B1806C50B1EBF715FAA06CB9
S2140345F00028FAD120460321BDE81040EAF79AB90D
S21403460010BD43898B4207B50CD050F80C2BADF880
S214034610063092F870208DF8042040F2014101AA7A
S21403462004F084FD03B05DF804FB436943F0040320
S21403463043617047436923F004034361704740694D
S214034640C0F380007047006847F230530022F8F743
S214034650B1B9006804F007BD38B543699B07044643
S2140346600D4603D540F20941FFF7F3FFEAF744FA94
S21403467008B1A3691D70204640F20941BDE83840E1
S214034680FFF7E1BF07B5027C012A09D001220274B5
S21403469040F20942914206D040F20A4291420ED0BD
S2140346A003B05DF804FB50F80C3B93F870308DF8BC
S2140346B0043001AA4FF4816104F038FDF0E750F8A6
S2140346C00C3B93F870308DF8043001AAF4E738B544
S2140346D022F000430D46114640F20322934204465D
S2140346E01AD0B3F5017F09D240F20122934213D0C8
S2140346F040F20222934209D0002038BD6FF4816253
S2140347001344012BF8D8FFF7BDFFF5E700F022F9B5
S2140347102046FFF766F9EFE763699B0704D540F287
S21403472009412046FFF795FF2846FFF759FFE3E7C1
S21403473008B5EAF7C1F800B1806C08BD08B500B14A
S2140347400068EAF7C7F808B9034602E0836C002B53
S214034750F7D0184608BD10B5044642F62A3000F0D6
S21403476040FB031B5842584110BD022806D1088857
S21403477042F62A33C31A58425841704700207047FE
S21403478010B5044642F6293000F02BFB031B5842B3
S214034790584110BD90F8200000F0010070471FB587
S2140347A004466846EBF770FA1022694604F12100C6
S2140347B003F0F4FEB0FA80F0400904B010BD08B56B
S2140347C0FFF7EDFFB0FA80F0400908BD70B5044668
S2140347D000F1210591B92846EBF756FA236893F9B9
S2140347E07500FEF7BFFC78B120682B4690F975007C
S2140347F0BDE8704010220D21FEF76EBC102200218A
S214034800284603F0F5FEE9E770BD38B590F820209A
S2140348100446002341FA03F0C50703D442FA03F023
S214034820C0071ED40133082BF4D101F00105236819
S2140348302A4384F8202093F97500FEF793FC40B1D1
S2140348402346012253F8200B0C2190F97500FEF73E
S21403485043FC0DB9002038BD00212046FFF7B6FF04
S214034860F8E71320F7E768B13F290AD800EBA10061
S21403487001F0030190F831004900084100F00300FD
S21403488070470020704710B50368044693F9750017
S214034890431C0DD0FEF766FC50B12346102253F896
S2140348A0310BBDE8104090F975000B21FEF714BCE0
S2140348B010BD10B590F87430DB0706D490F9753048
S2140348C0013314BF0F20052010BD847CEBF7E6FFF1
S2140348D0844234BF0C200020F6E730B585B004468A
S2140348E06846EBF7D1F91021684604F0EFFF20463F
S2140348F0EBF7A2FBC2686B46063204AD1C4603CC3C
S214034900AC4210605160234602F10802F6D105B0AE
S21403491030BD08B5EBF790FB08B1EBF761FBC0B20F
S21403492008BD013810B580B2EBF786FB044608B91C
S214034930002010BD408800F07FFB0028F8D0207BC5
S214034940F7E708B5EBF778FB18B1007AC31F5842B0
S214034950584108BD70B50546044655F8213B93F902
S2140349607500431C04D12846BDE87040EBF78CB9AC
S214034970FEF7F8FB0028F6D02346102253F8310B37
S2140349800B2190F97500FEF7D5FB2346012253F859
S214034990200B0C2190F97500FEF7CCFB20682B4604
S2140349A090F97500BDE8704010220D21FEF7C2BBDA
S2140349B001302DE9F04185B228460E46EBF73CFB65
S2140349C042F60217044642F603089CB12046EBF76C
S2140349D007FB78B1204600F03EFBB84205D10EB186
S2140349E023883380607BBDE8F081204600F033FBEC
S2140349F0404502D14FF0FF30F5E70135ADB228460A
S214034A00EBF71AFB0446E0E72DE9F04707460E46A8
S214034A1090460D4642F6021942F6030A0135ADB238
S214034A202846EBF709FB044678B1EBF7D9FA60B1F1
S214034A30204600F010FB484505D1237A072B04D106
S214034A400320BDE8F0875045E8D141463046FFF7DE
S214034A50AFFF431C014604D03846BDE8F047FFF7D6
S214034A6002BF0020EDE770B5054608461646EBF78D
S214034A70E3FA044608B9012070BDEBF7B1FA002843
S214034A80F9D0F00713D4B10734D4720702D5A3883C
S214034A905B0732D516F0060F31D116F40060EBD063
S214034AA0A38813F4006F14BF00200620E4E7A3884E
S214034AB0DA0743D513F0700F0AD1980610D45806B8
S214034AC0E1D52B6893F975300133DCD10820D3E7A1
S214034AD02868FFF7EEFEA388990608D50028CBD1F1
S214034AE02A6892F874209207E9D40520C4E70028C0
S214034AF0C2D1E4E7A3889907C7D40320BCE7A388F9
S214034B0013F4E06F09D198050FD45B05C5D52B6860
S214034B1093F975300133C0D1D8E72868FFF7C9FE8B
S214034B20A388990507D50028A6D12A6892F8742089
S214034B309207EAD4D9E700289ED1E6E702209BE74E
S214034B4038B504460846EBF777FA054608B9012058
S214034B5038BDEBF745FA0028F9D0AB8813F4E04FDD
S214034B600CD1980412D413F48040F1D0236893F93F
S214034B707500431C58425841C000E9E72068FFF718
S214034B8098FEAB88990408D50028E1D1226892F8EC
S214034B9074209207E7D40520DAE70028D8D1E2E7A5
S214034BA02DE9F0474FF0000983F800900446A2F879
S214034BB000900846884616461D46EBF73DFA07461C
S214034BC020B901232B700020BDE8F08774B1EBF702
S214034BD007FA0028F5D04046FFF7D2FD30B101238F
S214034BE085F8009004F120003380EDE72B4632462B
S214034BF039462046BDE8F047EAF7D2BF2DE9FF4124
S214034C0007460846884616460393EBF715FA044606
S214034C1038B903A804F055FB0125284604B0BDE8BF
S214034C20F0811FB1EBF7DCF90028F2D0237A072BCB
S214034C3005D8DFE803F017262F381C17172126BBE5
S214034C400398002835D13246257A022D62D0032DEB
S214034C5064D0012D3BD0002F7FD1002503A804F09C
S214034C6030FBDAE703A804F02CFB0325D5E703A8FB
S214034C7004F027FB0625D0E703A804F022FB8025D3
S214034C80CBE7E3685D88B54209DA03A804F019FBAD
S214034C900725C2E7E3689A88B242F6D35D8803988D
S214034CA040B9024609E0022EEFDC039868B90246D3
S214034CB0CAE7354604F08AFB82B29319AB42C3DDDA
S214034CC003A804F0FEFA0D25A7E70225F2E7E0683D
S214034CD0039906300023304404F0E9FA002FBCD0D1
S214034CE0237A032B39D103A804F0EBFA00212046DC
S214034CF0EBF75CF968B30588617B3846FFF7B3FDCD
S214034D0001220346CDF8008029463846FEF73FFCCD
S214034D10002582E7E068B3188380D9E7039B9A7976
S214034D20D979891AC9B2481E012810D81344022912
S214034D301A7B04BF5B7B42EA0322237B32EA03032C
S214034D408CD1617B01233846EAF700FFC6E70D25C1
S214034D5084E708F1FF35ADB2CEE7039B00933A7FB5
S214034D60334641463846FEF7F8FBD1E7884270B52E
S214034D7004460D46164611D8012838BF012420469E
S214034D80EBF75AF910B14388B34208D00134A4B202
S214034D902046EBF735F908B1A542F0D200242046A9
S214034DA070BD70B50C4616461D460146B8B1B3B184
S214034DB0022C01D0102C12D1E0B2EBF773F84FF6A9
S214034DC0FF718842024602D141F20A1070BD304696
S214034DD0FFF7CCFF0028F7D028800020F6E7212035
S214034DE0F4E707B50023ADF80400ADF8063001225A
S214034DF00DF10603022101A8FFF7D3FFBDF8060055
S214034E0003B05DF804FBF8B5441C0F461646A4B27F
S214034E102046EBF711F910B9013CA0B2F8BD00F03B
S214034E201AF90546304600F0F2F820B1284600F09D
S214034E30EEF80028F0D1304600F0E2F820B128461C
S214034E4000F0DEF80028E7D10134A4B22046EBF7E1
S214034E50D7F808B1BC42DBD94FF6FF70DEE72DE981
S214034E60F04F87B00D460C8881469A4602208B8801
S214034E70ADF8103004A99046EBF714F8AB68009031
S214034E80A888AF89059300F0BBF838B1102F05D179
S214034E9005A8EAF7EDFF022808BF02274FF6FF7BB7
S214034EA033E0009A2046FFF761FF064680B3AA88E0
S214034EB06988FFF7A8FF04463046FFF72AFD00B3CC
S214034EC00DF10F030DF1120231464846FFF768FE57
S214034ED09DF80F302BB1A8F80060184607B0BDE860
S214034EE0F08FBDF81220BA420BD1059901933A46CA
S214034EF003F054FB019B20B9A8F80060AAF8004011
S214034F00EBE75C4504D00134A4B26988A142C8D853
S214034F100A23E2E708B5EBF78FF8BDE8084000F090
S214034F209AB838B505460846EBF786F8044610B92E
S214034F304FF6FF7038BD0DB96088FBE7EBF750F806
S214034F400028F9D1F4E770B5044642F60520FFF7CA
S214034F5048FFB0B10021FFF72BFD0546014620466A
S214034F60FFF781FC10220646002104F1310003F00E
S214034F703FFB3246294620460023BDE87040EAF749
S214034F80E5BD70BD7FB504460D4610220021684678
S214034F9003F02EFB0026AB575A1C1BD03146204687
S214034FA0FFF761FC002B194604AAB8BFD91C02EB15
S214034FB0A10100F00302584200F0030003F00303CC
S214034FC058BF43425B0002FA03F311F8102C134355
S214034FD001F8103C0136402EDDD16B4604F1310555
S214034FE004AE1A4603CAB24228606960134605F146
S214034FF00805F6D1204604B0BDE87040FFF743BC71
S214035000A0F5205001288CBF00200120704742F6EF
S2140350100303C31A58425841704708B5030409D41A
S214035020EAF70CFFA0F5205080B201288CBF0020C1
S214035030012008BD0020FCE7020408B507D4EAF700
S214035040FDFE42F60303C31A5842584108BD00202A
S214035050FCE7C00B704703464088B3F90230002BC9
S21403506001DBEAF7EBBE0020704708B5FFF7F3FF56
S214035070A0F5205080B201288CBF0020012008BD77
S21403508010B504468069143004F01BF9A069BDE826
S2140350901040183004F015B92DE9F04105460F46C7
S2140350A014461E46FFF7ECFF23463A460821002027
S2140350B0D5F8188004F0F5FBAA69C8F814005369FC
S2140350C023B1548116820020BDE8F0811A20FBE745
S2140350D070B50446084604F079F9A1698A894D89B2
S2140350E086B212B1521B96420CDA6389581E80B2FE
S2140350F025B90A78082A04BF043B98B2831B584292
S214035100584170BD0020FCE730B504468DB054F816
S2140351100C0B9DF8405090F870008DF8040042EA9E
S2140351200142029219462A4603A8079503F06BFA32
S21403513001AA40F20241204603F0F8FF0DB030BD4D
S21403514010B550F80C4B86B094F87040ADF80E10BE
S214035150ADF8102040F2064103AA01938DF80C40E7
S214035160059303F0E3FF10B901A804F0AAF806B00C
S21403517010BD37B504460D46FFF782FF204640F2C2
S2140351800941FFF766FAA369204600221A7050F811
S2140351900C3B019593F870308DF800306A4640F268
S2140351A0074103F0C3FF03B030BD13B501910021DF
S2140351B0044602F09BFA042200230DEB020120466C
S2140351C0FFF76AFF02B010BDF0B5044685B00F4680
S2140351D01E46154652B983691B78072B30D0082B19
S2140351E014BF15460925002E18BF0D250A9804F08E
S2140351F0EDF8A3699A894AB15B8981B2D21A9142C2
S21403520004DD92B2891A0AA804F082F9204601AA9C
S21403521050F80C3BADF8067093F870308DF80430F8
S21403522040F205410A9B8DF80850ADF80A600393D7
S21403523003F07CFF10B90AA804F043F805B0F0BDEC
S2140352400B25D0E7B0F80AC0ACF1020C9C452DE95B
S214035250F04105460E4617461C4603DDBDE8F04101
S21403526002F0EFB983692246198100233946FFF716
S21403527013FF044658B9AB6902460E333146284637
S21403528002F0FAF9044610B12846FFF7F9FE204665
S214035290BDE8F0812DE9F0438FB0202A054603913F
S2140352A017461C460BD941F2041421462846FFF73D
S2140352B060FF03A804F005F80FB0BDE8F083002BE9
S2140352C046D10846A2F1060804F080F85FFA88F88B
S2140352D01FFA80F94FF6FF764C4510D3AB69DA8890
S2140352E0B24239D942F60203ADF81430711C0223D8
S2140352F0009389B205AB284602F04CF925E0234615
S2140353003A46039906A803F0D2FFAB69BDF81860C6
S2140353109A88B242C7D8DA88B242C4D3BDF81A1004
S214035320BDF81C20B8F1000F09D0CDF800800DF1B0
S2140353301E0328463C44FFF7E7FEA4B2CCE79E8054
S21403534019815A81284602F03EF904460028B0D057
S21403535041F20A139C42A8D10024A6E72DE9F047A0
S21403536096B01C46836901921B78062B064603D02B
S214035370102B60D001A81CE001291046039214BF2D
S2140353804FF010084FF00208002C4CD104F01EF822
S21403539008F1020987B24FF6FF75A7420ED8B36924
S2140353A0DA88AA4237D8002421463046FFF7E1FEC2
S2140353B003A803F086FF16B0BDE8F08723464A46E7
S2140353C0039904A803F073FFB369BDF810509A88D5
S2140353D0AA422DD8DB88AB422AD39DF81330282B5C
S2140353E0E1D0B24642465AF80C3B0DF1120193F84F
S2140353F070308DF830300DA8ADF83250CDF84480BB
S2140354004C4403F000F90CAA40F20441504603F062
S2140354108DFEA4B2C1E7691C89B2304602F08AF851
S21403542004460028C4D041F20A139C42BBD0BBE713
S21403543041F20414B8E701291046049214BF122758
S214035440042784BB03F0C2FF42F6021885B24FF668
S214035450FF71A5420DD8B369DB888B4221D9013190
S2140354604FF6FF7289B2304602F064F80446A0B1E4
S21403547019E0049923463A460CA803F018FFBDF832
S2140354803220BDF830109DF83330424507D1B2695B
S21403549002230A323046FFF7D5FE04A889E7282BF5
S2140354A006D141F20A1421463046FFF762FEF4E7BE
S2140354B03C44A4B2CDE7F0B587B0836903911B786B
S2140354C0022B0546144653D108460491002A47D1B9
S2140354D003F07CFF4FF6FF7687B2A7420DD8A86984
S2140354E0C288B2422BD8002421462846FFF741FE45
S2140354F004A803F0E6FE07B0F0BD04990422234691
S21403550005A803F0D4FEAA69BDF814109088BDF868
S2140355101660814229D3D388994226D8864224D35B
S2140355209E4222D85069927A837900920C330344C0
S214035530324628460434FFF7E7FDA4B2CDE74369B5
S2140355404089019098790C300344711C009389B20A
S2140355504FF42053284602F001F804460028C7D02B
S21403556041F20A139C42BFD1BDE741F20414BBE7E4
S21403557003A8BEE7F0B587B00546039117461C4659
S21403558053B9FFF7A5FD38B10399012322462846F0
S21403559000F084F807B0F0BDA9690B78082B05D88E
S2140355A0062B44D8032B0FD003A83DE00E2BFBD1CC
S2140355B0039B0593002C6DD1002B6BD009892246E3
S2140355C02846FFF7BDFD59E00398059018B3ECB9DC
S2140355D083794A8909890C331026034400962846A2
S2140355E0FFF792FDAB699988DA88914217D242F6A3
S2140355F00203ADF8103001310223009389B20DEB9C
S2140356000603284601F0C6FF044660B141F20A13BA
S2140356109C4204D101E0002CF8D141F21F0421463C
S2140356202846FFF7A6FD05A803F04BFEB2E703984E
S21403563005907CBB70B303F0C9FE0FB386B2B742C6
S2140356401ED2394605A804F09EF838B905A803F01B
S21403565038FE1A212846FFF78CFD9BE78379C2188C
S214035660023391898371AB69F61B5B890090002234
S2140356702846B6B2FFF7A8FDB742E2D92146E9E7C6
S214035680AA6953891189059A009228460022FFF7D2
S2140356909BFDF3E705A803F014FEEFE7F0B585B02E
S2140356A0064603911F46144632BB084603F08EFE99
S2140356B0054608B3B1690B784A89082B0BD8062B25
S2140356C00BD9039B09890093304613462246FFF7FE
S2140356D07BFD039401E00E2B19D0B1694B89EA18C0
S2140356E092B2B2F5007F4A8117D82FB109893046A6
S2140356F001F07AFF044628B10022234611463046BD
S214035700FFF738FF03A803F0DCFD05B0F0BD039BED
S21403571009893046FFF714FDDBE741F20414EBE793
S21403572073B5836901911B78082B044615460ED87A
S214035730062B0ED9019E20463146FFF7C9FC2A46A2
S214035740034631462046FFF7A9FF02B070BD0E2B75
S214035750F0D001A803F0B5FDF7E730B587B083694D
S21403576003911B78092B0546144611D105915AB9A6
S2140357700091134621460F22FFF726FD21462846B1
S214035780FFF7F7FC07B030BD05A803F09AFDF5E771
S21403579003A803F096FDF5E72DE9F04F9FB0876960
S2140357A003913F78052F054616461C4604D8032F5B
S2140357B016D810D003A867E0082FFBD1084613912C
S2140357C0002B00F0C28013A803F07BFD2146284679
S2140357D0FFF7CFFC01E0FFF75DFD1FB0BDE8F08FDC
S2140357E0202A0846049148D8002B40F0A880571F6B
S2140357F003F0ECFDFFB21FFA80FA4FF6FF780DF1C7
S2140358001C0BA24506D8AB69DA88424500F28780AE
S214035810002434E02346324604990BA803F047FDE0
S214035820AB69BDF82C809A88424526D8DA8842456B
S21403583023D35969F1B9A946BDF82F2059F80C1B93
S2140358409DF82E3091F870108DF84C10ADF84E2060
S2140358500DF131013A4615A88DF85030199702F02C
S214035860D2FE13AA40F20341484603F05FFC3444D9
S214035870A4B2C6E75A89102A09D941F2041421466C
S2140358802846FFF776FC04A803F01BFDA5E70023D4
S214035890584603F00CFDAB690DF13101102FCDE92D
S2140358A0051B93F80A902BD1B9F1020F34D105A842
S2140358B0EAF7DEFA0228DAD14A46DDE9051002F0F5
S2140358C06DFE0028D3D12B46BDF82F1053F80C0BD2
S2140358D09DF82E2090F870008DF84C00ADF84E1011
S2140358E08DF8502059464A4615A80293CDF8649081
S2140358F002F089FE029B13AA40F203411846B4E75E
S214035900022F09D1B9F1100F06D106A8EAF7B0FAAB
S2140359100228ACD13A46D0E73A465846CFE742F695
S2140359200303ADF84C3008F101010223009389B25A
S21403593013AB284601F02EFE04460028A3D041F2FE
S2140359400A139C423FF464AF99E759B90021AA6948
S2140359500023938153811181139932462846FFF71A
S21403596009FE3AE703F032FD16B180B28642EDD166
S214035970139A9379D118023389899371E7E72DE94E
S214035980F0438FB01C46836903911B78012B0546B1
S21403599017465BD10846059103F018FD202F0BD957
S2140359A041F2041421462846FFF7E3FB05A803F05B
S2140359B088FC0FB0BDE8F083002C42D1059803F0B5
S2140359C005FDA7F104081FFA88F81FFA80F94FF6B9
S2140359D0FF765FFA88F8A14505D8AB69DA88B24244
S2140359E020D80024DEE7059923463A4606A803F0A6
S2140359F05EFCAB69BDF818109A88BDF81A60914230
S214035A00CED3DB889942CBD89642C9D39E42C7D819
S214035A10CDF8008007AB324628463C44FFF774FBBC
S214035A20A4B2D8E74FF42053ADF81030711C02230C
S214035A30009389B204AB284601F0EAFD0446002829
S214035A40B4D041F20A139C42CBD0ABE703A8AEE72F
S214035A5083691B780A2B02D00F3B012B01D8FFF773
S214035A6088BB7047F0B585B01746019383690A9ED5
S214035A701A780A3A0446072A42D8DFE802F00441B5
S214035A803041410441290198039003F09FFC85B2FD
S214035A9003A803F016FC26B131462046FFF785FB24
S214035AA00FE0A1697A194B8992B293420BD90A8205
S214035AB001F10E032046098901F0DEFD01460028A8
S214035AC0EBD105B0F0BD0121204601F00FFEF5E74E
S214035AD02EB91A8A0198BA420BD04FF48166019BFD
S214035AE0039303A803F0EDFB31462046FFF741FB83
S214035AF0E7E7DA89596903F074FC0028EDD1EEE78D
S214035B0001A803F0DEFBDCE738B5826913780D2BBA
S214035B1004460D4612D00F2B01D00A2B12D153691F
S214035B2033B199790B4402F11400DD6803F0C9FB25
S214035B3029462046BDE83840FFF78ABFBDE838400F
S214035B40FFF717BB38BD07B5002300921B22FFF7EC
S214035B503BFB03B05DF804FB07B5836959800092ED
S214035B6000231D22FFF730FB03B05DF804FB4B88D0
S214035B70052B05D108880E288CBF0020012070470E
S214035B8000207047F8B505460F46164604210A223C
S214035B90002003F01CFE0246B8B184790C340319C6
S214035BA0052100204FF0060CD870997002F804C047
S214035BB013241C715F7102245870D8719C711E8166
S214035BC02846BDE8F840E7F775BDF8BD73B505464A
S214035BD0104601920C4603F0F9FB042186B20198A5
S214035BE003F038FD024628B901A803F06AFB1A2021
S214035BF002B070BD837901900C33C1184C80C65235
S214035C0021462846E7F756FD0020F1E72DE9F04147
S214035C1006468846174604210A22002003F0D7FDCD
S214035C200246B8B185790C354319002405210620B0
S214035C309970DC70505501201871022098715C70C1
S214035C40304683F80580DC711F81E7F733FD204675
S214035C50BDE8F0811A20FBE700207047002070475C
S214035C6007B501A8019203F02CFB03B05DF804FB13
S214035C707047002070470F2070470F20704770470B
S214035C80EBF736B8EBF73EB810B588B0E8F714FE76
S214035C90044600284AD090F87200022848D1A36828
S214035CA013F4407F2AD094F87320012A32D194F952
S214035CB07500421C01D1D9052CD594F8743013F025
S214035CC0010327D1CDE90133CDE90433CDE906330A
S214035CD0ADF80C30FDF746FAA36888B9DA0519D58E
S214035CE0A06AE16A228E01AB03C31A80BDF80420C2
S214035CF004AB0DF106012046EAF7E6FA08B010BD3C
S214035D00DB05EDD494F9750001AB0A220221FDF7F9
S214035D1011FAEBE7002345F217021946204600F076
S214035D20ECF9B0FA80F040094000E7E72120E5E708
S214035D300220E3E738B545F21B020C460B4600216A
S214035D40054600F0DAF930B92CB121462846BDE8FD
S214035D503840EAF72FBE38BD00F036BA01F0C6BBAE
S214035D6001F0CFBB10B504464C30FDF7DCF984F8E0
S214035D7075002046BDE8104001F093BB10B50446FD
S214035D80FDF7A8F902280DD194F8733094F9700042
S214035D90012B14BF0521032184F83210BDE81040FF
S214035DA001F0C7BBA36843F40073A36010BD00F003
S214035DB0C6B938B503783E2B04460D4604D183781E
S214035DC0052B02D0ED2B0FD038BDB0F80300E8F753
S214035DD065FD20B1B4F80D10621D00F050FA284698
S214035DE0BDE8384003F06DBAB0F80300E8F756FD97
S214035DF00028F4D0B4F80D1004F10F03621D00F070
S214035E00F8FAECE72DE9F04188B06B4614460D46E8
S214035E10024600F1100C1E46106851681F4603C761
S214035E20083262453B46F7D11021304603F04EFD5B
S214035E3004AB224604F110079846106851681C46C6
S214035E4003C40832BA422346F7D11021404603F072
S214035E503DFD1020F6F7D4FE0746F8F7FDF880223E
S214035E6041463846F8F702F9044610BB2B4632463D
S214035E7001213846F8F766F90446D0B910212846BA
S214035E8003F024FD1021304603F02EFD3846F8F7C4
S214035E90E7F84046102103F027FD3046102103F0B3
S214035EA023FD39461020F6F7CDFE204608B0BDE8A0
S214035EB0F081214640F20740EAF79AFDE2E708B58B
S214035EC01046F7F733F9003818BF012008BDF7B5B9
S214035ED004460D4616461F460220DFF789F921467B
S214035EE0CDE900672B468022DCF7FEFC044620B192
S214035EF0014640F20740EAF77BFD204603B0F0BDBB
S214035F0010B545F21A01044603F0ADF8204647F2F1
S214035F103053BDE81040002245F21A01F6F74ABD99
S214035F2010B50A4604460821002003F050FC10B1C1
S214035F30837903441C7310BD38B505460C460D2003
S214035F401121FFF7EDFF024688B18379034421460A
S214035F500D3304F1100051F8044B43F8044B81420F
S214035F60F9D128460621BDE83840FFF72FBE38BDD5
S214035F7038B505460C4604201121FFF7D1FF02462B
S214035F8088B18379034421460D3304F1100051F898
S214035F90044B43F8044B8142F9D128460621BDE859
S214035FA03840FFF713BE38BD38B505460C46032008
S214035FB01121FFF7B5FF024688B1837903442146D2
S214035FC00D3304F1100051F8044B43F8044B81429F
S214035FD0F9D128460621BDE83840FFF7F7BD38BD9E
S214035FE037B5002205460821104603F0F0FB0446A9
S214035FF0C0B10C2301220DF107018DF8073003F021
S21403600023FC296C20225131204603F01DFC296C09
S21403601020227131204603F017FC2246062128462B
S214036020FFF7D4FD03B030BD10B50446006C30B99D
S2140360304FF4BE7003F094FC206420B910BD4FF4F7
S214036040BE7103F051FC226CFF2382F87A31A368F9
S2140360501B0603D5C02313700120EFE794F87330B3
S214036060012B14BF80234023F5E708B5D0B2E8F729
S21403607023FC28B190F8773003F07F0380F877305D
S214036080012008BD036C4BB983681B0608D490F83F
S2140360907330012B14BF8020402070471878704758
S2140360A0C020704770B50446FFF7ECFFEAF7BCFD67
S2140360B00D460346002245F2010120469847236C0D
S2140360C003B11D702846EAF7AFFD4FF4A04103461F
S2140360D000222046BDE87040184770B515460446B2
S2140360E048B1FFF7CFFFEAF79FFD2A46034620464F
S2140360F0BDE870401847022070BD114608B51A4621
S21403610021F00041FFF7E9FFB0FA80F0400908BD2F
S21403611008B50B4601461846F7F708F8003818BFC7
S214036120012008BD10B50446006838B11A2103F0F3
S214036130DBFB2068F6F776FF0023236010BD10B55F
S2140361400446EAF7DFFC04F13400FFF7EBFFA3682D
S2140361505A0606D523F04003A36000212046E7F73E
S21403616077FA206C38B1042103F0BEFB206CF6F7F7
S21403617059FF0023236410BDFF2838B50C46154687
S2140361800BD00B461022062140B2FCF7D3FF102893
S21403619015D1002005B1286038BD0A4637201021E6
S2140361A0E6F75EF80028F4D010212046FFF7B0FF8C
S2140361B038B9224610213720E6F734F8EAE72120DB
S2140361C0E8E740F20740E5E730B58DB00D4600221C
S2140361D008A9FFF7D1FF044648BB01460D220DF17F
S2140361E0030002F005FAB5F803206B79ADF800203A
S2140361F004A908AA68468DF80230FFF703FE40F2AA
S2140362000343BDF810202A80002818BF1C469DF8BB
S2140362101230AB701021684603F066FB10210DEBBD
S214036220010003F061FB102108A803F05DFB204684
S2140362300DB030BD38B50446C51C03212846FFF70C
S21403624067FFC8B9E27863797AB922791A43F4D03A
S21403625003F07F0343F0400363715323A371214686
S214036260FF20BDE83840FFF7AFBFFF2AF0D1227901
S2140362701A40FF2AE1D0EBE740F2074038BD002181
S214036280E7F7E6B9F0B583685E0689B0044655D5E8
S21403629023F040038360FFF7F5FE802801D04028F3
S2140362A06ED194F97560751C04F134071CD1FCF7A4
S2140362B011FF02284ED0636B1A888DF810201A46F9
S2140362C0042032F8021B090A8DF81110D3F80230A5
S2140362D0CDF812305368CDF816300A2204A9E6F733
S2140362E071F80646701C35D0A368D90532D420460B
S2140362F0FFF7C8FE802876B222D06B461022032111
S2140363003046FCF717FF0546102D56D1606B04A9DF
S2140363106A460A30FFF776FD29460646684603F0C6
S214036320E3FA002E49D104A92046E7F791F9294656
S21403633004A803F0D9FA3846FFF7F4FE09B0F0BD17
S2140363406B46102205213046FCF7F4FE054600286E
S214036350D3D0D9E794F87430DA0702D4A368DB0500
S2140363602BD5606B04F1180204A90A30FFF74AFD27
S21403637004A92046E7F76CF910210DEB0100D8E7D6
S214036380636B1A88CAB9882801D04B2815D1591CC3
S214036390002211F8010F80B90132082AF9D1226CC4
S2140363A004A902F5A67203F10A00FFF72BFDA0B1BC
S2140363B010210DEB010003F097FA204641F2060187
S2140363C0EAF7F8FA20460021E7F742F904F1340029
S2140363D009B0BDE8F040FFF7A5BE04A92046E7F7DD
S2140363E037F910210DEB010003F07EFA04F13400B7
S2140363F0A2E7F8B51D4683685B0604460F461646B5
S2140364002DD41A2003F0ACFA0146606320B9204667
S214036410BDE8F840E7F71CB9034605F1100123F879
S214036420027B3268C0F8022072685A60636B2A46A1
S2140364300A3352F8040B43F8040B8A42F9D11021AD
S214036440284603F051FAA36843F0400213F4407F52
S214036450A26004D02046BDE8F840FFF713BFF8BD9E
S21403646038B504460D4605200221FFF759FD0246BE
S214036470B8B18379034406215D732046FFF7A6FB74
S21403648045F490512046EAF795FA94F87330012BB9
S214036490204618BF8021BDE8384008BF4021FFF7DB
S2140364A001BE38BDB1F5A04F70B504460D4616467D
S2140364B00AD045F20603994218D0324629462046AA
S2140364C0BDE87040EAF710BD836843F0800383603D
S2140364D090F87330012B14BF80204020EAF7A4FB0A
S2140364E0002203462046BDE87040184793791344BC
S2140364F0597C41F49051EAF75DFADEE72DE9F04165
S21403650096B015461D9F05AA1C4606460B4601F186
S214036510200E9046186859689446ACE80300083382
S21403652073456246F6D12021404603F0CFF90DAB02
S2140365302A4605F1200E9C46106851681D4603C581
S214036540083272452B46F7D12021604603F0BEF988
S214036550AEB3336C93F87931013B022B2FD89DF8F9
S214036560703043F0800301AA8DF8543004F1100C08
S2140365702346154618685968144603C4083363450A
S2140365802246F7D11021284603F0A0F93B464122C4
S21403659041462846FFF79BFC10210446284603F095
S2140365A0A3F94121404603F09FF954B11EB10821D7
S2140365B03046FFF755FF204616B0BDE8F0810023AE
S2140365C0D1E71021384603F081F9002EF3D0224696
S2140365D045F211013046FFF780FDECE72DE9F3475E
S2140365E090F87380056CB8F1010F044604D195F852
S2140365F06C31002B40F04E8195F8783195F86D910B
S214036600032B00F2E880DFE803F0027EA6CB19F046
S214036610010F73D011210620FFF782FC8246002863
S21403662000F0388186790C360644771C10213846EC
S214036630FFF76EFD014658B120460821FFF710FF0D
S214036640002140F2074002B0BDE8F047EAF7D0B9B0
S214036650A07CC0F11002384401F0CAFF95F97A0114
S2140366603B4610220521FCF737FD58B1002140F2C6
S2140366701B40EAF7BDF90821204602B0BDE8F04703
S214036680FFF7EEBEFCF726FD02280FD1B8F1010F87
S2140366900CD004F11803113657F8042B43F8042BD7
S2140366A0B742F9D1A36843F48073A3605246062128
S2140366B02046FFF78BFA0B210720FFF731FC07462E
S2140366C0002800F0E780867995F97A310C3606447F
S2140366D043F43F43A6F801300821F01CFFF718FDEA
S2140366E095F97A01731C0A220421FCF7F5FC0028AD
S2140366F0BCD13A4606212046FFF768FA95F878316A
S214036700013385F8783119F0020F1FD011210820C4
S214036710FFF706FC0646002800F0BC80817901449A
S214036720002301AA0D31FF200193FFF725FD40B199
S21403673008212046FFF794FE019940F20740EAF746
S21403674057F9324606212046FFF740FA95F8783186
S214036750013385F8783119F0020F1CD0082109207F
S214036760FFF7DEFB0746002800F0948086790C3698
S2140367700644E6F721F9837983F00803C3F3C003DD
S21403678073700368C6F802308388F3803A4606219E
S2140367902046FFF71BFA95F87831013385F87831F0
S2140367A019F0040F12D011210A20FFF7B9FB064691
S2140367B000286FD0807930441022AB210D3001F0D1
S2140367C017FF324606212046FFF700FA95F8783180
S2140367D0013385F87831B8F1010F08D0236C93F8AC
S2140367E06C31002B56D195F87831042B52D1A36C1B
S2140367F095F97A01313310220B21FCF76DFC78B141
S21403680040F21B412046EAF7D5F8B8F1010F14BF52
S21403681080214021204602B0BDE8F047FFF742BC86
S214036820A36C95F97A01203301220C21FCF754FC62
S2140368300028E5D1A36C95F97A01213310220D21A6
S214036840FCF74AFC0028DBD1082295F97A0104F10B
S21403685010031146FCF740FC0028D1D1236C93F8B3
S2140368607A2184F87520FF2283F87A21D3F87431CD
S2140368705B0603D404F14C00FDF7CFF9FCF72AFCC2
S214036880022802BFA36843F48073A3602046EAF796
S21403689069F8BAE702B0BDE8F087EAF77DBB70B5E2
S2140368A0B1F5A04F88B0044615467BD045F21B06CB
S2140368B0B14240F0E38090F87430DA076AD5056C8D
S2140368C0B5F86C312BB14C21FFF7ECFB002008B078
S2140368D070BDD5F874315B074BD5AB79DE0748D569
S2140368E06B7BD80745D5A36C95F97A013133102213
S2140368F00B21FCF7F1FB38B140F21B412046EAF7C7
S21403690059F840F21B40E2E7A36C206C203390F961
S2140369107A0101220C21FCF7DFFB0028ECD1A36CE3
S214036920206C213390F97A0110220D21FCF7D4FB59
S2140369300028E1D1206C082290F97A0104F11003B3
S2140369401146FCF7C9FB0028D6D104F14C00FDF72D
S21403695064F9236C93F87A2184F87520FF2283F870
S2140369607A2120464021FFF79DFB2046E9F7FAFFF0
S214036970ACE705F5A67304F1180205F5AE7553F8F2
S214036980041B42F8041BAB42F9D1A36843F480739B
S214036990A360E6E74021FFF785FB29462046EAF792
S2140369A009F893E7006CD0F8743159073AD50023F9
S2140369B0CDE90133ADF80C308379DA0724D5437B70
S2140369C0DB0721D500F5A673102290F97A0103217F
S2140369D0FCF782FB48B1002140F21B40EAF708F8B7
S2140369E008212046FFF73CFD8BE7FCF773FB0228E4
S2140369F00AD1206C102200F5A673052190F97A01BE
S214036A00FCF76AFB0028E6D10023BDF80420CDE995
S214036A100433CDE906330DF1060104AB2046E9F74E
S214036A2053FC53E7D0F8D130C0F8E930D0F8D5306E
S214036A30C0F8ED30206C00F5A6721146E130FFF782
S214036A40E1F9054630B120460821FFF709FD40F27B
S214036A5007403CE7236CA07C03F5A673C0F1100245
S214036A602946184401F0C4FDCDE90155CDE9045586
S214036A70CDE9065504AB2A4601A9CFE708B0BDE821
S214036A807040EAF731BA2DE9F04796B0DDE9229770
S214036A901D46DDF8908005AB06460C4602F1100A4B
S214036AA09E46106851689C46ACE80300083252457F
S214036AB06346F6D17046102102F008FF09AA2B465A
S214036AC005F1100E944618685968154603C5083331
S214036AD073452A46F7D16046102102F0F7FE1E9B47
S214036AE00DAA03F1100E944618685968154603C597
S214036AF0083373452A46F7D16046102102F0E6FEB6
S214036B009DF87C308DF844309DF880308DF8453004
S214036B109DF884308DF8463099F80630D9F8000091
S214036B20129083F00803C3F3C0038DF847300621A1
S214036B30B9F80430ADF84C3012A802F0C7FEBB79A2
S214036B4083F00803C3F3C0038DF84E303B68CDF8DB
S214036B504F300621BB88ADF853300DF14F0002F0DD
S214036B60B5FE01AA234604F11007154618685968AE
S214036B70144603C40833BB422246F7D110212846E5
S214036B8002F0A4FE4346412205A92846FFF79FF9D3
S214036B9010210446284602F0A7FE412105A802F06C
S214036BA0A3FE34B108213046FFF75AFC16B0BDE801
S214036BB0F0874046102102F089FE224645F2130173
S214036BC03046FFF78AFAF1E72DE9F0419CB0154607
S214036BD0239F08AA1C4606460B4601F1200E904644
S214036BE0186859689446ACE8030008337345624650
S214036BF0F6D12021404602F069FE10AB2A4605F185
S214036C00200E9C46106851681D4603C5083272451F
S214036C102B46F7D16046202102F058FE229B18AA85
S214036C2003F1100E944618685968154603C50833D1
S214036C3073452A46F7D16046102102F047FE04AAA0
S214036C40234604F1100C154618685968144603C405
S214036C50083363452246F7D11021284602F036FE54
S214036C606B46502241462846FFF731F91021044669
S214036C70284602F039FE5021404602F035FE34B174
S214036C8008213046FFF7ECFB1CB0BDE8F081039B00
S214036C903B603846042102F019FE6846102102F0D4
S214036CA023FE224645F214013046FFF716FAEBE7B9
S214036CB02DE9F0411D46069B90F8738004460F4667
S214036CC0164653B110211046FFF722FA28B1204684
S214036CD00821BDE8F041FFF7C3BB236C013E691EE4
S214036CE003F1100013F8012F16F801CF834282EA4E
S214036CF00C0201F8012FF5D13A4629462846FFF73C
S214036D0081F80028E3D1B8F1020F0CBF0023062355
S214036D102B4404F1590204F15F0012F8016F19784D
S214036D20904281EA060103F8011BF6D1B8F1020F7F
S214036D3014BF002306232B4404F1520204F1580027
S214036D4012F8016F1978904281EA060103F8011BD5
S214036D50F6D13A4629462846FFF754F80246002855
S214036D60B5D1204645F21001BDE8F041FFF7B5B9AD
S214036D7073B545F20406B142044615460DD045F2F6
S214036D801006B14222D0B1F5A04F38D1FFF7B8F8BC
S214036D90236CD3F87431D90720D5236CD3F8742128
S214036DA0D2070BD4AA790C3215446A1DB1331535B4
S214036DB052F8041B43F8041BAA42F9D1216CD1F8FC
S214036DC0743113F004030CD0832104E0016CC13149
S214036DD0FFF7EAF885212046FFF764F9002002B0A2
S214036DE070BD81F878310123009301F1D10201F1DE
S214036DF0C103204601F5A671FFF75AFFEEE702B07E
S214036E00BDE87040EAF770B8F0B545F21003994252
S214036E1085B0044600F087800CD8B1F5A04F1CD08F
S214036E2045F2050399421DD0204605B0BDE8F04063
S214036E30EAF75AB845F21103994200F08D8045F2FD
S214036E4012039942F0D1036C93F87931042B40F284
S214036E50B380052B03D148217BE0FFF751F80020D0
S214036E6005B0F0BD9179036C0C310A44511DD13342
S214036E70153251F8040B43F8040B9142F9D1256CF3
S214036E8005F1E10705F1D10610223146384601F037
S214036E9085FB20B904212046FFF7E2FADFE7D5F8A1
S214036EA0743113F0040332D095F87931042B13D1DF
S214036EB005F21113039305F5A673029304F1530326
S214036EC0019304F15A0300933A46334605F1F10160
S214036ED02046EAF789FAC2E705F5AE7005F1110117
S214036EE005F1510201900BB1052B06D10023009347
S214036EF020463346FFF702FBB1E795F87801D5F84D
S214036F004831C34003F0010343F08003EFE785F8FD
S214036F1078313246009305F5A67105F5AE73204623
S214036F20FFF7C6FE9BE7056C102205F1C10105F5C8
S214036F30AE7001F033FB0028ACD1D5F874319B0753
S214036F4042BF94F8743043F0020384F874304B2144
S214036F502046FFF7A7F882E7056C102205F1C1016A
S214036F6005F5AE7001F01AFB002893D195F8793138
S214036F70013B022B0FD895F878310133DBB2142B83
S214036F8085F8783107D0D5F8743123F00103C5F8B6
S214036F9074314321DCE705F21113039305F5A67359
S214036FA0029304F15303019304F15A03009305F18A
S214036FB0E10205F1D10389E74921CAE7B1F5A04FFC
S214036FC070B50446154607D045F20406B1420CD008
S214036FD0BDE87040E9F788BFFEF792FF236CD3F84D
S214036FE07431D90701D4002070BD236CD3F8742103
S214036FF0D20718D4AA790C3215446A1DC133153545
S21403700052F8041B43F8041BAA42F9D1206C102241
S21403701000F1C101B13001F0C1FA20B904212046C4
S214037020FFF71EFADFE7206C1021E130FFF770F858
S21403703058B108212046FFF713FA40F20740002113
S214037040E9F7D6FC40F20740CEE7216C2046E13153
S214037050FEF78EFF47212046FFF724F8C3E7B1F576
S214037060A04F70B50346144607D045F21806B14242
S21403707007D0BDE87040E9F737BFFEF741FF0020B1
S21403708070BD1268551C03D10121FFF7E9F9F6E735
S214037090016CD1F87401400741BF002281F87821C2
S2140370A02268C1F8482158BFC1F84C21184643212D
S2140370B0FEF7F8FFE3E7B1F5A04F70B513460446B5
S2140370C007D045F20406B14207D0BDE87040E9F7A1
S2140370D00BBFFEF715FF002070BD9979026C0C31CB
S2140370E00B44591DC132153351F8040B42F8040BF7
S2140370F09942F9D1256C102205F1C10105F1B100C1
S21403710001F04CFA20B904212046FFF7A9F9E2E77B
S21403711005F1E1012046FEF72BFF47212046FEF747
S214037120C1FFD8E7B1F5A04F13B504460ED0A1F5BD
S214037130A043103B012B45D8016CB131FEF734FF59
S21403714044212046FEF7AEFF002017E0016CD1F87D
S214037150743113F0040301F1E10228D01021104624
S214037160FEF7D6FF60B108212046FFF779F940F213
S21403717007400021E9F73CFC40F2074002B010BD8F
S214037180216C01F1B103019391F87821D1F84831CC
S214037190D34003F0010343F08003009301F111028F
S2140371A001F1E10320465131FFF7A8F9CCE781F856
S2140371B078310123009301F1B10301F5A671FFF7BE
S2140371C077FDC1E702B0BDE81040E9F78DBEB1F523
S2140371D0A04F70B5044615467AD045F21B06B14259
S2140371E040F0CD8090F87430DA0769D5056CB5F8B1
S2140371F06C3123B18921FEF755FF002019E0D5F83D
S21403720074315B074BD5AB79DE0748D56B7BD80764
S21403721045D5A36C95F97A01313310220B21FBF780
S2140372205BFF38B140F21B412046E9F7C3FB40F24F
S2140372301B4070BDA36C206C203390F97A010122A9
S2140372400C21FBF749FF0028ECD1A36C206C2133FB
S21403725090F97A0110220D21FBF73EFF0028E1D1B9
S214037260206C082290F97A0104F110031146FBF70B
S21403727033FF0028D6D104F14C00FCF7CEFC236C78
S21403728093F87A2184F87520FF2283F87A21204622
S2140372908021FEF707FF2046E9F764FBADE705F517
S2140372A0A67304F1180205F5AE7553F8041B42F8ED
S2140372B0041BAB42F9D1A36843F48073A360E6E7EB
S2140372C08021FEF7EFFE29462046E9F773FB94E795
S2140372D0006CD0F8743159072AD58379DA078CD530
S2140372E0437BDB0789D500F5A673102290F97A0154
S2140372F00321FBF7F1FE48B1002140F21B40E9F7FA
S21403730077FB08212046FFF7ABF890E7FBF7E2FE92
S21403731002287FF472AF206C102200F5A6730521B5
S21403732090F97A01FBF7D8FE00283FF466AFE3E74F
S214037330D0F8D130C0F8E930D0F8D530C0F8ED3009
S214037340206C00F5A6721146E130FEF75BFD0146A0
S21403735030B120460821FFF783F840F2074068E77C
S214037360236CA07C03F5A673C0F11002184401F049
S2140373703FF9216C2046D131FEF7FAFD3DE7BDE823
S2140373807040E9F7B1BDB1F5A04FF7B5044608D094
S21403739045F21105A94236D003B0BDE8F040E9F73F
S2140373A0A3BD006C1021D130FEF7B2FE60B10821F8
S2140373B02046FFF755F840F207400021E9F718FB8F
S2140373C040F2074003B0F0BD256C95F8796105F1EE
S2140373D0C107013E022E01979FBFD5F8480195F8D5
S2140373E07861F04000F0010098BF40F08000009004
S2140373F005F1510105F1110205F1D1032046FFF70E
S2140374007DF80020DEE7016CC131FEF7CDFD852156
S2140374102046FEF747FEF4E770B545F20406B14290
S2140374200446134624D045F21806B14206D0B1F5F9
S214037430A04F32D1FEF764FD002070BD11684D1CCD
S21403744003D10121FFF70CF8F6E7026CD2F87401BA
S214037450400743BF002182F878111B68C2F84C111D
S21403746048BFC2F8483184212046FEF71BFEE3E7F7
S2140374709979026C0C310B44591DB132153351F80E
S214037480040B42F8040B9942F9D1226CD2F87431FA
S21403749043F00103C2F87431CEE7BDE87040E9F764
S2140374A023BD10B500230364044690F97500431CFE
S2140374B013D0E5F7C3F9082204F1100394F9750015
S2140374C01146FBF737FE94F91330012B07D194F8D6
S2140374D0743043F0020384F87430002010BD022B8E
S2140374E0FBD194F8743043F00A03F4E74B88062B79
S2140374F005D1088841288CBF002001207047002052
S214037500704707B58B7901910B440A46197C4B1ECD
S2140375100D2B04D801F5A0410131FEF7DEFD01A8CD
S21403752001F0CFFE03B05DF804FB70470020704700
S2140375307047704770B504460E461546052100226F
S2140375400420FCF74BFD014618B1A0F80160A0F833
S21403755003502046BDE87040FCF798BDF7B51D46BE
S214037560002300930446BDF824300F461646072131
S214037570089A0620FCF756FD014628B1A0F80170CC
S214037580A0F80360A0F80550204603B0BDE8F0401D
S214037590FCF77CBD73B515461A46002300930446D4
S2140375A09DF818300E4608200521FCF73BFD0146E2
S2140375B018B1A0F80160A0F80350204602B0BDE859
S2140375C07040FCF763BD38B5002204460D460A201A
S2140375D00321FCF703FD014608B1A0F8015020463D
S2140375E0BDE83840FCF752BD70B504460E46154656
S2140375F0052100220C20FCF7F1FC014618B1A0F887
S2140376000160A0F803502046BDE87040FCF73EBD7D
S21403761073B515461A460023009304469DF81830A2
S2140376200E4610200521FCF7FDFC014618B1A0F814
S2140376300160A0F80350204602B0BDE87040FCF796
S21403764025BD73B54489033CA4B2A3420E464FF04E
S2140376500001009105464FF0030128BF2346122080
S214037660FCF7E0FC014608B1A0F80160284602B02A
S214037670BDE87040FCF70ABD2DE9F34198468369DF
S214037680054658690F46164601F0A0FE6C89053C70
S214037690A4B280B2844228BF0446A86921461430A7
S2140376A002F071F8009048B105220821002002F08C
S2140376B08EF8019030B9684601F003FE1A2002B036
S2140376C0BDE8F081009901A801F0E2FE019A9379E2
S2140376D00C33D1181620D054A8F800402846A1F839
S2140376E00170A1F80360FCF7D1FCE8E738B5002287
S2140376F004460D4618200221FCF770FC014600B133
S21403770045702046BDE83840FCF7C0BC70B58579A7
S21403771004460C35461901F059FE625D431E013AD4
S2140377209BB21C2A10D8DFE802F0110F160F180FB1
S214037730290F2F0F400F400F400F330F250F0F0F4A
S214037740390F250F3E0F3E00002070BD042B14BFDB
S21403775001200320F9E7022BF9E743B37278022AE4
S2140377600AD0012A23D10222013B0232B3FBF2F1F3
S21403777002FB1133002BEAE71022F5E713F0030FA1
S21403778014BF01200320E0E78BB17278013BEDE7DD
S2140377906BB17278032A0AD9013BE7E7042B34BF9F
S2140377A001200320D1E7022BF9E70320CDE70120D0
S2140377B0CBE702464FF0FF30EBF738BF07B504229E
S2140377C001910DEB0201F6F7B0FB03B05DF804FB85
S2140377D038B50446251DDAF7B1F900212846FFF728
S2140377E0EDFF012104F10800FFF7E8FF0821284612
S2140377F0FFF7DFFF01462046FFF7E0FF002038BD16
S214037800C0F30A030833B3F5006F06D280884FF639
S214037810FF73C31A58425841704701207047F8B5A2
S2140378200D4617461E46EBF7B9FC044638B905B1B4
S2140378302870002340F21C403B703460F8BD15B13D
S214037840C3881B0A2B70A37900200834F4E708B515
S214037850084680B24FF6FF71EBF7D4FC002008BD54
S21403786002207047002070470120704700207047B1
S21403787000207047704737B5044601A80D46F0F759
S21403788069FF01A8FFF7F6FF01A920468DF8065009
S214037890EBF766FF03B030BD08461146ECF73EB87B
S2140378A07047431E012B03D9031F584258417047A4
S2140378B00120704700F059BA4FF4A472002100F07B
S2140378C097BE10B50021044600F083F82046BDE8B5
S2140378D01040F0F781BEF0F7F3BAF0F7F7BAF8B551
S2140378E005460E46EBF7E2FFD5F88C307BB15B69B5
S2140378F06BB1EDF7D9FFD5F88C305B691B1A58428C
S21403790040F26B124FF042015841ECF7B1F9F768B9
S21403791000224FF6FF734FF0240CD0B2B84208D3C0
S2140379201C4621462846ECF74BF900F021FA204680
S214037930F8BDB1680CFB0011CC899C4202D2002C26
S214037940EFD023460132E8E7ECF73AB9008B7047ED
S2140379500A7838B505461046FFF7A3FF60B14C78A2
S2140379602046FFF79EFF38B12243530704D4284628
S214037970BDE83840F0F7B0BA012038BDFFF7E8BFDE
S21403798010B504460878FFF78CFF58B14A781046BE
S214037990FFF787FF30B1042A04D02046BDE8104025
S2140379A0F0F7D2BA012010BDFFF7EABFF0F710B820
S2140379B0F0F788B970B504460D461646ECF700F99D
S2140379C030B9324629462046BDE87040EEF7C0BFC0
S2140379D070BDF1F77DB838B5044600200D4600F0BB
S2140379E0C5F9D4F8A0302BB929462046BDE838405F
S2140379F000F0DFBA022038BD38B5044648880D4685
S214037A0000F0B4F9D4F8A0302BB929462046BDE8D7
S214037A103840F0F7CFBA022038BD00F0A8B900F01E
S214037A20FCBAEDF711BB38B505460C46F6F704F974
S214037A302B6B1C40EB6A2343EB62F6F701F9211E1E
S214037A4018BF01210020490238BDF0F793BDF0F7B7
S214037A50C9B800F013BB00F032BB08461146ECF77A
S214037A60B9BEF0F7C7BB00F0ECBA38B50446154606
S214037A7009B100F042FB25B12046BDE83840F0F7D7
S214037A80B3BC38BD0846EDF7E1BD10B5044600F0BB
S214037A908BF820B92046BDE81040ECF7C7B910BDF7
S214037AA000F0B0B9EDF72ABD2DE9FF41984604462C
S214037AB00E461746F6F7C7F805462046FFF7E5FFD6
S214037AC00A9B02930023CDE900833A4631462046BB
S214037AD0ECF7FAF904462846F6F7BBF8204604B056
S214037AE0BDE8F08138B50446F6F7ADF805462046FE
S214037AF0FFF7CBFF2046ECF7C5F904462846F6F712
S214037B00A8F8B4FA84F0400938BD38B50446F6F749
S214037B109AF805462046FFF7B8FF204600F053F8CC
S214037B2004462846F6F795F8204638BD38B5044689
S214037B30F6F789F805462046FFF7A7FF204600F02C
S214037B4048F804462846F6F784F8204638BD70B54C
S214037B5004460E46F6F777F805462046FFF795FFE8
S214037B6031462046ECF7FEF904462846F6F771F848
S214037B70204670BD07B513468DF807100022194638
S214037B800DF1070000F0B9F803B05DF804FB0846F2
S214037B9011461A4600F0B1B801207047012070471D
S214037BA00020704700207047ECF778B810B5F6F75A
S214037BB04AF8044600F015F8ECF796F82046BDE8B8
S214037BC01040F6F746B808B50246ECF767F8507D5E
S214037BD008BD08B50246ECF761F8507D80F0010059
S214037BE008BD00F00FB9F0F7F3B800F0C2B9437C54
S214037BF003B108470220704710B5044600F0E0FAC8
S214037C0020460321BDE81040EFF73CBFFFF7F4BF63
S214037C10437C0BB100F0D0BA02207047437C0BB113
S214037C2000F0CCBA0220704710B5437C0C4693B1E3
S214037C3049680022F1F706F8206890FAA0F0000AD7
S214037C40EDF748FFA17A2089002281F00101F1F7C0
S214037C5057F8002010BD0220FCE71FB5CDE900123F
S214037C60ADF8083069469DF818308DF80A30FFF7EE
S214037C70DBFF05B05DF804FB00207047002070476B
S214037C802DE9F74F1C469DF830300193036803F047
S214037C900703063301259D400646174605F1FF38C0
S214037CA00B46A1B1416804EA080BA5EB0B0A41F0A9
S214037CB00059524509EB0B0114D95246184600F0F9
S214037CC0A2FC7A1B5A444946504400F09CFC019B94
S214037CD02BB13C4448EA050804EA0804F46003B000
S214037CE0BDE8F08F1846F0E737B500250095144633
S214037CF0FFF7C6FF204603B030BD70B50E461546E7
S214037D00044608B9002070BD0078ECF741FE58B170
S214037D101EB12078ECF7E6FE30701DB1207800F037
S214037D2038F828700120EEE723780E2BEAD10EB13F
S214037D30FF233370002DF5D0FF232B70F2E738B501
S214037D400D6804462846ECF7FDFDD4F8903043B1A1
S214037D505B6933B1013504BF6FF001020A600A683C
S214037D601A60002038BDF0F78DBE70477047704725
S214037D70704738B50D460446EDF796FDAC4042F223
S214037D80107364095C436423B0FBF3F0B4FBF0F0B8
S214037D9038BD022807D0062807D0003818BF0120B0
S214037DA04042C0B27047012070470020704730B58C
S214037DB01F23B0FBF3F35D1CEDB24FF0FF34C3EBB0
S214037DC04313AC40C01AE4430130E4B2C0B21460BB
S214037DD0086030BD70B505460E46C0B201F00F010F
S214037DE0FFF7C7FFC6F303110446C5F30720FFF7E3
S214037DF0C0FFC6F303210444C5F30740FFF7B9FFEA
S214037E00204470BD08B5EDF707FBBDE80840EDF765
S214037E1041BB10B50446EDF7FFFA844288BF01F173
S214037E20FF31204601F00301BDE81040EDF732BBF9
S214037E3038B50446FFF7E6FF0546FFF7E3FF431BA7
S214037E40A342FAD338BD0020704710B50446EDF7B9
S214037E50AFFDC4F30113022B05D0032B09D0012B6E
S214037E6000D1400810BDC4F3C4240134B0FBF4F0C1
S214037E70F8E78008F6E700F03003202B10B513D19F
S214037E8010F4E02FC0F302440AD010F4C01FC0F36E
S214037E90C423B3FBF4F418BF6400052C0ED864089F
S214037EA0FFF7D3FF604310BDC0F382136FF01204D5
S214037EB01C4104F00104C4F10204F1E70424EFE7D3
S214037EC010B5044651B10B6843B15B6833B11A6809
S214037ED0032A03D99C6A640E204610BDF5F7ACFE50
S214037EE001462046EDF74EFF04460846F5F7A8FE82
S214037EF0F2E738B14FF47A735843A0F6AC50401A01
S214037F00EEF75AB84CF25030FAE7EEF7F9BFEEF751
S214037F10F7BFEEF7F5BFEEF7F3BF7047436B03F01B
S214037F206003402B0DD0602B03D0203B58425841B2
S214037F30704749B10B68012B06D9486940F0010028
S214037F40704740F20110704700207047034670B137
S214037F500268022A0BD9426A12F47F4FC2F3072043
S214037F6006D01B6AD2B25A43B2FBF0F07047002029
S214037F7070470220EDF73ABAD0F894304BB11A683E
S214037F80022A06D993F8250028B11B6AB3FBF0F042
S214037F907047FFF7A0BC704708B50146D0F89400B9
S214037FA0FFF7D4FF20B9BDE808400846FFF795BCA5
S214037FB008BD10B590F8D0300E2B04462BD00175B3
S214037FC0D0F8900020B3D4F8A0304BB994F8D93049
S214037FD08B420BD320460022BDE81040F0F744B88E
S214037FE0B4F92420B0F912309A42F3DD94F8D9108C
S214037FF000222046F0F738F860B9C4F8900020460F
S214038000FFF7A4FC01462046BDE81040EBF7D8BDB9
S214038010FF23637510BD0220FCE70346D0F8D000AB
S2140380200860B3F8D4308B800020704790F8D030C7
S2140380300E2B14BF407DFF2070474FF48071EFF77F
S214038040A7BB38B50D46FFF7A7FF01460446002039
S214038050EEF7D0F802460220A87174B1B2F5803F5D
S2140380600BD863094FF2244101FB02302B68240925
S214038070B0FBF4F01B1A2B60002038BD3F2B0846DC
S21403808010B5114619D9B3FA83F3C3F11902D2B264
S214038090062A01D8192B0ED0062A28BF0622931DBE
S2140380A0DBB201249C40A4B2A14228BF2146ECF7D0
S2140380B0A9F9204610BD0022F1E70024F9E713884A
S2140380C03F2B10B5084616D9B3FA83F3C3F119014B
S2140380D0C9B2062901D8192B0BD0062928BF0621B9
S2140380E08C1DE4B20123A3401380ECF7A9F900200A
S2140380F010BD0021F4E70120FAE7EFF753BB10B5F4
S214038100084614460121EDF7DDFB20460121BDE8B4
S2140381101040EDF7D7BBF8B504460E461746F5F7FD
S2140381208BFD3A4605463146204600F054F8044691
S2140381302846F5F785FD2046F8BD02207047032044
S2140381407047EDF74BB910B5F0F784FB044608B952
S214038150EEF7F0FB204610BD38B504461D46F0F793
S21403816079FB28B929462046BDE83840EEF7B2BC6D
S21403817038BD70478021EFF70BBB38B50546EFF7E0
S2140381809BFC04462846EFF775FC072811D1D5F863
S2140381909030DB6924F47F4121F0080103B15B785A
S2140381A041EA032141F020012846BDE83840EFF7B5
S2140381B089BC24F02001F7E70320704703207047AB
S2140381C010B50446F0F728FD2046BDE81040F0F74A
S2140381D0FBBC00207047F7B505460F4668461146B8
S2140381E0F0F7D4FD064698B197B1DDE900311B0AD6
S2140381F043EA0163A5FB0343090A05FB0135EDF7D3
S21403820053FB0023024629462046F1F701FD38605A
S214038210304603B0F0BD00228A4202D14FF0FF3051
S214038220704750F8223093FAA3F30BB90132F3E701
S214038230B3FA83F000EB4210704770B5A1FB02540B
S2140382403CB92946F1F7A8FE064628B9002630466B
S21403825070BD0C220260F9E72A46214600F0C8F9F1
S214038260F5E72DE9F041804615460C4621B9BDE8F1
S214038270F0411146F1F790BE2AB9F2F77FFE0024CB
S2140382802046BDE8F08100F03AFB8542064602D858
S214038290B5EB500FF4D829464046F1F77DFE074666
S2140382A00028ECD0B5422A46214628BF324600F0C5
S2140382B0AAF921464046F2F761FE3C46E0E72DE97F
S2140382C0F04F89B0DDE91598002B1D461446BCBF58
S2140382D003F10043144628F0200A149AB6BF1D463D
S2140382E000232D23BAF1460FDDE9126B137005D078
S2140382F0BAF1450F00D10136022300E0032307AA93
S214038300049206AACDE90292CDE9003622462B4610
S214038310D3F7EAFBB8F1670F074619D11BF0010F35
S2140383200ED007EB06080022002320462946F4F762
S21403833075FF08B1CDF81C803022079B434521D337
S214038340079B179ADB1B3846136009B0BDE8F08F0E
S214038350B8F1470FE2D0BAF1460F00EB0608E2D1B8
S2140383600378302B0AD10022002320462946F4F74F
S21403837055FF18B9C6F10106C9F80060D9F80030F0
S2140383809844D0E7591C07911A70D6E7F7B5002929
S214038390BABF49422D232B2309290270437029DDD6
S2140383A00DF107031D460A271A46B1FBF7F607FB2E
S2140383B01614303402F8014C0C46632C03F1FF33D9
S2140383C03146F1DC3031941E03F8011C411C234670
S2140383D0AB420AD30DF109039B1AAC4288BF0023B4
S2140383E002330344181A03B0F0BD13F8016B01F807
S2140383F0016FEDE7302330318370C170031DF1E761
S2140384002DE9F047164698468A680B69DDF82090F2
S2140384109342B8BF1346336091F8432007460C4691
S2140384200AB1013333602368990642BF33680233C7
S2140384303360256815F0060506D104F1190AE368CA
S21403844032689B1AAB4226DC94F843302268003B22
S21403845018BF012392062BD404F143024146384643
S214038460C84701301ED02368226903F00603042B95
S21403847002BFE5683368ED1AA3680CBF25EAE57505
S21403848000259342C4BF9B1AED1800261A34B54242
S2140384901AD1002008E00123524641463846C84711
S2140384A0013003D14FF0FF30BDE8F0870135C6E752
S2140384B0E1185A1C302081F84300224494F84510F2
S2140384C082F843100233C7E7012322464146384663
S2140384D0C8470130E6D00136D9E72DE9F843074609
S2140384E0884614460026D4E90195B9F1010905D555
S2140384F02468002CF7D13046BDE8F883AB89012BFE
S21403850007D9B5F90E30013303D029463846C0479C
S21403851006436835E9E710B50C46B1F90E10F2F7D5
S214038520D1FC0028ABBF636DA3891B1823F48053CB
S214038530ACBF6365A38110BD2DE9F0411F468B894F
S214038540DB0505460C46164605D5B1F90E10022383
S2140385500022F2F7A5FCA389B4F90E1023F4805386
S214038560A38132463B462846BDE8F041F2F7CCBC31
S21403857010B50C46B1F90E10F2F792FC431CA38912
S21403858015BF606523F4805343F48053A38118BF5B
S214038590A38110BDB1F90E10F2F772BC10B5013904
S2140385A00244904201D1002005E0037811F8014F00
S2140385B0A34201D0181B10BD0130F2E7884210B564
S2140385C001EB020402D98442234607D8431EA14284
S2140385D008D011F8012B03F8012FF8E702440146EF
S2140385E08A4200D110BD13F8014D02F8014DF7E79A
S2140385F002440346934200D1704703F8011BF9E790
S2140386007047704770470A44914200F1FF3300D128
S214038610704710B511F8014B03F8014F9142F9D199
S21403862010BD034613F8012B002AFBD1181A013894
S21403863070472DE9F74F03690C69A34207467EDBB3
S214038640013C01F11408A30000F11405009305EBA7
S2140386508403019358F8243055F8242001339A42B2
S21403866008EB8409B2FBF3F62ED34FF0000AC44698
S214038670AE46D3465CF8043B98B206FB00A0020C59
S2140386801B0C06FB0323DEF8002080B292B2121AFC
S2140386905A44DEF800004FEA134A9BB2C3EB224368
S2140386A003EB104392B242EA0342E1454EF8042B31
S2140386B04FEA234BDED2009BEB582BB9019B043BBE
S2140386C09D421A462FD33C61384600F089F80028AD
S2140386D025DB2946002058F8042BD1F800C01FFAE2
S2140386E082FE1FFA8CF3A3EB0E030344120CC2EBB9
S2140386F0234202EB1C429BB243EA0243C14541F8C4
S214038700043B4FEA2240E6D255F8242005EB8403C7
S21403871022B9043B9D421A460BD33C6101363046D0
S21403872003B0BDE8F08F1268043B002ACBD1013CAE
S214038730C6E71268043B002AEFD1013CEAE70020B3
S214038740EEE7B0F5803F034636BF03040020102053
S214038750B3F1807F3CBF1B020830B3F1805F3CBFA0
S2140387601B010430B3F1804F03D3002B0ADB013027
S21403877070479B0001D5023070475B0001D503307C
S2140387807047202070470368024613F007000BD09B
S214038790D90721D4980749BF5B089B0801201360BB
S2140387A05CBF13600220704799B209B91B0C1020F6
S2140387B0D9B209B908301B0A190704BF1B090430CC
S2140387C0990704BF9B080230D90703D45B0800F15E
S2140387D0010003D0136070470020704720207047C5
S2140387E00A6903460069801A30B50ED11433143172
S2140387F003EB820401EB820154F8045D51F8042D67
S214038800954203D005D24FF0FF3030BDA342F3D3D9
S214038810FBE70120F9E72DE9F04F85B0CDE900101D
S21403882002A9F2F721FF8B4606460F46009803A9D6
S214038830F2F71AFF019B89460D461969009B1B69CF
S214038840C91ADDE902329B1A03EB4113002BCDBF95
S2140388503A46C3EB03332A4602EB035BD8BF02EB6D
S2140388600359044622464B4630465946F1F7A0F8CC
S21403887005B0BDE8F08F013970B5491114690131AF
S21403888002F1140300EB810103EB8404051FA342EA
S2140388900CD3A31A113B23F003031132A24288BF61
S2140388A0002318440023884205D370BD53F8046B95
S2140388B045F8046FEBE740F8043BF4E700F11402D5
S2140388C000694B11984210B511DB0ADD11F01F0148
S2140388D007D052F8234024FA01F000FA01F18C4243
S2140388E00BD102EB8303934203D8002010BD03464B
S2140388F0F7E753F8041D0029F5D00120F6E751F8F1
S214038900043C181F002BBCBF0B58C01870472DE93A
S214038910F0410F469046F2F787FE04460D46B8F13F
S214038920000F11D0C7F30A53C3F16B03002B0BDD03
S2140389301B0503F17F55002405F5401522462B46FB
S214038940F0F70CFF04460D4620462946BDE8F081A5
S214038950F2F732BF2DE9F0478E681F46BE420B681A
S21403896082460C4690462DD8B1F90C2012F4906F2F
S21403897026D06569096905EB4505A3EB010905EBF7
S214038980D5757B1C4B446D109D4238BF1D46530561
S21403899027D52946F1F700FB064660B321694A4608
S2140389A0FFF731FEA38923F4906343F08003A3818A
S2140389B0266165614E44A5EB09052660A5603E4623
S2140389C0BE4200D93E46206832464146FFF7F6FDD2
S2140389D0A3689B1BA3602368334423600020BDE881
S2140389E0F0872A46FFF73DFC06460028E0D12169BA
S2140389F05046F2F7C3FA0C23CAF80030A38943F0B3
S214038A004003A3814FF0FF30E9E79368013B002B57
S214038A1010B4936008DA9469A34201DB0A2903D1F0
S214038A205DF8044B00F028B91368581C10601970E1
S214038A3008465DF8044B7047F8B506460F461446DD
S214038A40D518AC4201D1002007E014F8011B3A46C2
S214038A503046FFF7DAFF431CF3D1F8BDB1F90C201B
S214038A602DE9F041170705460C4656D44B68002BF4
S214038A7002DC0B6C002B3DDDE66A002E3AD00023A9
S214038A8012F480522F68216A2B6025D0626DA38969
S214038A90580705D56368D21A636B0BB1236CD21AD9
S214038AA0216AE66A00232846B047411C24D00023E7
S214038AB0636023692360A389DA0400D56065616B6C
S214038AC02F60B9B104F14403994202D02846F2F765
S214038AD055FA002363630DE001232846B047461C7E
S214038AE00246D4D12B68002BD1D01D2B01D0162BD8
S214038AF02BD12F6000202FE02A68B4F90C3042B146
S214038B001D2A01D0162A22D100236360236923601D
S214038B10D5E7626022692260CEE70F69002FE9D0AD
S214038B2093070E6808BF4B690F6018BF0023A6EBB8
S214038B3007088B60B8F1000FDCDD216AA66A43469E
S214038B403A462846B047002808DCB4F90C3043F010
S214038B504003A3814FF0FF30BDE8F0810744A8EB44
S214038B600008E7E738B50B6905460C4613B9002538
S214038B70284638BD18B1036A0BB9F2F787F8B4F97B
S214038B800C30002BF3D0626ED00704D4990502D4C0
S214038B90A06DFFF736FD28462146FFF75FFF636E9D
S214038BA0DA070546E4D4A3899B05E1D4A06DFFF755
S214038BB029FDDDE770B50C46B1F90E10002996B015
S214038BC015461E460DDAA38913F0800F4FF00001F9
S214038BD014BF40234FF48063002031602B6016B02F
S214038BE070BD6A46F3F7D0F80028ECDB019901F470
S214038BF07041A1F50053594259414FF48063EBE7A6
S214038C008B89F7B59D0706460C4607D504F147033F
S214038C10236023610123636103B0F0BD01AB6A46A1
S214038C20FFF7C8FF009F054639463046F1F7B4F90B
S214038C3048B9B4F90C309A05EED423F0030343F095
S214038C400203A381E2E7A389206043F08003A381A4
S214038C50019BC4E904075BB1B4F90E103046F3F781
S214038C60A5F828B1A38923F0030343F00103A381E6
S214038C70A3891D43A581CFE7F8B50E4614460546DE
S214038C8018B1036A0BB9F2F701F8A369A360A389C5
S214038C901A0701D5236943B921462846F3F71EF878
S214038CA018B14FF0FF373846F8BD23682269981A83
S214038CB06369F6B28342374605DC21462846FFF74A
S214038CC051FF0028EDD1A368013BA36023685A1C1B
S214038CD022601E706269431C9A4204D0A389DB0794
S214038CE0E1D50A2EDFD121462846FFF73BFF0028B1
S214038CF0D9D0D6E710B56AB10139841810F8012B1C
S214038D0011F8013F9A4203D1A04201D0002AF5D1BF
S214038D10D01A10BD1046FCE70369B3EB611F2DE9BB
S214038D20F0434FEA611204DC00230361002343612E
S214038D3030E000F1140411F01F0104EB830604EB8A
S214038D4082050CD100F110072946B14230D39B1A95
S214038D509B00EA1E964238BF0023234415E054F8CE
S214038D602270C1F12008CF4005F1040EA1467645D6
S214038D70F44611D89A1A9200043A0135AE4238BF27
S214038D800022A318A75007B104331A1B9210A3425C
S214038D900261CBD0BDE8F083DCF800C00CFA08FC17
S214038DA04CEA070749F8047B5EF8047BCF40DEE70E
S214038DB051F804CB47F804CFC7E7A0F13003092BDB
S214038DC002D82038C0B27047A0F16103052B01D842
S214038DD04738F7E7A0F14103052B01D82738F1E719
S214038DE000207047C2F10802920070B5C2F1200657
S214038DF04368046803FA06F52C43D340046040F83E
S214038E00043F8842F4D370BD30B50368013311F8CC
S214038E10014B14B90360012030BD13F8012BA2F1F6
S214038E204105192D98BF2032A242F0D00020F3E767
S214038E302DE9F04F0B6801685E1102EB860613F00E
S214038E401F0387B018BF04360025371F8246904697
S214038E50019346F8045CB9463C460295AB464A780D
S214038E604B1C039342B3104605910492FFF7A5FFEC
S214038E70002851D1049A0599202A18D8029B9B45AD
S214038E8013DD4C4506D2072D04DC2A464946204608
S214038E90FFF7A8FF444552D90023A4F1040944F878
S214038EA0043CCDF808B04C461D460399D7E7292A5B
S214038EB057D10231CAF80010BBF1000F51D04C4510
S214038EC006D2072D04DC2A4649462046FFF78AFFCA
S214038ED0444536D9A8F10402234653F8041B42F846
S214038EE0041F9F42F9D23B1B23F0030304330134D0
S214038EF0033EB44288BF04234344002243F8042BB2
S214038F009F42FBD23B681BB9474528D101233B60F0
S214038F10052007B0BDE8F08F0135082D0BF1010BD6
S214038F2006DD4445C1D9002344F8043C0125043C2E
S214038F30226800F00F0040EA02102060B5E708251B
S214038F40B3E7019B002BDDD0C3F120034FF0FF32C4
S214038F50DA4056F8043C134046F8043CD2E7043F94
S214038F60D0E70420D5E782B001B901A942B14BB1DD
S214038F7013780B601278101E18BF012002B07047DA
S214038F801046FBE76FF00100F8E70346084641B1D9
S214038F90FF2A04D98A221A604FF0FF3070470A70FE
S214038FA00120704708B50620F3F75CF90120F5F7B2
S214038FB0A0FB1F2938B505460C4604D916230360C3
S214038FC04FF0FF3038BDC26B12B152F821304BB9A7
S214038FD0284600F016F8224601462846BDE83840E3
S214038FE0F3F748B9012B0AD0591C03D116230360A3
S214038FF00120E7E7002142F8241020469847002086
S214039000E0E7F5F77CBB430803F05533C01A00F0DE
S2140390103333800800F03330184400EB10104FF061
S214039020013300F00F305843000E704710B5044666
S21403903078B1036A41696BB180689847207E002344
S21403904010286361636004D82146F3F7FBFD112300
S214039050237610BD0029F1D08368002BEEDB08468B
S214039060F3F7E0FFEAE707B5002301911A4601A9E3
S214039070F3F72EFC03B05DF804FB1FB5002402943F
S2140390809DF81C400194069C0094F3F7A7FB04B0DC
S21403909010BD13B507240194049C0094FFF7EDFF5D
S2140390A002B010BD07B500230093FFF7F2FF03B02D
S2140390B05DF804FB03680B60016070472DE9F0411F
S2140390C0054600680E461746002408B9BDE8F08139
S2140390D0D0E90083B3420BD18368BB4208D154B9AD
S2140390E0C5F80080C368DB0701D5F3F79BFF20466E
S2140390F004464046E9E7C4F80080F3E7D1E90112E5
S214039100FFF7DCBF002370B51A4619460468054608
S214039110F3F7DEFB0CB92C6070BDE3682668DB074B
S21403912002D52046F3F77EFF3446F3E72DE9F843EE
S2140391300E461746054610B90020BDE8F8830468B6
S214039140002CF9D0D4E90089A0683B46324629466C
S214039150C8470028F1D14446F2E72420704738B5C3
S214039160054614460A460021FFF742FA24F01C047B
S2140391706B7944F0100443F004032C716B7138BD13
S2140391802DE9F74F1F469DF8303000938A468046F8
S214039190002850D0002967D00C68002C66D04FF00A
S2140391A0000BE679A179761AF6B2BE4208D30C31E3
S2140391B0394408EB02092144F61B4546C84537E007
S2140391C02068BF1BA346002835D00446E9E7AB1941
S2140391D0994538BFA9EB050632462846FFF713FA2A
S2140391E0009B002B3DD0E279A079F3B237BB18443D
S2140391F0A071E279A37927689A4232D1DAF800306F
S214039200A34208BFCAF80070BBF1000F01D0CBF829
S21403921000702046F3F778FD3C4635444CB1A379FD
S214039220E67903F10C01F61A2144F6B200274D4500
S214039230CDD3A5EB080003B0BDE8F08F121AD2B267
S214039240F918914209DA0C302044D21BD21A014491
S21403925038440193FFF7B2F9019BE279D31AE3711D
S214039260C7E7A3462468D8E70846E4E72046E2E7CC
S21403927010B5C479C4F145030246D8B2884228BF64
S21403928008460444D47110BD38B50546C079C0F10C
S2140392904504E4B2944288BFD4B20C302246284434
S2140392A0FFF7B1F9EB792344EB71204638BD1FB5C0
S2140392B003910021009103A9FFF762FF05B05DF853
S2140392C004FB38B50446206800B938BD0568F3F7D3
S2140392D01BFD2560F7E710B501F0EC01034603B963
S2140392E010BD1A7902F013020A431A711A1A54426D
S2140392F054415A7964F300025A711B68EFE710B5BC
S21403930058B1016802685AB1136823B15C79E4075F
S21403931004D5002414600360084610BD0360F1E71B
S2140393201346F8E7034658B10020DA7999791B68A3
S214039330521A50FA82F01BB15A79D207F5D5704704
S214039340704770B50D460446E8B186798E4203D35E
S214039350751A8571012070BDC27906F145039B1A03
S214039360DBB299420FD806F10C010144921BA81BED
S214039370D2B20844FFF722F90023A371E3791D4410
S214039380AD1BE571E6E70020E5E710B50C4698B19E
S21403939091B18979E279C379521AC3F14503D2B2FE
S2140393A0DBB2934208D30C312144FFF76DFF20460E
S2140393B0F3F7AAFC012010BD0020FCE70346006873
S2140393C018B102681A600023036070470346002042
S2140393D003B97047DA7999791B68521A50FA82F002
S2140393E0F6E72DE9F84F894614468246FFF7EEFF67
S2140393F005464846FFF7EAFFA542074601D3A042C3
S21403940008D2BD4208D10024A346A046264647B943
S214039410384604E02746F6E738D24FF0FF30BDE87B
S214039420F88F5EB99AF806809AF80760A6EB0806E6
S21403943008F10C08D044DAF800A0F6B2BBF1000F2E
S2140394400BD199F8064099F807B0ABEB040B0C3434
S2140394504C44D9F800905FFA8BFB5E45354628BF2F
S2140394605D46BD4228BF3D462A4621464046FFF795
S21403947095F80028D3D1A8442C447F1BEDB2761B65
S214039480ABEB0505F6B25FFA85FBC0E70120C6E73E
S21403949003680BB9016070471A461B68002BFBD1A3
S2140394A011607047036803B10B600160704739B100
S2140394B00B461A461B68002BFBD10368136001603A
S2140394C0704770B5046806460D4644B12046FFF75C
S2140394D07DFFA84211D8236813B9E379A37170BD41
S2140394E020463360F3F710FC3468F4E7ED1A23687C
S2140394F033602046F3F708FC3468002DEFD0A279DA
S214039500E3799B1ADBB2AB42F0D92A44A271E6E7B1
S214039510F8B5066805460C4646B13046FFF756FFD3
S214039520A0421DD8336813B9F379B371F8BD30463A
S2140395302B60F3F7E9FB2E68F4E706463846076820
S214039540002FFAD1C2798379D31ADBB2A34202D9A8
S214039550121BC271EAE7E41AF3F7D6FB3EB1376093
S214039560002CE3D028680028E0D00026E7E72E602A
S214039570F6E7F8B504460F46BC4200D1F8BDA1791C
S214039580E5796D1AEDB2C5F14506B6B20EB9246893
S214039590F2E749B10C312A46214404F10C00FFF7E7
S2140395A00DF80023E571A3712368BB42EFD05A7907
S2140395B0D207ECD49979DD79A079E2796D1AEDB208
S2140395C0B54200F10C0028BF354610440C312A463C
S2140395D019442044FFF717F8E379206853FA85F314
S2140395E0E3718379761B53FA85F5C379EDB2AB4203
S2140395F0B6B2857103D103682360F3F785FB002EAB
S214039600D2D1C4E738B50C46016809B9046038BD41
S2140396100D4609680029FBD1236823B12046FFF7CE
S214039620A8FF2C60F3E721462846FFF7AEFE002886
S214039630EDD1F6E748B10023027943600360836007
S2140396404379027143F004034371704700221146C5
S214039650F3F7B6BB38B504460D46FFF772FE98B966
S21403966084B12079FFF7F2FF58B163794279046039
S214039670C3F3400363F3410245235D1B4271C37189
S214039680857138BD0120EDE72046FAE738B5036853
S21403969004460D469BB11879FFF7D8FF88B12368B7
S2140396A003605B794279C3F3400363F341024523C6
S2140396B05D1B4271C37185712060002038BD012097
S2140396C0EAE71920FAE738B50C46054640B30068C2
S2140396D030B309B9002038BD4AB9C9B2FFF731FE25
S2140396E00028F7D12B689A799871A41A06E04529C1
S2140396F018D8C9B2FFF725FE0028EBD1442C07D8AB
S214039700002CE7D0E1B22846BDE83840FFF7BEBFDD
S21403971045212846FFF7BAFF0028DCD1453CEDE794
S2140397202220D8E72120D6E72DE9F84390F80780D2
S21403973090F80690A8EB0907FFB2B94204460D4617
S21403974002D30020BDE8F8830079FFF77FFF0646C3
S2140397500028F6D0A17980790C317F1B29440C3080
S214039760BAB221443044FEF74EFFF3793B44F3711B
S214039770E37999444D442368A5EB0805E571012078
S21403978033602660DEE7F8B5076806460D463C46B6
S214039790002305B12CB90BB100221A603460384699
S2140397A0F8BDE379A2799B1ADBB2AB4207D8E3791B
S2140397B0A2799B1ADBB2ED1A23462468E9E7E9B2DD
S2140397C02046FFF7B1FF0028F1D10746E7E7531815
S2140397D0452B02DCC9B2F3F7F3BA00207047F7B59E
S2140397E0002605460F4601960DB9019C09E00022A6
S2140397F011463846F3F7E4FA044628B901A8FFF7FA
S21403980060FD204603B0F0BDAB798371EA79C2717F
S2140398106879617960F30001617169796079C1F3F0
S214039820400161F34100D21A607103F10C0029185C
S214039830D2B22044FEF7E7FE019B03B9019406B1BA
S21403984034602D682646CFE72DE9F8430D461446C7
S214039850064610B319B3DAB1034699461B68002BC4
S214039860FBD12746C8463A4629464046FFF70CFD35
S214039870C145A7EB0007054418BFC9F8008037B1F8
S214039880B17930790022F3F79BFAC14618B9E41B85
S2140398902046BDE8F8838046E5E70446F8E70C462D
S2140398A0F6E737B51546C9B200221C46F3F788FA21
S2140398B0019040B122462946FFF7C6FF844202D9EB
S2140398C001A8FFF7FEFC019803B030BD10B50139BF
S2140398D003461A1A914200D810BD445C1A7803F85E
S2140398E0014B42540139F4E701440023884200D176
S2140398F0704700F8013BF9E738B505460C4604B94E
S21403990038BD013C55F834305B68002BF7D09847D8
S214039910F5E72DE9F0410446002654F836302BB916
S21403992004F10408B34203D100250FE00136F4E73F
S21403993054F8332012685F1C5AB158F83300904726
S214039940054630B139462046FFF7D6FF2846BDE820
S214039950F0813B46E6E770477047704770477047AD
S214039960F3F742BB38B50446F9F7C5FA054658B9C6
S214039970C820E1F77BFFC82202212846E1F736FF1D
S2140399808442A8BF044624B22046E1F76FFFF9F7E6
S214039990B2FABDE83840C8220221E1F727BFB0F982
S2140399A00020B1F900309A422DE9F04704460D46EF
S2140399B048DCF4F748F98046DCF738FF00283ED148
S2140399C0E1F70AFF8246F9F796FAC8220221E1F781
S2140399D00DFFB5F9002047F6FF739A42814602D180
S2140399E0E1F71EFF2880B4F9002047F6FF739A427A
S2140399F002D1E1F70FFF2080B5F90000FFF7B2FFB1
S214039A00B4F900308342C8BF20800746B4F900008B
S214039A10E1F70CFFF6F751FF064658B15046E1F75B
S214039A2005FF4846E1F722FF4046F4F712F93046B1
S214039A30BDE8F087E1F7D0FE20802F80F4E741F2FF
S214039A400C06F1E72126F2E7000000000000000004
S214039A5000000000000000000000000000000000FE
S214039A60F8B500BFF8BC08BC9E467047F8B500BF03
S214039A70F8BC08BC9E4670475FF800F0C50E002091
S214039A8000000000000000000000000000000000CE
S214039A9000000000000000000000000000000000BE
S214039AA05B495D20005B435D20002E2E2F617070A6
S214039AB02E630025733A2564203A25733A200073F3
S214039AC063005374617475733A202573203D203008
S214039AD078253034782000417373657274696F6E2D
S214039AE0206661696C65640025733A20636F6E6E49
S214039AF0656374696F6E5F6F70656E6564210A00D7
S214039B00496E697420636170746575722074656D3F
S214039B1070657261747572650A002076616C65758E
S214039B2072206465206C612074656D706572617463
S214039B30757265203A20252E3266200A0025733A70
S214039B4020636F6E6E656374696F6E5F636C6F73AD
S214039B506564210A004465496E6974206361707404
S214039B606575722074656D706572617475726520B3
S214039B706574206C756D696E6F736974650A00731E
S214039B806C5F62745F6F6E5F6576656E7400736C90
S214039B905F62745F6F6E5F6576656E74006170708A
S214039BA05F696E697400206964206361726163741F
S214039BB0657269737469717565206C752063616C71
S214039BC06C4261636B203D202564200A0076616C3D
S214039BD02054656D70203D2025326620430A0076AA
S214039BE0616C2054656D70203D2025326620572F0A
S214039BF06D320A0076616C204C6564207374617460
S214039C0065202564200A002076616C20746F207717
S214039C107269746520616666696368616765204179
S214039C2053434949203D202563200A002076616C72
S214039C3020746F207772697465206166666963684D
S214039C4061676520646563696D616C203D202575D9
S214039C50200A002069642063617261637465726917
S214039C607374697175652074656D7065726174755A
S214039C707265203D202564200A00726561642049D0
S214039C804F200A00636C69656E745F636F6E666966
S214039C90675F666C6167203D2025640A0076616C09
S214039CA0436F6D702064617461203D2025640A0053
S214039CB04252443431363641002E2E2F736C5F6782
S214039CC06174745F736572766963655F64657669EC
S214039CD063655F696E666F726D6174696F6E2E631E
S214039CE00044303300342E342E3700736C5F6761C4
S214039CF074745F736572766963655F6465766963BA
S214039D00655F696E666F726D6174696F6E5F6F6EA5
S214039D105F6576656E740000389D03002500250098
S214039D20D09F030011001100C09F03000100010033
S214039D300300FFFFFFFF0000010000000108FFFF14
S214039D4000000000889F0300020002000108FFFFD6
S214039D500500000020000D0003000D000008FFFFB3
S214039D6001000000E00D0020040010000308FFFFC0
S214039D700300000002000000050002000108FFFFC8
S214039D800500000002000E0006000E000108FFFF9B
S214039D9001000000EA0D0020070002000108FFFF93
S214039DA0050000000A000F0008000F000308FFFF6D
S214039DB001000000000E0020090000000108FFFF5C
S214039DC0000000008C9F03000A0002000108FFFF4A
S214039DD0050000000A0003000B0003000308FFFF52
S214039DE001000000080E00200C0002000108FFFF1F
S214039DF005000000020004000D0004000108FFFF38
S214039E0000000000909F03000E0000000108FFFF03
S214039E1000000000949F03000F0002000108FFFFEC
S214039E200500000002000500100005000108FFFF02
S214039E3000000000989F0300110002000108FFFFC6
S214039E400500000002000600120006000108FFFFDE
S214039E50010000001E0E0020130002000108FFFF91
S214039E600500000002000700140007000108FFFFBA
S214039E70010000002C0E0020150002000108FFFF61
S214039E800500000002000800160008000108FFFF96
S214039E9001000000360E0020170002000108FFFF35
S214039EA00500000002000900180009000108FFFF72
S214039EB001000000420E0020190000000108FFFF09
S214039EC000000000A69F03001A0002000108FFFF1F
S214039ED00500000012000A001B000A000108FFFF2D
S214039EE007000000000000001C0010000308FFFF2E
S214039EF003000000010100001D0002000108FFFF2F
S214039F000500000012000B001E000B000108FFFFF7
S214039F1007000000000000001F0010000308FFFFFA
S214039F200300000001020000200000000108FFFFFC
S214039F3000000000AA9F0300210002000108FFFFA3
S214039F40050000000E000C0022000C000708FFFFAF
S214039F500700000000000000230000000108FFFFC8
S214039F6000000000AE9F0300240002000108FFFF6C
S214039F700500000008000080250000800208FFFF9F
S214039F80070000000000000002000118020000188D
S214039F900200000002000A180C0053696C69636F24
S214039FA06E204C61627302001A1802001518100026
S214039FB0F01921B4478FA4BFA14F63FDEED6141D3D
S214039FC0636032E0375EA488534E6DFB6435BFF79B
S214039FD0002801280328002A012A292A242A272AB6
S214039FE0262A232A6E2A772A562A052A2A2B292B3B
S214039FF002290000050000000000000000C2010066
S21403A0000005000000100000000000000000000033
S21403A010A10E002041FD00005FDB02008BDB020087
S21403A020B7DB0200CFDB0200433A2F55736572732A
S21403A0302F6D617474652F53696D706C69636974F1
S21403A0407953747564696F2F53444B732F67656335
S21403A0506B6F5F73646B2F6170702F626C756574C2
S21403A0606F6F74682F636F6D6D6F6E2F696E5F70A1
S21403A0706C6163655F6F74615F6466752F736C5F95
S21403A08062745F696E5F706C6163655F6F74615F56
S21403A0906466752E630064656C61795F74696D65CB
S21403A0A0725F636200736C5F62745F696E5F706C8D
S21403A0B06163655F6F74615F6466755F6F6E5F652E
S21403A0C076656E7400433A2F55736572732F6D6110
S21403A0D07474652F53696D706C696369747953740E
S21403A0E07564696F2F53444B732F6765636B6F5F9C
S21403A0F073646B2F6170702F626C7565746F6F7409
S21403A100682F636F6D6D6F6E2F73656E736F725FFF
S21403A1106C696768742F736C5F73656E736F725FB9
S21403A1206C696768742E630028534C5F535441541C
S21403A13055535F4F4B203D3D207363292026262031
S21403A140284E554C4C20213D206C696768745F731C
S21403A150656E736F722900417373657274696F6EEF
S21403A1602027257327206661696C65643A20005BA7
S21403A170453A20252330346C785D205369313133DA
S21403A180332073656E736F72206E6F742061766111
S21403A190696C61626C650A00736C5F73656E736FDE
S21403A1A0725F6C696768745F696E697400433A2FFF
S21403A1B055736572732F6D617474652F53696D7073
S21403A1C06C696369747953747564696F2F53444B70
S21403A1D0732F6765636B6F5F73646B2F6170702F8C
S21403A1E0626C7565746F6F74682F636F6D6D6F6ED9
S21403A1F02F73656E736F725F7268742F736C5F7301
S21403A200656E736F725F7268742E63004E554C4CA6
S21403A21020213D207268745F73656E736F720053FE
S21403A22069373078782073656E736F72206E6F743B
S21403A23020617661696C61626C650A00736C5F739A
S21403A240656E736F725F7268745F696E6974003FE0
S21403A2500028002920000000050000000000000080
S21403A26040420F000501000000000000000000004F
S21403A2700000000013B779FAC925DDB7ADF3CFE0C8
S21403A280F1B614B80102000000000000FFFFFFFF54
S21403A2902000000001000000000000000000000095
S21403A2A000000000000000000000000000000000A6
S21403A2B00000000000000000000000000000000096
S21403A2C000000000070000030002800008000200F0
S21403A2D020000001400004000100100008060200F0
S21403A2E0040907030105000040787D010000000013
S21403A2F0005A620200010000C0CF6A00020000009C
S21403A300809FD50002010000002D310102020000EB
S21403A310080911080003010303030200000800FCF8
S21403A32090A30300010001073CA30300000800F804
S21403A3304CA30300000000000000000083FFBFFFE3
S21403A340E2FFF1FFF9FFFEFF000000009600FCFEAF
S21403A350F8006D23441FEEFFC700F20E8E37FAFF98
S21403A3605C00A40324A7FFFF3200D601AD3400002F
S21403A3701F003001004D00001200C000CA4A000052
S21403A3800B006E00F73C000005001F002F200000A6
S21403A3908C00FCFEFFFF000000000000FC00D21053
S21403A3A04C06FAFF75009B05F132FFFF3E00620282
S21403A3B00B35000025004B01885F00001700E00006
S21403A3C05E5D00000E008C006A4F0000070025004B
S21403A3D08328000000000F400000000000040F4028
S21403A3E0010000006A09E667BB67AE853C6EF37240
S21403A3F0A54FF53A510E527F9B05688C1F83D9AB48
S21403A4005BE0CD19008000000000000000000000A3
S21403A4100000000000000000000000000000000034
S21403A4200000000000000000000000000000000024
S21403A4300000000000000000000000000000000014
S21403A4400000000000000000000000000000000004
S21403A45000000000000000E1000108070F000A00EA
S21403A460C8002000A000010000000000A000680152
S21403A4700A200706020A0407000000020700010478
S21403A4801040010000000500000000020000030069
S21403A4900000000010A80300ECA7030060A7030059
S21403A4A080A7030094A7030038A80300D0A70300DF
S21403A4B0BCA703000000000024A80300000000005F
S21403A4C000A8030000000000F4A60300000000003C
S21403A4D0A8A7030000000000B0A7030000000000C8
S21403A4E074A7030038A503005CA803003AA503007D
S21403A4F054A80300000000004CA80300000000005E
S21403A500E4A70300000000000000000000000000B5
S21403A510000000004E0C00000000000000000000D9
S21403A520189D030000000000000000000400000067
S21403A53000000000E2FF500001000400FB000000E2
S21403A5400200000094A50300030000008CA503008E
S21403A5500400000084A503000000000000000000C3
S21403A5604145532D3235362D454342004145532D43
S21403A5703139322D454342004145532D3132382D72
S21403A5804543420060A50300101404006CA50300B5
S21403A5901013030078A50300101202000200000047
S21403A5A003F80200FFF70200FBF70200E5F70200DC
S21403A5B0D3F70200512563FCC2CAB9F3849E17A7DA
S21403A5C0ADFAE6BCFFFFFFFFFFFFFFFF0000000042
S21403A5D0FFFFFFFFF551BF376840B6CBCE5E316B4A
S21403A5E05733CE2B169E0F7C4AEBE78E9B7F1AFEC5
S21403A5F0E242E34F96C298D84539A1F4A033EB2D37
S21403A600817D0377F240A463E5E6BCF847422CE17C
S21403A610F2D1176B4B60D2273E3CCE3BF6B053CC01
S21403A620B0061D65BC86987655BDEBB3E7933AAA8C
S21403A630D835C65AFFFFFFFFFFFFFFFFFFFFFFFFF1
S21403A6400000000000000000000000000100000001
S21403A650FFFFFFFF09204000010102010202030180
S21403A66002070B0B0701160C000001080800000583
S21403A6700108FFFF02FFFF0808020204FF01002291
S21403A680FFFFFFFFFFFF030404FFFFFFFF2AFFFF99
S21403A6901419191B011C15120400480C1413151069
S21403A6A0801A80128080000F0E0C080C080D1810FC
S21403A6B001020404F4010000FA0000009600000002
S21403A6C0640000004B000000320000001E00000083
S21403A6D014000000000000000101500040000800C4
S21403A6E05000240004009001500240009001AE0187
S21403A6F01000000001C7010000000000004972536B
S21403A70014497207FF000102030405FF1453007285
S21403A7104907CDF6D5D9010055D9010031F301001B
S21403A720513C0300CB3C0300C53C03001DF701006E
S21403A730B35D03007F3C0300C73C0300C93C030032
S21403A740733C0300C13C030041D401009F3A03005D
S21403A75095D5010001020C0000000400000008006B
S21403A760040000000000000000000000ADD8010057
S21403A77000000000273C030000000000A0010401C5
S21403A780560000000000000000000000000000006B
S21403A79000000000050000000000000000000000AC
S21403A7A00000000000000000C1D901000000000006
S21403A7B0533C030000000000A01305000A0000003D
S21403A7C00000000000000000000000000000000081
S21403A7D00900000000000000000000000000000068
S21403A7E000000000593C0300000000000F000000BA
S21403A7F00000000000000000000000000000000051
S21403A800633C03000000000000000000000000009E
S21403A810010000000000000000000000000000002F
S21403A8200000000089DC010000000000A001010711
S21403A830A000010402040800060000000000000057
S21403A840000000008DDD010071DD01006F3C030098
S21403A850000000006B3C030000000000CDDD01009B
S21403A86000000000A0030601A0090609A0020608CE
S21403A870A0050607A0050606A0070605A00206040F
S21403A880A0010610A00A0602A00D0600000004029E
S21403A8900503060107010108090A0000A0015C027E
S21403A8A0A0035C01A0025C00A0020F09A0030F0432
S21403A8B0A0030F03A0050F02A0010F01A0050F00C0
S21403A8C0A0040103A0040108A0020105A0030106D9
S21403A8D0A012010001010204200C0403D5D80100D4
S21403A8E02000040101D9010020025602A5D9010067
S21403A8F02002560179D901002001060515E0010062
S21403A90020040A0F55DC010020040A0421DC0100A0
S21403A91020050A03E1DB010020050A02B1DB010082
S21403A9202000011535DD01006267617069206275DC
S21403A93066666572730001000200000000000000F6
S21403A940030000000D00030002000100050067611C
S21403A950747420636F6E6E656374696F6E000000B7
S21403A96000FB349B5F8000008000100000000000A6
S21403A970000000006F5B0300574203005D5D0300A9
S21403A980595C0300E69D350E480103CCDBFDF4ACB1
S21403A9901191F4EFB9A5F9E9A7832C5E2CBE97F2C3
S21403A9A0D203B020008BD28915D08E1C742430EDD0
S21403A9B08FC24563765C15525ABF9A32636DEB2A93
S21403A9C065499C80DC003F49F6D4A3C55F3874C94B
S21403A9D0B3E3D2103F504AFF607BEB40B7995899D8
S21403A9E0B8A6CD3C1ABD006C888391AAF5A538603D
S21403A9F0370BDB5A6083BE0000000100010005012F
S21403AA000005020203000200000000000205010028
S21403AA10050000010001000001000102020300021C
S21403AA2000000000000202010002000011260200DE
S21403AA30C12002001974030087730300716D0300BD
S21403AA40991E0200E51D02003D1C0200CF710300A3
S21403AA509B680300552202001518020061160200C7
S21403AA6025710300B77003005F700300BD6F03001A
S21403AA70096E03006D1302009911020051120200C1
S21403AA809F680300990F0200BF01FB9D4EF3BC367F
S21403AA90D874F5394138684C8BD28915D08E1C741E
S21403AAA02430ED8FC24563765C15525ABF9A3263E3
S21403AAB06DEB2A65499C80DCE69D350E480103CC88
S21403AAC0DBFDF4AC1191F4EFB9A5F9E9A7832C5E8D
S21403AAD02CBE97F2D203B020A0010A05A0030A04F5
S21403AAE0A0080A03A0070A02A0060A01A0070A0094
S21403AAF0A0030906A0060905A0070904A004090384
S21403AB00A0050902A0060901A00309009136020068
S21403AB10D936020085360200E5360200CD3602003D
S21403AB20A97A0300E57A03000B7B03002D7B030061
S21403AB304F7B03000D7E0200C57D0200D17D02001F
S21403AB40A57E0200737F0300617803006578030027
S21403AB5071780300697803006D7803000000000035
S21403AB6048010000580F002083FF00000200008009
S21403AB70FF7F00000080FF7F06010080FF7F0E023C
S21403AB805241494C00000000A0000000D5400200DE
S21403AB9050000000B5410200FA04FA000033330AFD
S21403ABA00A0A084000210000000000000000000020
S21403ABB00000000100000101000101018578020088
S21403ABC069780200418F02007D9002001590020012
S21403ABD00101020300000001A806000048704C0DA6
S21403ABE04470D80C307064123C70AE163870340D56
S21403ABF034705A0D30700A0F2C700A0F2870DC1050
S21403AC002470F41020703E0D1C7080111870F21121
S21403AC1014703A0DB110076001D80A7108B87F782E
S21403AC20020C7E78641000C6A01F00218CB87078D2
S21403AC3001B007680F305CB30F330111C0480698A4
S21403AC404A022FB006D80C7109DD087100B853A864
S21403AC5009BB111007680168214807600410011238
S21403AC60FF32215007605148076000880698441356
S21403AC7000C4401F002103DD087214BA281400A084
S21403AC8000BA03DF107109DF0672029860058CB8FC
S21403AC90507800A04413281441158110076002D889
S21403ACA01471108806982E1800C00C700840069879
S21403ACB07C1A0091069860020060B83020D80671AE
S21403ACC090BC637C784D5412F03240DE04724048E8
S21403ACD004DB08720DDD0C72044BEF301448069843
S21403ACE0FC0600C4E010084044120762013221400B
S21403ACF0084C287C811140D91C72B1123032CF4ADD
S21403AD00013AB1DA107208D8067104D80871B04C4B
S21403AD10237C4070684C4412FF328722047580B847
S21403AD20D84C81D8327140D90472237C084B0698DC
S21403AD30FC0604BA88B9767900C1186008403579EC
S21403AD40E049007906B904A901D86E72227CBC4C8E
S21403AD50307C0298320208D83C7100C14C0008408F
S21403AD60141110D93071104C00C11400084014118E
S21403AD701814076100C5206008405415FF35047198
S21403AD8010491814A84C441207620132067102983F
S21403AD901201B84C08D80C7107BA24D8047106BA45
S21403ADA0187004D80C7101BA40D80E7102BA0A7032
S21403ADB005BA20D8047203BA227C604C4411404C76
S21403ADC0181407611814911138311142911107694B
S21403ADD010D90472EF3200C100600840141110311C
S21403ADE0016911422814A111076118140698621A02
S21403ADF0181400C10060084014110769FF311814C5
S21403AE0000C13C3008401411181407611814308828
S21403AE1002480698C005009308DB047101F800A0F9
S21403AE205CB00F3000A01088B111076980D90A7191
S21403AE3000C1800008400811009100A000C4000172
S21403AE400840441000A000C020300E400411041037
S21403AE501050F47200A05415504512710698060758
S21403AE600698960618B8707800B841780698400396
S21403AE7090BA5B7A5C7A5D7A00C218500840241256
S21403AE8000C1501F00212811069838182088008812
S21403AE9000C5441F002154155112FF350762FF32C7
S21403AEA006986A02015951290475115900902129FF
S21403AEB02075069886040698A2040698FA0200925D
S21403AEC003D80C728111076102D90472FF0FBA709E
S21403AED018B8727800F804D842710088308800C029
S21403AEE0FC1F0021041000C1501F00211412012A68
S21403AEF0215A00C3185008403413312A1A7500C06B
S21403AF000060084004100730FE200C76381108B89D
S21403AF107F78020C7E780093009000A000C0F41F98
S21403AF200021041000BB1DB400A000C1DC1F0021DB
S21403AF3014111088FF3100C5FFFF000031120762AD
S21403AF400762513A513B0E720698720C1159011260
S21403AF5001131E703114008831100698720C1159B3
S21403AF60415C41280698740C513801130090012B5C
S21403AF7000902088076001140760FF30215D4112AE
S21403AF8007620762312D0876FF34415C4128015D74
S21403AF9031100698740CFF303088011300C0E01F90
S21403AFA000210410512B0C76076801150768FF353E
S21403AFB06070315BFF32212B0C750760011507604B
S21403AFC0FF354E7000C5E41F00215415076507655D
S21403AFD05112FF35FF30012B0875211007603270C0
S21403AFE021100768FF30012B0A75211007600760E0
S21403AFF0207000C2E81F002124122110076007609A
S21403B000FF30012B087521100768067021100760B2
S21403B010FF300093009200C10060084014142C49CE
S21403B0200734FE242A761415F0BC076C513C0768D7
S21403B03003680154107100C4FF0FFFFF513C014425
S21403B0404811311200C5E81F00215415FF35076269
S21403B05007622143544914122155FF3551522811D2
S21403B06000A001D81871008800C0047008400410BE
S21403B0708020FF30067106984E03009000A002D889
S21403B080047200A00088069896061DB428B9112CF1
S21403B090408800C3EC1F0021341440445A71441303
S21403B0A006982005411500C00060084004100730CC
S21403B0B0FD20447500C20870084024100760FF3066
S21403B0C080DC34710698AE0C01591C4A24100760C4
S21403B0D00260FF300698AE0C0158B22001295413C3
S21403B0E031100698AE0C11280A75042554155045E0
S21403B0F0EE72069820050094009000A07FB90661C2
S21403B10000C01C60084006984A1304155153113BAF
S21403B1103155581002984413EBBD00C0401F002160
S21403B1200411113D10D91271FF33076B00C1904013
S21403B1300846381118B97479581000A006986002AA
S21403B1408024E4240D300472044800C11C510840D6
S21403B150141100C3DC1E0021911504351A7218134E
S21403B16088BB08D804716C7B04D804716A7B8CBBDB
S21403B1702F7C5B7B16703C4B181388BB08D8047176
S21403B1806F7B04D804716D7B217C0C3001600698BC
S21403B19082060698680B0698320700B8B11107694D
S21403B1A040D906720298660601BC00C200600840D9
S21403B1B000DC0A7124150165604A0A701C4A2415CE
S21403B1C007657C4A043508D920712024512A2412A5
S21403B1D000C180000840320C28110762281107625C
S21403B1E0281107622811500C00C1381F00211412C1
S21403B1F000DC1A7120D8067101B80C70F0DA0C72F4
S21403B2000CDB087102B806988A0648240449141110
S21403B21000C380000840FFB80120114108710141B6
S21403B22018130824014200C12000084014110141EC
S21403B230036D514191152035016D514118132813A3
S21403B240481300C37C000840341003D80C71073041
S21403B25005DC0671084B227B8CB8507800B800C119
S21403B260381F0021141203682150F03001522811B0
S21403B27000A04024066400C0FFFF0100013C1DB08F
S21403B28002200158402806751EAC01EC00A0208859
S21403B29000C01850084004121DB421130412305283
S21403B2A0F871066C402400C3741F00213410141177
S21403B2B00698C00C0669009211592129067600BB30
S21403B2C011590698960C80B80158013A0662313B2C
S21403B2D00472215A412A00A000C200010840317AB4
S21403B2E000A0308880B9076900C30000C0FF311092
S21403B2F0312800BC002D0C7511541EAC01EC312D09
S21403B300F470066C51134155312C009300A000C015
S21403B31028400E400413315107610C31076911535D
S21403B320381000A006984A0800C0F41F0021041134
S21403B33006983207217A237A00C300001000069885
S21403B340720700C0581F00211DB1181000A000C0CE
S21403B350541F00211DB1181000C09C1F00210410AB
S21403B360002D067500B826A80698060700C09C1F81
S21403B37000210410012C06750698960628B010B90D
S21403B380115911380EB9114028A880B800C14430AD
S21403B3900840081100C1F01F00211410303B06714D
S21403B3A00760076000C40830084044111150FF309E
S21403B3B0015118146FB8076826A8217A050C2110C6
S21403B3C02048267800C063EF0000314026A8050C0D
S21403B3D020ECB11140D90872247A20EC217A18485F
S21403B3E026A828B00AB901510F31115028A8050C18
S21403B3F0207A20EC0F0C98B84678417806986A02B3
S21403B40000C2441F002124100151FF3111500812BD
S21403B41000A006984A0800B826A800C05C1F0021B2
S21403B4201DB1181000A030B840780DB101D9FC72D8
S21403B430427800C074300E4004114CBA407A18109B
S21403B440144804115C7A1810A4BB707B4E7B4F7BA8
S21403B45000C20430084000A006984A08217A227ADF
S21403B46000BB0698720700C0681F00211DB11810A4
S21403B470A4BB00C040300E400411033101492872BA
S21403B480B112076207623048041121510F31187256
S21403B4906E7B6F7B104804114CBA7C7A18101448E4
S21403B4A00411607A1810B11002D81071707B30B88E
S21403B4B0627860780DB001D8FC7100C0F86008406F
S21403B4C0041101D90C7100C01800084002B9181005
S21403B4D008B86E780EB84EB110D90C723EA8140C8C
S21403B4E00FB83EA8107044A8140C01B800C1B030C1
S21403B4F00E40081100C077801F003DB201423DAAEE
S21403B50000C0FFFFFFFC013A3DAA140C00C077E021
S21403B5101F0001423DAAFFB845207D7808B87E7813
S21403B52000C124600840141107610631087100B990
S21403B53006985A1006984A13B11101D90E71069847
S21403B540881A02D906720698AE0B0698441351144D
S21403B55006989606F4B845780A0C00C0641F0021C6
S21403B5601DB1181002983410FFB845205D7803B853
S21403B570076044A83EA800C1B0300E40081110B8BA
S21403B58007683DB101393DA908B86F7800A046A801
S21403B59000C0FFFF0000013B076356AB94BA437A33
S21403B5A001D91471013C47B300C0FE20FFFF013BE5
S21403B5B0314447AC637AFFB82120407802D904713E
S21403B5C0607800A0C8BC066C415C512C06750698D2
S21403B5D0960606986E0DB110076805D8347140BA02
S21403B5E006981A1308B86578911004D8187188B8A5
S21403B5F06E78577800C06400084021780698821059
S21403B60001400A728CB84278069856130298400B8B
S21403B61008B86C7820B859785B7800C0F4400840C6
S21403B6207878797800C1C81F0021141040A81849FB
S21403B63014130449408814140C4914118112076A20
S21403B640006A01DA187188B8577800C0CC1F002149
S21403B6500410016107630763076407640698B20969
S21403B66000944EB010D842724DB161B801581138EB
S21403B67040B102D90A72604804BB4154087020489E
S21403B68002BB02BC4DA8F8B87078190C3EB1414114
S21403B6903EA9F4B973797378717800C4F84008400A
S21403B6A000C200410840227000C20000010044AA04
S21403B6B0230C00C200000B0044AA00C4104108403B
S21403B6C000C21841084004BB587C050C597C0C2466
S21403B6D00F0C2FAB050CB11008D81471647A657A79
S21403B6E01CB879787B7820B879787B78607CF424EA
S21403B6F041130698FC0651144044067506989606B0
S21403B700727BFFB84D20050C687840EC00C0601FC4
S21403B71000211DB11810911004D8147100C0BC1E6E
S21403B7200021041080D806711CB8737800F818B886
S21403B73000C1D81E002100C2185008402412281148
S21403B740767800F800C0B860084004110761076106
S21403B75080D9047240EC00C4F84008404EB010D8BC
S21403B7600471182441130C23527C407B11512FA9DA
S21403B770050C797C0A0C00C0000001020814787CD2
S21403B780050C507C08B86D7800A000C028700840EF
S21403B7900411108800C10018004018104448041112
S21403B7A0108878480411108800884CBA757A1810E7
S21403B7B03DB11088F4B842784420727828487378EC
S21403B7C0F8B873784FB200C4FFFF8080413A4FAA9F
S21403B7D001BC01644113076300C06C70084003B9E1
S21403B7E018100110011001B91810011001100110F2
S21403B7F0011068480411076101B80160003A04713A
S21403B800044904D9047241520760003A0471084996
S21403B81008D9047231520460003B0E720063006460
S21403B820314241424FAAB2704FAAF8B85378182053
S21403B83053782848527800913DA90090009118103B
S21403B84000917848181000914448181000A0115928
S21403B85010D906710760076008D90471076004D918
S21403B8600471036002D90471016001D90471006098
S21403B87000A000BA01D806710148112A00690060C9
S21403B88001D8F6720138F67200A08020FF30FF4818
S21403B890812000A000C21850084024121159212903
S21403B8A0127300210E7100C2305008402412012189
S21403B8B0212900A006984A0888B8577800C57C1F37
S21403B8C000215088044D88BC00C0C81E0021811189
S21403B8D001D91E71407C00950115044D50881C4DFE
S21403B8E0FFBB076B315B04110698B80C3129F8755A
S21403B8F00698761954150698881A01D90872069878
S21403B9007C0806700698DE0888BB547B009500F812
S21403B91006988C090E700698680B06988C0906988C
S21403B9206011069836089112211900C02460084059
S21403B9300A78097800F810B901BA06981013069821
S21403B940341000C57C1F002100F89112033288B919
S21403B95000C3BC1E0021341300C4A81008408CB8D2
S21403B9604278707903DE067144786E707179A1109F
S21403B97020D806710298160F80DB507102D84C72DD
S21403B98005B830880763076302DB2A7100C3AC007F
S21403B99008403413066380DB0472804800C310201B
S21403B9A008403413315B0472404831283128026062
S21403B9B00814076800930814A110103002480814EE
S21403B9C000B808149110076008148CB86278A110A8
S21403B9D000DC0676517900BA80DB587100C000009F
S21403B9E00200003B4E7150884110344803DE047158
S21403B9F09048041508200411F82058101C202178BC
S21403BA000698AE0E00C0A40008400E7810D91C712C
S21403BA1051451A7100C53400084407B8081500C517
S21403BA203400084604B8081504702E780698741671
S21403BA300095911120310269911004D80E7200C14D
S21403BA404C1F0021141101D90A71208806985A1038
S21403BA50009200C1180008400533054B1872184CB5
S21403BA6003DE0471904C441400C3FF1F0000413BE7
S21403BA70FF233811B849076A0698A20E04490879C5
S21403BA80097914102140081100A000C5540008408D
S21403BA90541551455071108800C13400084407B846
S21403BAA0081101B83088076B40DB247100C0370CDF
S21403BAB000000811364800C5D01E0021541102D9D3
S21403BAC00E72104801D9087100C01104000000C1AD
S21403BAD034000846081100C13400084014153035F8
S21403BAE00093009100A000BD0698440210B903DC41
S21403BAF0047100B901BA0698101302D90671004002
S21403BB004E7201B107690F3106988210FFD828726A
S21403BB10811008D8187106DD0A710698440203DC02
S21403BB200C720698C810069856130C7006DD107132
S21403BB300698CE10487020B802A806DD1072069844
S21403BB408C090698360801F840B802A800F800C029
S21403BB50BC1E00210413076301DB2271911001113F
S21403BB60076911388CB910D8087144790298160FF2
S21403BB7002DBFA72A11328DBF47203BD06982810C1
S21403BB8006988C098CBA7F7A0698FC0600C5801F37
S21403BB9000210698440200BA03DC3272044DA11059
S21403BBA002D804710C4D00C014000840041002684B
S21403BBB000C3701F002134111128FC23341106988A
S21403BBC0960C00C10C5108400698B2065415212D58
S21403BBD000C0F8600840041101D9227100C03C1F60
S21403BBE000210410033001DC147200C01400084066
S21403BBF00411FD21087602BA076A212D0698480724
S21403BC000298E8099110015503355150011900A017
S21403BC1000C1481F0021141001D842710148076073
S21403BC20FE200E75811020D8087100C14C1F00211C
S21403BC30141101D9287100C0246008400412215150
S21403BC4007610F3107691152281000C000600840D1
S21403BC5004119112215120311152211900A0811390
S21403BC6080DB067201B800A000C30C5008403410F5
S21403BC70063030727C4B34122C4B3410076007604E
S21403BC8040302072811080D8DC713410014A07627C
S21403BC900360803021508C480A717F23552334106B
S21403BCA0013000A000BD0698281088B8477845786C
S21403BCB0437800B8447800A006988C090698C81004
S21403BCC000C58C1F00215415069848070298E809FA
S21403BCD000C374000840027B06984A1350BA0698BD
S21403BCE01A1306988210FFD84A71911004D8487226
S21403BCF0811007601CD8407220D938721112FF32A7
S21403BD002151347180218021111400C0E41E0021CA
S21403BD100413FFBA3151113A215111538CB938101B
S21403BD207B7940440E7200B900C2C41E002118126B
S21403BD30067008B860780698441300F800B900C285
S21403BD409C1008401812244A0AB9181288BA507A66
S21403BD50517A577A8CB942795F7900A006984402E3
S21403BD6007DC1072911000200A750698601102987D
S21403BD70660D0698360801B9911004D8047100B907
S21403BD8010BA0698101300BA00402A7100C0BC1EF1
S21403BD9000210411076101D9127104D9E2728110DE
S21403BDA0076001D8DA718CB8647800C11C5108406A
S21403BDB00698B2060698601100C5901F0021541518
S21403BDC0212D06987C0800C5941F002100F800BCAE
S21403BDD0811108D9167280D9207201B910BA069853
S21403BDE0101300400E7101BC10700698C810069818
S21403BDF0561320B802A800F8069860118111023184
S21403BE00127100B900C20C1008401812244A02B975
S21403BE1018120698C81000C5981F002154150698D6
S21403BE20001A0298E80904110121147188BA737A7A
S21403BE30042004122811042004110121F47200A026
S21403BE400698FC0601F8911010D834710698400342
S21403BE50069886040698A20400C51C51084054118F
S21403BE600698B80C00C5D41E002154155129E27556
S21403BE7018B875788CB8447801B802A800F8B110E1
S21403BE80076810D82E7100C04810084000C3000091
S21403BE9008403114884C44113411076101D9FA71F2
S21403BEA04412281007622810076228100762281019
S21403BEB0E87000C1BC1E0021141080D82C7100C18C
S21403BEC05400084014111141207100C100000240C3
S21403BED01038167100C03400084407B9181000C0A3
S21403BEE03400084601B9181002987A0206986002D0
S21403BEF011380472016A00BB00C1E41E002114114C
S21403BF0020390C72911210DA0672417B00A0069853
S21403BF104A1300C2BC1E0021241220DA0472617B7D
S21403BF2088BA527A00A088BA727A811204DAFC724E
S21403BF3000A088B86B78577800C0640008402F7854
S21403BF4000A006986E100763076390B9637900B97B
S21403BF5002DB36713112076240DA2E7200C25400D9
S21403BF60084024100140227202EC00C909B801D926
S21403BF70507200C2AC0008400E7A10D904722E7AB2
S21403BF8006987416E031076102EC00CD114502EC09
S21403BF9000CC01DB087100BB0298CA1703B8411135
S21403BFA00731FA211C760621911210DA087102DD98
S21403BFB010721E7020B80698720C3038147208B8C7
S21403BFC00698820600C0240008402978207800F8E6
S21403BFD0046020D8067102982C1502EC00CA05B836
S21403BFE023DA187104DBDA7120DAD67110DAD2722A
S21403BFF090B8617800B801DA067202EC00C89111B5
S21403C00010D9267100C1CC1E002114111150FF3027
S21403C0100C720661A110115002300A7180DB0A729D
S21403C0200AB89E708CB97C7907689111114021116A
S21403C030C0311140011990B8411108D904716678CE
S21403C04020D904726578A11002D80672C0DA1E7170
S21403C05090B8273123DD087210DB1072607825DD77
S21403C0600A7121DD087208DB0471627803B8411196
S21403C07007310872A1152035AA7102DD3272A111AB
S21403C08020D9A07102D92872CCDA9872411140D90E
S21403C090927206B802DB1071046500C110200840D6
S21403C0A01411112D112D054D5C720298BA1321112E
S21403C0B04049C0D94E71A031411540350165514103
S21403C0C00361076308DA1E7204DA38721049A11591
S21403C0D00235067110DB0E7201340A7108DB247117
S21403C0E090B86778CC3211101A300ADC0872CCDEAE
S21403C0F00471FD3100C00D0F0C0D0698740C01D8A9
S21403C100607207B80298E41300BA411108D90C719B
S21403C11002EC00CA05B830DAEC720734F03102617B
S21403C12001DA0471014900C0F300A3E30698740C16
S21403C13001D8D07100C0981440680698740C40303B
S21403C140014440DA0471204C04320162204A111083
S21403C150063000680142183102691142029802143F
S21403C160204A00C0051708500698740C1130014287
S21403C1702088FFBB0DDA507100C1DE1B250180BC91
S21403C18004DA107208DA0A7200C120841000E02470
S21403C190A02407634143016401DA06711E49024B7A
S21403C1A000C02C1F002107633810BC2002DA12716E
S21403C1B001B91159A11380DB087100C100FCFF010E
S21403C1C018100298561700C4BC1E0021441080D8CD
S21403C1D07C710092D0DA06710DDA0C7190BD437D46
S21403C1E0EFBD06983E0503620DDA8672A11105D9E6
S21403C1F05C7100C23810084024120C24281401D99C
S21403C200067202D9327140D91E7102EC00CA21109F
S21403C21018320471FA2220D804720822FE22087506
S21403C22002EC00C8F87001D90E7102EC00C802D9FE
S21403C230067204DC187200C0BC1E002104100268DB
S21403C24001D8067190B8647818B873780298CA173C
S21403C25000C50020084000C00417000008D9047277
S21403C2600A480815104D00B808D90472FF200815AF
S21403C270084D00C00884000008D9087200C0208357
S21403C280B8ED0815104D207D00A000B8011A00C0B7
S21403C29074000840027891101030011905BA069808
S21403C2A01A1302D9067101B802A800C0BC1E0021E9
S21403C2B0041380DB0671029866138CBA7C7A01DB62
S21403C2C06C7100C2301F002124111114FF3402ECDC
S21403C2D000C8FF24FA7607610698820C03611138BA
S21403C2E00F3003611114011141100698820C01D816
S21403C2F0087203B80298E413044A02DB247124107C
S21403C300112811280412023006710762076200C062
S21403C310FFFF0000213800C218000840FF20081263
S21403C320411007600698820C01D87C7120BC10333C
S21403C330767100BB00C12C1F00211415C021112CDF
S21403C3405112076A0F320E71408851140698FA1775
S21403C3504143009451120765036A0F320E7141116F
S21403C36051140698FA17036C41430765513B00C105
S21403C370E81E00211411111231100F30127100BA89
S21403C380046101D80471114200600FD8F4723110B1
S21403C39002601E30047201B8003A087204B80298AC
S21403C3A0E4130298EA1500C0381F002104110F3168
S21403C3B003DD1A7200C000600840041007D80E722E
S21403C3C000C01040084004B9181000F806986E1014
S21403C3D006983C0500F830885088FF34087102EC54
S21403C3E0FF24F87002EC00CD141001BB5150FFD8A7
S21403C3F0047131440760006B10DBF2710421FF22E5
S21403C400E4720F4C0095009300A000C1C01E0021EB
S21403C410141100A030880698381A8111076102D9D2
S21403C42006720298141988BB557B076120D90671DA
S21403C430029804190088A110076806982E18082188
S21403C4401415FC2590BB5C7B5D7B00C10060084037
S21403C45014110731FE21307608D82A725113FC23B3
S21403C460341304DB2071076BFF33315B00C10870A4
S21403C47008401411076180490C71FF313029547547
S21403C48090BB7B7B10707B7B7C7B00DD04717D7BAC
S21403C49001BB3815EC25541300DF5471042505DF62
S21403C4A054715415211120880698B80C009251290E
S21403C4B03E7500C100600840141102DB0C710731A1
S21403C4C0315B31292A760C7004DF0872006180D94B
S21403C4D01E7206982E1800C00870084006987C1A2C
S21403C4E006982E181411FFD9607202985A190090F4
S21403C4F0009300A05415A111076910D9A672082548
S21403C50008D8A071082510D89A712088211106989A
S21403C510B80CFC255412112AF82554110C2520D8E2
S21403C5200871F02554111025202904762159181571
S21403C53000920298C61818B97179811010D80A713A
S21403C54088B8447800B8417888B9747908B96779A7
S21403C55000F88110A0D8087188B9497900A007604F
S21403C56002D8FA7106982E18108806984A1307629E
S21403C570076210DA087108211415F025541100C259
S21403C5800020FEFF202912750698881A01D90A7220
S21403C59006988C090698360800941CBB41100C209C
S21403C5A006984A1241110821141006984A12312897
S21403C5B0441111120761FF31FF320122105210722B
S21403C5C00769181404244413042438140C700769E8
S21403C5D02141181408240814029844134044147183
S21403C5E000C1C41E002114155113036B0FDB0C721C
S21403C5F0066D06980607411500A0069836080698A5
S21403C6004A1308BB51140698C0194415FC25541543
S21403C6100298480788B900C3BC1E00213413076379
S21403C62008DB1A718113A0DB0671497910706979EA
S21403C630076302DB087208B9677900F800A0811166
S21403C640076102D9107188B9757906982E181411E6
S21403C650FF3100A0FFB900A0041008211411F42133
S21403C660081100A081110761076110310E71069849
S21403C6702E1808211411F821141100A084C60300F3
S21403C6809CC60300ECC9030000000000B4C6030008
S21403C690060000000000000000000000ECC90300D4
S21403C6A0000000008CC70300040000000000000028
S21403C6B0000000001CC80300809C2B8F80841E0093
S21403C6C0000000002200FF7F100C00200000000086
S21403C6D000000000000000001CC80300809C2B8F95
S21403C6E080841E00000023002300B600100C0020E8
S21403C6F00000000000000000000000001CC803004B
S21403C700809C2B8F80841E000000240024009D0044
S21403C710100C0020000000000000000000000000D5
S21403C7201CC80300809C2B8F80841E0000002500FD
S21403C73025007D00100C0020000000000000000013
S21403C740000000001CC80300809C2B8F80841E0002
S21403C7500000260026005300100C002000000000F6
S21403C76000000000000000001CC80300809C2B8F04
S21403C77080841E00000027002700FF7F100C002087
S21403C78000000000000000000000000004C90300D1
S21403C790809C2B8F80841E00000000002400FF7FF7
S21403C7A0100C002000000000000000000000000045
S21403C7B004C90300809C2B8F80841E000000250084
S21403C7C02500B400100C002000000000000000004C
S21403C7D00000000004C90300809C2B8F80841E0089
S21403C7E00000260026009900100C00200000000020
S21403C7F0000000000000000004C90300809C2B8F8B
S21403C80080841E00000027002700FF7F100C0020F6
S21403C810000000000000000000000000F81F0101F7
S21403C82034CB0300380002000000000000000000C4
S21403C8303030010011491000B840010000C0E30089
S21403C84040410100EA00880018600400000000C6AA
S21403C8501FC000000050000000D0320050600400EB
S21403C860FC006900410C00000000000011000800F5
S21403C870786003000804000000000000BE031A00EE
S21403C8808C60070001040C1A2F46536168625849EE
S21403C89035201407C491A0635644332322529224AE
S21403C8A0E46007008108A1CB000000001984070597
S21403C8B09411CB4899200600016120008294EA87F0
S21403C8C00461030065B611001E37000089BB000033
S21403C8D020610100FFDF00001470011000F807005C
S21403C8E014700130F8020000187002000003000004
S21403C8F06000278470700200C30000000F9C0300D2
S21403C900FFFFFFFFF81F010180CB03003800020082
S21403C910000000000000000030300100E338100083
S21403C920B840010000C08300404101006D0088004C
S21403C93018600400000000C61FC00100005000007D
S21403C940008000005060040018000500410C000041
S21403C9500800000091000400786003008C000C00BF
S21403C9600000000014001A008C60070001040B1975
S21403C9702C404C59605B534736251B114AF33896B7
S21403C9806745231211090000E46007008F0846CBB1
S21403C9900000000023086404D007CB48912006005B
S21403C9A0F9541C008294EA87046103005155110070
S21403C9B0B01B000089BB000020610100FFDF000000
S21403C9C01470011000F8070014700130F80000001E
S21403C9D018700200000300006000A5837070020058
S21403C9E0054100000F9C0300FFFFFFFFDC1F04014F
S21403C9F0000000000000000000000000000000002F
S21403CA00F01F02013F00370000000000FC1F010179
S21403CA100000000004000200018101000001000084
S21403CA2018000200000000000100000028000400B7
S21403CA3000000000000000000000000000000000EE
S21403CA4040000100A00700004800010000000000AD
S21403CA50540002000000000000000000A0000400D4
S21403CA60FF4C0000FF4C0000FF4D0000FF4D000090
S21403CA70002001000807000010200100AAAAAA004F
S21403CA80182001000060DA000830010013AC000132
S21403CA9034300100010000004030010000000000B7
S21403CAA0A04001007A27000FF44001002010000088
S21403CAB03441020080080000E6870000444101007C
S21403CAC0C0E6524D60410400000000000000000074
S21403CAD006000000060000001460010010000000BD
S21403CAE028600300000000030000000000000000B0
S21403CAF06060020029417671000000008460020035
S21403CB000000000000000000207004000000000089
S21403CB108200000000008001D5000000487002007B
S21403CB203C3D0000BC1900007870010006E0490097
S21403CB30FFFFFFFF0D000000388EE300000000003B
S21403CB40DCCB0300CCCB030000000000E0707200D7
S21403CB5080DE800280841E0001010000114900026D
S21403CB6000000000000000000000000000000000BD
S21403CB700000000041841E000000000000000000CA
S21403CB800D0000001CC7710000000000DCCB030092
S21403CB90D4CB03000000000018CC660080DE8002C1
S21403CBA040420F0001010000E338000200000000CD
S21403CBB0000000000000000000000000000000006D
S21403CBC05B420F0000000000000000000852000057
S21403CBD0B20C0000A5A00000C4090000193F01061E
S21403CBE0041001000001010600102700000C0000DD
S21403CBF0000000000000002020202020202020200D
S21403CC0028282828282020202020202020202020F4
S21403CC102020202020202088101010101010101024
S21403CC201010101010101004040404040404040468
S21403CC3004101010101010104141414141410101F0
S21403CC4001010101010101010101010101010101CC
S21403CC5001011010101010104242424242420202DA
S21403CC60020202020202020202020202020202029C
S21403CC700202101010102000000000000000000048
S21403CC80000000000000000000000000000000009C
S21403CC90000000000000000000000000000000008C
S21403CCA0000000000000000000000000000000007C
S21403CCB0000000000000000000000000000000006C
S21403CCC0000000000000000000000000000000005C
S21403CCD0000000000000000000000000000000004C
S21403CCE0000000000000000000000000000000003C
S21403CCF000000000000000494E4600696E66004EC4
S21403CD00414E006E616E00300030313233343536BA
S21403CD10373839414243444546003031323334359F
S21403CD20363738396162636465660065256C64006E
S21403CD30496E66696E697479004E614E00524545C8
S21403CD404E54206D616C6C6F632073756363656509
S21403CD50646564002F646174612F6A656E6B696E27
S21403CD60732F776F726B73706163652F474E552D04
S21403CD70746F6F6C636861696E2F61726D2D3132EB
S21403CD802F7372632F6E65776C69622D637967778D
S21403CD90696E2F6E65776C69622F6C6962632F7399
S21403CDA074646C69622F64746F612E630042616CF5
S21403CDB06C6F6320737563636565646564002F64D5
S21403CDC06174612F6A656E6B696E732F776F726B12
S21403CDD073706163652F474E552D746F6F6C636870
S21403CDE061696E2F61726D2D31322F7372632F6EF0
S21403CDF065776C69622D63796777696E2F6E6577E1
S21403CE006C69622F6C6962632F7374646C69622F3A
S21403CE106D707265632E6300050000001900000044
S21403CE207D000000000000000080E03779C3414326
S21403CE30176E05B5B5B89346F5F93FE9034F384D78
S21403CE40321D30F94877825A3CBF737FDD4F157524
S21403CE50000000000000F03F000000000000244037
S21403CE6000000000000059400000000000408F4012
S21403CE70000000000088C34000000000006AF8407D
S21403CE800000000080842E4100000000D0126341A1
S21403CE900000000084D797410000000065CDCD4117
S21403CEA0000000205FA00242000000E876483742F8
S21403CEB0000000A2941A6D42000040E59C30A24296
S21403CEC00000901EC4BCD64200003426F56B0C430B
S21403CED00080E03779C3414300A0D88557347643B2
S21403CEE000C84E676DC1AB43003D9160E458E14313
S21403CEF0408CB5781DAF154450EFE2D6E41A4B4488
S21403CF0092D54D06CFF08044F64AE1C7022DB544CC
S21403CF10B49DD9794378EA442E000000340000001B
S21403CF20CEFBFFFFCB030000010000000000000063
S21403CF3035000000CEFBFFFFCB030000010000001E
S21403CF400000000000000000BC89D897B2D29C3CC9
S21403CF5033A7A8D523F649393DA7F444FD0FA532D8
S21403CF609D978CCF08BA5B25436FAC64280668117F
S21403CF70232D302B2000686C4C00656667454647BA
S21403CF80004300504F534958002C2066756E637457
S21403CF90696F6E3A2000617373657274696F6E20F1
S21403CFA022257322206661696C65643A2066696C83
S21403CFB06520222573222C206C696E652025642546
S21403CFC07325730A002F646174612F6A656E6B693B
S21403CFD06E732F776F726B73706163652F474E5551
S21403CFE02D746F6F6C636861696E2F61726D2D317E
S21403CFF0322F7372632F6E65776C69622D63796760
S21403D00077696E2F6E65776C69622F6C6962632F22
S21403D0107374646C69622F6764746F612D676574DB
S21403D0206865782E630062675F6D65737361676515
S21403D03020726563656976657273006267627566FA
S21403D0400061636C006C6C5F636F6E6E656374691E
S21403D0506F6E006C6C5F6164765F73657400676106
S21403D060705F636F6E74657874006C6C5F76616C6A
S21403D070696461746F72006D6573685F70726F7652
S21403D0805F64620062675F6D6573736167650073F3
S21403D0906F66745F74696D65725F6D6573736167E0
S21403D0A06500666F756E646174696F6E5F636D6449
S21403D0B0006C6C5F6164765F73796E63006C6C5FA3
S21403D0C07363616E5F73796E63006761705F70652B
S21403D0D072696F6469635F616476006761705F702D
S21403D0E06572696F6469635F73796E63006C32633C
S21403D0F061705F636F635F6368616E6E656C006D1E
S21403D1006573685F70726F765F64625F6170706B81
S21403D1106579006D626564746C735F636F6E7465C6
S21403D120787400003BD0030041D0030045D00300D1
S21403D13053D003005ED003006AD0030077D0030009
S21403D14084D003008FD00300A2D00300B1D0030025
S21403D150BDD00300CAD00300DBD00300EDD003002C
S21403D160FFD0030013D1030062676275665F696EC2
S21403D1700062676275665F6F7574006267627566E4
S21403D1805F6E6F666C6F770062675F6D616C6C6F66
S21403D190630062675F72616E646F6D5F61657300E3
S20C03D1A0D00EFD7F0100000024
S21003D1A8B4D10300C00A002009010000F7
S21403D1B459F3F8C21F6EA501000000000000F03FFB
S21403D1C400C4004002050204111100000000000020
S21403D1D4606701000000000000C40040D411002072
S21403D1E4020000008DEE0000E8030000C0EA2101FF
S21403D1F4C0EA21010080000000F049023024002028
S21403D204C0EA21019CA50300000000000100000001
S21403D214F185030020000000000000000000000069
S21403D224000000000000000000000000ADE0010064
S21403D23400000000000000000000000059C10100C7
S21403D24400000000000000000000000059C90100AF
S21403D25400000000000000000000000005D80100E4
S21403D264000000000000000000000000673C03000C
S21403D2740000000015DD01000000000000000000AF
S21403D28400000000C5DC01000000000000000000F0
S21403D2940000000005DE010000000000000000009E
S21403D2A441E701000000000000FFFFFFFF0000004D
S21403D2B4735C0300775C03007B5C03007F5C030002
S21403D2C4FFFFFFFFA17803005CAB0300FFFFFFFF34
S21403D2D468AB03007D7C0300797C0300FFFFFFFF3C
S21403D2E415570200FFFFFFFFFFFFFFFFFFFFFFFFD0
S21403D2F4FFFFFFFF016F0200FFFFFFFF1B7F03001B
S21403D304FFFFFFFF00000000000000000300000012
S21403D314E41E0020280C002000000000E41E002069
S21403D3244C1F0020B41F0020000000000000000073
S21403D33400000000000000000000000000000000E1
S21403D34400000000000000000000000000000000D1
S21403D35400000000000000000000000000000000C1
S21403D364000000004300000000000000000000006E
S21403D37400000000000000000000000000000000A1
S21403D384000000004300000000000000000000004E
S21403D3940000000000000000000000000000000081
S21403D3A4000000004300000000000000000000002E
S21403D3B40000000000000000000000000000000061
S21403D3C4000000004300000000000000000000000E
S21403D3D40000000000000000000000000000000041
S21403D3E400000000430000000000000000000000EE
S21403D3F40000000000000000000000000000000021
S21403D40400000000430000000000000000000000CD
S21403D4140000000000000000000000000000000000
S21403D42400000000430000000000000000000000AD
S21403D43400000000000000000000000000000000E0
S21403D444000000008B8F0300678F030000000000BA
S21403D454F6CB030018CF0300839C0300839C0300CE
S21403D464839C0300839C0300839C0300839C030028
S21403D474839C0300839C0300839C0300FFFFFFFF3E
S21403D484FFFFFFFFFFFFFFFFFFFF00000100415305
S21403D49443494900000000000000000000000000AB
S21403D4A400000000000000000000000000004153DC
S21403D4B4434949000000000000000000000000008B
S21403D4C40000000000000000000000000000000050
S21403D4D4200004000000000000000200100000000A
S21403D4E40000000000000000000000000000000030
S21403D4F40A000100000000000A000F0000004D446B
S21403D5045F56425F4C425F50524F4A5F31000200FF
S21403D5140800000030303030303030300200030072
S21403D524000030303000020005000000302E302E9C
S21403D53430000200080000000000000000000000A5
S21403D5440105B67882FDDDB40000D10081065D00D6
S21403D5541008410091F5EA000000000081077D7180
S21403D56402FC0B8E1009355191FE35E212F96095D3
S21403D574A0FDB7B621FA77CAA2F830E6FFFFFFFF8D
S21403D584000008070A0017000E0000000000FFFF53
S21403D594FF0308011F04010101BF8FAF7F87003714
S21403D5A40F10100004040F05140AFF0301FF0EFEF8
S21403D5B401FF000030BF4223013BFDD1024A5368FA
S21403D5C4DB00FCD4704700BF00300E404DE0000083
S20803D5D425E0000046
S80400F9A959
